round,global_acc,local_c00,local_c01,local_c02,local_c03,local_c04,local_c05,local_c06,local_c07,local_c08,local_c09,local_c10,local_c11,local_c12,local_c13,local_c14,local_c15,local_c16,local_c17,local_c18,local_c19,hybrid_c00,hybrid_c01,hybrid_c02,hybrid_c03,hybrid_c04,hybrid_c05,hybrid_c06,hybrid_c07,hybrid_c08,hybrid_c09,hybrid_c10,hybrid_c11,hybrid_c12,hybrid_c13,hybrid_c14,hybrid_c15,hybrid_c16,hybrid_c17,hybrid_c18,hybrid_c19
0,0.2074,0.3919713628228075,0.17525455106448626,0.002629107981220657,0.038834951456310676,0.009433962264150943,0.03143712574850299,0.5411347517730496,0.2806909315237508,0.5054735840076154,0.05803571428571429,0.10223160434258143,0.5837988826815642,0.26686960933536275,0.08661417322834646,0.033351862145636464,0.19055026249270854,0.007407407407407408,0.6485429297868179,0.049723756906077346,0.07699512926189585,0.3919713628228075,0.17525455106448626,0.002629107981220657,0.038834951456310676,0.009433962264150943,0.03143712574850299,0.5411347517730496,0.2806909315237508,0.5054735840076154,0.05803571428571429,0.10223160434258143,0.5837988826815642,0.26686960933536275,0.08661417322834646,0.033351862145636464,0.19055026249270854,0.007407407407407408,0.6485429297868179,0.049723756906077346,0.07699512926189585
1,0.2356,0.4604960368192278,0.2542425177414378,0.05596244131455399,0.042071197411003236,0.016352201257861635,0.05089820359281437,0.5312056737588653,0.2874768661320173,0.4892908138981437,0.08035714285714286,0.10735826296743065,0.5223463687150838,0.21359715880263824,0.10236220472440945,0.033629794330183434,0.16157884503208245,0.01122334455667789,0.7637394875806767,0.06629834254143646,0.10865492693892843,0.4604960368192278,0.2542425177414378,0.05596244131455399,0.042071197411003236,0.016352201257861635,0.05089820359281437,0.5312056737588653,0.2874768661320173,0.4892908138981437,0.08035714285714286,0.10735826296743065,0.5223463687150838,0.21359715880263824,0.10236220472440945,0.033629794330183434,0.16157884503208245,0.01122334455667789,0.7637394875806767,0.06629834254143646,0.10865492693892843
2,0.3003,0.4714906673485042,0.2878741129281086,0.28657276995305164,0.05825242718446602,0.06666666666666667,0.12425149700598802,0.5624113475177305,0.2677359654534238,0.5035697287006188,0.13392857142857142,0.15319662243667068,0.547486033519553,0.30035514967021815,0.14960629921259844,0.033629794330183434,0.2533540734979584,0.11245791245791245,0.7529825933893995,0.1712707182320442,0.19464218808542524,0.4714906673485042,0.2878741129281086,0.28657276995305164,0.05825242718446602,0.06666666666666667,0.12425149700598802,0.5624113475177305,0.2677359654534238,0.5035697287006188,0.13392857142857142,0.15319662243667068,0.547486033519553,0.30035514967021815,0.14960629921259844,0.033629794330183434,0.2533540734979584,0.11245791245791245,0.7529825933893995,0.1712707182320442,0.19464218808542524
3,0.3464,0.4783942725645615,0.30299290342486884,0.28244131455399063,0.06472491909385113,0.17169811320754716,0.18712574850299402,0.6177304964539007,0.2769895126465145,0.5540218943360304,0.1875,0.27141133896260555,0.6284916201117319,0.4322678843226788,0.2047244094488189,0.03557531962201223,0.29088080886642037,0.2846240179573513,0.7465284568746333,0.287292817679558,0.23735481453727988,0.4783942725645615,0.30299290342486884,0.28244131455399063,0.06472491909385113,0.17169811320754716,0.18712574850299402,0.6177304964539007,0.2769895126465145,0.5540218943360304,0.1875,0.27141133896260555,0.6284916201117319,0.4322678843226788,0.2047244094488189,0.03557531962201223,0.29088080886642037,0.2846240179573513,0.7465284568746333,0.287292817679558,0.23735481453727988
4,0.3979,0.5251853745845052,0.37118173403270593,0.35661971830985917,0.09061488673139159,0.2792452830188679,0.27844311377245506,0.6212765957446809,0.28315854410857494,0.5702046644455021,0.27232142857142855,0.3606755126658625,0.6424581005586593,0.4819888381532217,0.31496062992125984,0.0405780989438577,0.34221271631343575,0.37037037037037035,0.7463328769802464,0.39226519337016574,0.31228924690895465,0.5251853745845052,0.37118173403270593,0.35661971830985917,0.09061488673139159,0.2792452830188679,0.27844311377245506,0.6212765957446809,0.28315854410857494,0.5702046644455021,0.27232142857142855,0.3606755126658625,0.6424581005586593,0.4819888381532217,0.31496062992125984,0.0405780989438577,0.34221271631343575,0.37037037037037035,0.7463328769802464,0.39226519337016574,0.31228924690895465
5,0.4398,0.5476860138072104,0.402344955260722,0.4676056338028169,0.11650485436893204,0.3283018867924528,0.3083832335329341,0.6652482269503546,0.2936458975940777,0.5787720133269871,0.3392857142857143,0.39384800965018096,0.664804469273743,0.4992389649923896,0.2992125984251969,0.06420233463035019,0.46140384989305855,0.41301907968574636,0.7490709955016625,0.4530386740331492,0.3332708879730236,0.5476860138072104,0.402344955260722,0.4676056338028169,0.11650485436893204,0.3283018867924528,0.3083832335329341,0.6652482269503546,0.2936458975940777,0.5787720133269871,0.3392857142857143,0.39384800965018096,0.664804469273743,0.4992389649923896,0.2992125984251969,0.06420233463035019,0.46140384989305855,0.41301907968574636,0.7490709955016625,0.4530386740331492,0.3332708879730236
6,0.4598,0.5891076451035541,0.44369021906818884,0.48525821596244134,0.20064724919093851,0.3534591194968553,0.3652694610778443,0.6439716312056738,0.3541024059222702,0.584007615421228,0.35267857142857145,0.4206875753920386,0.6536312849162011,0.5494672754946728,0.36220472440944884,0.1489716509171762,0.37410071942446044,0.4547699214365881,0.7778212399765304,0.47513812154696133,0.3372049456725365,0.5891076451035541,0.44369021906818884,0.48525821596244134,0.20064724919093851,0.3534591194968553,0.3652694610778443,0.6439716312056738,0.3541024059222702,0.584007615421228,0.35267857142857145,0.4206875753920386,0.6536312849162011,0.5494672754946728,0.36220472440944884,0.1489716509171762,0.37410071942446044,0.4547699214365881,0.7778212399765304,0.47513812154696133,0.3372049456725365
7,0.5005,0.600869342879059,0.496143165689602,0.5772769953051643,0.2912621359223301,0.3522012578616352,0.38173652694610777,0.7148936170212766,0.4083898827884022,0.5792479771537363,0.4107142857142857,0.4101326899879373,0.6955307262569832,0.5443937087772704,0.3700787401574803,0.22429127292940523,0.49698619482792145,0.43479236812570143,0.7766477606102092,0.4861878453038674,0.34881978269014613,0.600869342879059,0.496143165689602,0.5772769953051643,0.2912621359223301,0.3522012578616352,0.38173652694610777,0.7148936170212766,0.4083898827884022,0.5792479771537363,0.4107142857142857,0.4101326899879373,0.6955307262569832,0.5443937087772704,0.3700787401574803,0.22429127292940523,0.49698619482792145,0.43479236812570143,0.7766477606102092,0.4861878453038674,0.34881978269014613
8,0.5137,0.6200460240347737,0.49521752545510644,0.5907981220657277,0.3268608414239482,0.42955974842767297,0.41916167664670656,0.6737588652482269,0.4392350400987045,0.6059019514516897,0.4642857142857143,0.49155609167671893,0.6703910614525139,0.5763571790969051,0.36220472440944884,0.24402445803224013,0.4444876531207467,0.49988776655443323,0.7780168198709173,0.5082872928176796,0.38422630198576246,0.6200460240347737,0.49521752545510644,0.5907981220657277,0.3268608414239482,0.42955974842767297,0.41916167664670656,0.6737588652482269,0.4392350400987045,0.6059019514516897,0.4642857142857143,0.49155609167671893,0.6703910614525139,0.5763571790969051,0.36220472440944884,0.24402445803224013,0.4444876531207467,0.49988776655443323,0.7780168198709173,0.5082872928176796,0.38422630198576246
9,0.5336,0.6159549987215546,0.5023141005862388,0.5791549295774648,0.36893203883495146,0.4477987421383648,0.4251497005988024,0.7134751773049646,0.4713140037014189,0.632555925749643,0.48214285714285715,0.5012062726176115,0.723463687150838,0.5885337392186707,0.3700787401574803,0.28932740411339636,0.47987555901224965,0.5043771043771044,0.8005085077254058,0.5193370165745856,0.43162233046084675,0.6159549987215546,0.5023141005862388,0.5791549295774648,0.36893203883495146,0.4477987421383648,0.4251497005988024,0.7134751773049646,0.4713140037014189,0.632555925749643,0.48214285714285715,0.5012062726176115,0.723463687150838,0.5885337392186707,0.3700787401574803,0.28932740411339636,0.47987555901224965,0.5043771043771044,0.8005085077254058,0.5193370165745856,0.43162233046084675
10,0.5483,0.6266939401687548,0.5226781857451404,0.616150234741784,0.3786407766990291,0.48553459119496856,0.46107784431137727,0.6794326241134752,0.4743985194324491,0.6163731556401714,0.5,0.5310615199034981,0.6927374301675978,0.5920852359208524,0.36220472440944884,0.28932740411339636,0.4647093136301769,0.5485970819304152,0.7965969098376687,0.5359116022099447,0.43349569127013865,0.6266939401687548,0.5226781857451404,0.616150234741784,0.3786407766990291,0.48553459119496856,0.46107784431137727,0.6794326241134752,0.4743985194324491,0.6163731556401714,0.5,0.5310615199034981,0.6927374301675978,0.5920852359208524,0.36220472440944884,0.28932740411339636,0.4647093136301769,0.5485970819304152,0.7965969098376687,0.5359116022099447,0.43349569127013865
11,0.5548,0.6223472257734595,0.5084850354828756,0.6229107981220657,0.39805825242718446,0.4817610062893082,0.44011976047904194,0.7056737588652482,0.48982109808760027,0.6244645406949072,0.5089285714285714,0.5464414957780458,0.7150837988826816,0.6133942161339422,0.3700787401574803,0.3274041133963313,0.48143107135912894,0.5524130190796858,0.8089184431840407,0.5414364640883977,0.43724241288872234,0.6223472257734595,0.5084850354828756,0.6229107981220657,0.39805825242718446,0.4817610062893082,0.44011976047904194,0.7056737588652482,0.48982109808760027,0.6244645406949072,0.5089285714285714,0.5464414957780458,0.7150837988826816,0.6133942161339422,0.3700787401574803,0.3274041133963313,0.48143107135912894,0.5524130190796858,0.8089184431840407,0.5414364640883977,0.43724241288872234
12,0.5675,0.6397340833546408,0.5427337241592102,0.6101408450704225,0.4077669902912621,0.5477987421383648,0.49251497005988026,0.7120567375886525,0.49413942011104256,0.6511185149928606,0.5401785714285714,0.6028347406513872,0.7122905027932961,0.6306443429731101,0.4015748031496063,0.3185102834908282,0.4720979972778534,0.5764309764309764,0.8149814199100333,0.5524861878453039,0.4874484825777445,0.6397340833546408,0.5427337241592102,0.6101408450704225,0.4077669902912621,0.5477987421383648,0.49251497005988026,0.7120567375886525,0.49413942011104256,0.6511185149928606,0.5401785714285714,0.6028347406513872,0.7122905027932961,0.6306443429731101,0.4015748031496063,0.3185102834908282,0.4720979972778534,0.5764309764309764,0.8149814199100333,0.5524861878453039,0.4874484825777445
13,0.5782,0.6438251086678599,0.5501388460351744,0.6375586854460094,0.3948220064724919,0.5534591194968553,0.49550898203592814,0.7432624113475177,0.4780999383096854,0.638267491670633,0.5446428571428571,0.6058504221954162,0.7374301675977654,0.6570268899036023,0.4251968503937008,0.30711506392440246,0.5275131246354268,0.6157126823793491,0.7993350283590847,0.569060773480663,0.46759085799925065,0.6438251086678599,0.5501388460351744,0.6375586854460094,0.3948220064724919,0.5534591194968553,0.49550898203592814,0.7432624113475177,0.4780999383096854,0.638267491670633,0.5446428571428571,0.6058504221954162,0.7374301675977654,0.6570268899036023,0.4251968503937008,0.30711506392440246,0.5275131246354268,0.6157126823793491,0.7993350283590847,0.569060773480663,0.46759085799925065
14,0.5808,0.671439529532089,0.5806849737735267,0.5859154929577465,0.4077669902912621,0.5874213836477987,0.5404191616766467,0.7063829787234043,0.49660703269586676,0.6482627320323655,0.5982142857142857,0.6335946924004825,0.7262569832402235,0.669710806697108,0.4566929133858268,0.3193440800444691,0.46879253354073497,0.6390572390572391,0.8259338939956973,0.6022099447513812,0.49344323716747845,0.671439529532089,0.5806849737735267,0.5859154929577465,0.4077669902912621,0.5874213836477987,0.5404191616766467,0.7063829787234043,0.49660703269586676,0.6482627320323655,0.5982142857142857,0.6335946924004825,0.7262569832402235,0.669710806697108,0.4566929133858268,0.3193440800444691,0.46879253354073497,0.6390572390572391,0.8259338939956973,0.6022099447513812,0.49344323716747845
15,0.5956,0.6660700588084889,0.5748225856217217,0.6341784037558685,0.42071197411003236,0.5540880503144654,0.5329341317365269,0.7262411347517731,0.5077112893275756,0.6777724892908139,0.5758928571428571,0.614897466827503,0.7346368715083799,0.6615930999492643,0.4409448818897638,0.3538076709282935,0.5129301963834338,0.6260381593714927,0.8200664971640915,0.585635359116022,0.5316597976770326,0.6660700588084889,0.5748225856217217,0.6341784037558685,0.42071197411003236,0.5540880503144654,0.5329341317365269,0.7262411347517731,0.5077112893275756,0.6777724892908139,0.5758928571428571,0.614897466827503,0.7346368715083799,0.6615930999492643,0.4409448818897638,0.3538076709282935,0.5129301963834338,0.6260381593714927,0.8200664971640915,0.585635359116022,0.5316597976770326
16,0.6047,0.6553311173612887,0.5615550755939525,0.6630985915492957,0.47249190938511326,0.5955974842767295,0.5134730538922155,0.7269503546099291,0.5521283158544109,0.6882436934792956,0.6026785714285714,0.6486731001206273,0.7541899441340782,0.6707255200405885,0.4409448818897638,0.4171762090050028,0.5035971223021583,0.6305274971941639,0.8165460590651281,0.6132596685082873,0.5374672161858374,0.6553311173612887,0.5615550755939525,0.6630985915492957,0.47249190938511326,0.5955974842767295,0.5134730538922155,0.7269503546099291,0.5521283158544109,0.6882436934792956,0.6026785714285714,0.6486731001206273,0.7541899441340782,0.6707255200405885,0.4409448818897638,0.4171762090050028,0.5035971223021583,0.6305274971941639,0.8165460590651281,0.6132596685082873,0.5374672161858374
17,0.5981,0.6627461007414983,0.5584696081456341,0.6114553990610329,0.47572815533980584,0.5710691823899371,0.5074850299401198,0.7177304964539007,0.5595311536088834,0.6958591147072822,0.6071428571428571,0.643848009650181,0.7541899441340782,0.6773211567732116,0.41732283464566927,0.4163424124513619,0.46198716702313825,0.6511784511784512,0.8353217289262663,0.6022099447513812,0.5466466841513675,0.6627461007414983,0.5584696081456341,0.6114553990610329,0.47572815533980584,0.5710691823899371,0.5074850299401198,0.7177304964539007,0.5595311536088834,0.6958591147072822,0.6071428571428571,0.643848009650181,0.7541899441340782,0.6773211567732116,0.41732283464566927,0.4163424124513619,0.46198716702313825,0.6511784511784512,0.8353217289262663,0.6022099447513812,0.5466466841513675
18,0.6139,0.6893377652774226,0.5991977784634372,0.6307981220657277,0.49838187702265374,0.5943396226415094,0.5464071856287425,0.7468085106382979,0.5737199259716225,0.6939552594002856,0.6294642857142857,0.6468636911942099,0.7569832402234636,0.6844241501775749,0.5118110236220472,0.44107837687604223,0.5185689286408711,0.6300785634118967,0.8288675924115001,0.6077348066298343,0.5511427500936681,0.6893377652774226,0.5991977784634372,0.6307981220657277,0.49838187702265374,0.5943396226415094,0.5464071856287425,0.7468085106382979,0.5737199259716225,0.6939552594002856,0.6294642857142857,0.6468636911942099,0.7569832402234636,0.6844241501775749,0.5118110236220472,0.44107837687604223,0.5185689286408711,0.6300785634118967,0.8288675924115001,0.6077348066298343,0.5511427500936681
19,0.6258,0.6878036307849655,0.5995063252082691,0.6642253521126761,0.49514563106796117,0.6113207547169811,0.5568862275449101,0.7368794326241135,0.5663170882171499,0.6868158019990481,0.6383928571428571,0.6625452352231604,0.7458100558659218,0.700152207001522,0.5275590551181102,0.43162868260144527,0.5240132218549485,0.677665544332211,0.8245648347349892,0.6629834254143646,0.5562008242787561,0.6878036307849655,0.5995063252082691,0.6642253521126761,0.49514563106796117,0.6113207547169811,0.5568862275449101,0.7368794326241135,0.5663170882171499,0.6868158019990481,0.6383928571428571,0.6625452352231604,0.7458100558659218,0.700152207001522,0.5275590551181102,0.43162868260144527,0.5240132218549485,0.677665544332211,0.8245648347349892,0.6629834254143646,0.5562008242787561
20,0.6321,0.6809000255689082,0.5924097500771367,0.6679812206572769,0.5145631067961165,0.6553459119496855,0.561377245508982,0.7560283687943262,0.579888957433683,0.7077582103760114,0.6383928571428571,0.6978287092882992,0.7569832402234636,0.7189244038559107,0.48031496062992124,0.44163424124513617,0.5162356601205522,0.6769921436588103,0.8298454918834344,0.7016574585635359,0.5814911952041963,0.6809000255689082,0.5924097500771367,0.6679812206572769,0.5145631067961165,0.6553459119496855,0.561377245508982,0.7560283687943262,0.579888957433683,0.7077582103760114,0.6383928571428571,0.6978287092882992,0.7569832402234636,0.7189244038559107,0.48031496062992124,0.44163424124513617,0.5162356601205522,0.6769921436588103,0.8298454918834344,0.7016574585635359,0.5814911952041963
21,0.6377,0.7008437739708514,0.6143165689601975,0.6535211267605634,0.5307443365695793,0.6389937106918239,0.5808383233532934,0.7652482269503547,0.5940777297964219,0.6877677296525464,0.6339285714285714,0.6875753920386007,0.7597765363128491,0.7290715372907154,0.5748031496062992,0.4669260700389105,0.5432626871475792,0.6967452300785634,0.8255427342069235,0.6795580110497238,0.552079430498314,0.7008437739708514,0.6143165689601975,0.6535211267605634,0.5307443365695793,0.6389937106918239,0.5808383233532934,0.7652482269503547,0.5940777297964219,0.6877677296525464,0.6339285714285714,0.6875753920386007,0.7597765363128491,0.7290715372907154,0.5748031496062992,0.4669260700389105,0.5432626871475792,0.6967452300785634,0.8255427342069235,0.6795580110497238,0.552079430498314
22,0.6412,0.7064689337765278,0.6155507559395248,0.6794366197183098,0.517799352750809,0.6415094339622641,0.5853293413173652,0.7687943262411348,0.5749537322640346,0.7072822465492623,0.6339285714285714,0.6890832328106152,0.770949720670391,0.7250126839167935,0.5984251968503937,0.4499722067815453,0.5440404433210189,0.6947250280583613,0.8370819479757481,0.6961325966850829,0.5777444735856125,0.7064689337765278,0.6155507559395248,0.6794366197183098,0.517799352750809,0.6415094339622641,0.5853293413173652,0.7687943262411348,0.5749537322640346,0.7072822465492623,0.6339285714285714,0.6890832328106152,0.770949720670391,0.7250126839167935,0.5984251968503937,0.4499722067815453,0.5440404433210189,0.6947250280583613,0.8370819479757481,0.6961325966850829,0.5777444735856125
23,0.6438,0.7228330350294042,0.6396174020364085,0.6670422535211268,0.49514563106796117,0.6584905660377358,0.6077844311377245,0.7581560283687944,0.5885256014805675,0.7068062827225131,0.6696428571428571,0.7038600723763571,0.7625698324022346,0.7168949771689498,0.6062992125984252,0.46470261256253476,0.5321796616760646,0.6888888888888889,0.8355173088206532,0.6519337016574586,0.5813038591232671,0.7228330350294042,0.6396174020364085,0.6670422535211268,0.49514563106796117,0.6584905660377358,0.6077844311377245,0.7581560283687944,0.5885256014805675,0.7068062827225131,0.6696428571428571,0.7038600723763571,0.7625698324022346,0.7168949771689498,0.6062992125984252,0.46470261256253476,0.5321796616760646,0.6888888888888889,0.8355173088206532,0.6519337016574586,0.5813038591232671
24,0.6426,0.7228330350294042,0.6322122801604443,0.6330516431924883,0.5533980582524272,0.6528301886792452,0.5883233532934131,0.7524822695035461,0.6181369524984578,0.7248929081389814,0.65625,0.7014475271411339,0.7625698324022346,0.7422628107559615,0.6220472440944882,0.5011117287381879,0.5144857087303131,0.7084175084175084,0.8404068061803247,0.7071823204419889,0.5955414012738853,0.7228330350294042,0.6322122801604443,0.6330516431924883,0.5533980582524272,0.6528301886792452,0.5883233532934131,0.7524822695035461,0.6181369524984578,0.7248929081389814,0.65625,0.7014475271411339,0.7625698324022346,0.7422628107559615,0.6220472440944882,0.5011117287381879,0.5144857087303131,0.7084175084175084,0.8404068061803247,0.7071823204419889,0.5955414012738853
25,0.6503,0.7233444131935567,0.6436285097192225,0.692206572769953,0.540453074433657,0.6251572327044025,0.5853293413173652,0.7638297872340426,0.6020974706971005,0.7125178486435031,0.6294642857142857,0.6821471652593486,0.7513966480446927,0.7204464738711314,0.5984251968503937,0.4802668148971651,0.5424849309741396,0.6983164983164983,0.84255818501858,0.6961325966850829,0.5932933683027352,0.7233444131935567,0.6436285097192225,0.692206572769953,0.540453074433657,0.6251572327044025,0.5853293413173652,0.7638297872340426,0.6020974706971005,0.7125178486435031,0.6294642857142857,0.6821471652593486,0.7513966480446927,0.7204464738711314,0.5984251968503937,0.4802668148971651,0.5424849309741396,0.6983164983164983,0.84255818501858,0.6961325966850829,0.5932933683027352
26,0.654,0.7422654052671951,0.6584387534711509,0.6430046948356808,0.56957928802589,0.6440251572327044,0.6077844311377245,0.7716312056737589,0.6187538556446638,0.7182294145644931,0.65625,0.6987334137515079,0.7653631284916201,0.7311009639776763,0.6062992125984252,0.48999444135630904,0.5494847365350962,0.7003367003367004,0.8490123215333464,0.6850828729281768,0.59216935181716,0.7422654052671951,0.6584387534711509,0.6430046948356808,0.56957928802589,0.6440251572327044,0.6077844311377245,0.7716312056737589,0.6187538556446638,0.7182294145644931,0.65625,0.6987334137515079,0.7653631284916201,0.7311009639776763,0.6062992125984252,0.48999444135630904,0.5494847365350962,0.7003367003367004,0.8490123215333464,0.6850828729281768,0.59216935181716
27,0.6596,0.7108156481718231,0.6272755322431348,0.6974647887323944,0.5307443365695793,0.6616352201257861,0.5808383233532934,0.7723404255319148,0.5934608266502159,0.7263207996192289,0.6607142857142857,0.71562123039807,0.7625698324022346,0.7519025875190258,0.5984251968503937,0.45803224013340743,0.5872059109469181,0.7304152637485971,0.8429493448073538,0.7403314917127072,0.6099662795054327,0.7108156481718231,0.6272755322431348,0.6974647887323944,0.5307443365695793,0.6616352201257861,0.5808383233532934,0.7723404255319148,0.5934608266502159,0.7263207996192289,0.6607142857142857,0.71562123039807,0.7625698324022346,0.7519025875190258,0.5984251968503937,0.45803224013340743,0.5872059109469181,0.7304152637485971,0.8429493448073538,0.7403314917127072,0.6099662795054327
28,0.6535,0.7376630017898236,0.6624498611539649,0.6657276995305165,0.5339805825242718,0.6547169811320754,0.6017964071856288,0.776595744680851,0.6002467612584824,0.7315564017134698,0.6651785714285714,0.7050663449939686,0.7625698324022346,0.7331303906646373,0.5826771653543307,0.46275708727070597,0.5595955667898114,0.7043771043771043,0.8599647956190104,0.6906077348066298,0.6110902959910078,0.7376630017898236,0.6624498611539649,0.6657276995305165,0.5339805825242718,0.6547169811320754,0.6017964071856288,0.776595744680851,0.6002467612584824,0.7315564017134698,0.6651785714285714,0.7050663449939686,0.7625698324022346,0.7331303906646373,0.5826771653543307,0.46275708727070597,0.5595955667898114,0.7043771043771043,0.8599647956190104,0.6906077348066298,0.6110902959910078
29,0.6617,0.7366402454615187,0.6596729404504782,0.6897652582159625,0.5436893203883495,0.6660377358490566,0.6122754491017964,0.7631205673758865,0.6175200493522517,0.7187053783912423,0.6517857142857143,0.7192400482509047,0.7486033519553073,0.7508878741755454,0.6220472440944882,0.49416342412451364,0.5611510791366906,0.7393939393939394,0.8480344220614121,0.7292817679558011,0.614275009366804,0.7366402454615187,0.6596729404504782,0.6897652582159625,0.5436893203883495,0.6660377358490566,0.6122754491017964,0.7631205673758865,0.6175200493522517,0.7187053783912423,0.6517857142857143,0.7192400482509047,0.7486033519553073,0.7508878741755454,0.6220472440944882,0.49416342412451364,0.5611510791366906,0.7393939393939394,0.8480344220614121,0.7292817679558011,0.614275009366804
30,0.6662,0.7471234978266428,0.6741746374575748,0.6833802816901409,0.5631067961165048,0.6610062893081761,0.624251497005988,0.7879432624113475,0.6317088217149908,0.7158495954307472,0.6517857142857143,0.7092882991556092,0.7793296089385475,0.7554540842212075,0.6535433070866141,0.5161200667037243,0.5693175189578067,0.7304152637485971,0.8464697829063172,0.7182320441988951,0.6150243536905208,0.7471234978266428,0.6741746374575748,0.6833802816901409,0.5631067961165048,0.6610062893081761,0.624251497005988,0.7879432624113475,0.6317088217149908,0.7158495954307472,0.6517857142857143,0.7092882991556092,0.7793296089385475,0.7554540842212075,0.6535433070866141,0.5161200667037243,0.5693175189578067,0.7304152637485971,0.8464697829063172,0.7182320441988951,0.6150243536905208
31,0.6614,0.7386857581181283,0.6528849120641778,0.6717370892018779,0.5598705501618123,0.6584905660377358,0.6092814371257484,0.8021276595744681,0.6335595311536089,0.7391718229414564,0.6785714285714286,0.7120024125452352,0.7932960893854749,0.7686453576864536,0.6062992125984252,0.5047248471372985,0.5574567373128524,0.7241301907968575,0.8623117543516526,0.7071823204419889,0.6103409516672911,0.7386857581181283,0.6528849120641778,0.6717370892018779,0.5598705501618123,0.6584905660377358,0.6092814371257484,0.8021276595744681,0.6335595311536089,0.7391718229414564,0.6785714285714286,0.7120024125452352,0.7932960893854749,0.7686453576864536,0.6062992125984252,0.5047248471372985,0.5574567373128524,0.7241301907968575,0.8623117543516526,0.7071823204419889,0.6103409516672911
32,0.6615,0.7391971362822808,0.6519592718296822,0.6512676056338028,0.5825242718446602,0.640251572327044,0.594311377245509,0.7702127659574468,0.6286243059839605,0.7396477867682056,0.6473214285714286,0.6960193003618818,0.7486033519553073,0.7508878741755454,0.5905511811023622,0.5116731517509727,0.5489014194050166,0.747699214365881,0.8609426950909447,0.712707182320442,0.6356313225927314,0.7391971362822808,0.6519592718296822,0.6512676056338028,0.5825242718446602,0.640251572327044,0.594311377245509,0.7702127659574468,0.6286243059839605,0.7396477867682056,0.6473214285714286,0.6960193003618818,0.7486033519553073,0.7508878741755454,0.5905511811023622,0.5116731517509727,0.5489014194050166,0.747699214365881,0.8609426950909447,0.712707182320442,0.6356313225927314
33,0.667,0.7507031449757096,0.6763344646713977,0.6970892018779342,0.5728155339805825,0.660377358490566,0.6212574850299402,0.8127659574468085,0.6397285626156693,0.723940980485483,0.6875,0.7077804583835947,0.7849162011173184,0.7757483510908169,0.6062992125984252,0.5258476931628683,0.5788450320824422,0.7427609427609427,0.8488167416389595,0.7292817679558011,0.5863619333083552,0.7507031449757096,0.6763344646713977,0.6970892018779342,0.5728155339805825,0.660377358490566,0.6212574850299402,0.8127659574468085,0.6397285626156693,0.723940980485483,0.6875,0.7077804583835947,0.7849162011173184,0.7757483510908169,0.6062992125984252,0.5258476931628683,0.5788450320824422,0.7427609427609427,0.8488167416389595,0.7292817679558011,0.5863619333083552
34,0.6691,0.7386857581181283,0.663992594878124,0.7149295774647887,0.5080906148867314,0.6685534591194968,0.6227544910179641,0.8035460992907801,0.6045650832819247,0.746311280342694,0.6741071428571429,0.7204463208685162,0.7905027932960894,0.7650938609842719,0.6062992125984252,0.46053362979433016,0.5992611316352323,0.7337822671156005,0.857813416780755,0.712707182320442,0.6399400524541027,0.7386857581181283,0.663992594878124,0.7149295774647887,0.5080906148867314,0.6685534591194968,0.6227544910179641,0.8035460992907801,0.6045650832819247,0.746311280342694,0.6741071428571429,0.7204463208685162,0.7905027932960894,0.7650938609842719,0.6062992125984252,0.46053362979433016,0.5992611316352323,0.7337822671156005,0.857813416780755,0.712707182320442,0.6399400524541027
35,0.6698,0.7397085144464332,0.6544276457883369,0.7083568075117371,0.5339805825242718,0.6672955974842767,0.6092814371257484,0.7914893617021277,0.6255397902529303,0.7420276059019515,0.6830357142857143,0.7243667068757539,0.7877094972067039,0.771689497716895,0.5905511811023622,0.4699833240689272,0.5858448376433988,0.7530864197530864,0.8615294347741053,0.7182320441988951,0.6288872236792806,0.7397085144464332,0.6544276457883369,0.7083568075117371,0.5339805825242718,0.6672955974842767,0.6092814371257484,0.7914893617021277,0.6255397902529303,0.7420276059019515,0.6830357142857143,0.7243667068757539,0.7877094972067039,0.771689497716895,0.5905511811023622,0.4699833240689272,0.5858448376433988,0.7530864197530864,0.8615294347741053,0.7182320441988951,0.6288872236792806
36,0.6767,0.7724367169521862,0.6966985498302993,0.6897652582159625,0.540453074433657,0.660377358490566,0.6452095808383234,0.8134751773049645,0.6249228871067243,0.7391718229414564,0.6651785714285714,0.721049457177322,0.7793296089385475,0.778285134449518,0.6377952755905512,0.490550305725403,0.602177717285631,0.7402918069584736,0.8572266770975944,0.7348066298342542,0.620269763956538,0.7724367169521862,0.6966985498302993,0.6897652582159625,0.540453074433657,0.660377358490566,0.6452095808383234,0.8134751773049645,0.6249228871067243,0.7391718229414564,0.6651785714285714,0.721049457177322,0.7793296089385475,0.778285134449518,0.6377952755905512,0.490550305725403,0.602177717285631,0.7402918069584736,0.8572266770975944,0.7348066298342542,0.620269763956538
37,0.6731,0.7468678087445666,0.660290033940142,0.6970892018779342,0.5469255663430421,0.6572327044025157,0.6212574850299402,0.8,0.6403454657618753,0.7401237505949548,0.6607142857142857,0.7201447527141134,0.7821229050279329,0.7752409944190766,0.5748031496062992,0.5055586436909394,0.5992611316352323,0.7562289562289563,0.8576178368863681,0.7292817679558011,0.6225177969276883,0.7468678087445666,0.660290033940142,0.6970892018779342,0.5469255663430421,0.6572327044025157,0.6212574850299402,0.8,0.6403454657618753,0.7401237505949548,0.6607142857142857,0.7201447527141134,0.7821229050279329,0.7752409944190766,0.5748031496062992,0.5055586436909394,0.5992611316352323,0.7562289562289563,0.8576178368863681,0.7292817679558011,0.6225177969276883
38,0.6741,0.7404755816926617,0.6612156741746374,0.6955868544600939,0.56957928802589,0.6522012578616352,0.6122754491017964,0.8148936170212766,0.6539173349784084,0.7410756782484531,0.6741071428571429,0.7198431845597105,0.7988826815642458,0.7858954845256215,0.5669291338582677,0.5275152862701501,0.60412210771923,0.7454545454545455,0.8562487776256601,0.7348066298342542,0.6309479205695017,0.7404755816926617,0.6612156741746374,0.6955868544600939,0.56957928802589,0.6522012578616352,0.6122754491017964,0.8148936170212766,0.6539173349784084,0.7410756782484531,0.6741071428571429,0.7198431845597105,0.7988826815642458,0.7858954845256215,0.5669291338582677,0.5275152862701501,0.60412210771923,0.7454545454545455,0.8562487776256601,0.7348066298342542,0.6309479205695017
39,0.6804,0.7652774226540526,0.6942301758716446,0.7094835680751174,0.5631067961165048,0.6748427672955974,0.6511976047904192,0.8092198581560284,0.6421961752004935,0.7220371251784864,0.65625,0.724065138721351,0.7793296089385475,0.7838660578386606,0.6299212598425197,0.5069483046136742,0.6091775228465875,0.7636363636363637,0.8552708781537258,0.7292817679558011,0.6131509928812289,0.7652774226540526,0.6942301758716446,0.7094835680751174,0.5631067961165048,0.6748427672955974,0.6511976047904192,0.8092198581560284,0.6421961752004935,0.7220371251784864,0.65625,0.724065138721351,0.7793296089385475,0.7838660578386606,0.6299212598425197,0.5069483046136742,0.6091775228465875,0.7636363636363637,0.8552708781537258,0.7292817679558011,0.6131509928812289
40,0.6753,0.756583993863462,0.6609071274298056,0.6940845070422536,0.5598705501618123,0.6792452830188679,0.6302395209580839,0.8219858156028369,0.649599012954966,0.7544026653974298,0.6741071428571429,0.7252714113389626,0.8128491620111732,0.7945205479452054,0.5748031496062992,0.4983324068927182,0.5924557651176356,0.7528619528619529,0.8689614707608058,0.7348066298342542,0.6206444361183964,0.756583993863462,0.6609071274298056,0.6940845070422536,0.5598705501618123,0.6792452830188679,0.6302395209580839,0.8219858156028369,0.649599012954966,0.7544026653974298,0.6741071428571429,0.7252714113389626,0.8128491620111732,0.7945205479452054,0.5748031496062992,0.4983324068927182,0.5924557651176356,0.7528619528619529,0.8689614707608058,0.7348066298342542,0.6206444361183964
41,0.6807,0.759140884684224,0.6803455723542117,0.7134272300469483,0.5663430420711975,0.6685534591194968,0.6392215568862275,0.8085106382978723,0.6508328192473781,0.732032365540219,0.6785714285714286,0.7216525934861279,0.7905027932960894,0.7884322678843226,0.5984251968503937,0.5050027793218455,0.6144273770173051,0.7663299663299663,0.8587913162526892,0.7403314917127072,0.6183964031472462,0.759140884684224,0.6803455723542117,0.7134272300469483,0.5663430420711975,0.6685534591194968,0.6392215568862275,0.8085106382978723,0.6508328192473781,0.732032365540219,0.6785714285714286,0.7216525934861279,0.7905027932960894,0.7884322678843226,0.5984251968503937,0.5050027793218455,0.6144273770173051,0.7663299663299663,0.8587913162526892,0.7403314917127072,0.6183964031472462
42,0.6824,0.7397085144464332,0.6587473002159827,0.715868544600939,0.5922330097087378,0.7069182389937106,0.6317365269461078,0.8326241134751773,0.6687230104873535,0.7496430271299381,0.7008928571428571,0.7421592279855247,0.8184357541899442,0.7874175545408422,0.5984251968503937,0.5394663702056698,0.6107330351934669,0.7274971941638608,0.8627029141404263,0.712707182320442,0.6410640689396778,0.7397085144464332,0.6587473002159827,0.715868544600939,0.5922330097087378,0.7069182389937106,0.6317365269461078,0.8326241134751773,0.6687230104873535,0.7496430271299381,0.7008928571428571,0.7421592279855247,0.8184357541899442,0.7874175545408422,0.5984251968503937,0.5394663702056698,0.6107330351934669,0.7274971941638608,0.8627029141404263,0.712707182320442,0.6410640689396778
43,0.6819,0.7785732549220148,0.7071891391545819,0.6892018779342723,0.5501618122977346,0.6641509433962264,0.6526946107784432,0.7957446808510639,0.6551511412708205,0.7448833888624464,0.6696428571428571,0.7168275030156815,0.7877094972067039,0.7864028411973617,0.6220472440944882,0.5163979988882713,0.5907058137273965,0.7622895622895622,0.8689614707608058,0.7624309392265194,0.6300112401648558,0.7785732549220148,0.7071891391545819,0.6892018779342723,0.5501618122977346,0.6641509433962264,0.6526946107784432,0.7957446808510639,0.6551511412708205,0.7448833888624464,0.6696428571428571,0.7168275030156815,0.7877094972067039,0.7864028411973617,0.6220472440944882,0.5163979988882713,0.5907058137273965,0.7622895622895622,0.8689614707608058,0.7624309392265194,0.6300112401648558
44,0.6872,0.7647660444899003,0.6966985498302993,0.7209389671361502,0.5728155339805825,0.6786163522012578,0.657185628742515,0.8262411347517731,0.6613201727328809,0.7539267015706806,0.6785714285714286,0.7291917973462002,0.8128491620111732,0.7940131912734653,0.6141732283464567,0.5227904391328516,0.6004277658953918,0.7591470258136925,0.8638763935067475,0.7458563535911602,0.6478081678531286,0.7647660444899003,0.6966985498302993,0.7209389671361502,0.5728155339805825,0.6786163522012578,0.657185628742515,0.8262411347517731,0.6613201727328809,0.7539267015706806,0.6785714285714286,0.7291917973462002,0.8128491620111732,0.7940131912734653,0.6141732283464567,0.5227904391328516,0.6004277658953918,0.7591470258136925,0.8638763935067475,0.7458563535911602,0.6478081678531286
45,0.6821,0.7678343134748147,0.689601974699167,0.6976525821596244,0.5469255663430421,0.6773584905660377,0.6467065868263473,0.799290780141844,0.636027143738433,0.7567824845311756,0.6696428571428571,0.7234620024125452,0.7932960893854749,0.7833587011669203,0.5984251968503937,0.4858254585881045,0.6089830838032277,0.7705948372615039,0.8765890866418932,0.7458563535911602,0.6498688647433496,0.7678343134748147,0.689601974699167,0.6976525821596244,0.5469255663430421,0.6773584905660377,0.6467065868263473,0.799290780141844,0.636027143738433,0.7567824845311756,0.6696428571428571,0.7234620024125452,0.7932960893854749,0.7833587011669203,0.5984251968503937,0.4858254585881045,0.6089830838032277,0.7705948372615039,0.8765890866418932,0.7458563535911602,0.6498688647433496
46,0.6872,0.7642546663257479,0.6899105214439988,0.6970892018779342,0.6051779935275081,0.6698113207547169,0.6541916167664671,0.8092198581560284,0.6730413325107958,0.7429795335554498,0.6696428571428571,0.7219541616405307,0.7905027932960894,0.8001014713343481,0.5905511811023622,0.5516953863257366,0.6218160606649815,0.7800224466891134,0.8628984940348132,0.7569060773480663,0.6391907081303859,0.7642546663257479,0.6899105214439988,0.6970892018779342,0.6051779935275081,0.6698113207547169,0.6541916167664671,0.8092198581560284,0.6730413325107958,0.7429795335554498,0.6696428571428571,0.7219541616405307,0.7905027932960894,0.8001014713343481,0.5905511811023622,0.5516953863257366,0.6218160606649815,0.7800224466891134,0.8628984940348132,0.7569060773480663,0.6391907081303859
47,0.6895,0.7637432881615955,0.6852823202715211,0.7098591549295775,0.5825242718446602,0.6786163522012578,0.6526946107784432,0.8262411347517731,0.6668723010487353,0.7620180866254165,0.6830357142857143,0.7388419782870929,0.8100558659217877,0.7950279046169457,0.6062992125984252,0.5458588104502501,0.6015944001555512,0.7598204264870931,0.8705261099159006,0.7569060773480663,0.6588609966279505,0.7637432881615955,0.6852823202715211,0.7098591549295775,0.5825242718446602,0.6786163522012578,0.6526946107784432,0.8262411347517731,0.6668723010487353,0.7620180866254165,0.6830357142857143,0.7388419782870929,0.8100558659217877,0.7950279046169457,0.6062992125984252,0.5458588104502501,0.6015944001555512,0.7598204264870931,0.8705261099159006,0.7569060773480663,0.6588609966279505
48,0.6841,0.7734594732804909,0.693304535637149,0.7085446009389671,0.540453074433657,0.6968553459119496,0.655688622754491,0.8212765957446808,0.64898210980876,0.7591623036649214,0.6919642857142857,0.7427623642943305,0.8016759776536313,0.7919837645865043,0.6141732283464567,0.5050027793218455,0.6142329379739452,0.7566778900112233,0.8750244474867983,0.7624309392265194,0.6491195204196328,0.7734594732804909,0.693304535637149,0.7085446009389671,0.540453074433657,0.6968553459119496,0.655688622754491,0.8212765957446808,0.64898210980876,0.7591623036649214,0.6919642857142857,0.7427623642943305,0.8016759776536313,0.7919837645865043,0.6141732283464567,0.5050027793218455,0.6142329379739452,0.7566778900112233,0.8750244474867983,0.7624309392265194,0.6491195204196328
49,0.6921,0.7553055484530811,0.6899105214439988,0.7190610328638498,0.5889967637540453,0.690566037735849,0.6541916167664671,0.8177304964539007,0.6804441702652684,0.7420276059019515,0.7008928571428571,0.7349215922798552,0.7793296089385475,0.791476407914764,0.5905511811023622,0.5683713173985547,0.6334824032665759,0.7607182940516274,0.8566399374144338,0.7734806629834254,0.6564256275758711,0.7553055484530811,0.6899105214439988,0.7190610328638498,0.5889967637540453,0.690566037735849,0.6541916167664671,0.8177304964539007,0.6804441702652684,0.7420276059019515,0.7008928571428571,0.7349215922798552,0.7793296089385475,0.791476407914764,0.5905511811023622,0.5683713173985547,0.6334824032665759,0.7607182940516274,0.8566399374144338,0.7734806629834254,0.6564256275758711
50,0.6919,0.7760163641012529,0.701326751002777,0.7203755868544601,0.5760517799352751,0.6817610062893081,0.6721556886227545,0.8304964539007093,0.6681061073411474,0.7505949547834364,0.7008928571428571,0.7358262967430639,0.8156424581005587,0.7980720446473871,0.6299212598425197,0.5408560311284046,0.6128718646704259,0.7595959595959596,0.8746332876980246,0.7624309392265194,0.6519295616335706,0.7760163641012529,0.701326751002777,0.7203755868544601,0.5760517799352751,0.6817610062893081,0.6721556886227545,0.8304964539007093,0.6681061073411474,0.7505949547834364,0.7008928571428571,0.7358262967430639,0.8156424581005587,0.7980720446473871,0.6299212598425197,0.5408560311284046,0.6128718646704259,0.7595959595959596,0.8746332876980246,0.7624309392265194,0.6519295616335706
51,0.6903,0.7606750191766811,0.6800370256093798,0.7134272300469483,0.5857605177993528,0.6849056603773584,0.6541916167664671,0.8106382978723404,0.6718075262183837,0.7624940504521657,0.6964285714285714,0.7322074788902292,0.7988826815642458,0.8026382546930492,0.6220472440944882,0.5352973874374652,0.6210383044915418,0.7838383838383839,0.8693526305495795,0.7845303867403315,0.6708505058074186,0.7606750191766811,0.6800370256093798,0.7134272300469483,0.5857605177993528,0.6849056603773584,0.6541916167664671,0.8106382978723404,0.6718075262183837,0.7624940504521657,0.6964285714285714,0.7322074788902292,0.7988826815642458,0.8026382546930492,0.6220472440944882,0.5352973874374652,0.6210383044915418,0.7838383838383839,0.8693526305495795,0.7845303867403315,0.6708505058074186
52,0.691,0.7755049859371005,0.7071891391545819,0.7104225352112676,0.5954692556634305,0.6817610062893081,0.6781437125748503,0.8113475177304964,0.67550894509562,0.7610661589719181,0.6785714285714286,0.7334137515078407,0.8044692737430168,0.7940131912734653,0.6220472440944882,0.5591995553085047,0.6218160606649815,0.7665544332210998,0.8711128495990612,0.7679558011049724,0.6704758336455602,0.7755049859371005,0.7071891391545819,0.7104225352112676,0.5954692556634305,0.6817610062893081,0.6781437125748503,0.8113475177304964,0.67550894509562,0.7610661589719181,0.6785714285714286,0.7334137515078407,0.8044692737430168,0.7940131912734653,0.6220472440944882,0.5591995553085047,0.6218160606649815,0.7665544332210998,0.8711128495990612,0.7679558011049724,0.6704758336455602
53,0.6965,0.7703912042955766,0.6920703486578217,0.7237558685446009,0.6019417475728155,0.7125786163522012,0.6736526946107785,0.826950354609929,0.6798272671190623,0.7624940504521657,0.7098214285714286,0.7590470446320868,0.8044692737430168,0.8031456113647895,0.6220472440944882,0.556420233463035,0.6109274742368268,0.757351290684624,0.8715040093878349,0.7569060773480663,0.6789059572873736,0.7703912042955766,0.6920703486578217,0.7237558685446009,0.6019417475728155,0.7125786163522012,0.6736526946107785,0.826950354609929,0.6798272671190623,0.7624940504521657,0.7098214285714286,0.7590470446320868,0.8044692737430168,0.8031456113647895,0.6220472440944882,0.556420233463035,0.6109274742368268,0.757351290684624,0.8715040093878349,0.7569060773480663,0.6789059572873736
54,0.6929,0.7703912042955766,0.7000925640234495,0.7143661971830986,0.56957928802589,0.6622641509433962,0.6586826347305389,0.823404255319149,0.6570018507094386,0.7439314612089482,0.6696428571428571,0.721351025331725,0.8156424581005587,0.8051750380517504,0.6062992125984252,0.5350194552529183,0.6572039665564845,0.77665544332211,0.86993937023274,0.7734806629834254,0.645372798801049,0.7703912042955766,0.7000925640234495,0.7143661971830986,0.56957928802589,0.6622641509433962,0.6586826347305389,0.823404255319149,0.6570018507094386,0.7439314612089482,0.6696428571428571,0.721351025331725,0.8156424581005587,0.8051750380517504,0.6062992125984252,0.5350194552529183,0.6572039665564845,0.77665544332211,0.86993937023274,0.7734806629834254,0.645372798801049
55,0.695,0.7811301457427768,0.7071891391545819,0.704037558685446,0.56957928802589,0.7012578616352201,0.6841317365269461,0.8297872340425532,0.67550894509562,0.760590195145169,0.7053571428571429,0.7460796139927623,0.8044692737430168,0.7950279046169457,0.6377952755905512,0.547526403557532,0.6249270853587401,0.7546576879910213,0.8763935067475064,0.7624309392265194,0.6719745222929936,0.7811301457427768,0.7071891391545819,0.704037558685446,0.56957928802589,0.7012578616352201,0.6841317365269461,0.8297872340425532,0.67550894509562,0.760590195145169,0.7053571428571429,0.7460796139927623,0.8044692737430168,0.7950279046169457,0.6377952755905512,0.547526403557532,0.6249270853587401,0.7546576879910213,0.8763935067475064,0.7624309392265194,0.6719745222929936
56,0.6942,0.7752492968550243,0.7053378586855908,0.7290140845070423,0.598705501618123,0.6849056603773584,0.6841317365269461,0.8283687943262411,0.6872301048735349,0.7567824845311756,0.7053571428571429,0.7310012062726177,0.8100558659217877,0.8153221714865551,0.6141732283464567,0.5597554196775987,0.6375656231771339,0.7793490460157126,0.8638763935067475,0.7900552486187845,0.6566129636568003,0.7752492968550243,0.7053378586855908,0.7290140845070423,0.598705501618123,0.6849056603773584,0.6841317365269461,0.8283687943262411,0.6872301048735349,0.7567824845311756,0.7053571428571429,0.7310012062726177,0.8100558659217877,0.8153221714865551,0.6141732283464567,0.5597554196775987,0.6375656231771339,0.7793490460157126,0.8638763935067475,0.7900552486187845,0.6566129636568003
57,0.6942,0.7841984147276911,0.7133600740512187,0.7186854460093897,0.6051779935275081,0.6987421383647798,0.6961077844311377,0.8127659574468085,0.6773596545342381,0.7505949547834364,0.6964285714285714,0.7433655006031363,0.7960893854748603,0.8097412480974124,0.6062992125984252,0.5522512506948305,0.6338712813532957,0.7930415263748597,0.8681791511832584,0.7734806629834254,0.6611090295991008,0.7841984147276911,0.7133600740512187,0.7186854460093897,0.6051779935275081,0.6987421383647798,0.6961077844311377,0.8127659574468085,0.6773596545342381,0.7505949547834364,0.6964285714285714,0.7433655006031363,0.7960893854748603,0.8097412480974124,0.6062992125984252,0.5522512506948305,0.6338712813532957,0.7930415263748597,0.8681791511832584,0.7734806629834254,0.6611090295991008
58,0.6926,0.7665558680644337,0.6926874421474853,0.7260093896713615,0.5663430420711975,0.680503144654088,0.6781437125748503,0.8553191489361702,0.6545342381246144,0.7658257972394098,0.6651785714285714,0.7316043425814234,0.8156424581005587,0.8143074581430746,0.6141732283464567,0.5158421345191774,0.6682869920279992,0.7708193041526374,0.8752200273811852,0.7569060773480663,0.6757212439115774,0.7665558680644337,0.6926874421474853,0.7260093896713615,0.5663430420711975,0.680503144654088,0.6781437125748503,0.8553191489361702,0.6545342381246144,0.7658257972394098,0.6651785714285714,0.7316043425814234,0.8156424581005587,0.8143074581430746,0.6141732283464567,0.5158421345191774,0.6682869920279992,0.7708193041526374,0.8752200273811852,0.7569060773480663,0.6757212439115774
59,0.6986,0.783942725645615,0.7047207651959272,0.7335211267605634,0.5825242718446602,0.6918238993710691,0.6826347305389222,0.8262411347517731,0.6631708821714991,0.7701094716801523,0.7098214285714286,0.7337153196622437,0.8044692737430168,0.8072044647387113,0.5984251968503937,0.5358532518065592,0.6348434765700953,0.7802469135802469,0.8718951691766087,0.7790055248618785,0.6822780067440989,0.783942725645615,0.7047207651959272,0.7335211267605634,0.5825242718446602,0.6918238993710691,0.6826347305389222,0.8262411347517731,0.6631708821714991,0.7701094716801523,0.7098214285714286,0.7337153196622437,0.8044692737430168,0.8072044647387113,0.5984251968503937,0.5358532518065592,0.6348434765700953,0.7802469135802469,0.8718951691766087,0.7790055248618785,0.6822780067440989
60,0.6948,0.7703912042955766,0.6883677877198395,0.7344600938967136,0.5825242718446602,0.7188679245283018,0.6736526946107785,0.8333333333333334,0.6607032695866749,0.7534507377439315,0.7098214285714286,0.7632689987937273,0.8016759776536313,0.8061897513952309,0.5826771653543307,0.5300166759310728,0.6502041609955279,0.7829405162738496,0.8777625660082143,0.7790055248618785,0.6553016110902959,0.7703912042955766,0.6883677877198395,0.7344600938967136,0.5825242718446602,0.7188679245283018,0.6736526946107785,0.8333333333333334,0.6607032695866749,0.7534507377439315,0.7098214285714286,0.7632689987937273,0.8016759776536313,0.8061897513952309,0.5826771653543307,0.5300166759310728,0.6502041609955279,0.7829405162738496,0.8777625660082143,0.7790055248618785,0.6553016110902959
61,0.6943,0.7747379186908719,0.6991669237889541,0.7380281690140845,0.598705501618123,0.7056603773584905,0.6901197604790419,0.8446808510638298,0.67550894509562,0.7648738695859115,0.7232142857142857,0.7536188178528347,0.8156424581005587,0.8178589548452562,0.6062992125984252,0.5561423012784881,0.6297880614427377,0.7681257014590348,0.8754156072755721,0.7569060773480663,0.6646684151367553,0.7747379186908719,0.6991669237889541,0.7380281690140845,0.598705501618123,0.7056603773584905,0.6901197604790419,0.8446808510638298,0.67550894509562,0.7648738695859115,0.7232142857142857,0.7536188178528347,0.8156424581005587,0.8178589548452562,0.6062992125984252,0.5561423012784881,0.6297880614427377,0.7681257014590348,0.8754156072755721,0.7569060773480663,0.6646684151367553
62,0.6959,0.7870109946305293,0.705029311940759,0.7169953051643192,0.5857605177993528,0.6792452830188679,0.6856287425149701,0.8340425531914893,0.6773596545342381,0.7629700142789148,0.7008928571428571,0.7379372738238842,0.8044692737430168,0.8036529680365296,0.6141732283464567,0.5386325736520289,0.6402877697841727,0.7849607182940517,0.8844122824173675,0.7458563535911602,0.6665417759460472,0.7870109946305293,0.705029311940759,0.7169953051643192,0.5857605177993528,0.6792452830188679,0.6856287425149701,0.8340425531914893,0.6773596545342381,0.7629700142789148,0.7008928571428571,0.7379372738238842,0.8044692737430168,0.8036529680365296,0.6141732283464567,0.5386325736520289,0.6402877697841727,0.7849607182940517,0.8844122824173675,0.7458563535911602,0.6665417759460472
63,0.6991,0.7895678854512912,0.7124344338167232,0.7387793427230047,0.5954692556634305,0.7094339622641509,0.6946107784431138,0.8411347517730496,0.6859962985811228,0.7510709186101856,0.7142857142857143,0.7451749095295537,0.8072625698324022,0.8127853881278538,0.6220472440944882,0.565869927737632,0.635426793700175,0.7777777777777778,0.86993937023274,0.7624309392265194,0.6635443986511802,0.7895678854512912,0.7124344338167232,0.7387793427230047,0.5954692556634305,0.7094339622641509,0.6946107784431138,0.8411347517730496,0.6859962985811228,0.7510709186101856,0.7142857142857143,0.7451749095295537,0.8072625698324022,0.8127853881278538,0.6220472440944882,0.565869927737632,0.635426793700175,0.7777777777777778,0.86993937023274,0.7624309392265194,0.6635443986511802
64,0.6976,0.7808744566607005,0.7004011107682814,0.7374647887323944,0.5857605177993528,0.6886792452830188,0.6751497005988024,0.8333333333333334,0.6668723010487353,0.7701094716801523,0.7098214285714286,0.7403498190591074,0.8100558659217877,0.8026382546930492,0.6062992125984252,0.5333518621456365,0.6408710869142524,0.7755331088664422,0.8894973596714257,0.7569060773480663,0.6794679655301611,0.7808744566607005,0.7004011107682814,0.7374647887323944,0.5857605177993528,0.6886792452830188,0.6751497005988024,0.8333333333333334,0.6668723010487353,0.7701094716801523,0.7098214285714286,0.7403498190591074,0.8100558659217877,0.8026382546930492,0.6062992125984252,0.5333518621456365,0.6408710869142524,0.7755331088664422,0.8894973596714257,0.7569060773480663,0.6794679655301611
65,0.6982,0.7934032216824342,0.7087318728787412,0.7263849765258216,0.5663430420711975,0.6924528301886792,0.688622754491018,0.8241134751773049,0.6711906230721777,0.772013326987149,0.7142857142857143,0.741254523522316,0.8156424581005587,0.8102486047691527,0.6220472440944882,0.5389105058365758,0.6138440598872253,0.788327721661055,0.8865636612556229,0.7513812154696132,0.6766579243162233,0.7934032216824342,0.7087318728787412,0.7263849765258216,0.5663430420711975,0.6924528301886792,0.688622754491018,0.8241134751773049,0.6711906230721777,0.772013326987149,0.7142857142857143,0.741254523522316,0.8156424581005587,0.8102486047691527,0.6220472440944882,0.5389105058365758,0.6138440598872253,0.788327721661055,0.8865636612556229,0.7513812154696132,0.6766579243162233
66,0.7006,0.7852211710559959,0.701018204257945,0.7269483568075117,0.6019417475728155,0.6968553459119496,0.6811377245508982,0.8297872340425532,0.6859962985811228,0.7643979057591623,0.7053571428571429,0.7421592279855247,0.7988826815642458,0.7924911212582445,0.6141732283464567,0.566147859922179,0.6430099163912113,0.7791245791245791,0.8824564834734989,0.7679558011049724,0.674409891345073,0.7852211710559959,0.701018204257945,0.7269483568075117,0.6019417475728155,0.6968553459119496,0.6811377245508982,0.8297872340425532,0.6859962985811228,0.7643979057591623,0.7053571428571429,0.7421592279855247,0.7988826815642458,0.7924911212582445,0.6141732283464567,0.566147859922179,0.6430099163912113,0.7791245791245791,0.8824564834734989,0.7679558011049724,0.674409891345073
67,0.7004,0.7847097928918435,0.7074976858994138,0.728075117370892,0.6084142394822006,0.6842767295597484,0.6811377245508982,0.826950354609929,0.6915484268969772,0.7610661589719181,0.7142857142857143,0.73854041013269,0.7988826815642458,0.8153221714865551,0.6141732283464567,0.5755975541967759,0.6433987944779311,0.7916947250280584,0.876980246430667,0.7679558011049724,0.668415136755339,0.7847097928918435,0.7074976858994138,0.728075117370892,0.6084142394822006,0.6842767295597484,0.6811377245508982,0.826950354609929,0.6915484268969772,0.7610661589719181,0.7142857142857143,0.73854041013269,0.7988826815642458,0.8153221714865551,0.6141732283464567,0.5755975541967759,0.6433987944779311,0.7916947250280584,0.876980246430667,0.7679558011049724,0.668415136755339
68,0.7018,0.785476860138072,0.7078062326442456,0.7314553990610329,0.56957928802589,0.6937106918238993,0.6826347305389222,0.8460992907801419,0.67550894509562,0.7715373631603998,0.7053571428571429,0.741254523522316,0.8184357541899442,0.8117706747843734,0.6299212598425197,0.546692607003891,0.6420377211744118,0.7771043771043771,0.8867592411500098,0.7403314917127072,0.6907081303859123,0.785476860138072,0.7078062326442456,0.7314553990610329,0.56957928802589,0.6937106918238993,0.6826347305389222,0.8460992907801419,0.67550894509562,0.7715373631603998,0.7053571428571429,0.741254523522316,0.8184357541899442,0.8117706747843734,0.6299212598425197,0.546692607003891,0.6420377211744118,0.7771043771043771,0.8867592411500098,0.7403314917127072,0.6907081303859123
69,0.6988,0.7921247762720531,0.722616476396174,0.7404694835680751,0.6051779935275081,0.7025157232704402,0.6946107784431138,0.851063829787234,0.6921653300431833,0.7624940504521657,0.7008928571428571,0.7457780458383595,0.8212290502793296,0.8224251648909183,0.6456692913385826,0.5722623679822123,0.6402877697841727,0.793939393939394,0.878153725796988,0.7569060773480663,0.6592356687898089,0.7921247762720531,0.722616476396174,0.7404694835680751,0.6051779935275081,0.7025157232704402,0.6946107784431138,0.851063829787234,0.6921653300431833,0.7624940504521657,0.7008928571428571,0.7457780458383595,0.8212290502793296,0.8224251648909183,0.6456692913385826,0.5722623679822123,0.6402877697841727,0.793939393939394,0.878153725796988,0.7569060773480663,0.6592356687898089
70,0.7037,0.7852211710559959,0.7142857142857143,0.7417840375586855,0.6019417475728155,0.6911949685534591,0.6841317365269461,0.8446808510638298,0.6798272671190623,0.7629700142789148,0.7142857142857143,0.7503015681544029,0.8156424581005587,0.8214104515474379,0.6062992125984252,0.5525291828793775,0.6383433793505736,0.7993265993265993,0.8838255427342069,0.7513812154696132,0.6674784563506931,0.7852211710559959,0.7142857142857143,0.7417840375586855,0.6019417475728155,0.6911949685534591,0.6841317365269461,0.8446808510638298,0.6798272671190623,0.7629700142789148,0.7142857142857143,0.7503015681544029,0.8156424581005587,0.8214104515474379,0.6062992125984252,0.5525291828793775,0.6383433793505736,0.7993265993265993,0.8838255427342069,0.7513812154696132,0.6674784563506931
71,0.7035,0.7806187675786244,0.701326751002777,0.7237558685446009,0.6181229773462783,0.7119496855345911,0.6736526946107785,0.8418439716312057,0.6958667489204194,0.7767729652546407,0.7053571428571429,0.7629674306393245,0.8156424581005587,0.8112633181126332,0.6062992125984252,0.5717065036131184,0.612677425627066,0.7762065095398428,0.8865636612556229,0.7458563535911602,0.6847133757961783,0.7806187675786244,0.701326751002777,0.7237558685446009,0.6181229773462783,0.7119496855345911,0.6736526946107785,0.8418439716312057,0.6958667489204194,0.7767729652546407,0.7053571428571429,0.7629674306393245,0.8156424581005587,0.8112633181126332,0.6062992125984252,0.5717065036131184,0.612677425627066,0.7762065095398428,0.8865636612556229,0.7458563535911602,0.6847133757961783
72,0.7023,0.7798517003323958,0.7019438444924406,0.7498591549295774,0.5566343042071198,0.6792452830188679,0.6646706586826348,0.8539007092198582,0.6576187538556446,0.7767729652546407,0.6830357142857143,0.7249698431845597,0.8128491620111732,0.8001014713343481,0.5905511811023622,0.5214007782101168,0.6566206494264049,0.7710437710437711,0.8877371406219441,0.712707182320442,0.7122517796927689,0.7798517003323958,0.7019438444924406,0.7498591549295774,0.5566343042071198,0.6792452830188679,0.6646706586826348,0.8539007092198582,0.6576187538556446,0.7767729652546407,0.6830357142857143,0.7249698431845597,0.8128491620111732,0.8001014713343481,0.5905511811023622,0.5214007782101168,0.6566206494264049,0.7710437710437711,0.8877371406219441,0.712707182320442,0.7122517796927689
73,0.7039,0.7875223727946816,0.7047207651959272,0.7504225352112676,0.5889967637540453,0.6981132075471698,0.6946107784431138,0.8432624113475178,0.6668723010487353,0.7629700142789148,0.7008928571428571,0.7539203860072377,0.8072625698324022,0.8229325215626585,0.6062992125984252,0.5400222345747637,0.6433987944779311,0.8022446689113356,0.8824564834734989,0.7679558011049724,0.6847133757961783,0.7875223727946816,0.7047207651959272,0.7504225352112676,0.5889967637540453,0.6981132075471698,0.6946107784431138,0.8432624113475178,0.6668723010487353,0.7629700142789148,0.7008928571428571,0.7539203860072377,0.8072625698324022,0.8229325215626585,0.6062992125984252,0.5400222345747637,0.6433987944779311,0.8022446689113356,0.8824564834734989,0.7679558011049724,0.6847133757961783
74,0.703,0.8033750958834058,0.7232335698858378,0.7575586854460093,0.6116504854368932,0.6867924528301886,0.6931137724550899,0.8390070921985816,0.6829117828500926,0.766301761066159,0.6741071428571429,0.7379372738238842,0.7988826815642458,0.8158295281582952,0.6535433070866141,0.5636464702612562,0.6358156717868948,0.7894500561167228,0.8738509681204772,0.7624309392265194,0.6830273510678156,0.8033750958834058,0.7232335698858378,0.7575586854460093,0.6116504854368932,0.6867924528301886,0.6931137724550899,0.8390070921985816,0.6829117828500926,0.766301761066159,0.6741071428571429,0.7379372738238842,0.7988826815642458,0.8158295281582952,0.6535433070866141,0.5636464702612562,0.6358156717868948,0.7894500561167228,0.8738509681204772,0.7624309392265194,0.6830273510678156
75,0.7,0.7770391204295577,0.6926874421474853,0.7382159624413146,0.5954692556634305,0.6842767295597484,0.6751497005988024,0.8432624113475178,0.6767427513880321,0.7705854355069015,0.6964285714285714,0.7418576598311218,0.8156424581005587,0.8193810248604769,0.5984251968503937,0.5553085047248472,0.6470931363017693,0.8017957351290684,0.8920398982984549,0.7513812154696132,0.7053203446983889,0.7770391204295577,0.6926874421474853,0.7382159624413146,0.5954692556634305,0.6842767295597484,0.6751497005988024,0.8432624113475178,0.6767427513880321,0.7705854355069015,0.6964285714285714,0.7418576598311218,0.8156424581005587,0.8193810248604769,0.5984251968503937,0.5553085047248472,0.6470931363017693,0.8017957351290684,0.8920398982984549,0.7513812154696132,0.7053203446983889
76,0.706,0.7841984147276911,0.7087318728787412,0.7423474178403756,0.6148867313915858,0.6924528301886792,0.7035928143712575,0.8446808510638298,0.6792103639728563,0.7615421227986673,0.7053571428571429,0.7493968636911942,0.8016759776536313,0.8193810248604769,0.6299212598425197,0.5653140633685381,0.6453431849115302,0.8078563411896745,0.8736553882260903,0.7513812154696132,0.6933308355189209,0.7841984147276911,0.7087318728787412,0.7423474178403756,0.6148867313915858,0.6924528301886792,0.7035928143712575,0.8446808510638298,0.6792103639728563,0.7615421227986673,0.7053571428571429,0.7493968636911942,0.8016759776536313,0.8193810248604769,0.6299212598425197,0.5653140633685381,0.6453431849115302,0.8078563411896745,0.8736553882260903,0.7513812154696132,0.6933308355189209
77,0.7001,0.7841984147276911,0.7019438444924406,0.7415962441314554,0.6181229773462783,0.7044025157232704,0.6826347305389222,0.8489361702127659,0.6872301048735349,0.7615421227986673,0.6919642857142857,0.7545235223160435,0.8240223463687151,0.808726534753932,0.6141732283464567,0.5719844357976653,0.6470931363017693,0.7869809203142536,0.8910619988265206,0.7403314917127072,0.679280629449232,0.7841984147276911,0.7019438444924406,0.7415962441314554,0.6181229773462783,0.7044025157232704,0.6826347305389222,0.8489361702127659,0.6872301048735349,0.7615421227986673,0.6919642857142857,0.7545235223160435,0.8240223463687151,0.808726534753932,0.6141732283464567,0.5719844357976653,0.6470931363017693,0.7869809203142536,0.8910619988265206,0.7403314917127072,0.679280629449232
78,0.7021,0.7962158015852723,0.712742980561555,0.6961502347417841,0.5954692556634305,0.6993710691823899,0.6901197604790419,0.8539007092198582,0.6792103639728563,0.7829604950023799,0.6964285714285714,0.7463811821471653,0.8268156424581006,0.8163368848300355,0.6141732283464567,0.5608671484157866,0.6402877697841727,0.7813692480359147,0.8982984549188343,0.7513812154696132,0.710378418883477,0.7962158015852723,0.712742980561555,0.6961502347417841,0.5954692556634305,0.6993710691823899,0.6901197604790419,0.8539007092198582,0.6792103639728563,0.7829604950023799,0.6964285714285714,0.7463811821471653,0.8268156424581006,0.8163368848300355,0.6141732283464567,0.5608671484157866,0.6402877697841727,0.7813692480359147,0.8982984549188343,0.7513812154696132,0.710378418883477
79,0.7017,0.7957044234211199,0.7124344338167232,0.7466666666666667,0.5954692556634305,0.6773584905660377,0.6931137724550899,0.8546099290780141,0.6718075262183837,0.7682056163731557,0.6875,0.7331121833534379,0.8156424581005587,0.8244545915778793,0.6220472440944882,0.5522512506948305,0.6548706980361657,0.7986531986531986,0.8889106199882653,0.7569060773480663,0.6862120644436118,0.7957044234211199,0.7124344338167232,0.7466666666666667,0.5954692556634305,0.6773584905660377,0.6931137724550899,0.8546099290780141,0.6718075262183837,0.7682056163731557,0.6875,0.7331121833534379,0.8156424581005587,0.8244545915778793,0.6220472440944882,0.5522512506948305,0.6548706980361657,0.7986531986531986,0.8889106199882653,0.7569060773480663,0.6862120644436118
80,0.701,0.7936589107645103,0.7074976858994138,0.7378403755868544,0.5728155339805825,0.6924528301886792,0.6751497005988024,0.8560283687943262,0.6687230104873535,0.7705854355069015,0.6696428571428571,0.7424607961399277,0.8044692737430168,0.8183663115169965,0.6220472440944882,0.5369649805447471,0.6533151856892864,0.7903479236812571,0.8947780168198709,0.7734806629834254,0.6869614087673286,0.7936589107645103,0.7074976858994138,0.7378403755868544,0.5728155339805825,0.6924528301886792,0.6751497005988024,0.8560283687943262,0.6687230104873535,0.7705854355069015,0.6696428571428571,0.7424607961399277,0.8044692737430168,0.8183663115169965,0.6220472440944882,0.5369649805447471,0.6533151856892864,0.7903479236812571,0.8947780168198709,0.7734806629834254,0.6869614087673286
81,0.7026,0.7908463308616722,0.7124344338167232,0.744225352112676,0.627831715210356,0.7113207547169811,0.688622754491018,0.8418439716312057,0.689080814312153,0.766301761066159,0.6919642857142857,0.7542219541616405,0.8184357541899442,0.8269913749365804,0.6377952755905512,0.5742078932740411,0.6381489403072137,0.8008978675645342,0.8816741638959515,0.7624309392265194,0.6781566129636568,0.7908463308616722,0.7124344338167232,0.744225352112676,0.627831715210356,0.7113207547169811,0.688622754491018,0.8418439716312057,0.689080814312153,0.766301761066159,0.6919642857142857,0.7542219541616405,0.8184357541899442,0.8269913749365804,0.6377952755905512,0.5742078932740411,0.6381489403072137,0.8008978675645342,0.8816741638959515,0.7624309392265194,0.6781566129636568
82,0.7022,0.8064433648683201,0.7300215982721382,0.7461032863849765,0.56957928802589,0.7075471698113207,0.688622754491018,0.8453900709219858,0.6656384947563233,0.7629700142789148,0.6785714285714286,0.7515078407720145,0.8044692737430168,0.8224251648909183,0.6614173228346457,0.5391884380211228,0.6531207466459265,0.802020202020202,0.8894973596714257,0.7569060773480663,0.6751592356687898,0.8064433648683201,0.7300215982721382,0.7461032863849765,0.56957928802589,0.7075471698113207,0.688622754491018,0.8453900709219858,0.6656384947563233,0.7629700142789148,0.6785714285714286,0.7515078407720145,0.8044692737430168,0.8224251648909183,0.6614173228346457,0.5391884380211228,0.6531207466459265,0.802020202020202,0.8894973596714257,0.7569060773480663,0.6751592356687898
83,0.6996,0.7862439273843007,0.6979327368096266,0.7566197183098592,0.6181229773462783,0.6981132075471698,0.6841317365269461,0.8702127659574468,0.6964836520666255,0.7639219419324131,0.6875,0.7493968636911942,0.8184357541899442,0.8264840182648402,0.6299212598425197,0.5833796553640912,0.6509819171689676,0.7782267115600449,0.885194601994915,0.7513812154696132,0.6622330460846759,0.7862439273843007,0.6979327368096266,0.7566197183098592,0.6181229773462783,0.6981132075471698,0.6841317365269461,0.8702127659574468,0.6964836520666255,0.7639219419324131,0.6875,0.7493968636911942,0.8184357541899442,0.8264840182648402,0.6299212598425197,0.5833796553640912,0.6509819171689676,0.7782267115600449,0.885194601994915,0.7513812154696132,0.6622330460846759
84,0.7024,0.8087445666070059,0.7272446775686516,0.7333333333333333,0.56957928802589,0.6918238993710691,0.7050898203592815,0.850354609929078,0.6508328192473781,0.7801047120418848,0.6651785714285714,0.7433655006031363,0.8044692737430168,0.8153221714865551,0.6377952755905512,0.5216787103946637,0.6538985028193661,0.7836139169472502,0.8945824369254841,0.7624309392265194,0.7011989509179468,0.8087445666070059,0.7272446775686516,0.7333333333333333,0.56957928802589,0.6918238993710691,0.7050898203592815,0.850354609929078,0.6508328192473781,0.7801047120418848,0.6651785714285714,0.7433655006031363,0.8044692737430168,0.8153221714865551,0.6377952755905512,0.5216787103946637,0.6538985028193661,0.7836139169472502,0.8945824369254841,0.7624309392265194,0.7011989509179468
85,0.698,0.7944259780107389,0.6957729095958037,0.7414084507042253,0.6051779935275081,0.6861635220125786,0.6796407185628742,0.8539007092198582,0.6724244293645898,0.7758210376011423,0.6741071428571429,0.7484921592279855,0.8016759776536313,0.8229325215626585,0.6141732283464567,0.5597554196775987,0.6486486486486487,0.802020202020202,0.8928222178760024,0.7458563535911602,0.6871487448482577,0.7944259780107389,0.6957729095958037,0.7414084507042253,0.6051779935275081,0.6861635220125786,0.6796407185628742,0.8539007092198582,0.6724244293645898,0.7758210376011423,0.6741071428571429,0.7484921592279855,0.8016759776536313,0.8229325215626585,0.6141732283464567,0.5597554196775987,0.6486486486486487,0.802020202020202,0.8928222178760024,0.7458563535911602,0.6871487448482577
86,0.7054,0.7939145998465865,0.7223079296513422,0.7524882629107981,0.6019417475728155,0.7088050314465408,0.6931137724550899,0.8567375886524823,0.6705737199259716,0.7667777248929082,0.6696428571428571,0.7512062726176115,0.8044692737430168,0.8259766615930999,0.6299212598425197,0.5541967759866593,0.660509430293603,0.7925925925925926,0.8820653236847252,0.7734806629834254,0.6967028849756464,0.7939145998465865,0.7223079296513422,0.7524882629107981,0.6019417475728155,0.7088050314465408,0.6931137724550899,0.8567375886524823,0.6705737199259716,0.7667777248929082,0.6696428571428571,0.7512062726176115,0.8044692737430168,0.8259766615930999,0.6299212598425197,0.5541967759866593,0.660509430293603,0.7925925925925926,0.8820653236847252,0.7734806629834254,0.6967028849756464
87,0.7018,0.8069547430324725,0.7297130515273064,0.7387793427230047,0.6051779935275081,0.7018867924528301,0.6931137724550899,0.8411347517730496,0.6656384947563233,0.7505949547834364,0.6785714285714286,0.7439686369119421,0.7960893854748603,0.821917808219178,0.6771653543307087,0.5428015564202334,0.6671203577678397,0.8092031425364759,0.8867592411500098,0.7790055248618785,0.6551142750093668,0.8069547430324725,0.7297130515273064,0.7387793427230047,0.6051779935275081,0.7018867924528301,0.6931137724550899,0.8411347517730496,0.6656384947563233,0.7505949547834364,0.6785714285714286,0.7439686369119421,0.7960893854748603,0.821917808219178,0.6771653543307087,0.5428015564202334,0.6671203577678397,0.8092031425364759,0.8867592411500098,0.7790055248618785,0.6551142750093668
88,0.705,0.8049092303758629,0.7204566491823511,0.743849765258216,0.5728155339805825,0.7213836477987421,0.7080838323353293,0.849645390070922,0.6465144972239358,0.774869109947644,0.7053571428571429,0.77291917973462,0.8044692737430168,0.8168442415017757,0.6535433070866141,0.5266814897165092,0.6445654287380906,0.7890011223344556,0.893213377664776,0.7679558011049724,0.7088797302360434,0.8049092303758629,0.7204566491823511,0.743849765258216,0.5728155339805825,0.7213836477987421,0.7080838323353293,0.849645390070922,0.6465144972239358,0.774869109947644,0.7053571428571429,0.77291917973462,0.8044692737430168,0.8168442415017757,0.6535433070866141,0.5266814897165092,0.6445654287380906,0.7890011223344556,0.893213377664776,0.7679558011049724,0.7088797302360434
89,0.7053,0.7785732549220148,0.6902190681888306,0.7511737089201878,0.6375404530744336,0.7062893081761006,0.6601796407185628,0.8446808510638298,0.6816779765576805,0.7767729652546407,0.6875,0.7593486127864898,0.7988826815642458,0.821917808219178,0.6220472440944882,0.5772651473040578,0.6328990861364963,0.807631874298541,0.8881283004107178,0.7403314917127072,0.714499812663919,0.7785732549220148,0.6902190681888306,0.7511737089201878,0.6375404530744336,0.7062893081761006,0.6601796407185628,0.8446808510638298,0.6816779765576805,0.7767729652546407,0.6875,0.7593486127864898,0.7988826815642458,0.821917808219178,0.6220472440944882,0.5772651473040578,0.6328990861364963,0.807631874298541,0.8881283004107178,0.7403314917127072,0.714499812663919
90,0.7039,0.8113014574277678,0.7337241592101204,0.7474178403755869,0.5760517799352751,0.7050314465408805,0.7020958083832335,0.8617021276595744,0.6452806909315237,0.772013326987149,0.6785714285714286,0.7548250904704463,0.8044692737430168,0.8244545915778793,0.6377952755905512,0.5236242356864925,0.6768423099358352,0.7941638608305275,0.8887150400938784,0.7734806629834254,0.6755339078306482,0.8113014574277678,0.7337241592101204,0.7474178403755869,0.5760517799352751,0.7050314465408805,0.7020958083832335,0.8617021276595744,0.6452806909315237,0.772013326987149,0.6785714285714286,0.7548250904704463,0.8044692737430168,0.8244545915778793,0.6377952755905512,0.5236242356864925,0.6768423099358352,0.7941638608305275,0.8887150400938784,0.7734806629834254,0.6755339078306482
91,0.7058,0.7923804653541294,0.716754088244369,0.7472300469483568,0.6245954692556634,0.7062893081761006,0.6901197604790419,0.8425531914893617,0.6798272671190623,0.7610661589719181,0.7098214285714286,0.7554282267792521,0.8016759776536313,0.8229325215626585,0.6456692913385826,0.5728182323513062,0.6622593816838421,0.8031425364758699,0.8855857617836886,0.7624309392265194,0.6905207943049831,0.7923804653541294,0.716754088244369,0.7472300469483568,0.6245954692556634,0.7062893081761006,0.6901197604790419,0.8425531914893617,0.6798272671190623,0.7610661589719181,0.7098214285714286,0.7554282267792521,0.8016759776536313,0.8229325215626585,0.6456692913385826,0.5728182323513062,0.6622593816838421,0.8031425364758699,0.8855857617836886,0.7624309392265194,0.6905207943049831
92,0.7062,0.780107389414472,0.6911447084233261,0.7363380281690141,0.6148867313915858,0.7075471698113207,0.6781437125748503,0.8475177304964538,0.6872301048735349,0.7739171822941456,0.7276785714285714,0.7653799758745476,0.7905027932960894,0.8224251648909183,0.6141732283464567,0.566425792106726,0.6472875753451293,0.804040404040404,0.8875415607275572,0.7569060773480663,0.7212439115773698,0.780107389414472,0.6911447084233261,0.7363380281690141,0.6148867313915858,0.7075471698113207,0.6781437125748503,0.8475177304964538,0.6872301048735349,0.7739171822941456,0.7276785714285714,0.7653799758745476,0.7905027932960894,0.8224251648909183,0.6141732283464567,0.566425792106726,0.6472875753451293,0.804040404040404,0.8875415607275572,0.7569060773480663,0.7212439115773698
93,0.7052,0.8107900792636155,0.7275532243134835,0.7494835680751174,0.5825242718446602,0.7232704402515723,0.7110778443113772,0.8524822695035461,0.6650215916101172,0.7677296525464065,0.7142857142857143,0.775934861278649,0.8016759776536313,0.8244545915778793,0.6535433070866141,0.5344635908838243,0.654092941862726,0.8017957351290684,0.8926266379816155,0.7569060773480663,0.6805919820157362,0.8107900792636155,0.7275532243134835,0.7494835680751174,0.5825242718446602,0.7232704402515723,0.7110778443113772,0.8524822695035461,0.6650215916101172,0.7677296525464065,0.7142857142857143,0.775934861278649,0.8016759776536313,0.8244545915778793,0.6535433070866141,0.5344635908838243,0.654092941862726,0.8017957351290684,0.8926266379816155,0.7569060773480663,0.6805919820157362
94,0.7047,0.7888008182050626,0.7000925640234495,0.7355868544600939,0.5857605177993528,0.6924528301886792,0.6781437125748503,0.8617021276595744,0.6730413325107958,0.7810566396953832,0.7053571428571429,0.7466827503015682,0.8128491620111732,0.8320649416539827,0.6220472440944882,0.5436353529738743,0.6554540151662454,0.7975308641975308,0.8981028750244475,0.7679558011049724,0.696328212813788,0.7888008182050626,0.7000925640234495,0.7355868544600939,0.5857605177993528,0.6924528301886792,0.6781437125748503,0.8617021276595744,0.6730413325107958,0.7810566396953832,0.7053571428571429,0.7466827503015682,0.8128491620111732,0.8320649416539827,0.6220472440944882,0.5436353529738743,0.6554540151662454,0.7975308641975308,0.8981028750244475,0.7679558011049724,0.696328212813788
95,0.7065,0.8051649194579391,0.7278617710583153,0.7581220657276996,0.6019417475728155,0.6836477987421383,0.6931137724550899,0.8730496453900709,0.6594694632942628,0.772013326987149,0.6964285714285714,0.732810615199035,0.8268156424581006,0.8285134449518011,0.6220472440944882,0.5433574207893274,0.6797588955862337,0.7950617283950617,0.8916487385096812,0.7955801104972375,0.6938928437617085,0.8051649194579391,0.7278617710583153,0.7581220657276996,0.6019417475728155,0.6836477987421383,0.6931137724550899,0.8730496453900709,0.6594694632942628,0.772013326987149,0.6964285714285714,0.732810615199035,0.8268156424581006,0.8285134449518011,0.6220472440944882,0.5433574207893274,0.6797588955862337,0.7950617283950617,0.8916487385096812,0.7955801104972375,0.6938928437617085
96,0.7013,0.7974942469956533,0.7152113545202098,0.7455399061032864,0.6019417475728155,0.7113207547169811,0.6916167664670658,0.8695035460992908,0.6613201727328809,0.777724892908139,0.6875,0.7605548854041013,0.8212290502793296,0.8249619482496194,0.6141732283464567,0.5400222345747637,0.6638148940307214,0.7865319865319865,0.8947780168198709,0.7679558011049724,0.7025103034844511,0.7974942469956533,0.7152113545202098,0.7455399061032864,0.6019417475728155,0.7113207547169811,0.6916167664670658,0.8695035460992908,0.6613201727328809,0.777724892908139,0.6875,0.7605548854041013,0.8212290502793296,0.8249619482496194,0.6141732283464567,0.5400222345747637,0.6638148940307214,0.7865319865319865,0.8947780168198709,0.7679558011049724,0.7025103034844511
97,0.7052,0.8092559447711583,0.7368096266584387,0.7196244131455399,0.5728155339805825,0.7056603773584905,0.7050898203592815,0.850354609929078,0.6551511412708205,0.7696335078534031,0.6919642857142857,0.7623642943305187,0.8016759776536313,0.8320649416539827,0.6377952755905512,0.5255697609783213,0.6702313824615983,0.8141414141414142,0.8981028750244475,0.7900552486187845,0.6781566129636568,0.8092559447711583,0.7368096266584387,0.7196244131455399,0.5728155339805825,0.7056603773584905,0.7050898203592815,0.850354609929078,0.6551511412708205,0.7696335078534031,0.6919642857142857,0.7623642943305187,0.8016759776536313,0.8320649416539827,0.6377952755905512,0.5255697609783213,0.6702313824615983,0.8141414141414142,0.8981028750244475,0.7900552486187845,0.6781566129636568
98,0.7033,0.7911020199437484,0.7115087935822277,0.7532394366197183,0.6051779935275081,0.7075471698113207,0.6976047904191617,0.8531914893617021,0.6718075262183837,0.7739171822941456,0.7098214285714286,0.7581423401688782,0.8016759776536313,0.8310502283105022,0.6456692913385826,0.5486381322957199,0.6441765506513708,0.8013468013468014,0.8984940348132212,0.7679558011049724,0.7083177219932559,0.7911020199437484,0.7115087935822277,0.7532394366197183,0.6051779935275081,0.7075471698113207,0.6976047904191617,0.8531914893617021,0.6718075262183837,0.7739171822941456,0.7098214285714286,0.7581423401688782,0.8016759776536313,0.8310502283105022,0.6456692913385826,0.5486381322957199,0.6441765506513708,0.8013468013468014,0.8984940348132212,0.7679558011049724,0.7083177219932559
99,0.7041,0.7969828688315009,0.7223079296513422,0.728075117370892,0.6051779935275081,0.6949685534591195,0.6916167664670658,0.8602836879432624,0.6637877853177051,0.7824845311756307,0.7053571428571429,0.7484921592279855,0.8156424581005587,0.8417047184170472,0.6062992125984252,0.5272373540856031,0.6743146023721563,0.8123456790123457,0.8912575787209075,0.7790055248618785,0.706444361183964,0.7969828688315009,0.7223079296513422,0.728075117370892,0.6051779935275081,0.6949685534591195,0.6916167664670658,0.8602836879432624,0.6637877853177051,0.7824845311756307,0.7053571428571429,0.7484921592279855,0.8156424581005587,0.8417047184170472,0.6062992125984252,0.5272373540856031,0.6743146023721563,0.8123456790123457,0.8912575787209075,0.7790055248618785,0.706444361183964
100,0.6454,0.7230887241114804,0.7503856834310398,0.7248826291079812,0.6051779935275081,0.6496855345911949,0.33083832335329344,0.8368794326241135,0.15854410857495374,0.5259400285578296,0.6205357142857143,0.6390229191797346,0.6871508379888268,0.40994419076610855,0.2283464566929134,0.613118399110617,0.3544623760451099,0.5995510662177329,0.6847252102483865,0.6022099447513812,0.6431247658298989,0.7230887241114804,0.7503856834310398,0.7248826291079812,0.6051779935275081,0.6496855345911949,0.8053892215568862,0.8368794326241135,0.8488587291795188,0.9157544026653974,0.8392857142857143,0.6390229191797346,0.6871508379888268,0.8274987316083207,0.6614173228346457,0.613118399110617,0.9677231188022555,0.5995510662177329,0.6847252102483865,0.6022099447513812,0.6431247658298989
101,0.6449,0.7118384045001278,0.7355754396791114,0.744225352112676,0.5825242718446602,0.6880503144654088,0.3532934131736527,0.8205673758865248,0.19123997532387416,0.5188005711565921,0.6473214285714286,0.6541013268998793,0.6843575418994413,0.39928970065956365,0.25196850393700787,0.5405780989438577,0.3342407155356796,0.6781144781144781,0.7101505965186778,0.6519337016574586,0.6236418134132634,0.7118384045001278,0.7355754396791114,0.744225352112676,0.5825242718446602,0.6880503144654088,0.874251497005988,0.8205673758865248,0.8895743368291178,0.9457401237505949,0.8928571428571429,0.6541013268998793,0.6843575418994413,0.8143074581430746,0.7874015748031497,0.5405780989438577,0.9807505347073693,0.6781144781144781,0.7101505965186778,0.6519337016574586,0.6236418134132634
102,0.6233,0.7021222193812324,0.7543967911138537,0.7417840375586855,0.4627831715210356,0.6698113207547169,0.35179640718562877,0.7978723404255319,0.229487970388649,0.5464064731080438,0.625,0.6357056694813028,0.6508379888268156,0.3876204972095383,0.23622047244094488,0.4558087826570317,0.31965778728368655,0.6680134680134681,0.7433991785644436,0.6519337016574586,0.6343199700262271,0.7021222193812324,0.7543967911138537,0.7417840375586855,0.4627831715210356,0.6698113207547169,0.9086826347305389,0.7978723404255319,0.9450956199876619,0.9552594002855783,0.9285714285714286,0.6357056694813028,0.6508379888268156,0.8767123287671232,0.8188976377952756,0.4558087826570317,0.9817227299241688,0.6680134680134681,0.7433991785644436,0.6519337016574586,0.6343199700262271
103,0.5973,0.6192789567885452,0.7071891391545819,0.7712676056338028,0.41423948220064727,0.6779874213836478,0.35479041916167664,0.8205673758865248,0.3300431832202344,0.618277010947168,0.6428571428571429,0.6133896260554885,0.6061452513966481,0.3987823439878234,0.2440944881889764,0.40994997220678153,0.3118802255492903,0.6866442199775533,0.8104830823391356,0.6464088397790055,0.6064068939677782,0.6192789567885452,0.7071891391545819,0.7712676056338028,0.41423948220064727,0.6779874213836478,0.9416167664670658,0.8205673758865248,0.34608266502159163,0.962874821513565,0.9419642857142857,0.6133896260554885,0.6061452513966481,0.9015728056823947,0.8582677165354331,0.40994997220678153,0.9856115107913669,0.6866442199775533,0.8104830823391356,0.6464088397790055,0.6064068939677782
104,0.581,0.6670928151367936,0.7482258562172169,0.7491079812206572,0.35275080906148865,0.6515723270440251,0.3413173652694611,0.8156028368794326,0.3454657618753856,0.6087577344121847,0.6339285714285714,0.623341375150784,0.6256983240223464,0.4637239979705733,0.2283464566929134,0.339633129516398,0.318685592066887,0.5371492704826039,0.7793858791316253,0.5524861878453039,0.6305732484076433,0.6670928151367936,0.7482258562172169,0.7491079812206572,0.35275080906148865,0.6515723270440251,0.9491017964071856,0.8156028368794326,0.34978408389882787,0.9319371727748691,0.9017857142857143,0.623341375150784,0.6256983240223464,0.4637239979705733,0.8818897637795275,0.339633129516398,0.9860003888780867,0.5371492704826039,0.7793858791316253,0.5524861878453039,0.6305732484076433
105,0.6026,0.6665814369726413,0.7692070348657821,0.7363380281690141,0.37216828478964403,0.6591194968553459,0.3263473053892216,0.8574468085106383,0.32387415175817397,0.6487386958591147,0.65625,0.6040410132689988,0.6312849162011173,0.441400304414003,0.25196850393700787,0.36964980544747084,0.3902391600233327,0.6401795735129069,0.8038333659299824,0.6464088397790055,0.6408767328587486,0.6665814369726413,0.7692070348657821,0.7363380281690141,0.37216828478964403,0.6591194968553459,0.3263473053892216,0.8574468085106383,0.3750771128932758,0.6487386958591147,0.9330357142857143,0.6040410132689988,0.6312849162011173,0.441400304414003,0.905511811023622,0.36964980544747084,0.3902391600233327,0.6401795735129069,0.8038333659299824,0.6464088397790055,0.6408767328587486
106,0.595,0.6867808744566607,0.7827830916383832,0.7145539906103286,0.3300970873786408,0.6383647798742138,0.3278443113772455,0.8680851063829788,0.3257248611967921,0.6449309852451214,0.6383928571428571,0.6058504221954162,0.6564245810055865,0.45865043125317095,0.2440944881889764,0.32323513062812675,0.43243243243243246,0.5766554433221099,0.7920985722667709,0.6077348066298343,0.6641064068939678,0.6867808744566607,0.7827830916383832,0.7145539906103286,0.3300970873786408,0.6383647798742138,0.47305389221556887,0.8680851063829788,0.3257248611967921,0.6449309852451214,0.6383928571428571,0.6058504221954162,0.6564245810055865,0.45865043125317095,0.2440944881889764,0.32323513062812675,0.43243243243243246,0.5766554433221099,0.7920985722667709,0.6077348066298343,0.6641064068939678
107,0.5852,0.6594221426745078,0.7648873804381364,0.724131455399061,0.32038834951456313,0.6427672955974842,0.3218562874251497,0.8574468085106383,0.3633559531153609,0.6711089957163255,0.6473214285714286,0.6055488540410132,0.6145251396648045,0.4728564180618975,0.23622047244094488,0.311561978877154,0.4022943807116469,0.588327721661055,0.8192841775865441,0.6022099447513812,0.6710378418883477,0.6594221426745078,0.7648873804381364,0.724131455399061,0.32038834951456313,0.6427672955974842,0.5778443113772455,0.8574468085106383,0.3633559531153609,0.6711089957163255,0.6473214285714286,0.6055488540410132,0.6145251396648045,0.4728564180618975,0.23622047244094488,0.311561978877154,0.4022943807116469,0.588327721661055,0.8192841775865441,0.6022099447513812,0.6710378418883477
108,0.5915,0.6913832779340322,0.7972847886454798,0.7292018779342723,0.30097087378640774,0.6226415094339622,0.3068862275449102,0.8609929078014185,0.34114743985194323,0.6197049024274155,0.6205357142857143,0.5937876960193004,0.6340782122905028,0.4703196347031963,0.23622047244094488,0.2809894385769872,0.4489597511180245,0.6074074074074074,0.7930764717387052,0.6077348066298343,0.635256650430873,0.6913832779340322,0.7972847886454798,0.7292018779342723,0.30097087378640774,0.6226415094339622,0.5973053892215568,0.8609929078014185,0.34114743985194323,0.6197049024274155,0.65625,0.5937876960193004,0.6340782122905028,0.4703196347031963,0.2440944881889764,0.2809894385769872,0.4489597511180245,0.6074074074074074,0.7930764717387052,0.6077348066298343,0.635256650430873
109,0.5751,0.6481718230631552,0.7673557543967912,0.7205633802816901,0.313915857605178,0.6610062893081761,0.3263473053892216,0.8723404255319149,0.38556446637877856,0.6915754402665397,0.6294642857142857,0.6115802171290712,0.6089385474860335,0.48148148148148145,0.23622047244094488,0.3185102834908282,0.4287380906085942,0.5438832772166106,0.8431449247017406,0.574585635359116,0.666354439865118,0.6481718230631552,0.7673557543967912,0.7205633802816901,0.313915857605178,0.6610062893081761,0.6437125748502994,0.8723404255319149,0.38556446637877856,0.6915754402665397,0.6919642857142857,0.6115802171290712,0.6089385474860335,0.48148148148148145,0.2204724409448819,0.3185102834908282,0.4287380906085942,0.5438832772166106,0.8431449247017406,0.574585635359116,0.666354439865118
110,0.5783,0.6645359243160317,0.7698241283554459,0.7136150234741784,0.2977346278317152,0.6471698113207547,0.3248502994011976,0.8716312056737588,0.36705737199259714,0.672536887196573,0.625,0.6142943305186972,0.6284916201117319,0.4972095383054287,0.25196850393700787,0.28627015008337964,0.431265798172273,0.5221099887766555,0.8233913553686681,0.574585635359116,0.675346571749719,0.6645359243160317,0.7698241283554459,0.7136150234741784,0.2977346278317152,0.6471698113207547,0.6077844311377245,0.8716312056737588,0.36705737199259714,0.672536887196573,0.6875,0.6142943305186972,0.6284916201117319,0.4972095383054287,0.2283464566929134,0.28627015008337964,0.431265798172273,0.5221099887766555,0.8233913553686681,0.574585635359116,0.675346571749719
111,0.5867,0.6668371260547175,0.779389077445233,0.723943661971831,0.3268608414239482,0.6377358490566037,0.3158682634730539,0.8801418439716312,0.3504009870450339,0.6601618277010948,0.6071428571428571,0.5952955367913149,0.6229050279329609,0.4698122780314561,0.25196850393700787,0.3160088938299055,0.44701536068442543,0.5840628507295174,0.8235869352630549,0.5911602209944752,0.6470588235294118,0.6668371260547175,0.779389077445233,0.723943661971831,0.3268608414239482,0.6377358490566037,0.6691616766467066,0.8801418439716312,0.3504009870450339,0.6601618277010948,0.6875,0.5952955367913149,0.6229050279329609,0.4698122780314561,0.2204724409448819,0.3160088938299055,0.44701536068442543,0.5840628507295174,0.8235869352630549,0.5911602209944752,0.6470588235294118
112,0.5941,0.6849910508821273,0.7895711200246838,0.7222535211267606,0.3592233009708738,0.6408805031446541,0.3278443113772455,0.873758865248227,0.3405305367057372,0.6511185149928606,0.6339285714285714,0.6115802171290712,0.6312849162011173,0.46626078132927445,0.23622047244094488,0.3321289605336298,0.44740423877114527,0.5789001122334456,0.8141991003324858,0.6187845303867403,0.6517422255526414,0.6849910508821273,0.7895711200246838,0.7222535211267606,0.3592233009708738,0.6408805031446541,0.3278443113772455,0.873758865248227,0.3405305367057372,0.6511185149928606,0.6875,0.6115802171290712,0.6312849162011173,0.46626078132927445,0.2204724409448819,0.3321289605336298,0.44740423877114527,0.5789001122334456,0.8141991003324858,0.6187845303867403,0.6517422255526414
113,0.5839,0.6440807977499361,0.7688984881209503,0.7333333333333333,0.3365695792880259,0.6572327044025157,0.3383233532934132,0.8624113475177305,0.35471930906847626,0.675392670157068,0.6339285714285714,0.6167068757539204,0.6033519553072626,0.49213597158802636,0.25196850393700787,0.30989438576987216,0.4279603344351546,0.5759820426487093,0.8349305691374926,0.6077348066298343,0.6661671037841889,0.6440807977499361,0.7688984881209503,0.7333333333333333,0.3365695792880259,0.6572327044025157,0.3383233532934132,0.8624113475177305,0.35471930906847626,0.675392670157068,0.6919642857142857,0.6167068757539204,0.6033519553072626,0.49213597158802636,0.2047244094488189,0.30989438576987216,0.4279603344351546,0.5759820426487093,0.8349305691374926,0.6077348066298343,0.6661671037841889
114,0.6022,0.680644336486832,0.7726010490589325,0.7145539906103286,0.35275080906148865,0.640251572327044,0.32335329341317365,0.8709219858156029,0.3362122146822949,0.6411232746311281,0.6026785714285714,0.6100723763570567,0.6284916201117319,0.4627092846270928,0.2755905511811024,0.3246247915508616,0.44798755590122497,0.6267115600448934,0.8036377860355955,0.6298342541436464,0.6727238666167104,0.680644336486832,0.7726010490589325,0.7145539906103286,0.35275080906148865,0.640251572327044,0.32335329341317365,0.8709219858156029,0.3362122146822949,0.6411232746311281,0.6741071428571429,0.6100723763570567,0.6284916201117319,0.4627092846270928,0.2125984251968504,0.3246247915508616,0.44798755590122497,0.6267115600448934,0.8036377860355955,0.6298342541436464,0.6727238666167104
115,0.5906,0.6668371260547175,0.7886454797901882,0.7344600938967136,0.3300970873786408,0.6471698113207547,0.3278443113772455,0.8652482269503546,0.3473164713140037,0.6482627320323655,0.6160714285714286,0.6151990349819059,0.6340782122905028,0.4885844748858447,0.23622047244094488,0.30016675931072817,0.44857087303130466,0.6,0.8024643066692744,0.6132596685082873,0.6577369801423755,0.6668371260547175,0.7886454797901882,0.7344600938967136,0.3300970873786408,0.6471698113207547,0.3278443113772455,0.8652482269503546,0.3473164713140037,0.6482627320323655,0.6160714285714286,0.6151990349819059,0.6340782122905028,0.4885844748858447,0.23622047244094488,0.30016675931072817,0.44857087303130466,0.6,0.8024643066692744,0.6132596685082873,0.6577369801423755
116,0.5969,0.6543083610329838,0.763653193458809,0.7124882629107981,0.3656957928802589,0.6408805031446541,0.33083832335329344,0.8680851063829788,0.351634793337446,0.6715849595430747,0.6205357142857143,0.6049457177322075,0.6256983240223464,0.4880771182141045,0.2440944881889764,0.3507504168982768,0.42037721174411824,0.5901234567901235,0.8220222961079601,0.580110497237569,0.6637317347321094,0.6543083610329838,0.763653193458809,0.7124882629107981,0.3656957928802589,0.6408805031446541,0.33083832335329344,0.8680851063829788,0.351634793337446,0.6715849595430747,0.6205357142857143,0.6049457177322075,0.6256983240223464,0.4880771182141045,0.2440944881889764,0.3507504168982768,0.42037721174411824,0.5901234567901235,0.8220222961079601,0.580110497237569,0.6637317347321094
117,0.5994,0.6798772692406034,0.7827830916383832,0.7211267605633803,0.3592233009708738,0.6572327044025157,0.3338323353293413,0.8595744680851064,0.32017273288093767,0.6406473108043789,0.6116071428571429,0.6164053075995175,0.6452513966480447,0.4672754946727549,0.25196850393700787,0.3538076709282935,0.44565428738090607,0.5916947250280583,0.8065714844513984,0.6187845303867403,0.6624203821656051,0.6798772692406034,0.7827830916383832,0.7211267605633803,0.3592233009708738,0.6572327044025157,0.3338323353293413,0.8595744680851064,0.32017273288093767,0.6406473108043789,0.6116071428571429,0.6164053075995175,0.6452513966480447,0.4672754946727549,0.25196850393700787,0.3538076709282935,0.44565428738090607,0.5916947250280583,0.8065714844513984,0.6187845303867403,0.6624203821656051
118,0.5905,0.6678598823830223,0.7688984881209503,0.7008450704225352,0.3268608414239482,0.640251572327044,0.3383233532934132,0.8723404255319149,0.3596545342381246,0.6644455021418372,0.6071428571428571,0.6043425814234017,0.6340782122905028,0.4855403348554033,0.25196850393700787,0.3185102834908282,0.4378767256465098,0.591919191919192,0.8134167807549384,0.6022099447513812,0.6805919820157362,0.6678598823830223,0.7688984881209503,0.7008450704225352,0.3268608414239482,0.640251572327044,0.3383233532934132,0.8723404255319149,0.3596545342381246,0.6644455021418372,0.6071428571428571,0.6043425814234017,0.6340782122905028,0.4855403348554033,0.25196850393700787,0.3185102834908282,0.4378767256465098,0.591919191919192,0.8134167807549384,0.6022099447513812,0.6805919820157362
119,0.5841,0.6402454615187931,0.7707497685899414,0.7166197183098592,0.3592233009708738,0.6880503144654088,0.34880239520958084,0.8716312056737588,0.3621221468229488,0.6849119466920514,0.6473214285714286,0.6272617611580217,0.6256983240223464,0.4901065449010654,0.25984251968503935,0.33129516397998887,0.45070970250826364,0.561391694725028,0.8269117934676316,0.580110497237569,0.6727238666167104,0.6402454615187931,0.7707497685899414,0.7166197183098592,0.3592233009708738,0.6880503144654088,0.34880239520958084,0.8716312056737588,0.3621221468229488,0.6849119466920514,0.6473214285714286,0.6272617611580217,0.6256983240223464,0.4901065449010654,0.25984251968503935,0.33129516397998887,0.45070970250826364,0.561391694725028,0.8269117934676316,0.580110497237569,0.6727238666167104
120,0.5942,0.6724622858603938,0.7738352360382598,0.7295774647887324,0.3333333333333333,0.6484276729559748,0.3338323353293413,0.8702127659574468,0.3479333744602097,0.643979057591623,0.6026785714285714,0.6164053075995175,0.6312849162011173,0.4931506849315068,0.25196850393700787,0.32240133407448585,0.45032082442154386,0.5813692480359147,0.803051046352435,0.5966850828729282,0.6704758336455602,0.6724622858603938,0.7738352360382598,0.7295774647887324,0.3333333333333333,0.6484276729559748,0.3338323353293413,0.8702127659574468,0.3479333744602097,0.643979057591623,0.6026785714285714,0.6164053075995175,0.6312849162011173,0.4931506849315068,0.25196850393700787,0.32240133407448585,0.45032082442154386,0.5813692480359147,0.803051046352435,0.5966850828729282,0.6704758336455602
121,0.5912,0.6647916133981079,0.7880283863005245,0.716056338028169,0.3268608414239482,0.6742138364779874,0.3398203592814371,0.8645390070921986,0.351634793337446,0.6577820085673489,0.6473214285714286,0.6218335343787696,0.61731843575419,0.4657534246575342,0.25984251968503935,0.28793774319066145,0.46120941084969863,0.6074074074074074,0.8126344611773909,0.6408839779005525,0.681341326339453,0.6647916133981079,0.7880283863005245,0.716056338028169,0.3268608414239482,0.6742138364779874,0.3398203592814371,0.8645390070921986,0.351634793337446,0.6577820085673489,0.6473214285714286,0.6218335343787696,0.61731843575419,0.4657534246575342,0.25984251968503935,0.28793774319066145,0.46120941084969863,0.6074074074074074,0.8126344611773909,0.6408839779005525,0.681341326339453
122,0.5786,0.6571209409358221,0.7759950632520827,0.7231924882629108,0.37216828478964403,0.6584905660377358,0.344311377245509,0.8702127659574468,0.364589759407773,0.6620656830080914,0.6116071428571429,0.6224366706875754,0.61731843575419,0.4992389649923896,0.2440944881889764,0.3349082823790995,0.43651565234299045,0.518742985409652,0.8206532368472521,0.5359116022099447,0.6588609966279505,0.6571209409358221,0.7759950632520827,0.7231924882629108,0.37216828478964403,0.6584905660377358,0.344311377245509,0.8702127659574468,0.364589759407773,0.6620656830080914,0.6116071428571429,0.6224366706875754,0.61731843575419,0.4992389649923896,0.2440944881889764,0.3349082823790995,0.43651565234299045,0.518742985409652,0.8206532368472521,0.5359116022099447,0.6588609966279505
123,0.6027,0.6755305548453081,0.7639617402036408,0.7333333333333333,0.343042071197411,0.6465408805031446,0.3413173652694611,0.8624113475177305,0.33867982726711904,0.6339838172298905,0.6116071428571429,0.6139927623642943,0.6284916201117319,0.4687975646879756,0.2677165354330709,0.3176764869371873,0.44040443321018863,0.6255892255892256,0.8032466262468219,0.6187845303867403,0.664293742974897,0.6755305548453081,0.7639617402036408,0.7333333333333333,0.343042071197411,0.6465408805031446,0.3413173652694611,0.8624113475177305,0.33867982726711904,0.6339838172298905,0.6116071428571429,0.6139927623642943,0.6284916201117319,0.4687975646879756,0.2677165354330709,0.3176764869371873,0.44040443321018863,0.6255892255892256,0.8032466262468219,0.6187845303867403,0.664293742974897
124,0.5849,0.6678598823830223,0.7769207034865783,0.7089201877934272,0.37216828478964403,0.6773584905660377,0.3473053892215569,0.8609929078014185,0.36027143738433065,0.6496906235126131,0.6339285714285714,0.6414354644149578,0.61731843575419,0.5007610350076104,0.25984251968503935,0.3357420789327404,0.454209605288742,0.5701459034792368,0.8143946802268727,0.585635359116022,0.6530535781191458,0.6678598823830223,0.7769207034865783,0.7089201877934272,0.37216828478964403,0.6773584905660377,0.3473053892215569,0.8609929078014185,0.36027143738433065,0.6496906235126131,0.6339285714285714,0.6414354644149578,0.61731843575419,0.5007610350076104,0.25984251968503935,0.3357420789327404,0.454209605288742,0.5701459034792368,0.8143946802268727,0.585635359116022,0.6530535781191458
125,0.5889,0.6599335208386602,0.779389077445233,0.7301408450704225,0.36245954692556637,0.6559748427672956,0.344311377245509,0.8687943262411347,0.3571869216533004,0.675392670157068,0.6428571428571429,0.6094692400482509,0.611731843575419,0.4748858447488584,0.2755905511811024,0.3349082823790995,0.4528485319852226,0.5959595959595959,0.8312145511441423,0.574585635359116,0.6594230048707381,0.6599335208386602,0.779389077445233,0.7301408450704225,0.36245954692556637,0.6559748427672956,0.344311377245509,0.8687943262411347,0.3571869216533004,0.675392670157068,0.6428571428571429,0.6094692400482509,0.611731843575419,0.4748858447488584,0.2755905511811024,0.3349082823790995,0.4528485319852226,0.5959595959595959,0.8312145511441423,0.574585635359116,0.6594230048707381
126,0.5918,0.6768090002556891,0.7914224004936747,0.7216901408450704,0.34951456310679613,0.670440251572327,0.3413173652694611,0.8617021276595744,0.3504009870450339,0.6568300809138505,0.6294642857142857,0.6338962605548853,0.6201117318435754,0.4809741248097412,0.23622047244094488,0.3337965536409116,0.4631538012832977,0.5665544332210999,0.8118521415998435,0.5414364640883977,0.667291120269764,0.6768090002556891,0.7914224004936747,0.7216901408450704,0.34951456310679613,0.670440251572327,0.3413173652694611,0.8617021276595744,0.3504009870450339,0.6568300809138505,0.6294642857142857,0.6338962605548853,0.6201117318435754,0.4809741248097412,0.23622047244094488,0.3337965536409116,0.4631538012832977,0.5665544332210999,0.8118521415998435,0.5414364640883977,0.667291120269764
127,0.5894,0.64919457939146,0.7698241283554459,0.7213145539906103,0.4045307443365696,0.6396226415094339,0.3338323353293413,0.8638297872340426,0.36952498457742133,0.6910994764397905,0.6205357142857143,0.5928829915560917,0.6061452513966481,0.495687468290208,0.2755905511811024,0.36937187326292387,0.4433210188605872,0.5773288439955107,0.841384705652259,0.56353591160221,0.6575496440614462,0.64919457939146,0.7698241283554459,0.7213145539906103,0.4045307443365696,0.6396226415094339,0.3338323353293413,0.8638297872340426,0.36952498457742133,0.6910994764397905,0.6205357142857143,0.5928829915560917,0.6061452513966481,0.495687468290208,0.2755905511811024,0.36937187326292387,0.4433210188605872,0.5773288439955107,0.841384705652259,0.56353591160221,0.6575496440614462
128,0.594,0.6732293531066224,0.7648873804381364,0.6970892018779342,0.4174757281553398,0.6685534591194968,0.344311377245509,0.8659574468085106,0.3392967304133251,0.6577820085673489,0.6294642857142857,0.6338962605548853,0.6089385474860335,0.47691527143581935,0.28346456692913385,0.3624235686492496,0.4551818005055415,0.5937149270482603,0.8136123606493253,0.574585635359116,0.6682278006744099,0.6732293531066224,0.7648873804381364,0.6970892018779342,0.3883495145631068,0.6685534591194968,0.344311377245509,0.8659574468085106,0.3392967304133251,0.6577820085673489,0.6294642857142857,0.6338962605548853,0.6089385474860335,0.47691527143581935,0.28346456692913385,0.3624235686492496,0.4551818005055415,0.5937149270482603,0.8136123606493253,0.574585635359116,0.6682278006744099
129,0.582,0.6550754282792125,0.7741437827830916,0.7230046948356808,0.37540453074433655,0.6427672955974842,0.33532934131736525,0.8716312056737588,0.3744602097470697,0.6758686339838172,0.6116071428571429,0.6073582629674307,0.6089385474860335,0.5210553018772197,0.2677165354330709,0.33824346859366317,0.45887614232937973,0.5438832772166106,0.8308233913553686,0.5414364640883977,0.6824653428250281,0.6550754282792125,0.7741437827830916,0.7230046948356808,0.37540453074433655,0.6427672955974842,0.33532934131736525,0.8716312056737588,0.3744602097470697,0.6758686339838172,0.6116071428571429,0.6073582629674307,0.6089385474860335,0.5210553018772197,0.2677165354330709,0.33824346859366317,0.45887614232937973,0.5438832772166106,0.8308233913553686,0.5414364640883977,0.6824653428250281
130,0.5975,0.6913832779340322,0.792965134217834,0.7036619718309859,0.4174757281553398,0.650314465408805,0.33682634730538924,0.8638297872340426,0.3257248611967921,0.6368396001903855,0.6071428571428571,0.6239445114595898,0.6340782122905028,0.46017250126839165,0.2283464566929134,0.3596442468037799,0.47073692397433403,0.6069584736251403,0.8042245257187561,0.585635359116022,0.6515548894717123,0.6913832779340322,0.792965134217834,0.7036619718309859,0.4174757281553398,0.650314465408805,0.33682634730538924,0.8638297872340426,0.3257248611967921,0.6368396001903855,0.6071428571428571,0.6239445114595898,0.6340782122905028,0.46017250126839165,0.2283464566929134,0.3596442468037799,0.47073692397433403,0.6069584736251403,0.8042245257187561,0.585635359116022,0.6515548894717123
131,0.5851,0.6773203784198415,0.7741437827830916,0.7072300469483568,0.4045307443365696,0.6496855345911949,0.3398203592814371,0.8680851063829788,0.3429981492905614,0.6473108043788672,0.6116071428571429,0.6326899879372738,0.6201117318435754,0.5312024353120244,0.29133858267716534,0.34852695942190104,0.44176550651370794,0.5178451178451179,0.8053980050850773,0.5303867403314917,0.6641064068939678,0.6773203784198415,0.7741437827830916,0.7072300469483568,0.4045307443365696,0.6496855345911949,0.3398203592814371,0.8680851063829788,0.3429981492905614,0.6473108043788672,0.6116071428571429,0.6326899879372738,0.6201117318435754,0.5312024353120244,0.29133858267716534,0.34852695942190104,0.44176550651370794,0.5178451178451179,0.8053980050850773,0.5303867403314917,0.6641064068939678
132,0.5923,0.685758118128356,0.7790805307004011,0.7008450704225352,0.4110032362459547,0.6597484276729559,0.33532934131736525,0.8595744680851064,0.34361505243676743,0.6449309852451214,0.6116071428571429,0.6335946924004825,0.6312849162011173,0.49518011161846776,0.2677165354330709,0.3532518065591996,0.44759867781450513,0.5631874298540965,0.8093096029728144,0.56353591160221,0.6715998501311352,0.685758118128356,0.7790805307004011,0.7008450704225352,0.4110032362459547,0.6597484276729559,0.33532934131736525,0.8595744680851064,0.34361505243676743,0.6449309852451214,0.6116071428571429,0.6335946924004825,0.6312849162011173,0.49518011161846776,0.2677165354330709,0.3532518065591996,0.44759867781450513,0.5631874298540965,0.8093096029728144,0.56353591160221,0.6715998501311352
133,0.5889,0.6821784709792892,0.781240357914224,0.6987793427230047,0.37216828478964403,0.6515723270440251,0.33682634730538924,0.8695035460992908,0.3608883405305367,0.6644455021418372,0.6160714285714286,0.6296743063932448,0.61731843575419,0.49213597158802636,0.29133858267716534,0.34018899388549195,0.4654870698036166,0.5663299663299664,0.8145902601212596,0.569060773480663,0.6612963656800299,0.6821784709792892,0.781240357914224,0.6987793427230047,0.37216828478964403,0.6515723270440251,0.33682634730538924,0.8695035460992908,0.3608883405305367,0.6644455021418372,0.6160714285714286,0.6296743063932448,0.61731843575419,0.49213597158802636,0.29133858267716534,0.34018899388549195,0.4654870698036166,0.5663299663299664,0.8145902601212596,0.569060773480663,0.6612963656800299
134,0.5843,0.6512400920480695,0.7618019129898179,0.7162441314553991,0.3948220064724919,0.6446540880503144,0.33083832335329344,0.873758865248227,0.37816162862430597,0.6882436934792956,0.6071428571428571,0.6215319662243667,0.6229050279329609,0.504312531709792,0.25984251968503935,0.3529738743746526,0.44934862920474433,0.5824915824915825,0.8361040485038138,0.574585635359116,0.6667291120269764,0.6512400920480695,0.7618019129898179,0.7162441314553991,0.3948220064724919,0.6446540880503144,0.33083832335329344,0.873758865248227,0.37816162862430597,0.6882436934792956,0.6071428571428571,0.6215319662243667,0.6229050279329609,0.504312531709792,0.25984251968503935,0.3529738743746526,0.44934862920474433,0.5824915824915825,0.8361040485038138,0.574585635359116,0.6667291120269764
135,0.5919,0.6798772692406034,0.7840172786177105,0.712112676056338,0.3883495145631068,0.6452830188679245,0.3338323353293413,0.8666666666666667,0.34361505243676743,0.6492146596858639,0.6428571428571429,0.6254523522316043,0.6229050279329609,0.47691527143581935,0.2677165354330709,0.32795997776542524,0.4654870698036166,0.5869809203142536,0.818110698220223,0.569060773480663,0.6665417759460472,0.6798772692406034,0.7840172786177105,0.712112676056338,0.3883495145631068,0.6452830188679245,0.3338323353293413,0.8666666666666667,0.34361505243676743,0.6492146596858639,0.6428571428571429,0.6254523522316043,0.6229050279329609,0.47691527143581935,0.2677165354330709,0.32795997776542524,0.4654870698036166,0.5869809203142536,0.818110698220223,0.569060773480663,0.6665417759460472
136,0.5934,0.681922781897213,0.7877198395556927,0.6972769953051643,0.4077669902912621,0.6628930817610063,0.3323353293413174,0.8730496453900709,0.3565700185070944,0.6606377915278439,0.6205357142857143,0.6296743063932448,0.6312849162011173,0.4703196347031963,0.25196850393700787,0.3638132295719844,0.45965389850281935,0.5780022446689114,0.8157637394875806,0.574585635359116,0.6648557512176845,0.681922781897213,0.7877198395556927,0.6972769953051643,0.4077669902912621,0.6628930817610063,0.3323353293413174,0.8730496453900709,0.3565700185070944,0.6606377915278439,0.6205357142857143,0.6296743063932448,0.6312849162011173,0.4703196347031963,0.25196850393700787,0.3638132295719844,0.45965389850281935,0.5780022446689114,0.8157637394875806,0.574585635359116,0.6648557512176845
137,0.5814,0.6632574789056507,0.7846343721073743,0.7138028169014085,0.3786407766990291,0.6452830188679245,0.33532934131736525,0.8723404255319149,0.3571869216533004,0.6782484531175631,0.6071428571428571,0.6221351025331725,0.6145251396648045,0.510908168442415,0.25196850393700787,0.330183435241801,0.46198716702313825,0.549270482603816,0.8261294738900841,0.5580110497237569,0.6751592356687898,0.6632574789056507,0.7846343721073743,0.7138028169014085,0.3786407766990291,0.6452830188679245,0.33532934131736525,0.8723404255319149,0.3571869216533004,0.6782484531175631,0.6071428571428571,0.6221351025331725,0.6145251396648045,0.510908168442415,0.25196850393700787,0.330183435241801,0.46198716702313825,0.549270482603816,0.8261294738900841,0.5580110497237569,0.6751592356687898
138,0.5886,0.6566095627716696,0.7562480715828448,0.732018779342723,0.37216828478964403,0.6534591194968553,0.33682634730538924,0.8624113475177305,0.37199259716224553,0.6677772489290814,0.6205357142857143,0.6215319662243667,0.6201117318435754,0.48300355149670215,0.29133858267716534,0.33073929961089493,0.43671009138635036,0.6114478114478115,0.8288675924115001,0.6077348066298343,0.6832146871487449,0.6566095627716696,0.7562480715828448,0.732018779342723,0.37216828478964403,0.6534591194968553,0.33682634730538924,0.8624113475177305,0.37199259716224553,0.6677772489290814,0.6205357142857143,0.6215319662243667,0.6201117318435754,0.48300355149670215,0.29133858267716534,0.33073929961089493,0.43671009138635036,0.6114478114478115,0.8288675924115001,0.6077348066298343,0.6832146871487449
139,0.5851,0.7010994630529276,0.7960506016661524,0.7143661971830986,0.42071197411003236,0.6522012578616352,0.3323353293413174,0.849645390070922,0.3220234423195558,0.6249405045216564,0.6071428571428571,0.6405307599517491,0.6340782122905028,0.5078640284119736,0.28346456692913385,0.3574207893274041,0.4802644370989695,0.5351290684624018,0.797574809309603,0.5359116022099447,0.6449981266391908,0.7010994630529276,0.7960506016661524,0.7143661971830986,0.42071197411003236,0.6522012578616352,0.3323353293413174,0.849645390070922,0.3220234423195558,0.6249405045216564,0.6071428571428571,0.6405307599517491,0.6340782122905028,0.5078640284119736,0.28346456692913385,0.3574207893274041,0.4802644370989695,0.5351290684624018,0.797574809309603,0.5359116022099447,0.6449981266391908
140,0.5907,0.6537969828688315,0.7584078987966677,0.7138028169014085,0.36893203883495146,0.6452830188679245,0.3398203592814371,0.8687943262411347,0.37322640345465763,0.6839600190385531,0.5848214285714286,0.6142943305186972,0.6229050279329609,0.4561136478944698,0.2755905511811024,0.3368538076709283,0.4439043359906669,0.6170594837261504,0.837277527870135,0.6187845303867403,0.6884600974147621,0.6537969828688315,0.7584078987966677,0.7138028169014085,0.36893203883495146,0.6452830188679245,0.3398203592814371,0.8687943262411347,0.37322640345465763,0.6839600190385531,0.5848214285714286,0.6142943305186972,0.6229050279329609,0.4561136478944698,0.2755905511811024,0.3368538076709283,0.4439043359906669,0.6170594837261504,0.837277527870135,0.6187845303867403,0.6884600974147621
141,0.5876,0.6655586806443365,0.7661215674174637,0.7126760563380282,0.42394822006472493,0.6377358490566037,0.3398203592814371,0.8723404255319149,0.34114743985194323,0.6663493574488338,0.5803571428571429,0.6191194209891435,0.6368715083798883,0.5058346017250127,0.2992125984251969,0.38048916064480265,0.47093136301769395,0.5510662177328844,0.8269117934676316,0.5359116022099447,0.6541775946047209,0.6655586806443365,0.7661215674174637,0.7126760563380282,0.42394822006472493,0.6377358490566037,0.3398203592814371,0.8723404255319149,0.34114743985194323,0.6663493574488338,0.5803571428571429,0.6191194209891435,0.6368715083798883,0.5058346017250127,0.2992125984251969,0.38048916064480265,0.47093136301769395,0.5510662177328844,0.8269117934676316,0.5359116022099447,0.6541775946047209
142,0.594,0.6747634875990796,0.7874112928108609,0.708169014084507,0.36893203883495146,0.6515723270440251,0.3398203592814371,0.8617021276595744,0.3565700185070944,0.6644455021418372,0.6116071428571429,0.6224366706875754,0.6229050279329609,0.471841704718417,0.2755905511811024,0.3257365202890495,0.4586817032860198,0.6094276094276094,0.8231957754742812,0.580110497237569,0.6946421880854252,0.6747634875990796,0.7874112928108609,0.708169014084507,0.36893203883495146,0.6515723270440251,0.3398203592814371,0.8617021276595744,0.3565700185070944,0.6644455021418372,0.6116071428571429,0.6224366706875754,0.6229050279329609,0.471841704718417,0.2755905511811024,0.3257365202890495,0.4586817032860198,0.6094276094276094,0.8231957754742812,0.580110497237569,0.6946421880854252
143,0.5901,0.6826898491434416,0.7766121567417463,0.7136150234741784,0.4077669902912621,0.6333333333333333,0.3323353293413174,0.8680851063829788,0.32387415175817397,0.6506425511661114,0.5848214285714286,0.6402291917973462,0.6452513966480447,0.5200405885337392,0.29133858267716534,0.36548082267926624,0.4785144857087303,0.5241301907968574,0.801681987091727,0.5027624309392266,0.6759085799925065,0.6826898491434416,0.7766121567417463,0.7136150234741784,0.4077669902912621,0.6333333333333333,0.3323353293413174,0.8680851063829788,0.32387415175817397,0.6506425511661114,0.5848214285714286,0.6402291917973462,0.6452513966480447,0.5200405885337392,0.29133858267716534,0.36548082267926624,0.4785144857087303,0.5241301907968574,0.801681987091727,0.5027624309392266,0.6759085799925065
144,0.5912,0.6814114037330606,0.7834001851280469,0.7203755868544601,0.3948220064724919,0.630188679245283,0.3248502994011976,0.8730496453900709,0.3454657618753856,0.6701570680628273,0.5982142857142857,0.6070566948130277,0.6452513966480447,0.4622019279553526,0.2755905511811024,0.33435241801000554,0.4956251215244021,0.6080808080808081,0.8265206336788579,0.574585635359116,0.672349194454852,0.6814114037330606,0.7834001851280469,0.7203755868544601,0.3948220064724919,0.630188679245283,0.3248502994011976,0.8730496453900709,0.3454657618753856,0.6701570680628273,0.5982142857142857,0.6070566948130277,0.6452513966480447,0.4622019279553526,0.2755905511811024,0.33435241801000554,0.4956251215244021,0.6080808080808081,0.8265206336788579,0.574585635359116,0.672349194454852
145,0.587,0.6619790334952698,0.7614933662449861,0.7299530516431925,0.40129449838187703,0.6685534591194968,0.3413173652694611,0.8602836879432624,0.36273904996915485,0.6606377915278439,0.6160714285714286,0.6480699638118215,0.6368715083798883,0.510908168442415,0.29133858267716534,0.348804891606448,0.45634843476570097,0.5490460157126824,0.8141991003324858,0.5524861878453039,0.6706631697264893,0.6619790334952698,0.7614933662449861,0.7299530516431925,0.40129449838187703,0.6685534591194968,0.3413173652694611,0.8602836879432624,0.36273904996915485,0.6606377915278439,0.6160714285714286,0.6480699638118215,0.6368715083798883,0.510908168442415,0.29133858267716534,0.348804891606448,0.45634843476570097,0.5490460157126824,0.8141991003324858,0.5524861878453039,0.6706631697264893
146,0.5759,0.671439529532089,0.7892625732798519,0.7036619718309859,0.4110032362459547,0.6415094339622641,0.3263473053892216,0.8780141843971632,0.364589759407773,0.6768205616373155,0.5892857142857143,0.609167671893848,0.6256983240223464,0.5027904616945713,0.2677165354330709,0.36353529738743745,0.5004860976083998,0.5450056116722783,0.8349305691374926,0.5359116022099447,0.6569876358186587,0.671439529532089,0.7892625732798519,0.7036619718309859,0.4110032362459547,0.6415094339622641,0.3263473053892216,0.8780141843971632,0.364589759407773,0.6768205616373155,0.5892857142857143,0.609167671893848,0.6256983240223464,0.5027904616945713,0.2677165354330709,0.36353529738743745,0.5004860976083998,0.5450056116722783,0.8349305691374926,0.5359116022099447,0.6569876358186587
147,0.5962,0.6957299923293275,0.759950632520827,0.6933333333333334,0.3851132686084142,0.6547169811320754,0.3532934131736527,0.8524822695035461,0.3392967304133251,0.6235126130414088,0.6116071428571429,0.6468636911942099,0.6424581005586593,0.49974632166412986,0.29133858267716534,0.3557531962201223,0.4462376045109858,0.5750841750841751,0.785253275963231,0.5469613259668509,0.673285874859498,0.6957299923293275,0.759950632520827,0.6933333333333334,0.3851132686084142,0.6547169811320754,0.3532934131736527,0.8524822695035461,0.3392967304133251,0.6235126130414088,0.6116071428571429,0.6468636911942099,0.6424581005586593,0.49974632166412986,0.29133858267716534,0.3557531962201223,0.4462376045109858,0.5750841750841751,0.785253275963231,0.5469613259668509,0.673285874859498
148,0.5886,0.6737407312707747,0.7772292502314101,0.6984037558685446,0.3883495145631068,0.6339622641509434,0.3323353293413174,0.8773049645390071,0.35101789019123997,0.666825321275583,0.6071428571428571,0.6133896260554885,0.6145251396648045,0.48604769152714355,0.25196850393700787,0.3454697053918844,0.4878475597900058,0.6080808080808081,0.826325053784471,0.5966850828729282,0.6665417759460472,0.6737407312707747,0.7772292502314101,0.6984037558685446,0.3883495145631068,0.6339622641509434,0.3323353293413174,0.8773049645390071,0.35101789019123997,0.666825321275583,0.6071428571428571,0.6133896260554885,0.6145251396648045,0.48604769152714355,0.25196850393700787,0.3454697053918844,0.4878475597900058,0.6080808080808081,0.826325053784471,0.5966850828729282,0.6665417759460472
149,0.5804,0.6655586806443365,0.7630360999691453,0.72,0.37216828478964403,0.6339622641509434,0.33532934131736525,0.874468085106383,0.36273904996915485,0.661113755354593,0.6071428571428571,0.6076598311218335,0.6201117318435754,0.5159817351598174,0.28346456692913385,0.34296831573096165,0.46568150884697646,0.5508417508417508,0.8273029532564052,0.5469613259668509,0.6699138254027726,0.6655586806443365,0.7630360999691453,0.72,0.37216828478964403,0.6339622641509434,0.33532934131736525,0.874468085106383,0.36273904996915485,0.661113755354593,0.6071428571428571,0.6076598311218335,0.6201117318435754,0.5159817351598174,0.28346456692913385,0.34296831573096165,0.46568150884697646,0.5508417508417508,0.8273029532564052,0.5469613259668509,0.6699138254027726
150,0.5834,0.6578880081820506,0.7658130206726319,0.7102347417840376,0.4336569579288026,0.6377358490566037,0.3398203592814371,0.8645390070921986,0.36273904996915485,0.6882436934792956,0.6071428571428571,0.6076598311218335,0.6089385474860335,0.5053272450532724,0.25196850393700787,0.3779877709838799,0.4660703869336963,0.5732884399551066,0.8451007236456093,0.574585635359116,0.6772199325590109,0.6578880081820506,0.7658130206726319,0.7102347417840376,0.4336569579288026,0.6377358490566037,0.3398203592814371,0.8645390070921986,0.36273904996915485,0.6882436934792956,0.6071428571428571,0.6076598311218335,0.6089385474860335,0.5053272450532724,0.25196850393700787,0.3779877709838799,0.4660703869336963,0.5732884399551066,0.8451007236456093,0.574585635359116,0.6772199325590109
151,0.5917,0.692406034262337,0.7655044739278001,0.7267605633802817,0.41423948220064727,0.6433962264150943,0.3398203592814371,0.8645390070921986,0.32387415175817397,0.6368396001903855,0.59375,0.6329915560916767,0.6703910614525139,0.4977168949771689,0.2440944881889764,0.3576987215119511,0.47968111996888974,0.5591470258136925,0.7889692939565812,0.5469613259668509,0.6712251779692768,0.692406034262337,0.7655044739278001,0.7267605633802817,0.41423948220064727,0.6433962264150943,0.3398203592814371,0.8645390070921986,0.32387415175817397,0.6368396001903855,0.59375,0.6329915560916767,0.6703910614525139,0.4977168949771689,0.2440944881889764,0.3576987215119511,0.47968111996888974,0.5591470258136925,0.7889692939565812,0.5469613259668509,0.6712251779692768
152,0.5811,0.6798772692406034,0.7698241283554459,0.7047887323943662,0.3948220064724919,0.6339622641509434,0.3398203592814371,0.8581560283687943,0.3565700185070944,0.6601618277010948,0.6160714285714286,0.6251507840772015,0.6368715083798883,0.5038051750380518,0.2440944881889764,0.3707615341856587,0.4670425821504958,0.5508417508417508,0.8235869352630549,0.5303867403314917,0.6601723491944549,0.6798772692406034,0.7698241283554459,0.7047887323943662,0.3948220064724919,0.6339622641509434,0.3398203592814371,0.8581560283687943,0.3565700185070944,0.6601618277010948,0.6160714285714286,0.6251507840772015,0.6368715083798883,0.5038051750380518,0.2440944881889764,0.3707615341856587,0.4670425821504958,0.5508417508417508,0.8235869352630549,0.5303867403314917,0.6601723491944549
153,0.5894,0.6814114037330606,0.7747608762727554,0.7153051643192488,0.3948220064724919,0.6509433962264151,0.344311377245509,0.8730496453900709,0.3466995681677977,0.6658733936220848,0.6339285714285714,0.6281664656212304,0.6312849162011173,0.4895991882293252,0.2440944881889764,0.35436353529738746,0.46801477736729535,0.5750841750841751,0.822217876002347,0.5524861878453039,0.6802173098538778,0.6814114037330606,0.7747608762727554,0.7153051643192488,0.3948220064724919,0.6509433962264151,0.344311377245509,0.8730496453900709,0.3466995681677977,0.6658733936220848,0.6339285714285714,0.6281664656212304,0.6312849162011173,0.4895991882293252,0.2440944881889764,0.35436353529738746,0.46801477736729535,0.5750841750841751,0.822217876002347,0.5524861878453039,0.6802173098538778
154,0.5956,0.6901048325236513,0.7630360999691453,0.7288262910798122,0.3851132686084142,0.6477987421383647,0.3473053892215569,0.873758865248227,0.3466995681677977,0.6206568300809139,0.6428571428571429,0.6393244873341375,0.664804469273743,0.5027904616945713,0.2677165354330709,0.35547526403557533,0.46509819171689676,0.5566778900112234,0.7887737140621944,0.5303867403314917,0.6616710378418883,0.6901048325236513,0.7630360999691453,0.7288262910798122,0.3851132686084142,0.6477987421383647,0.3473053892215569,0.873758865248227,0.3466995681677977,0.6206568300809139,0.6428571428571429,0.6393244873341375,0.664804469273743,0.5027904616945713,0.2677165354330709,0.35547526403557533,0.46509819171689676,0.5566778900112234,0.7887737140621944,0.5303867403314917,0.6616710378418883
155,0.5863,0.6489388903093838,0.755939524838013,0.7175586854460094,0.4110032362459547,0.6490566037735849,0.3473053892215569,0.8595744680851064,0.3621221468229488,0.7039504997620181,0.625,0.6269601930036188,0.6061452513966481,0.5068493150684932,0.25196850393700787,0.3790994997220678,0.44740423877114527,0.5643097643097643,0.8476432622726384,0.5303867403314917,0.7047583364556014,0.6489388903093838,0.755939524838013,0.7175586854460094,0.4110032362459547,0.6490566037735849,0.3473053892215569,0.8595744680851064,0.3621221468229488,0.7039504997620181,0.625,0.6269601930036188,0.6061452513966481,0.5068493150684932,0.25196850393700787,0.3790994997220678,0.44740423877114527,0.5643097643097643,0.8476432622726384,0.5303867403314917,0.7047583364556014
156,0.5988,0.7092815136793659,0.7682813946312866,0.7143661971830986,0.3883495145631068,0.6477987421383647,0.3398203592814371,0.8709219858156029,0.3041332510795805,0.6149452641599239,0.6339285714285714,0.6341978287092883,0.6787709497206704,0.4865550481988838,0.25196850393700787,0.3596442468037799,0.48220882753256855,0.5800224466891134,0.7854488558576178,0.5580110497237569,0.6466841513675534,0.7092815136793659,0.7682813946312866,0.7143661971830986,0.3883495145631068,0.6477987421383647,0.3398203592814371,0.8709219858156029,0.3041332510795805,0.6149452641599239,0.6339285714285714,0.6341978287092883,0.6787709497206704,0.4865550481988838,0.25196850393700787,0.3596442468037799,0.48220882753256855,0.5800224466891134,0.7854488558576178,0.5580110497237569,0.6466841513675534
157,0.5852,0.6724622858603938,0.7701326751002777,0.7126760563380282,0.41423948220064727,0.6327044025157232,0.3383233532934132,0.8652482269503546,0.33806292412091304,0.6739647786768206,0.59375,0.6182147165259348,0.6201117318435754,0.5038051750380518,0.2677165354330709,0.3715953307392996,0.46859809449737505,0.5640852974186308,0.8284764326227264,0.5414364640883977,0.6781566129636568,0.6724622858603938,0.7701326751002777,0.7126760563380282,0.41423948220064727,0.6327044025157232,0.3383233532934132,0.8652482269503546,0.33806292412091304,0.6739647786768206,0.59375,0.6182147165259348,0.6201117318435754,0.5038051750380518,0.2677165354330709,0.3715953307392996,0.46859809449737505,0.5640852974186308,0.8284764326227264,0.5414364640883977,0.6781566129636568
158,0.5892,0.6814114037330606,0.7614933662449861,0.712112676056338,0.4077669902912621,0.6327044025157232,0.3323353293413174,0.8716312056737588,0.31770512029611353,0.646834840552118,0.6071428571428571,0.6287696019300362,0.659217877094972,0.5114155251141552,0.28346456692913385,0.3640911617565314,0.47773672953529067,0.5643097643097643,0.8036377860355955,0.5359116022099447,0.6871487448482577,0.6814114037330606,0.7614933662449861,0.712112676056338,0.4077669902912621,0.6327044025157232,0.3323353293413174,0.8716312056737588,0.31770512029611353,0.646834840552118,0.6071428571428571,0.6287696019300362,0.659217877094972,0.5114155251141552,0.28346456692913385,0.3640911617565314,0.47773672953529067,0.5643097643097643,0.8036377860355955,0.5359116022099447,0.6871487448482577
159,0.5914,0.6814114037330606,0.767664301141623,0.6910798122065728,0.44336569579288027,0.6522012578616352,0.3398203592814371,0.8652482269503546,0.3504009870450339,0.6634935744883389,0.6071428571428571,0.6305790108564535,0.6368715083798883,0.4895991882293252,0.25196850393700787,0.3816008893829905,0.46782033832393544,0.570594837261504,0.8273029532564052,0.56353591160221,0.6686024728362683,0.6814114037330606,0.767664301141623,0.6910798122065728,0.44336569579288027,0.6522012578616352,0.3398203592814371,0.8652482269503546,0.3504009870450339,0.6634935744883389,0.6071428571428571,0.6305790108564535,0.6368715083798883,0.4895991882293252,0.25196850393700787,0.3816008893829905,0.46782033832393544,0.570594837261504,0.8273029532564052,0.56353591160221,0.6686024728362683
160,0.5899,0.6921503451802608,0.7784634372107374,0.727887323943662,0.36893203883495146,0.6459119496855346,0.3458083832335329,0.8539007092198582,0.34484885872917953,0.6392194193241314,0.6428571428571429,0.6429433051869723,0.6368715083798883,0.5190258751902588,0.2677165354330709,0.33073929961089493,0.45634843476570097,0.5398428731762065,0.7983571288871504,0.5303867403314917,0.664293742974897,0.6921503451802608,0.7784634372107374,0.727887323943662,0.36893203883495146,0.6459119496855346,0.3458083832335329,0.8539007092198582,0.34484885872917953,0.6392194193241314,0.6428571428571429,0.6429433051869723,0.6368715083798883,0.5190258751902588,0.2677165354330709,0.33073929961089493,0.45634843476570097,0.5398428731762065,0.7983571288871504,0.5303867403314917,0.664293742974897
161,0.5752,0.6325747890565073,0.7414378278309164,0.7077934272300469,0.4563106796116505,0.6559748427672956,0.344311377245509,0.8829787234042553,0.3738433066008637,0.7177534507377439,0.6383928571428571,0.623642943305187,0.611731843575419,0.5225773718924404,0.2755905511811024,0.4110617009449694,0.475014582928252,0.531986531986532,0.8566399374144338,0.5359116022099447,0.6867740726863995,0.6325747890565073,0.7414378278309164,0.7077934272300469,0.4563106796116505,0.6559748427672956,0.344311377245509,0.8829787234042553,0.3738433066008637,0.7177534507377439,0.6383928571428571,0.623642943305187,0.611731843575419,0.5225773718924404,0.2755905511811024,0.4110617009449694,0.475014582928252,0.531986531986532,0.8566399374144338,0.5359116022099447,0.6867740726863995
162,0.6025,0.7010994630529276,0.7497685899413761,0.7059154929577465,0.4045307443365696,0.6679245283018868,0.34880239520958084,0.8638297872340426,0.2917951881554596,0.6120894811994289,0.6294642857142857,0.6625452352231604,0.659217877094972,0.5124302384576357,0.2755905511811024,0.3699277376320178,0.4757923391016916,0.5521885521885522,0.7662820262077058,0.5248618784530387,0.6790932933683027,0.7010994630529276,0.7497685899413761,0.7059154929577465,0.4045307443365696,0.6679245283018868,0.34880239520958084,0.8638297872340426,0.2917951881554596,0.6120894811994289,0.6294642857142857,0.6625452352231604,0.659217877094972,0.5124302384576357,0.2755905511811024,0.3699277376320178,0.4757923391016916,0.5521885521885522,0.7662820262077058,0.5248618784530387,0.6790932933683027
163,0.5873,0.6752748657632319,0.7707497685899414,0.7222535211267606,0.42394822006472493,0.6213836477987421,0.33682634730538924,0.8780141843971632,0.34484885872917953,0.6677772489290814,0.6160714285714286,0.6031363088057901,0.6508379888268156,0.49670218163368846,0.2677165354330709,0.3710394663702057,0.4930974139607233,0.557351290684624,0.8241736749462155,0.5303867403314917,0.6596103409516673,0.6752748657632319,0.7707497685899414,0.7222535211267606,0.42394822006472493,0.6213836477987421,0.33682634730538924,0.8780141843971632,0.34484885872917953,0.6677772489290814,0.6160714285714286,0.6031363088057901,0.6508379888268156,0.49670218163368846,0.2677165354330709,0.3710394663702057,0.4930974139607233,0.557351290684624,0.8241736749462155,0.5303867403314917,0.6596103409516673
164,0.5869,0.6722065967783175,0.7547053378586855,0.7175586854460094,0.39805825242718446,0.6327044025157232,0.3413173652694611,0.8787234042553191,0.34114743985194323,0.6739647786768206,0.6160714285714286,0.6287696019300362,0.6536312849162011,0.5190258751902588,0.2755905511811024,0.34130072262367983,0.47112580206105387,0.5445566778900113,0.8186974379033836,0.5193370165745856,0.6884600974147621,0.6722065967783175,0.7547053378586855,0.7175586854460094,0.39805825242718446,0.6327044025157232,0.3413173652694611,0.8787234042553191,0.34114743985194323,0.6739647786768206,0.6160714285714286,0.6287696019300362,0.6536312849162011,0.5190258751902588,0.2755905511811024,0.34130072262367983,0.47112580206105387,0.5445566778900113,0.8186974379033836,0.5193370165745856,0.6884600974147621
165,0.5921,0.6755305548453081,0.7633446467139772,0.6950234741784037,0.47572815533980584,0.6433962264150943,0.3413173652694611,0.8666666666666667,0.310919185687847,0.6720609233698239,0.5892857142857143,0.6194209891435465,0.6508379888268156,0.480466768138001,0.25984251968503935,0.4049471928849361,0.4794866809255299,0.5925925925925926,0.8226090357911207,0.585635359116022,0.6822780067440989,0.6755305548453081,0.7633446467139772,0.6950234741784037,0.47572815533980584,0.6433962264150943,0.3413173652694611,0.8666666666666667,0.310919185687847,0.6720609233698239,0.5892857142857143,0.6194209891435465,0.6508379888268156,0.480466768138001,0.25984251968503935,0.4049471928849361,0.4794866809255299,0.5925925925925926,0.8226090357911207,0.585635359116022,0.6822780067440989
166,0.5908,0.6860138072104321,0.7614933662449861,0.7113615023474178,0.47896440129449835,0.6371069182389937,0.33083832335329344,0.8695035460992908,0.3220234423195558,0.6630176106615897,0.6026785714285714,0.6275633293124246,0.659217877094972,0.5032978183663115,0.2440944881889764,0.4066147859922179,0.47637565623177136,0.5721661054994388,0.8106786622335224,0.5469613259668509,0.67740726863994,0.6860138072104321,0.7614933662449861,0.7113615023474178,0.47896440129449835,0.6371069182389937,0.33083832335329344,0.8695035460992908,0.3220234423195558,0.6630176106615897,0.6026785714285714,0.6275633293124246,0.659217877094972,0.5032978183663115,0.2440944881889764,0.4066147859922179,0.47637565623177136,0.5721661054994388,0.8106786622335224,0.5469613259668509,0.67740726863994
167,0.5847,0.658399386346203,0.7608762727553224,0.7224413145539906,0.4045307443365696,0.6377358490566037,0.344311377245509,0.8773049645390071,0.35903763109191855,0.6868158019990481,0.6160714285714286,0.6161037394451147,0.6229050279329609,0.5098934550989346,0.2677165354330709,0.35102834908282377,0.4787089247520902,0.5874298540965207,0.8294543320946607,0.5359116022099447,0.6671037841888348,0.658399386346203,0.7608762727553224,0.7224413145539906,0.4045307443365696,0.6377358490566037,0.344311377245509,0.8773049645390071,0.35903763109191855,0.6868158019990481,0.6160714285714286,0.6161037394451147,0.6229050279329609,0.5098934550989346,0.2677165354330709,0.35102834908282377,0.4787089247520902,0.5874298540965207,0.8294543320946607,0.5359116022099447,0.6671037841888348
168,0.5922,0.702889286627461,0.7815489046590558,0.6950234741784037,0.40129449838187703,0.660377358490566,0.3413173652694611,0.8709219858156029,0.31770512029611353,0.6515944788196097,0.6339285714285714,0.6525934861278649,0.664804469273743,0.5078640284119736,0.25196850393700787,0.3549193996664814,0.50009721952168,0.5508417508417508,0.7985527087815373,0.5469613259668509,0.6925814911952042,0.702889286627461,0.7815489046590558,0.6950234741784037,0.40129449838187703,0.660377358490566,0.3413173652694611,0.8709219858156029,0.31770512029611353,0.6515944788196097,0.6339285714285714,0.6525934861278649,0.664804469273743,0.5078640284119736,0.25196850393700787,0.3549193996664814,0.50009721952168,0.5508417508417508,0.7985527087815373,0.5469613259668509,0.6925814911952042
169,0.5801,0.6402454615187931,0.7352668929342795,0.7010328638497653,0.3883495145631068,0.6440251572327044,0.3532934131736527,0.8673758865248227,0.38433066008636646,0.7006187529747739,0.625,0.6182147165259348,0.61731843575419,0.4931506849315068,0.25984251968503935,0.37937743190661477,0.4547929224188217,0.5838383838383838,0.845491883434383,0.5469613259668509,0.683402023229674,0.6402454615187931,0.7352668929342795,0.7010328638497653,0.3883495145631068,0.6440251572327044,0.3532934131736527,0.8673758865248227,0.38433066008636646,0.7006187529747739,0.625,0.6182147165259348,0.61731843575419,0.4931506849315068,0.25984251968503935,0.37937743190661477,0.4547929224188217,0.5838383838383838,0.845491883434383,0.5469613259668509,0.683402023229674
170,0.5937,0.6944515469189466,0.7701326751002777,0.7295774647887324,0.3883495145631068,0.6616352201257861,0.34880239520958084,0.874468085106383,0.3158544108574954,0.6311280342693956,0.6205357142857143,0.635102533172497,0.6564245810055865,0.5012683916793506,0.2755905511811024,0.36464702612562533,0.48512541318296715,0.5741863075196408,0.790729513006063,0.569060773480663,0.6444361183964031,0.6944515469189466,0.7701326751002777,0.7295774647887324,0.3883495145631068,0.6616352201257861,0.34880239520958084,0.874468085106383,0.3158544108574954,0.6311280342693956,0.6205357142857143,0.635102533172497,0.6564245810055865,0.5012683916793506,0.2755905511811024,0.36464702612562533,0.48512541318296715,0.5741863075196408,0.790729513006063,0.569060773480663,0.6444361183964031
171,0.5966,0.6775760675019177,0.771366862079605,0.7308920187793427,0.44660194174757284,0.6553459119496855,0.33532934131736525,0.8659574468085106,0.3121529919802591,0.6501665873393622,0.625,0.6302774427020507,0.6508379888268156,0.4946727549467275,0.2755905511811024,0.40550305725403,0.493680731090803,0.6058361391694725,0.811265401916683,0.580110497237569,0.6652304233795429,0.6775760675019177,0.771366862079605,0.7308920187793427,0.44660194174757284,0.6553459119496855,0.33532934131736525,0.8659574468085106,0.3121529919802591,0.6501665873393622,0.625,0.6302774427020507,0.6508379888268156,0.4946727549467275,0.2755905511811024,0.40550305725403,0.493680731090803,0.6058361391694725,0.811265401916683,0.580110497237569,0.6652304233795429
172,0.5849,0.6760419330094605,0.7543967911138537,0.703849765258216,0.3883495145631068,0.6572327044025157,0.34281437125748504,0.8730496453900709,0.36027143738433065,0.6825321275583056,0.6205357142857143,0.6402291917973462,0.6452513966480447,0.5124302384576357,0.2440944881889764,0.3538076709282935,0.48531985222632706,0.5616161616161616,0.8145902601212596,0.574585635359116,0.6989509179467965,0.6760419330094605,0.7543967911138537,0.703849765258216,0.3883495145631068,0.6572327044025157,0.34281437125748504,0.8730496453900709,0.36027143738433065,0.6825321275583056,0.6205357142857143,0.6402291917973462,0.6452513966480447,0.5124302384576357,0.2440944881889764,0.3538076709282935,0.48531985222632706,0.5616161616161616,0.8145902601212596,0.574585635359116,0.6989509179467965
173,0.5927,0.7021222193812324,0.7695155816106141,0.7006572769953051,0.42718446601941745,0.6345911949685534,0.3218562874251497,0.8687943262411347,0.3016656384947563,0.6415992384578773,0.6026785714285714,0.6242460796139928,0.6703910614525139,0.4926433282597666,0.29133858267716534,0.36937187326292387,0.4890141940501653,0.5970819304152637,0.7987482886759241,0.569060773480663,0.6790932933683027,0.7021222193812324,0.7695155816106141,0.7006572769953051,0.42718446601941745,0.6345911949685534,0.3218562874251497,0.8687943262411347,0.3016656384947563,0.6415992384578773,0.6026785714285714,0.6242460796139928,0.6703910614525139,0.4926433282597666,0.29133858267716534,0.36937187326292387,0.4890141940501653,0.5970819304152637,0.7987482886759241,0.569060773480663,0.6790932933683027
174,0.5903,0.6878036307849655,0.7661215674174637,0.7107981220657277,0.3818770226537217,0.6352201257861635,0.3413173652694611,0.8702127659574468,0.3473164713140037,0.6554021894336031,0.6026785714285714,0.6197225572979493,0.664804469273743,0.5027904616945713,0.2755905511811024,0.3674263479710951,0.475014582928252,0.5892255892255892,0.8141991003324858,0.585635359116022,0.6624203821656051,0.6878036307849655,0.7661215674174637,0.7107981220657277,0.3818770226537217,0.6352201257861635,0.3413173652694611,0.8702127659574468,0.3473164713140037,0.6554021894336031,0.6026785714285714,0.6197225572979493,0.664804469273743,0.5027904616945713,0.2755905511811024,0.3674263479710951,0.475014582928252,0.5892255892255892,0.8141991003324858,0.585635359116022,0.6624203821656051
175,0.5801,0.6770646893377653,0.7664301141622956,0.7057276995305164,0.43042071197411,0.6553459119496855,0.3203592814371258,0.8659574468085106,0.3312769895126465,0.675392670157068,0.6160714285714286,0.6417370325693607,0.6284916201117319,0.5190258751902588,0.2677165354330709,0.3991106170094497,0.5010694147384794,0.5263748597081931,0.8175239585370624,0.5414364640883977,0.673285874859498,0.6770646893377653,0.7664301141622956,0.7057276995305164,0.43042071197411,0.6553459119496855,0.3203592814371258,0.8659574468085106,0.3312769895126465,0.675392670157068,0.6160714285714286,0.6417370325693607,0.6284916201117319,0.5190258751902588,0.2677165354330709,0.3991106170094497,0.5010694147384794,0.5263748597081931,0.8175239585370624,0.5414364640883977,0.673285874859498
176,0.5875,0.662234722577346,0.7525455106448627,0.7091079812206573,0.3948220064724919,0.630188679245283,0.33532934131736525,0.8730496453900709,0.3756940160394818,0.7039504997620181,0.6071428571428571,0.6076598311218335,0.6480446927374302,0.48604769152714355,0.2440944881889764,0.35102834908282377,0.47151468014777365,0.6080808080808081,0.8423626051241933,0.6022099447513812,0.7100037467216186,0.662234722577346,0.7525455106448627,0.7091079812206573,0.3948220064724919,0.630188679245283,0.33532934131736525,0.8730496453900709,0.3756940160394818,0.7039504997620181,0.6071428571428571,0.6076598311218335,0.6480446927374302,0.48604769152714355,0.2440944881889764,0.35102834908282377,0.47151468014777365,0.6080808080808081,0.8423626051241933,0.6022099447513812,0.7100037467216186
177,0.5938,0.7008437739708514,0.7738352360382598,0.695962441314554,0.40129449838187703,0.6314465408805031,0.3398203592814371,0.8638297872340426,0.31647131400370143,0.6358876725368872,0.59375,0.6227382388419783,0.6871508379888268,0.487062404870624,0.2677165354330709,0.37576431350750417,0.49115302352712426,0.5977553310886644,0.8059847447682378,0.585635359116022,0.6594230048707381,0.7008437739708514,0.7738352360382598,0.695962441314554,0.40129449838187703,0.6314465408805031,0.3398203592814371,0.8638297872340426,0.31647131400370143,0.6358876725368872,0.59375,0.6227382388419783,0.6871508379888268,0.487062404870624,0.2677165354330709,0.37576431350750417,0.49115302352712426,0.5977553310886644,0.8059847447682378,0.585635359116022,0.6594230048707381
178,0.5732,0.6637688570698032,0.7624190064794817,0.7166197183098592,0.343042071197411,0.6534591194968553,0.344311377245509,0.875886524822695,0.38433066008636646,0.6958591147072822,0.6339285714285714,0.6369119420989143,0.6061452513966481,0.5352612886859462,0.2440944881889764,0.32017787659811003,0.48434765700952753,0.5317620650953985,0.8366907881869744,0.5414364640883977,0.67740726863994,0.6637688570698032,0.7624190064794817,0.7166197183098592,0.343042071197411,0.6534591194968553,0.344311377245509,0.875886524822695,0.38433066008636646,0.6958591147072822,0.6339285714285714,0.6369119420989143,0.6061452513966481,0.5352612886859462,0.2440944881889764,0.32017787659811003,0.48434765700952753,0.5317620650953985,0.8366907881869744,0.5414364640883977,0.67740726863994
179,0.5946,0.6844796727179749,0.7621104597346497,0.7130516431924883,0.3818770226537217,0.6364779874213836,0.33682634730538924,0.875886524822695,0.35225169648365207,0.6534983341266064,0.6026785714285714,0.6085645355850422,0.6508379888268156,0.4728564180618975,0.2677165354330709,0.3376876042245692,0.46879253354073497,0.6316498316498317,0.8169372188539018,0.6077348066298343,0.6745972274260023,0.6844796727179749,0.7621104597346497,0.7130516431924883,0.3818770226537217,0.6364779874213836,0.33682634730538924,0.875886524822695,0.35225169648365207,0.6534983341266064,0.6026785714285714,0.6085645355850422,0.6508379888268156,0.4728564180618975,0.2677165354330709,0.3376876042245692,0.46879253354073497,0.6316498316498317,0.8169372188539018,0.6077348066298343,0.6745972274260023
180,0.5879,0.6860138072104321,0.7775377969762419,0.6957746478873239,0.4336569579288026,0.6572327044025157,0.3338323353293413,0.8673758865248227,0.33436150524367675,0.6687291765825797,0.6205357142857143,0.6429433051869723,0.6424581005586593,0.5002536783358701,0.2677165354330709,0.3765981100611451,0.5086525374295159,0.5643097643097643,0.8202620770584784,0.5524861878453039,0.6856500562008243,0.6860138072104321,0.7775377969762419,0.6957746478873239,0.4336569579288026,0.6572327044025157,0.3338323353293413,0.8673758865248227,0.33436150524367675,0.6687291765825797,0.6205357142857143,0.6429433051869723,0.6424581005586593,0.5002536783358701,0.2677165354330709,0.3765981100611451,0.5086525374295159,0.5643097643097643,0.8202620770584784,0.5524861878453039,0.6856500562008243
181,0.5822,0.67271797494247,0.7769207034865783,0.7021596244131455,0.39805825242718446,0.6408805031446541,0.3323353293413174,0.8716312056737588,0.36829117828500924,0.6887196573060448,0.6026785714285714,0.6269601930036188,0.6480446927374302,0.5038051750380518,0.25984251968503935,0.34018899388549195,0.5086525374295159,0.560942760942761,0.8292587522002738,0.5469613259668509,0.6832146871487449,0.67271797494247,0.7769207034865783,0.7021596244131455,0.39805825242718446,0.6408805031446541,0.3323353293413174,0.8716312056737588,0.36829117828500924,0.6887196573060448,0.6026785714285714,0.6269601930036188,0.6480446927374302,0.5038051750380518,0.25984251968503935,0.34018899388549195,0.5086525374295159,0.560942760942761,0.8292587522002738,0.5469613259668509,0.6832146871487449
182,0.5975,0.7018665302991562,0.7608762727553224,0.7130516431924883,0.41423948220064727,0.6471698113207547,0.3473053892215569,0.8581560283687943,0.3004318322023442,0.6258924321751547,0.6071428571428571,0.6338962605548853,0.6759776536312849,0.5124302384576357,0.2755905511811024,0.3765981100611451,0.48065331518568927,0.564983164983165,0.7795814590260122,0.5469613259668509,0.664293742974897,0.7018665302991562,0.7608762727553224,0.7130516431924883,0.41423948220064727,0.6471698113207547,0.3473053892215569,0.8581560283687943,0.3004318322023442,0.6258924321751547,0.6071428571428571,0.6338962605548853,0.6759776536312849,0.5124302384576357,0.2755905511811024,0.3765981100611451,0.48065331518568927,0.564983164983165,0.7795814590260122,0.5469613259668509,0.664293742974897
183,0.5898,0.6811557146509845,0.7553224313483493,0.72018779342723,0.42071197411003236,0.6264150943396226,0.3278443113772455,0.8730496453900709,0.32942628007402835,0.6634935744883389,0.5892857142857143,0.5989143546441495,0.6508379888268156,0.4764079147640791,0.2755905511811024,0.3860478043357421,0.4965973167412016,0.6051627384960718,0.8265206336788579,0.580110497237569,0.6706631697264893,0.6811557146509845,0.7553224313483493,0.72018779342723,0.42071197411003236,0.6264150943396226,0.3278443113772455,0.8730496453900709,0.32942628007402835,0.6634935744883389,0.5892857142857143,0.5989143546441495,0.6508379888268156,0.4764079147640791,0.2755905511811024,0.3860478043357421,0.4965973167412016,0.6051627384960718,0.8265206336788579,0.580110497237569,0.6706631697264893
184,0.5859,0.6844796727179749,0.7605677260104906,0.72,0.3851132686084142,0.6276729559748427,0.33532934131736525,0.8645390070921986,0.3312769895126465,0.658257972394098,0.6071428571428571,0.6182147165259348,0.6675977653631285,0.5169964485032978,0.25196850393700787,0.3638132295719844,0.4956251215244021,0.5634118967452301,0.8085272833952669,0.5248618784530387,0.6850880479580367,0.6844796727179749,0.7605677260104906,0.72,0.3851132686084142,0.6276729559748427,0.33532934131736525,0.8645390070921986,0.3312769895126465,0.658257972394098,0.6071428571428571,0.6182147165259348,0.6675977653631285,0.5169964485032978,0.25196850393700787,0.3638132295719844,0.4956251215244021,0.5634118967452301,0.8085272833952669,0.5248618784530387,0.6850880479580367
185,0.5822,0.662234722577346,0.7685899413761185,0.7049765258215962,0.4368932038834951,0.6452830188679245,0.3398203592814371,0.8858156028368794,0.3442319555829735,0.6801523084245598,0.6160714285714286,0.6269601930036188,0.6340782122905028,0.5053272450532724,0.25984251968503935,0.38299055030572543,0.5022360489986389,0.5712682379349046,0.8308233913553686,0.5469613259668509,0.6802173098538778,0.662234722577346,0.7685899413761185,0.7049765258215962,0.4368932038834951,0.6452830188679245,0.3398203592814371,0.8858156028368794,0.3442319555829735,0.6801523084245598,0.6160714285714286,0.6269601930036188,0.6340782122905028,0.5053272450532724,0.25984251968503935,0.38299055030572543,0.5022360489986389,0.5712682379349046,0.8308233913553686,0.5469613259668509,0.6802173098538778
186,0.5888,0.6865251853745845,0.7766121567417463,0.7053521126760564,0.4174757281553398,0.6509433962264151,0.3413173652694611,0.8773049645390071,0.32757557063541026,0.6544502617801047,0.6205357142857143,0.620627261761158,0.6536312849162011,0.4972095383054287,0.25984251968503935,0.37687604224569204,0.512541318296714,0.569023569023569,0.8165460590651281,0.56353591160221,0.6757212439115774,0.6865251853745845,0.7766121567417463,0.7053521126760564,0.4174757281553398,0.6509433962264151,0.3413173652694611,0.8773049645390071,0.32757557063541026,0.6544502617801047,0.6205357142857143,0.620627261761158,0.6536312849162011,0.4972095383054287,0.25984251968503935,0.37687604224569204,0.512541318296714,0.569023569023569,0.8165460590651281,0.56353591160221,0.6757212439115774
187,0.5787,0.6750191766811557,0.7664301141622956,0.7106103286384976,0.4077669902912621,0.630817610062893,0.3218562874251497,0.8709219858156029,0.3701418877236274,0.6972870061875297,0.625,0.6100723763570567,0.6201117318435754,0.5088787417554541,0.25984251968503935,0.358532518065592,0.48512541318296715,0.5432098765432098,0.8484255818501858,0.5414364640883977,0.6970775571375046,0.6750191766811557,0.7664301141622956,0.7106103286384976,0.4077669902912621,0.630817610062893,0.3218562874251497,0.8709219858156029,0.3701418877236274,0.6972870061875297,0.625,0.6100723763570567,0.6201117318435754,0.5088787417554541,0.25984251968503935,0.358532518065592,0.48512541318296715,0.5432098765432098,0.8484255818501858,0.5414364640883977,0.6970775571375046
188,0.588,0.6872922526208131,0.7614933662449861,0.6991549295774648,0.4077669902912621,0.6477987421383647,0.3383233532934132,0.875177304964539,0.3300431832202344,0.6601618277010948,0.6294642857142857,0.6354041013268998,0.664804469273743,0.5230847285641806,0.2755905511811024,0.3529738743746526,0.4901808283103247,0.567003367003367,0.8095051828672013,0.56353591160221,0.6736605470213564,0.6872922526208131,0.7614933662449861,0.6991549295774648,0.4077669902912621,0.6477987421383647,0.3383233532934132,0.875177304964539,0.3300431832202344,0.6601618277010948,0.6294642857142857,0.6354041013268998,0.664804469273743,0.5230847285641806,0.2755905511811024,0.3529738743746526,0.4901808283103247,0.567003367003367,0.8095051828672013,0.56353591160221,0.6736605470213564
189,0.5843,0.6888263871132703,0.7590249922863314,0.716056338028169,0.3851132686084142,0.6452830188679245,0.3413173652694611,0.8695035460992908,0.3312769895126465,0.6477867682056164,0.6294642857142857,0.6357056694813028,0.6564245810055865,0.5312024353120244,0.28346456692913385,0.3471372984991662,0.4901808283103247,0.5438832772166106,0.801681987091727,0.5414364640883977,0.6751592356687898,0.6888263871132703,0.7590249922863314,0.716056338028169,0.3851132686084142,0.6452830188679245,0.3413173652694611,0.8695035460992908,0.3312769895126465,0.6477867682056164,0.6294642857142857,0.6357056694813028,0.6564245810055865,0.5312024353120244,0.28346456692913385,0.3471372984991662,0.4901808283103247,0.5438832772166106,0.801681987091727,0.5414364640883977,0.6751592356687898
190,0.5977,0.6880593198670417,0.7510027769207035,0.6978403755868544,0.40129449838187703,0.6559748427672956,0.34880239520958084,0.8695035460992908,0.3170882171499075,0.6511185149928606,0.6428571428571429,0.6426417370325693,0.664804469273743,0.48300355149670215,0.28346456692913385,0.3649249583101723,0.4960139996111219,0.6255892255892256,0.8069626442401721,0.5911602209944752,0.6927688272761334,0.6880593198670417,0.7510027769207035,0.6978403755868544,0.40129449838187703,0.6559748427672956,0.34880239520958084,0.8695035460992908,0.3170882171499075,0.6511185149928606,0.6428571428571429,0.6426417370325693,0.664804469273743,0.48300355149670215,0.28346456692913385,0.3649249583101723,0.4960139996111219,0.6255892255892256,0.8069626442401721,0.5911602209944752,0.6927688272761334
191,0.5798,0.6849910508821273,0.7655044739278001,0.7168075117370892,0.34951456310679613,0.6471698113207547,0.36077844311377244,0.8687943262411347,0.3541024059222702,0.6587339362208472,0.6383928571428571,0.6468636911942099,0.6787709497206704,0.54337899543379,0.2677165354330709,0.311561978877154,0.5049581956056777,0.5429854096520763,0.7987482886759241,0.5414364640883977,0.6785312851255152,0.6849910508821273,0.7655044739278001,0.7168075117370892,0.34951456310679613,0.6471698113207547,0.36077844311377244,0.8687943262411347,0.3541024059222702,0.6587339362208472,0.6383928571428571,0.6468636911942099,0.6787709497206704,0.54337899543379,0.2677165354330709,0.311561978877154,0.5049581956056777,0.5429854096520763,0.7987482886759241,0.5414364640883977,0.6785312851255152
192,0.5827,0.6522628483763744,0.7473002159827213,0.7025352112676057,0.44660194174757284,0.6584905660377358,0.3532934131736527,0.8765957446808511,0.3541024059222702,0.6982389338410281,0.6383928571428571,0.6366103739445115,0.6424581005586593,0.5012683916793506,0.25196850393700787,0.38549193996664816,0.4981528290880809,0.580695847362514,0.8433405045961275,0.56353591160221,0.6910828025477707,0.6522628483763744,0.7473002159827213,0.7025352112676057,0.44660194174757284,0.6584905660377358,0.3532934131736527,0.8765957446808511,0.3541024059222702,0.6982389338410281,0.6383928571428571,0.6366103739445115,0.6424581005586593,0.5012683916793506,0.25196850393700787,0.38549193996664816,0.4981528290880809,0.580695847362514,0.8433405045961275,0.56353591160221,0.6910828025477707
193,0.5917,0.7149066734850422,0.7809318111693921,0.6965258215962441,0.4174757281553398,0.6364779874213836,0.33682634730538924,0.8659574468085106,0.310919185687847,0.643979057591623,0.6026785714285714,0.626658624849216,0.6955307262569832,0.5017757483510908,0.2677165354330709,0.3727070594774875,0.5232354656815088,0.5854096520763188,0.7954234304713476,0.5414364640883977,0.6678531285125515,0.7149066734850422,0.7809318111693921,0.6965258215962441,0.4174757281553398,0.6364779874213836,0.33682634730538924,0.8659574468085106,0.310919185687847,0.643979057591623,0.6026785714285714,0.626658624849216,0.6955307262569832,0.5017757483510908,0.2677165354330709,0.3727070594774875,0.5232354656815088,0.5854096520763188,0.7954234304713476,0.5414364640883977,0.6678531285125515
194,0.58,0.6619790334952698,0.7614933662449861,0.7376525821596244,0.40129449838187703,0.6534591194968553,0.3502994011976048,0.8680851063829788,0.3750771128932758,0.6910994764397905,0.6428571428571429,0.6272617611580217,0.6368715083798883,0.5154743784880771,0.28346456692913385,0.3657587548638132,0.49698619482792145,0.5375982042648709,0.8374731077645218,0.5524861878453039,0.6770325964780817,0.6619790334952698,0.7614933662449861,0.7376525821596244,0.40129449838187703,0.6534591194968553,0.3502994011976048,0.8680851063829788,0.3750771128932758,0.6910994764397905,0.6428571428571429,0.6272617611580217,0.6368715083798883,0.5154743784880771,0.25984251968503935,0.3657587548638132,0.49698619482792145,0.5375982042648709,0.8374731077645218,0.5524861878453039,0.6770325964780817
195,0.5971,0.7233444131935567,0.7914224004936747,0.7049765258215962,0.41423948220064727,0.6245283018867924,0.3323353293413174,0.8624113475177305,0.3078346699568168,0.6135173726796763,0.6071428571428571,0.6221351025331725,0.6927374301675978,0.4946727549467275,0.25984251968503935,0.37131739855475265,0.5008749756951196,0.5845117845117845,0.7858400156463915,0.56353591160221,0.6408767328587486,0.7233444131935567,0.7914224004936747,0.7049765258215962,0.41423948220064727,0.6245283018867924,0.3323353293413174,0.8624113475177305,0.3078346699568168,0.6135173726796763,0.6071428571428571,0.6221351025331725,0.6927374301675978,0.4946727549467275,0.2440944881889764,0.37131739855475265,0.5008749756951196,0.5845117845117845,0.7858400156463915,0.56353591160221,0.6408767328587486
196,0.592,0.6867808744566607,0.7630360999691453,0.6989671361502348,0.4336569579288026,0.6333333333333333,0.34281437125748504,0.873758865248227,0.33867982726711904,0.6687291765825797,0.6294642857142857,0.6278648974668275,0.6787709497206704,0.517503805175038,0.2677165354330709,0.37937743190661477,0.49095858448376434,0.5874298540965207,0.8130256209661647,0.56353591160221,0.6826526789059573,0.6867808744566607,0.7630360999691453,0.6989671361502348,0.4336569579288026,0.6333333333333333,0.34281437125748504,0.873758865248227,0.33867982726711904,0.6687291765825797,0.6294642857142857,0.6278648974668275,0.6787709497206704,0.517503805175038,0.23622047244094488,0.37937743190661477,0.49095858448376434,0.5874298540965207,0.8130256209661647,0.56353591160221,0.6826526789059573
197,0.5874,0.6696497059575556,0.7568651650725085,0.7132394366197183,0.41423948220064727,0.6452830188679245,0.3413173652694611,0.8730496453900709,0.3553362122146823,0.6801523084245598,0.6294642857142857,0.6363088057901085,0.6675977653631285,0.5124302384576357,0.25196850393700787,0.38549193996664816,0.4894030721368851,0.5571268237934904,0.8333659299823978,0.56353591160221,0.6749718995878606,0.6696497059575556,0.7568651650725085,0.7132394366197183,0.41423948220064727,0.6452830188679245,0.3413173652694611,0.8730496453900709,0.3553362122146823,0.6801523084245598,0.6294642857142857,0.6363088057901085,0.6675977653631285,0.5124302384576357,0.25196850393700787,0.38549193996664816,0.4894030721368851,0.5571268237934904,0.8333659299823978,0.56353591160221,0.6749718995878606
198,0.5888,0.6709281513679366,0.7630360999691453,0.7128638497652582,0.4077669902912621,0.6628930817610063,0.3562874251497006,0.8723404255319149,0.36273904996915485,0.6739647786768206,0.6383928571428571,0.6338962605548853,0.6508379888268156,0.4865550481988838,0.2677165354330709,0.34574763757643134,0.5006805366517597,0.6078563411896746,0.8353217289262663,0.6077348066298343,0.6745972274260023,0.6709281513679366,0.7630360999691453,0.7128638497652582,0.4077669902912621,0.6628930817610063,0.3562874251497006,0.8723404255319149,0.36273904996915485,0.6739647786768206,0.6383928571428571,0.6338962605548853,0.6508379888268156,0.4865550481988838,0.2677165354330709,0.34574763757643134,0.5006805366517597,0.6078563411896746,0.8353217289262663,0.6077348066298343,0.6745972274260023
199,0.5967,0.6962413704934799,0.7639617402036408,0.7046009389671362,0.4336569579288026,0.6534591194968553,0.3473053892215569,0.8886524822695036,0.33189389265885255,0.6558781532603523,0.6294642857142857,0.6393244873341375,0.6843575418994413,0.4961948249619482,0.2677165354330709,0.3752084491384102,0.5034026832587983,0.5809203142536475,0.8012908273029532,0.56353591160221,0.6790932933683027,0.6962413704934799,0.7639617402036408,0.7046009389671362,0.4336569579288026,0.6534591194968553,0.3473053892215569,0.8886524822695036,0.33189389265885255,0.6558781532603523,0.6294642857142857,0.6393244873341375,0.6843575418994413,0.4961948249619482,0.2755905511811024,0.3752084491384102,0.5034026832587983,0.5809203142536475,0.8012908273029532,0.56353591160221,0.6790932933683027
