round,global_acc,local_c00,local_c01,local_c02,local_c03,local_c04,local_c05,local_c06,local_c07,local_c08,local_c09,local_c10,local_c11,local_c12,local_c13,local_c14,local_c15,local_c16,local_c17,local_c18,local_c19,hybrid_c00,hybrid_c01,hybrid_c02,hybrid_c03,hybrid_c04,hybrid_c05,hybrid_c06,hybrid_c07,hybrid_c08,hybrid_c09,hybrid_c10,hybrid_c11,hybrid_c12,hybrid_c13,hybrid_c14,hybrid_c15,hybrid_c16,hybrid_c17,hybrid_c18,hybrid_c19
0,0.1909,0.4354385067757607,0.23387843258253627,0.031737089201877934,0.02912621359223301,0.012578616352201259,0.03592814371257485,0.17304964539007092,0.26711906230721777,0.37077582103760115,0.049107142857142856,0.10253317249698432,0.2849162011173184,0.0035514967021816335,0.08661417322834646,0.03196220122290161,0.15224577095080694,0.04242424242424243,0.6772931742616859,0.06629834254143646,0.09385537654552267,0.4354385067757607,0.23387843258253627,0.031737089201877934,0.02912621359223301,0.012578616352201259,0.03592814371257485,0.17304964539007092,0.26711906230721777,0.37077582103760115,0.049107142857142856,0.10253317249698432,0.2849162011173184,0.0035514967021816335,0.08661417322834646,0.03196220122290161,0.15224577095080694,0.04242424242424243,0.6772931742616859,0.06629834254143646,0.09385537654552267
1,0.2134,0.4814625415494758,0.27923480407281703,0.03305164319248826,0.032362459546925564,0.011320754716981131,0.05089820359281437,0.26099290780141843,0.27390499691548426,0.41980009519276534,0.049107142857142856,0.10464414957780459,0.3547486033519553,0.04667681380010147,0.08661417322834646,0.03196220122290161,0.06435932335212911,0.024915824915824916,0.7686289849403481,0.0718232044198895,0.15099288122892468,0.4814625415494758,0.27923480407281703,0.03305164319248826,0.032362459546925564,0.011320754716981131,0.05089820359281437,0.26099290780141843,0.27390499691548426,0.41980009519276534,0.049107142857142856,0.10464414957780459,0.3547486033519553,0.04667681380010147,0.08661417322834646,0.03196220122290161,0.06435932335212911,0.024915824915824916,0.7686289849403481,0.0718232044198895,0.15099288122892468
2,0.2951,0.4663768857069803,0.2730638691761802,0.19962441314553991,0.045307443365695796,0.042767295597484274,0.09880239520958084,0.4553191489361702,0.28439235040098704,0.5283198476915755,0.12053571428571429,0.14173703256936068,0.5111731843575419,0.24403855910705224,0.10236220472440945,0.032795997776542525,0.2529651954112386,0.16902356902356902,0.7741052219831801,0.18232044198895028,0.2849381790932934,0.4663768857069803,0.2730638691761802,0.19962441314553991,0.045307443365695796,0.042767295597484274,0.09880239520958084,0.4553191489361702,0.28439235040098704,0.5283198476915755,0.12053571428571429,0.14173703256936068,0.5111731843575419,0.24403855910705224,0.10236220472440945,0.032795997776542525,0.2529651954112386,0.16902356902356902,0.7741052219831801,0.18232044198895028,0.2849381790932934
3,0.3759,0.5622602914855536,0.42394322739895096,0.30140845070422534,0.13268608414239483,0.1559748427672956,0.25,0.5347517730496454,0.3121529919802591,0.5364112327463113,0.21875,0.24909529553679133,0.5446927374301676,0.3830542871638762,0.25984251968503935,0.07670928293496387,0.3217966167606455,0.3196408529741863,0.7604146293761002,0.35359116022099446,0.3089171974522293,0.5622602914855536,0.42394322739895096,0.30140845070422534,0.13268608414239483,0.1559748427672956,0.25,0.5347517730496454,0.3121529919802591,0.5364112327463113,0.21875,0.24909529553679133,0.5446927374301676,0.3830542871638762,0.25984251968503935,0.07670928293496387,0.3217966167606455,0.3196408529741863,0.7604146293761002,0.35359116022099446,0.3089171974522293
4,0.4235,0.5502429046279724,0.4131440913298365,0.435868544600939,0.18770226537216828,0.23962264150943396,0.27994011976047906,0.6390070921985815,0.3621221468229488,0.5683008091385054,0.30357142857142855,0.32147165259348615,0.6759776536312849,0.46626078132927445,0.25984251968503935,0.1461923290717065,0.45887614232937973,0.3658810325476992,0.753764912966947,0.4143646408839779,0.2974896965155489,0.5502429046279724,0.4131440913298365,0.435868544600939,0.18770226537216828,0.23962264150943396,0.27994011976047906,0.6390070921985815,0.3621221468229488,0.5683008091385054,0.30357142857142855,0.32147165259348615,0.6759776536312849,0.46626078132927445,0.25984251968503935,0.1461923290717065,0.45887614232937973,0.3658810325476992,0.753764912966947,0.4143646408839779,0.2974896965155489
5,0.446,0.5885962669394017,0.4649799444615859,0.41539906103286384,0.16181229773462782,0.26666666666666666,0.3203592814371258,0.5617021276595745,0.3553362122146823,0.5649690623512613,0.3169642857142857,0.3618817852834741,0.6033519553072626,0.5114155251141552,0.3228346456692913,0.13424124513618677,0.4131829671398017,0.48574635241301906,0.7698024643066693,0.4530386740331492,0.373735481453728,0.5885962669394017,0.4649799444615859,0.41539906103286384,0.16181229773462782,0.26666666666666666,0.3203592814371258,0.5617021276595745,0.3553362122146823,0.5649690623512613,0.3169642857142857,0.3618817852834741,0.6033519553072626,0.5114155251141552,0.3228346456692913,0.13424124513618677,0.4131829671398017,0.48574635241301906,0.7698024643066693,0.4530386740331492,0.373735481453728
6,0.4815,0.5829711071337254,0.46066029003394016,0.5641314553990611,0.2524271844660194,0.3641509433962264,0.3712574850299401,0.6808510638297872,0.4083898827884022,0.5730604474059972,0.4017857142857143,0.43455971049457176,0.7122905027932961,0.5677321156773212,0.31496062992125984,0.20705947748749307,0.49251409683064357,0.479685746352413,0.753764912966947,0.5303867403314917,0.3115399025852379,0.5829711071337254,0.46066029003394016,0.5641314553990611,0.2524271844660194,0.3641509433962264,0.3712574850299401,0.6808510638297872,0.4083898827884022,0.5730604474059972,0.4017857142857143,0.43455971049457176,0.7122905027932961,0.5677321156773212,0.31496062992125984,0.20705947748749307,0.49251409683064357,0.479685746352413,0.753764912966947,0.5303867403314917,0.3115399025852379
7,0.5087,0.6116082843262592,0.5087935822277075,0.5466666666666666,0.2912621359223301,0.3905660377358491,0.4101796407185629,0.6361702127659574,0.4342998149290561,0.5792479771537363,0.4107142857142857,0.4737635705669481,0.6871508379888268,0.595636732623034,0.3858267716535433,0.24207893274041134,0.44798755590122497,0.5528619528619528,0.7735184823000195,0.5414364640883977,0.36568002997377297,0.6116082843262592,0.5087935822277075,0.5466666666666666,0.2912621359223301,0.3905660377358491,0.4101796407185629,0.6361702127659574,0.4342998149290561,0.5792479771537363,0.4107142857142857,0.4737635705669481,0.6871508379888268,0.595636732623034,0.3858267716535433,0.24207893274041134,0.44798755590122497,0.5528619528619528,0.7735184823000195,0.5414364640883977,0.36568002997377297
8,0.5162,0.6144208642290974,0.5112619561863623,0.5558685446009389,0.2783171521035599,0.39119496855345914,0.41916167664670656,0.6872340425531915,0.4380012338062924,0.5887672536887196,0.4330357142857143,0.4761761158021713,0.7178770949720671,0.6073059360730594,0.3937007874015748,0.22957198443579765,0.5275131246354268,0.5501683501683502,0.7840797965969099,0.5524861878453039,0.3516298239040839,0.6144208642290974,0.5112619561863623,0.5558685446009389,0.2783171521035599,0.39119496855345914,0.41916167664670656,0.6872340425531915,0.4380012338062924,0.5887672536887196,0.4330357142857143,0.4761761158021713,0.7178770949720671,0.6073059360730594,0.3937007874015748,0.22957198443579765,0.5275131246354268,0.5501683501683502,0.7840797965969099,0.5524861878453039,0.3516298239040839
9,0.547,0.6116082843262592,0.505708114779389,0.6272300469483568,0.3656957928802589,0.45157232704402517,0.45808383233532934,0.6971631205673758,0.4713140037014189,0.6087577344121847,0.4642857142857143,0.5319662243667069,0.7122905027932961,0.624048706240487,0.36220472440944884,0.31739855475264034,0.5156523429904725,0.5793490460157127,0.7789947193428516,0.580110497237569,0.43424503559385536,0.6116082843262592,0.505708114779389,0.6272300469483568,0.3656957928802589,0.45157232704402517,0.45808383233532934,0.6971631205673758,0.4713140037014189,0.6087577344121847,0.4642857142857143,0.5319662243667069,0.7122905027932961,0.624048706240487,0.36220472440944884,0.31739855475264034,0.5156523429904725,0.5793490460157127,0.7789947193428516,0.580110497237569,0.43424503559385536
10,0.5507,0.6476604448990028,0.5479790188213515,0.647887323943662,0.32362459546925565,0.4509433962264151,0.4865269461077844,0.7035460992907802,0.4688463911165947,0.6192289386006663,0.48214285714285715,0.5398069963811821,0.7597765363128491,0.6519533231861999,0.4409448818897638,0.28904947192884933,0.502041609955279,0.5916947250280583,0.7887737140621944,0.5966850828729282,0.39434245035593857,0.6476604448990028,0.5479790188213515,0.647887323943662,0.32362459546925565,0.4509433962264151,0.4865269461077844,0.7035460992907802,0.4688463911165947,0.6192289386006663,0.48214285714285715,0.5398069963811821,0.7597765363128491,0.6519533231861999,0.4409448818897638,0.28904947192884933,0.502041609955279,0.5916947250280583,0.7887737140621944,0.5966850828729282,0.39434245035593857
11,0.5757,0.645359243160317,0.5535328602283246,0.6229107981220657,0.37540453074433655,0.4880503144654088,0.48502994011976047,0.7304964539007093,0.5212831585441086,0.646834840552118,0.5044642857142857,0.5720747889022919,0.770949720670391,0.6468797564687976,0.4330708661417323,0.34852695942190104,0.5210966362045498,0.5860830527497194,0.7973792294152161,0.6022099447513812,0.4559760209816411,0.645359243160317,0.5535328602283246,0.6229107981220657,0.37540453074433655,0.4880503144654088,0.48502994011976047,0.7304964539007093,0.5212831585441086,0.646834840552118,0.5044642857142857,0.5720747889022919,0.770949720670391,0.6468797564687976,0.4330708661417323,0.34852695942190104,0.5210966362045498,0.5860830527497194,0.7973792294152161,0.6022099447513812,0.4559760209816411
12,0.5783,0.6785988238302224,0.5865473619253316,0.6298591549295774,0.3656957928802589,0.47547169811320755,0.5224550898203593,0.725531914893617,0.5033929673041333,0.6306520704426464,0.49107142857142855,0.5642340168878166,0.7597765363128491,0.6813800101471335,0.48031496062992124,0.32045580878265706,0.5174022943807116,0.6312008978675645,0.807158224134559,0.6298342541436464,0.41307605844885725,0.6785988238302224,0.5865473619253316,0.6298591549295774,0.3656957928802589,0.47547169811320755,0.5224550898203593,0.725531914893617,0.5033929673041333,0.6306520704426464,0.49107142857142855,0.5642340168878166,0.7597765363128491,0.6813800101471335,0.48031496062992124,0.32045580878265706,0.5174022943807116,0.6312008978675645,0.807158224134559,0.6298342541436464,0.41307605844885725
13,0.6008,0.6737407312707747,0.589941376118482,0.6572769953051644,0.4336569579288026,0.5477987421383648,0.5419161676646707,0.7595744680851064,0.5169648365206663,0.6634935744883389,0.5669642857142857,0.6194209891435465,0.7681564245810056,0.6864535768645358,0.4881889763779528,0.35630906058921624,0.5378183939335018,0.6240179573512907,0.8097007627615881,0.6353591160220995,0.510116148370176,0.6737407312707747,0.589941376118482,0.6572769953051644,0.4336569579288026,0.5477987421383648,0.5419161676646707,0.7595744680851064,0.5169648365206663,0.6634935744883389,0.5669642857142857,0.6194209891435465,0.7681564245810056,0.6864535768645358,0.4881889763779528,0.35630906058921624,0.5378183939335018,0.6240179573512907,0.8097007627615881,0.6353591160220995,0.510116148370176
14,0.5959,0.6704167732037842,0.5726627584078988,0.6379342723004695,0.3559870550161812,0.5522012578616352,0.5104790419161677,0.7524822695035461,0.49413942011104256,0.6696811042360781,0.5580357142857143,0.6314837153196623,0.7793296089385475,0.6910197869101978,0.4409448818897638,0.3023902167871039,0.5343184911530235,0.6451178451178451,0.8253471543125367,0.6464088397790055,0.4820157362307981,0.6704167732037842,0.5726627584078988,0.6379342723004695,0.3559870550161812,0.5522012578616352,0.5104790419161677,0.7524822695035461,0.49413942011104256,0.6696811042360781,0.5580357142857143,0.6314837153196623,0.7793296089385475,0.6910197869101978,0.4409448818897638,0.3023902167871039,0.5343184911530235,0.6451178451178451,0.8253471543125367,0.6464088397790055,0.4820157362307981
15,0.613,0.6987982613142418,0.6241900647948164,0.643943661971831,0.459546925566343,0.5484276729559748,0.5673652694610778,0.7418439716312056,0.5570635410240592,0.6587339362208472,0.5892857142857143,0.6366103739445115,0.7653631284916201,0.7209538305428717,0.5039370078740157,0.40161200667037245,0.5140968306435932,0.6754208754208754,0.822217876002347,0.6685082872928176,0.4885724990633196,0.6987982613142418,0.6241900647948164,0.643943661971831,0.459546925566343,0.5484276729559748,0.5673652694610778,0.7418439716312056,0.5570635410240592,0.6587339362208472,0.5892857142857143,0.6366103739445115,0.7653631284916201,0.7209538305428717,0.5039370078740157,0.40161200667037245,0.5140968306435932,0.6754208754208754,0.822217876002347,0.6685082872928176,0.4885724990633196
16,0.6138,0.6867808744566607,0.601666152422092,0.6584037558685446,0.42718446601941745,0.5993710691823899,0.5494011976047904,0.7326241134751773,0.5379395434916718,0.6734888148500714,0.6160714285714286,0.6700844390832328,0.7597765363128491,0.6950786402841197,0.47244094488188976,0.36714841578654805,0.5133190744701536,0.665993265993266,0.8294543320946607,0.6629834254143646,0.5185462720119896,0.6867808744566607,0.601666152422092,0.6584037558685446,0.42718446601941745,0.5993710691823899,0.5494011976047904,0.7326241134751773,0.5379395434916718,0.6734888148500714,0.6160714285714286,0.6700844390832328,0.7597765363128491,0.6950786402841197,0.47244094488188976,0.36714841578654805,0.5133190744701536,0.665993265993266,0.8294543320946607,0.6629834254143646,0.5185462720119896
17,0.626,0.6947072360010228,0.6177105831533477,0.6777464788732395,0.4854368932038835,0.6257861635220126,0.594311377245509,0.775886524822695,0.5459592843923504,0.6730128510233222,0.6205357142857143,0.6869722557297949,0.7793296089385475,0.7148655504819889,0.4881889763779528,0.3971650917176209,0.5442348823643788,0.6718294051627385,0.8183062781146098,0.6685082872928176,0.5099288122892469,0.6947072360010228,0.6177105831533477,0.6777464788732395,0.4854368932038835,0.6257861635220126,0.594311377245509,0.775886524822695,0.5459592843923504,0.6730128510233222,0.6205357142857143,0.6869722557297949,0.7793296089385475,0.7148655504819889,0.4881889763779528,0.3971650917176209,0.5442348823643788,0.6718294051627385,0.8183062781146098,0.6685082872928176,0.5099288122892469
18,0.6251,0.7069803119406801,0.6217216908361617,0.6587793427230046,0.47249190938511326,0.5610062893081761,0.5868263473053892,0.7943262411347518,0.5434916718075262,0.6901475487862923,0.59375,0.6483715319662243,0.7988826815642458,0.7270421106037545,0.49606299212598426,0.39299610894941633,0.5543457126190939,0.6684624017957351,0.8451007236456093,0.6574585635359116,0.5185462720119896,0.7069803119406801,0.6217216908361617,0.6587793427230046,0.47249190938511326,0.5610062893081761,0.5868263473053892,0.7943262411347518,0.5434916718075262,0.6901475487862923,0.59375,0.6483715319662243,0.7988826815642458,0.7270421106037545,0.49606299212598426,0.39299610894941633,0.5543457126190939,0.6684624017957351,0.8451007236456093,0.6574585635359116,0.5185462720119896
19,0.6279,0.6998210176425467,0.6059858068497377,0.6471361502347418,0.5048543689320388,0.6251572327044025,0.5793413173652695,0.7397163120567376,0.5842072794571253,0.675392670157068,0.6428571428571429,0.695416164053076,0.7737430167597765,0.7265347539320142,0.5118110236220472,0.4413563090605892,0.5203188800311103,0.6998877665544332,0.8364952082925875,0.6629834254143646,0.5118021730985388,0.6998210176425467,0.6059858068497377,0.6471361502347418,0.5048543689320388,0.6251572327044025,0.5793413173652695,0.7397163120567376,0.5842072794571253,0.675392670157068,0.6428571428571429,0.695416164053076,0.7737430167597765,0.7265347539320142,0.5118110236220472,0.4413563090605892,0.5203188800311103,0.6998877665544332,0.8364952082925875,0.6629834254143646,0.5118021730985388
20,0.6436,0.712094093582204,0.6328293736501079,0.6696713615023474,0.5275080906148867,0.6182389937106918,0.5973053892215568,0.7879432624113475,0.581739666872301,0.6858638743455497,0.6339285714285714,0.6833534378769602,0.8072625698324022,0.7407407407407407,0.5039370078740157,0.44080044469149526,0.5780672759090025,0.6983164983164983,0.8321924506160767,0.6961325966850829,0.5271637317347321,0.712094093582204,0.6328293736501079,0.6696713615023474,0.5275080906148867,0.6182389937106918,0.5973053892215568,0.7879432624113475,0.581739666872301,0.6858638743455497,0.6339285714285714,0.6833534378769602,0.8072625698324022,0.7407407407407407,0.5039370078740157,0.44080044469149526,0.5780672759090025,0.6983164983164983,0.8321924506160767,0.6961325966850829,0.5271637317347321
21,0.6488,0.7141396062388136,0.6479481641468683,0.6743661971830985,0.5242718446601942,0.60062893081761,0.6092814371257484,0.7921985815602837,0.5928439235040098,0.7001427891480247,0.6428571428571429,0.6737032569360676,0.7988826815642458,0.7640791476407914,0.5118110236220472,0.4544191217342968,0.5566789811394128,0.7102132435465769,0.84255818501858,0.6961325966850829,0.5535781191457475,0.7141396062388136,0.6479481641468683,0.6743661971830985,0.5242718446601942,0.60062893081761,0.6092814371257484,0.7921985815602837,0.5928439235040098,0.7001427891480247,0.6428571428571429,0.6737032569360676,0.7988826815642458,0.7640791476407914,0.5118110236220472,0.4544191217342968,0.5566789811394128,0.7102132435465769,0.84255818501858,0.6961325966850829,0.5535781191457475
22,0.6519,0.7261569930963948,0.6538105522986732,0.6955868544600939,0.5372168284789643,0.6452830188679245,0.6182634730538922,0.775886524822695,0.5959284392350401,0.6872917658257972,0.6517857142857143,0.7050663449939686,0.8044692737430168,0.7483510908168443,0.5275590551181102,0.4669260700389105,0.5280964417655065,0.7102132435465769,0.8437316643849012,0.6961325966850829,0.5451479955039341,0.7261569930963948,0.6538105522986732,0.6955868544600939,0.5372168284789643,0.6452830188679245,0.6182634730538922,0.775886524822695,0.5959284392350401,0.6872917658257972,0.6517857142857143,0.7050663449939686,0.8044692737430168,0.7483510908168443,0.5275590551181102,0.4669260700389105,0.5280964417655065,0.7102132435465769,0.8437316643849012,0.6961325966850829,0.5451479955039341
23,0.6539,0.722577345947328,0.6541190990435051,0.6784976525821597,0.5469255663430421,0.6339622641509434,0.6167664670658682,0.7773049645390071,0.6107341147439852,0.7049024274155165,0.6339285714285714,0.6896863691194209,0.7905027932960894,0.7376966007102993,0.5511811023622047,0.48526959421901056,0.5397627843671009,0.7090909090909091,0.8497946411108938,0.6961325966850829,0.5826152116897715,0.722577345947328,0.6541190990435051,0.6784976525821597,0.5469255663430421,0.6339622641509434,0.6167664670658682,0.7773049645390071,0.6107341147439852,0.7049024274155165,0.6339285714285714,0.6896863691194209,0.7905027932960894,0.7376966007102993,0.5511811023622047,0.48526959421901056,0.5397627843671009,0.7090909090909091,0.8497946411108938,0.6961325966850829,0.5826152116897715
24,0.6505,0.7220659677831757,0.6306695464362851,0.6820657276995306,0.5048543689320388,0.6528301886792452,0.6122754491017964,0.7900709219858156,0.581739666872301,0.7010947168015231,0.6339285714285714,0.7132086851628469,0.8100558659217877,0.7656012176560122,0.47244094488188976,0.434130072262368,0.5617343962667704,0.7270482603815938,0.8574222569919813,0.7182320441988951,0.5414012738853503,0.7220659677831757,0.6306695464362851,0.6820657276995306,0.5048543689320388,0.6528301886792452,0.6122754491017964,0.7900709219858156,0.581739666872301,0.7010947168015231,0.6339285714285714,0.7132086851628469,0.8100558659217877,0.7656012176560122,0.47244094488188976,0.434130072262368,0.5617343962667704,0.7270482603815938,0.8574222569919813,0.7182320441988951,0.5414012738853503
25,0.6558,0.746100741498338,0.6769515581610615,0.6901408450704225,0.5436893203883495,0.6238993710691824,0.6392215568862275,0.8085106382978723,0.6095003084515731,0.6944312232270348,0.6517857142857143,0.6803377563329313,0.8156424581005587,0.7640791476407914,0.5590551181102362,0.48610339077265147,0.5656231771339685,0.7041526374859708,0.8544885585761783,0.6795580110497238,0.5303484451105283,0.746100741498338,0.6769515581610615,0.6901408450704225,0.5436893203883495,0.6238993710691824,0.6392215568862275,0.8085106382978723,0.6095003084515731,0.6944312232270348,0.6517857142857143,0.6803377563329313,0.8156424581005587,0.7640791476407914,0.5590551181102362,0.48610339077265147,0.5656231771339685,0.7041526374859708,0.8544885585761783,0.6795580110497238,0.5303484451105283
26,0.6578,0.7294809511633853,0.6467139771675409,0.6942723004694835,0.5598705501618123,0.6509433962264151,0.6212574850299402,0.7801418439716312,0.6267735965453424,0.7039504997620181,0.6651785714285714,0.7029553679131484,0.7988826815642458,0.747843734145104,0.5511811023622047,0.5136186770428015,0.543846004277659,0.722334455667789,0.8548797183649521,0.6685082872928176,0.5756837766953915,0.7294809511633853,0.6467139771675409,0.6942723004694835,0.5598705501618123,0.6509433962264151,0.6212574850299402,0.7801418439716312,0.6267735965453424,0.7039504997620181,0.6651785714285714,0.7029553679131484,0.7988826815642458,0.747843734145104,0.5511811023622047,0.5136186770428015,0.543846004277659,0.722334455667789,0.8548797183649521,0.6685082872928176,0.5756837766953915
27,0.6625,0.7517259013040143,0.6784942918852206,0.6910798122065728,0.5275080906148867,0.6132075471698113,0.6511976047904192,0.824822695035461,0.5990129549660703,0.7282246549262256,0.6383928571428571,0.6779252110977081,0.8379888268156425,0.7792998477929984,0.5905511811023622,0.47026125625347415,0.5864281547734785,0.7185185185185186,0.8580089966751417,0.6906077348066298,0.5764331210191083,0.7517259013040143,0.6784942918852206,0.6910798122065728,0.5275080906148867,0.6132075471698113,0.6511976047904192,0.824822695035461,0.5990129549660703,0.7282246549262256,0.6383928571428571,0.6779252110977081,0.8379888268156425,0.7792998477929984,0.5905511811023622,0.47026125625347415,0.5864281547734785,0.7185185185185186,0.8580089966751417,0.6906077348066298,0.5764331210191083
28,0.6642,0.7307593965737663,0.646405430422709,0.7021596244131455,0.5307443365695793,0.6509433962264151,0.6377245508982036,0.8014184397163121,0.6162862430598396,0.7063303188957639,0.65625,0.7138118214716526,0.8072625698324022,0.7696600710299341,0.5590551181102362,0.4724847137298499,0.5897336185105969,0.7423120089786757,0.8552708781537258,0.7016574585635359,0.5627575871112777,0.7307593965737663,0.646405430422709,0.7021596244131455,0.5307443365695793,0.6509433962264151,0.6377245508982036,0.8014184397163121,0.6162862430598396,0.7063303188957639,0.65625,0.7138118214716526,0.8072625698324022,0.7696600710299341,0.5590551181102362,0.4724847137298499,0.5897336185105969,0.7423120089786757,0.8552708781537258,0.7016574585635359,0.5627575871112777
29,0.672,0.7445666070058808,0.6701635297747609,0.6940845070422536,0.5566343042071198,0.6893081761006289,0.657185628742515,0.8163120567375887,0.6249228871067243,0.7344121846739647,0.6785714285714286,0.7340168878166465,0.8212290502793296,0.7696600710299341,0.5826771653543307,0.4988882712618121,0.5691230799144468,0.7108866442199776,0.8632896538235869,0.6906077348066298,0.6086549269389284,0.7445666070058808,0.6701635297747609,0.6940845070422536,0.5566343042071198,0.6893081761006289,0.657185628742515,0.8163120567375887,0.6249228871067243,0.7344121846739647,0.6785714285714286,0.7340168878166465,0.8212290502793296,0.7696600710299341,0.5826771653543307,0.4988882712618121,0.5691230799144468,0.7108866442199776,0.8632896538235869,0.6906077348066298,0.6086549269389284
30,0.668,0.7430324725134236,0.6541190990435051,0.7036619718309859,0.5436893203883495,0.6371069182389937,0.6422155688622755,0.8028368794326242,0.6144355336212215,0.7386958591147073,0.6428571428571429,0.7101930036188179,0.8100558659217877,0.7798072044647387,0.5669291338582677,0.4677598665925514,0.579039471125802,0.7387205387205387,0.8695482104439664,0.7071823204419889,0.6137130011240165,0.7430324725134236,0.6541190990435051,0.7036619718309859,0.5436893203883495,0.6371069182389937,0.6422155688622755,0.8028368794326242,0.6144355336212215,0.7386958591147073,0.6428571428571429,0.7101930036188179,0.8100558659217877,0.7798072044647387,0.5669291338582677,0.4677598665925514,0.579039471125802,0.7387205387205387,0.8695482104439664,0.7071823204419889,0.6137130011240165
31,0.6709,0.7604193300946049,0.6868250539956804,0.6758685446009389,0.540453074433657,0.6584905660377358,0.6646706586826348,0.8063829787234043,0.6255397902529303,0.7225130890052356,0.6473214285714286,0.7198431845597105,0.8072625698324022,0.7838660578386606,0.6062992125984252,0.4847137298499166,0.5769006416488431,0.7512906846240179,0.8672012517113241,0.7237569060773481,0.5947920569501686,0.7604193300946049,0.6868250539956804,0.6758685446009389,0.540453074433657,0.6584905660377358,0.6646706586826348,0.8063829787234043,0.6255397902529303,0.7225130890052356,0.6473214285714286,0.7198431845597105,0.8072625698324022,0.7838660578386606,0.6062992125984252,0.4847137298499166,0.5769006416488431,0.7512906846240179,0.8672012517113241,0.7237569060773481,0.5947920569501686
32,0.6771,0.7407312707747379,0.6649182351126196,0.7087323943661972,0.5631067961165048,0.6572327044025157,0.6616766467065869,0.8,0.6354102405922271,0.7282246549262256,0.6428571428571429,0.7249698431845597,0.8128491620111732,0.7828513444951801,0.6062992125984252,0.5100055586436909,0.5817616177328407,0.7544332210998878,0.8638763935067475,0.7237569060773481,0.6208317721993256,0.7407312707747379,0.6649182351126196,0.7087323943661972,0.5631067961165048,0.6572327044025157,0.6616766467065869,0.8,0.6354102405922271,0.7282246549262256,0.6428571428571429,0.7249698431845597,0.8128491620111732,0.7828513444951801,0.6062992125984252,0.5100055586436909,0.5817616177328407,0.7544332210998878,0.8638763935067475,0.7237569060773481,0.6208317721993256
33,0.6754,0.7686013807210432,0.6976241900647948,0.6777464788732395,0.5631067961165048,0.6572327044025157,0.6811377245508982,0.8120567375886525,0.6551511412708205,0.7263207996192289,0.6383928571428571,0.7201447527141134,0.8240223463687151,0.7879249112125825,0.6062992125984252,0.5161200667037243,0.5872059109469181,0.745679012345679,0.8636808136123606,0.7071823204419889,0.5869239415511428,0.7686013807210432,0.6976241900647948,0.6777464788732395,0.5631067961165048,0.6572327044025157,0.6811377245508982,0.8120567375886525,0.6551511412708205,0.7263207996192289,0.6383928571428571,0.7201447527141134,0.8240223463687151,0.7879249112125825,0.6062992125984252,0.5161200667037243,0.5872059109469181,0.745679012345679,0.8636808136123606,0.7071823204419889,0.5869239415511428
34,0.6797,0.7550498593710049,0.679728478864548,0.7098591549295775,0.5631067961165048,0.6616352201257861,0.6676646706586826,0.8226950354609929,0.634793337446021,0.7386958591147073,0.6651785714285714,0.7186369119420989,0.8324022346368715,0.7909690512430239,0.6062992125984252,0.5105614230127848,0.5928446432043555,0.7393939393939394,0.86993937023274,0.7016574585635359,0.6365680029973773,0.7550498593710049,0.679728478864548,0.7098591549295775,0.5631067961165048,0.6616352201257861,0.6676646706586826,0.8226950354609929,0.634793337446021,0.7386958591147073,0.6651785714285714,0.7186369119420989,0.8324022346368715,0.7909690512430239,0.6062992125984252,0.5105614230127848,0.5928446432043555,0.7393939393939394,0.86993937023274,0.7016574585635359,0.6365680029973773
35,0.6847,0.7688570698031194,0.6970070965751312,0.6858215962441314,0.5663430420711975,0.6880503144654088,0.688622754491018,0.7971631205673759,0.6545342381246144,0.7306044740599714,0.65625,0.7388419782870929,0.8100558659217877,0.7757483510908169,0.6141732283464567,0.5183435241801001,0.5848726424265993,0.7447811447811448,0.8652454527674555,0.7016574585635359,0.6213937804421131,0.7688570698031194,0.6970070965751312,0.6858215962441314,0.5663430420711975,0.6880503144654088,0.688622754491018,0.7971631205673759,0.6545342381246144,0.7306044740599714,0.65625,0.7388419782870929,0.8100558659217877,0.7757483510908169,0.6141732283464567,0.5183435241801001,0.5848726424265993,0.7447811447811448,0.8652454527674555,0.7016574585635359,0.6213937804421131
36,0.6834,0.7476348759907951,0.6686207960506017,0.6882629107981221,0.5566343042071198,0.6698113207547169,0.6751497005988024,0.825531914893617,0.6502159161011721,0.7491670633031889,0.6428571428571429,0.7352231604342582,0.835195530726257,0.8036529680365296,0.6141732283464567,0.5136186770428015,0.5868170328601984,0.7580246913580246,0.8703305300215138,0.7182320441988951,0.6346946421880855,0.7476348759907951,0.6686207960506017,0.6882629107981221,0.5566343042071198,0.6698113207547169,0.6751497005988024,0.825531914893617,0.6502159161011721,0.7491670633031889,0.6428571428571429,0.7352231604342582,0.835195530726257,0.8036529680365296,0.6141732283464567,0.5136186770428015,0.5868170328601984,0.7580246913580246,0.8703305300215138,0.7182320441988951,0.6346946421880855
37,0.682,0.7691127588851956,0.6840481332921937,0.6892018779342723,0.49514563106796117,0.6220125786163522,0.6706586826347305,0.8290780141843972,0.5959284392350401,0.7539267015706806,0.6205357142857143,0.7077804583835947,0.8435754189944135,0.7985794013191273,0.5669291338582677,0.45247359644246804,0.6222049387517014,0.7483726150392817,0.8857813416780755,0.7348066298342542,0.6339452978643687,0.7691127588851956,0.6840481332921937,0.6892018779342723,0.49514563106796117,0.6220125786163522,0.6706586826347305,0.8290780141843972,0.5959284392350401,0.7539267015706806,0.6205357142857143,0.7077804583835947,0.8435754189944135,0.7985794013191273,0.5669291338582677,0.45247359644246804,0.6222049387517014,0.7483726150392817,0.8857813416780755,0.7348066298342542,0.6339452978643687
38,0.6876,0.7821529020710816,0.7037951249614317,0.6781220657276995,0.5663430420711975,0.6616352201257861,0.6901197604790419,0.823404255319149,0.6508328192473781,0.7405997144217039,0.6473214285714286,0.7316043425814234,0.835195530726257,0.7889396245560629,0.6141732283464567,0.5158421345191774,0.5984833754617928,0.7378226711560045,0.8748288675924115,0.7016574585635359,0.6146496815286624,0.7821529020710816,0.7037951249614317,0.6781220657276995,0.5663430420711975,0.6616352201257861,0.6901197604790419,0.823404255319149,0.6508328192473781,0.7405997144217039,0.6473214285714286,0.7316043425814234,0.835195530726257,0.7889396245560629,0.6141732283464567,0.5158421345191774,0.5984833754617928,0.7378226711560045,0.8748288675924115,0.7016574585635359,0.6146496815286624
39,0.6887,0.7652774226540526,0.6781857451403888,0.7085446009389671,0.5469255663430421,0.6515723270440251,0.6751497005988024,0.8191489361702128,0.6428130783466995,0.7496430271299381,0.65625,0.7225572979493365,0.8268156424581006,0.7945205479452054,0.6141732283464567,0.5027793218454697,0.6118996694536263,0.7560044893378227,0.8826520633678858,0.712707182320442,0.6245784938179093,0.7652774226540526,0.6781857451403888,0.7085446009389671,0.5469255663430421,0.6515723270440251,0.6751497005988024,0.8191489361702128,0.6428130783466995,0.7496430271299381,0.65625,0.7225572979493365,0.8268156424581006,0.7945205479452054,0.6141732283464567,0.5027793218454697,0.6118996694536263,0.7560044893378227,0.8826520633678858,0.712707182320442,0.6245784938179093
40,0.6906,0.7688570698031194,0.6868250539956804,0.6907042253521126,0.5663430420711975,0.6660377358490566,0.6751497005988024,0.8177304964539007,0.6576187538556446,0.7401237505949548,0.6517857142857143,0.7334137515078407,0.8240223463687151,0.8046676813800101,0.6299212598425197,0.5311284046692607,0.5994555706785922,0.7620650953984287,0.876980246430667,0.7016574585635359,0.6253278381416261,0.7688570698031194,0.6868250539956804,0.6907042253521126,0.5663430420711975,0.6660377358490566,0.6751497005988024,0.8177304964539007,0.6576187538556446,0.7401237505949548,0.6517857142857143,0.7334137515078407,0.8240223463687151,0.8046676813800101,0.6299212598425197,0.5311284046692607,0.5994555706785922,0.7620650953984287,0.876980246430667,0.7016574585635359,0.6253278381416261
41,0.6935,0.7693684479672718,0.687442147485344,0.7036619718309859,0.5792880258899676,0.6698113207547169,0.688622754491018,0.8163120567375887,0.6637877853177051,0.7391718229414564,0.65625,0.7358262967430639,0.8184357541899442,0.7929984779299848,0.6614173228346457,0.5519733185102835,0.5994555706785922,0.7551066217732885,0.8736553882260903,0.712707182320442,0.6333832896215811,0.7693684479672718,0.687442147485344,0.7036619718309859,0.5792880258899676,0.6698113207547169,0.688622754491018,0.8163120567375887,0.6637877853177051,0.7391718229414564,0.65625,0.7358262967430639,0.8184357541899442,0.7929984779299848,0.6614173228346457,0.5519733185102835,0.5994555706785922,0.7551066217732885,0.8736553882260903,0.712707182320442,0.6333832896215811
42,0.6914,0.7732037841984147,0.6908361616784943,0.7231924882629108,0.5048543689320388,0.6584905660377358,0.6841317365269461,0.8312056737588652,0.6132017273288094,0.7505949547834364,0.6517857142857143,0.72708082026538,0.8435754189944135,0.8011161846778285,0.6141732283464567,0.46664813785436354,0.6251215244020999,0.7483726150392817,0.8855857617836886,0.7016574585635359,0.637317347321094,0.7732037841984147,0.6908361616784943,0.7231924882629108,0.5048543689320388,0.6584905660377358,0.6841317365269461,0.8312056737588652,0.6132017273288094,0.7505949547834364,0.6517857142857143,0.72708082026538,0.8435754189944135,0.8011161846778285,0.6141732283464567,0.46664813785436354,0.6251215244020999,0.7483726150392817,0.8855857617836886,0.7016574585635359,0.637317347321094
43,0.6972,0.7852211710559959,0.7118173403270596,0.7143661971830986,0.5566343042071198,0.6748427672955974,0.6961077844311377,0.8241134751773049,0.6378778531770513,0.7329842931937173,0.65625,0.7436670687575392,0.8240223463687151,0.8031456113647895,0.6535433070866141,0.5097276264591439,0.6268714757923392,0.7721661054994389,0.8744377078036378,0.7292817679558011,0.6316972648932184,0.7852211710559959,0.7118173403270596,0.7143661971830986,0.5566343042071198,0.6748427672955974,0.6961077844311377,0.8241134751773049,0.6378778531770513,0.7329842931937173,0.65625,0.7436670687575392,0.8240223463687151,0.8031456113647895,0.6535433070866141,0.5097276264591439,0.6268714757923392,0.7721661054994389,0.8744377078036378,0.7292817679558011,0.6316972648932184
44,0.6943,0.7716696497059575,0.6954643628509719,0.7066666666666667,0.5631067961165048,0.6710691823899371,0.6961077844311377,0.826950354609929,0.6520666255397902,0.772013326987149,0.6696428571428571,0.7506031363088058,0.8324022346368715,0.7940131912734653,0.6299212598425197,0.5169538632573653,0.5870114719035582,0.734006734006734,0.8885194601994915,0.7071823204419889,0.6796553016110903,0.7716696497059575,0.6954643628509719,0.7066666666666667,0.5631067961165048,0.6710691823899371,0.6961077844311377,0.826950354609929,0.6520666255397902,0.772013326987149,0.6696428571428571,0.7506031363088058,0.8324022346368715,0.7940131912734653,0.6299212598425197,0.5169538632573653,0.5870114719035582,0.734006734006734,0.8885194601994915,0.7071823204419889,0.6796553016110903
45,0.6983,0.7806187675786244,0.6970070965751312,0.7057276995305164,0.5275080906148867,0.6559748427672956,0.6916167664670658,0.8340425531914893,0.6156693399136336,0.7544026653974298,0.6517857142857143,0.7364294330518697,0.835195530726257,0.8117706747843734,0.6456692913385826,0.47887715397443026,0.6408710869142524,0.7757575757575758,0.8806962644240172,0.7458563535911602,0.6526789059572874,0.7806187675786244,0.6970070965751312,0.7057276995305164,0.5275080906148867,0.6559748427672956,0.6916167664670658,0.8340425531914893,0.6156693399136336,0.7544026653974298,0.6517857142857143,0.7364294330518697,0.835195530726257,0.8117706747843734,0.6456692913385826,0.47887715397443026,0.6408710869142524,0.7757575757575758,0.8806962644240172,0.7458563535911602,0.6526789059572874
46,0.6973,0.7642546663257479,0.6812712125887072,0.7250704225352113,0.5663430420711975,0.6666666666666666,0.6766467065868264,0.8283687943262411,0.6588525601480567,0.7582103760114232,0.6517857142857143,0.7430639324487334,0.8296089385474861,0.8117706747843734,0.6299212598425197,0.5500277932184547,0.6047054248493098,0.7687991021324355,0.8836299628398201,0.7182320441988951,0.6614837017609592,0.7642546663257479,0.6812712125887072,0.7250704225352113,0.5663430420711975,0.6666666666666666,0.6766467065868264,0.8283687943262411,0.6588525601480567,0.7582103760114232,0.6517857142857143,0.7430639324487334,0.8296089385474861,0.8117706747843734,0.6299212598425197,0.5500277932184547,0.6047054248493098,0.7687991021324355,0.8836299628398201,0.7182320441988951,0.6614837017609592
47,0.6977,0.7900792636154437,0.7182968219685283,0.7083568075117371,0.5469255663430421,0.6893081761006289,0.6946107784431138,0.8368794326241135,0.634793337446021,0.7477391718229415,0.6517857142857143,0.7454764776839565,0.8379888268156425,0.802130898021309,0.6614173228346457,0.5169538632573653,0.6348434765700953,0.747699214365881,0.8808918443184041,0.712707182320442,0.6579243162233046,0.7900792636154437,0.7182968219685283,0.7083568075117371,0.5469255663430421,0.6893081761006289,0.6946107784431138,0.8368794326241135,0.634793337446021,0.7477391718229415,0.6517857142857143,0.7454764776839565,0.8379888268156425,0.802130898021309,0.6614173228346457,0.5169538632573653,0.6348434765700953,0.747699214365881,0.8808918443184041,0.712707182320442,0.6579243162233046
48,0.7024,0.7870109946305293,0.7031780314717679,0.7070422535211267,0.5631067961165048,0.6616352201257861,0.687125748502994,0.8354609929078014,0.6600863664404688,0.7701094716801523,0.6785714285714286,0.7279855247285887,0.8435754189944135,0.8061897513952309,0.6377952755905512,0.5450250138966092,0.6047054248493098,0.7490460157126824,0.8924310580872287,0.712707182320442,0.6717871862120645,0.7870109946305293,0.7031780314717679,0.7070422535211267,0.5631067961165048,0.6616352201257861,0.687125748502994,0.8354609929078014,0.6600863664404688,0.7701094716801523,0.6785714285714286,0.7279855247285887,0.8435754189944135,0.8061897513952309,0.6377952755905512,0.5450250138966092,0.6047054248493098,0.7490460157126824,0.8924310580872287,0.712707182320442,0.6717871862120645
49,0.7018,0.7555612375351572,0.6676951558161062,0.732018779342723,0.5792880258899676,0.6723270440251572,0.6766467065868264,0.826950354609929,0.6711906230721777,0.7458353165159448,0.6607142857142857,0.7376357056694813,0.8547486033519553,0.8178589548452562,0.6299212598425197,0.5541967759866593,0.6358156717868948,0.7737373737373737,0.8748288675924115,0.7292817679558011,0.6508055451479955,0.7555612375351572,0.6676951558161062,0.732018779342723,0.5792880258899676,0.6723270440251572,0.6766467065868264,0.826950354609929,0.6711906230721777,0.7458353165159448,0.6607142857142857,0.7376357056694813,0.8547486033519553,0.8178589548452562,0.6299212598425197,0.5541967759866593,0.6358156717868948,0.7737373737373737,0.8748288675924115,0.7292817679558011,0.6508055451479955
50,0.7039,0.7957044234211199,0.7121258870718914,0.688075117370892,0.5533980582524272,0.6584905660377358,0.6841317365269461,0.8276595744680851,0.6477483035163479,0.766301761066159,0.6517857142857143,0.7313027744270205,0.8603351955307262,0.8148148148148148,0.6535433070866141,0.5077821011673151,0.6187050359712231,0.7692480359147026,0.8924310580872287,0.7403314917127072,0.6652304233795429,0.7957044234211199,0.7121258870718914,0.688075117370892,0.5533980582524272,0.6584905660377358,0.6841317365269461,0.8276595744680851,0.6477483035163479,0.766301761066159,0.6517857142857143,0.7313027744270205,0.8603351955307262,0.8148148148148148,0.6535433070866141,0.5077821011673151,0.6187050359712231,0.7692480359147026,0.8924310580872287,0.7403314917127072,0.6652304233795429
51,0.706,0.7693684479672718,0.6871336007405122,0.7061032863849765,0.598705501618123,0.680503144654088,0.6826347305389222,0.8198581560283688,0.6859962985811228,0.7544026653974298,0.6607142857142857,0.7424607961399277,0.8435754189944135,0.8178589548452562,0.6535433070866141,0.5697609783212896,0.6163717674509042,0.7793490460157126,0.8816741638959515,0.7403314917127072,0.679280629449232,0.7693684479672718,0.6871336007405122,0.7061032863849765,0.598705501618123,0.680503144654088,0.6826347305389222,0.8198581560283688,0.6859962985811228,0.7544026653974298,0.6607142857142857,0.7424607961399277,0.8435754189944135,0.8178589548452562,0.6535433070866141,0.5697609783212896,0.6163717674509042,0.7793490460157126,0.8816741638959515,0.7403314917127072,0.679280629449232
52,0.7048,0.7818972129890054,0.7016352977476088,0.7245070422535211,0.5307443365695793,0.6440251572327044,0.6766467065868264,0.8354609929078014,0.6372609500308452,0.7648738695859115,0.6339285714285714,0.7204463208685162,0.8491620111731844,0.8229325215626585,0.6377952755905512,0.4947192884936076,0.6531207466459265,0.7802469135802469,0.8939956972423235,0.7292817679558011,0.6714125140502061,0.7818972129890054,0.7016352977476088,0.7245070422535211,0.5307443365695793,0.6440251572327044,0.6766467065868264,0.8354609929078014,0.6372609500308452,0.7648738695859115,0.6339285714285714,0.7204463208685162,0.8491620111731844,0.8229325215626585,0.6377952755905512,0.4947192884936076,0.6531207466459265,0.7802469135802469,0.8939956972423235,0.7292817679558011,0.6714125140502061
53,0.7056,0.7913577090258246,0.716754088244369,0.6972769953051643,0.5631067961165048,0.6779874213836478,0.7035928143712575,0.8156028368794326,0.6551511412708205,0.7715373631603998,0.6517857142857143,0.7484921592279855,0.8268156424581006,0.821917808219178,0.6535433070866141,0.5272373540856031,0.610538596150107,0.7869809203142536,0.8945824369254841,0.7348066298342542,0.6811539902585237,0.7913577090258246,0.716754088244369,0.6972769953051643,0.5631067961165048,0.6779874213836478,0.7035928143712575,0.8156028368794326,0.6551511412708205,0.7715373631603998,0.6517857142857143,0.7484921592279855,0.8268156424581006,0.821917808219178,0.6535433070866141,0.5272373540856031,0.610538596150107,0.7869809203142536,0.8945824369254841,0.7348066298342542,0.6811539902585237
54,0.7046,0.7811301457427768,0.697315643319963,0.7179342723004695,0.5210355987055016,0.6610062893081761,0.6901197604790419,0.8446808510638298,0.6292412091301666,0.7701094716801523,0.6383928571428571,0.735524728588661,0.8547486033519553,0.8300355149670218,0.6299212598425197,0.48165647581989995,0.6494264048220882,0.7802469135802469,0.8986896147076081,0.7403314917127072,0.6738478831022855,0.7811301457427768,0.697315643319963,0.7179342723004695,0.5210355987055016,0.6610062893081761,0.6901197604790419,0.8446808510638298,0.6292412091301666,0.7701094716801523,0.6383928571428571,0.735524728588661,0.8547486033519553,0.8300355149670218,0.6299212598425197,0.48165647581989995,0.6494264048220882,0.7802469135802469,0.8986896147076081,0.7403314917127072,0.6738478831022855
55,0.707,0.803630784965482,0.730638691761802,0.7154929577464789,0.5016181229773463,0.7037735849056603,0.7260479041916168,0.8368794326241135,0.608266502159161,0.7515468824369348,0.6651785714285714,0.7536188178528347,0.8547486033519553,0.821917808219178,0.6614173228346457,0.46664813785436354,0.6640093330740813,0.7838383838383839,0.885194601994915,0.7403314917127072,0.658298988385163,0.803630784965482,0.730638691761802,0.7154929577464789,0.5016181229773463,0.7037735849056603,0.7260479041916168,0.8368794326241135,0.608266502159161,0.7515468824369348,0.6651785714285714,0.7536188178528347,0.8547486033519553,0.821917808219178,0.6614173228346457,0.46664813785436354,0.6640093330740813,0.7838383838383839,0.885194601994915,0.7403314917127072,0.658298988385163
56,0.7041,0.7923804653541294,0.7087318728787412,0.6976525821596244,0.5792880258899676,0.6767295597484276,0.7005988023952096,0.8375886524822695,0.6594694632942628,0.7682056163731557,0.6473214285714286,0.73854041013269,0.8491620111731844,0.8183663115169965,0.6220472440944882,0.5269594219010562,0.6220104997083414,0.7687991021324355,0.900254253862703,0.7348066298342542,0.6822780067440989,0.7923804653541294,0.7087318728787412,0.6976525821596244,0.5792880258899676,0.6767295597484276,0.7005988023952096,0.8375886524822695,0.6594694632942628,0.7682056163731557,0.6473214285714286,0.73854041013269,0.8491620111731844,0.8183663115169965,0.6220472440944882,0.5269594219010562,0.6220104997083414,0.7687991021324355,0.900254253862703,0.7348066298342542,0.6822780067440989
57,0.709,0.8013295832267963,0.7312557852514656,0.6978403755868544,0.5469255663430421,0.6842767295597484,0.7080838323353293,0.8170212765957446,0.6446637877853177,0.7539267015706806,0.6428571428571429,0.746984318455971,0.840782122905028,0.8102486047691527,0.6535433070866141,0.5113952195664258,0.6443709896947307,0.7914702581369248,0.89047525914336,0.7292817679558011,0.692394155114275,0.8013295832267963,0.7312557852514656,0.6978403755868544,0.5469255663430421,0.6842767295597484,0.7080838323353293,0.8170212765957446,0.6446637877853177,0.7539267015706806,0.6428571428571429,0.746984318455971,0.840782122905028,0.8102486047691527,0.6535433070866141,0.5113952195664258,0.6443709896947307,0.7914702581369248,0.89047525914336,0.7292817679558011,0.692394155114275
58,0.7097,0.7867553055484531,0.714902807775378,0.7282629107981221,0.5663430420711975,0.689937106918239,0.718562874251497,0.8404255319148937,0.6594694632942628,0.7648738695859115,0.65625,0.7478890229191797,0.8547486033519553,0.8153221714865551,0.6614173228346457,0.5311284046692607,0.635232354656815,0.7717171717171717,0.8920398982984549,0.7348066298342542,0.6815286624203821,0.7867553055484531,0.714902807775378,0.7282629107981221,0.5663430420711975,0.689937106918239,0.718562874251497,0.8404255319148937,0.6594694632942628,0.7648738695859115,0.65625,0.7478890229191797,0.8547486033519553,0.8153221714865551,0.6614173228346457,0.5311284046692607,0.635232354656815,0.7717171717171717,0.8920398982984549,0.7348066298342542,0.6815286624203821
59,0.7094,0.7926361544362056,0.714902807775378,0.7109859154929578,0.5566343042071198,0.6641509433962264,0.7110778443113772,0.8368794326241135,0.6483652066625539,0.757734412184674,0.6473214285714286,0.7352231604342582,0.8463687150837989,0.8249619482496194,0.6535433070866141,0.5166759310728183,0.6443709896947307,0.7869809203142536,0.8971249755525132,0.7403314917127072,0.6807793180966654,0.7926361544362056,0.714902807775378,0.7109859154929578,0.5566343042071198,0.6641509433962264,0.7110778443113772,0.8368794326241135,0.6483652066625539,0.757734412184674,0.6473214285714286,0.7352231604342582,0.8463687150837989,0.8249619482496194,0.6535433070866141,0.5166759310728183,0.6443709896947307,0.7869809203142536,0.8971249755525132,0.7403314917127072,0.6807793180966654
60,0.7087,0.790590641779596,0.7093489663684048,0.7113615023474178,0.5339805825242718,0.6754716981132075,0.6946107784431138,0.8390070921985816,0.6261566933991364,0.7696335078534031,0.6383928571428571,0.7391435464414958,0.8603351955307262,0.8234398782343988,0.6220472440944882,0.47720956086714844,0.6632315769006416,0.7925925925925926,0.8982984549188343,0.7348066298342542,0.6790932933683027,0.790590641779596,0.7093489663684048,0.7113615023474178,0.5339805825242718,0.6754716981132075,0.6946107784431138,0.8390070921985816,0.6261566933991364,0.7696335078534031,0.6383928571428571,0.7391435464414958,0.8603351955307262,0.8234398782343988,0.6220472440944882,0.47720956086714844,0.6632315769006416,0.7925925925925926,0.8982984549188343,0.7348066298342542,0.6790932933683027
61,0.7113,0.7795960112503196,0.6988583770441222,0.7293896713615023,0.5663430420711975,0.6823899371069182,0.688622754491018,0.8446808510638298,0.6502159161011721,0.7786768205616373,0.6517857142857143,0.7418576598311218,0.8687150837988827,0.8300355149670218,0.6456692913385826,0.5166759310728183,0.6303713785728174,0.7723905723905724,0.8965382358693527,0.7237569060773481,0.698388909704009,0.7795960112503196,0.6988583770441222,0.7293896713615023,0.5663430420711975,0.6823899371069182,0.688622754491018,0.8446808510638298,0.6502159161011721,0.7786768205616373,0.6517857142857143,0.7418576598311218,0.8687150837988827,0.8300355149670218,0.6456692913385826,0.5166759310728183,0.6303713785728174,0.7723905723905724,0.8965382358693527,0.7237569060773481,0.698388909704009
62,0.7142,0.8031194068013295,0.7346497994446158,0.7115492957746479,0.5501618122977346,0.6748427672955974,0.7155688622754491,0.8475177304964538,0.6409623689080814,0.7691575440266539,0.6473214285714286,0.7406513872135102,0.8575418994413407,0.8300355149670218,0.6535433070866141,0.519733185102835,0.6558428932529652,0.7780022446689113,0.8920398982984549,0.7569060773480663,0.6997002622705133,0.8031194068013295,0.7346497994446158,0.7115492957746479,0.5501618122977346,0.6748427672955974,0.7155688622754491,0.8475177304964538,0.6409623689080814,0.7691575440266539,0.6473214285714286,0.7406513872135102,0.8575418994413407,0.8300355149670218,0.6535433070866141,0.519733185102835,0.6558428932529652,0.7780022446689113,0.8920398982984549,0.7569060773480663,0.6997002622705133
63,0.7109,0.7824085911531578,0.6948472693613083,0.7132394366197183,0.540453074433657,0.6666666666666666,0.6901197604790419,0.825531914893617,0.6434299814929056,0.7824845311756307,0.6473214285714286,0.7394451145958987,0.8379888268156425,0.8203957382039574,0.6377952755905512,0.5122290161200667,0.6262881586622594,0.7930415263748597,0.9049481713279874,0.7513812154696132,0.7139378044211315,0.7824085911531578,0.6948472693613083,0.7132394366197183,0.540453074433657,0.6666666666666666,0.6901197604790419,0.825531914893617,0.6434299814929056,0.7824845311756307,0.6473214285714286,0.7394451145958987,0.8379888268156425,0.8203957382039574,0.6377952755905512,0.5122290161200667,0.6262881586622594,0.7930415263748597,0.9049481713279874,0.7513812154696132,0.7139378044211315
64,0.7152,0.7977499360777295,0.7250848503548287,0.7231924882629108,0.5372168284789643,0.6930817610062893,0.7110778443113772,0.8546099290780141,0.6397285626156693,0.7682056163731557,0.6651785714285714,0.758745476477684,0.8463687150837989,0.8285134449518011,0.6377952755905512,0.49666481378543637,0.6509819171689676,0.7757575757575758,0.9022100528065715,0.7513812154696132,0.6798426376920195,0.7977499360777295,0.7250848503548287,0.7231924882629108,0.5372168284789643,0.6930817610062893,0.7110778443113772,0.8546099290780141,0.6397285626156693,0.7682056163731557,0.6651785714285714,0.758745476477684,0.8463687150837989,0.8285134449518011,0.6377952755905512,0.49666481378543637,0.6509819171689676,0.7757575757575758,0.9022100528065715,0.7513812154696132,0.6798426376920195
65,0.7103,0.7852211710559959,0.7037951249614317,0.7087323943661972,0.5533980582524272,0.6855345911949685,0.6961077844311377,0.8539007092198582,0.6644046884639112,0.7734412184673964,0.6607142857142857,0.7509047044632087,0.8463687150837989,0.8234398782343988,0.6456692913385826,0.5394663702056698,0.6334824032665759,0.7748597081930415,0.9108155681595932,0.7513812154696132,0.6938928437617085,0.7852211710559959,0.7037951249614317,0.7087323943661972,0.5533980582524272,0.6855345911949685,0.6961077844311377,0.8539007092198582,0.6644046884639112,0.7734412184673964,0.6607142857142857,0.7509047044632087,0.8463687150837989,0.8234398782343988,0.6456692913385826,0.5394663702056698,0.6334824032665759,0.7748597081930415,0.9108155681595932,0.7513812154696132,0.6938928437617085
66,0.7126,0.80107389414472,0.7238506633755014,0.7224413145539906,0.5275080906148867,0.6874213836477987,0.7080838323353293,0.850354609929078,0.6428130783466995,0.7782008567348881,0.65625,0.7484921592279855,0.8659217877094972,0.8310502283105022,0.6535433070866141,0.5075041689827682,0.6554540151662454,0.7854096520763187,0.9010365734402503,0.7292817679558011,0.7066316972648932,0.80107389414472,0.7238506633755014,0.7224413145539906,0.5275080906148867,0.6874213836477987,0.7080838323353293,0.850354609929078,0.6428130783466995,0.7782008567348881,0.65625,0.7484921592279855,0.8659217877094972,0.8310502283105022,0.6535433070866141,0.5075041689827682,0.6554540151662454,0.7854096520763187,0.9010365734402503,0.7292817679558011,0.7066316972648932
67,0.7126,0.7888008182050626,0.7099660598580685,0.7194366197183099,0.5598705501618123,0.6849056603773584,0.6916167664670658,0.8531914893617021,0.6526835286859963,0.7786768205616373,0.6607142857142857,0.7496984318455971,0.8547486033519553,0.8264840182648402,0.6299212598425197,0.519177320733741,0.6558428932529652,0.7818181818181819,0.9051437512223743,0.7292817679558011,0.6957662045710004,0.7888008182050626,0.7099660598580685,0.7194366197183099,0.5598705501618123,0.6849056603773584,0.6916167664670658,0.8531914893617021,0.6526835286859963,0.7786768205616373,0.6607142857142857,0.7496984318455971,0.8547486033519553,0.8264840182648402,0.6299212598425197,0.519177320733741,0.6558428932529652,0.7818181818181819,0.9051437512223743,0.7292817679558011,0.6957662045710004
68,0.7142,0.7946816670928152,0.726627584078988,0.7138028169014085,0.5728155339805825,0.6993710691823899,0.7125748502994012,0.8368794326241135,0.6594694632942628,0.7682056163731557,0.6607142857142857,0.7602533172496985,0.835195530726257,0.8285134449518011,0.6456692913385826,0.5411339633129516,0.6480653315185689,0.7910213243546577,0.8965382358693527,0.7513812154696132,0.6933308355189209,0.7946816670928152,0.726627584078988,0.7138028169014085,0.5728155339805825,0.6993710691823899,0.7125748502994012,0.8368794326241135,0.6594694632942628,0.7682056163731557,0.6607142857142857,0.7602533172496985,0.835195530726257,0.8285134449518011,0.6456692913385826,0.5411339633129516,0.6480653315185689,0.7910213243546577,0.8965382358693527,0.7513812154696132,0.6933308355189209
69,0.7138,0.7928918435182818,0.7136686207960506,0.7429107981220657,0.5566343042071198,0.6817610062893081,0.6976047904191617,0.8524822695035461,0.649599012954966,0.7582103760114232,0.6473214285714286,0.7460796139927623,0.8575418994413407,0.8401826484018264,0.6771653543307087,0.5239021678710395,0.6715924557651176,0.7937149270482604,0.8965382358693527,0.7569060773480663,0.6626077182465343,0.7928918435182818,0.7136686207960506,0.7429107981220657,0.5566343042071198,0.6817610062893081,0.6976047904191617,0.8524822695035461,0.649599012954966,0.7582103760114232,0.6473214285714286,0.7460796139927623,0.8575418994413407,0.8401826484018264,0.6771653543307087,0.5239021678710395,0.6715924557651176,0.7937149270482604,0.8965382358693527,0.7569060773480663,0.6626077182465343
70,0.7153,0.7954487343390437,0.7195310089478556,0.7171830985915493,0.5469255663430421,0.6993710691823899,0.7035928143712575,0.8404255319148937,0.6483652066625539,0.7791527843883865,0.6607142857142857,0.7578407720144753,0.8547486033519553,0.8249619482496194,0.6456692913385826,0.5102834908282379,0.6537040637760062,0.7840628507295174,0.9041658517504401,0.7569060773480663,0.696328212813788,0.7954487343390437,0.7195310089478556,0.7171830985915493,0.5469255663430421,0.6993710691823899,0.7035928143712575,0.8404255319148937,0.6483652066625539,0.7791527843883865,0.6607142857142857,0.7578407720144753,0.8547486033519553,0.8249619482496194,0.6456692913385826,0.5102834908282379,0.6537040637760062,0.7840628507295174,0.9041658517504401,0.7569060773480663,0.696328212813788
71,0.7134,0.7849654819739197,0.7105831533477321,0.7310798122065728,0.6019417475728155,0.6987421383647798,0.7005988023952096,0.850354609929078,0.6767427513880321,0.7624940504521657,0.6607142857142857,0.7542219541616405,0.8379888268156425,0.8366311516996449,0.6614173228346457,0.5800444691495276,0.6330935251798561,0.7910213243546577,0.8914531586152944,0.7403314917127072,0.691457474709629,0.7849654819739197,0.7105831533477321,0.7310798122065728,0.6019417475728155,0.6987421383647798,0.7005988023952096,0.850354609929078,0.6767427513880321,0.7624940504521657,0.6607142857142857,0.7542219541616405,0.8379888268156425,0.8366311516996449,0.6614173228346457,0.5800444691495276,0.6330935251798561,0.7910213243546577,0.8914531586152944,0.7403314917127072,0.691457474709629
72,0.7115,0.7818972129890054,0.6960814563406356,0.6944600938967136,0.5275080906148867,0.7056603773584905,0.687125748502994,0.8319148936170213,0.6397285626156693,0.7839124226558781,0.6607142857142857,0.7659831121833535,0.840782122905028,0.8274987316083207,0.6141732283464567,0.49694274596998333,0.6642037721174412,0.8038159371492705,0.9020144729121846,0.7734806629834254,0.724428624953166,0.7818972129890054,0.6960814563406356,0.6944600938967136,0.5275080906148867,0.7056603773584905,0.687125748502994,0.8319148936170213,0.6397285626156693,0.7839124226558781,0.6607142857142857,0.7659831121833535,0.840782122905028,0.8274987316083207,0.6141732283464567,0.49694274596998333,0.6642037721174412,0.8038159371492705,0.9020144729121846,0.7734806629834254,0.724428624953166
73,0.713,0.802352339555101,0.7195310089478556,0.7106103286384976,0.5469255663430421,0.6867924528301886,0.6991017964071856,0.8418439716312057,0.634176434299815,0.7710613993336506,0.6651785714285714,0.752714113389626,0.8491620111731844,0.8406900050735667,0.6692913385826772,0.49166203446359086,0.6601205522068831,0.8065095398428732,0.9039702718560532,0.7513812154696132,0.7002622705133008,0.802352339555101,0.7195310089478556,0.7106103286384976,0.5469255663430421,0.6867924528301886,0.6991017964071856,0.8418439716312057,0.634176434299815,0.7710613993336506,0.6651785714285714,0.752714113389626,0.8491620111731844,0.8406900050735667,0.6692913385826772,0.49166203446359086,0.6601205522068831,0.8065095398428732,0.9039702718560532,0.7513812154696132,0.7002622705133008
74,0.7139,0.8015852723088724,0.7219993829065103,0.7109859154929578,0.5501618122977346,0.7037735849056603,0.7140718562874252,0.849645390070922,0.661937075879087,0.7758210376011423,0.6785714285714286,0.7554282267792521,0.8379888268156425,0.8234398782343988,0.6220472440944882,0.5294608115619789,0.6165662064942641,0.7856341189674523,0.9162918052024251,0.7403314917127072,0.7118771075309105,0.8015852723088724,0.7219993829065103,0.7109859154929578,0.5501618122977346,0.7037735849056603,0.7140718562874252,0.849645390070922,0.661937075879087,0.7758210376011423,0.6785714285714286,0.7554282267792521,0.8379888268156425,0.8234398782343988,0.6220472440944882,0.5294608115619789,0.6165662064942641,0.7856341189674523,0.9162918052024251,0.7403314917127072,0.7118771075309105
75,0.7121,0.7949373561748914,0.7195310089478556,0.7156807511737089,0.5792880258899676,0.6842767295597484,0.7020958083832335,0.850354609929078,0.6594694632942628,0.7753450737743931,0.6607142857142857,0.7602533172496985,0.840782122905028,0.8295281582952816,0.6692913385826772,0.537242912729294,0.6502041609955279,0.7912457912457912,0.9024056327009583,0.7403314917127072,0.7004496065942301,0.7949373561748914,0.7195310089478556,0.7156807511737089,0.5792880258899676,0.6842767295597484,0.7020958083832335,0.850354609929078,0.6594694632942628,0.7753450737743931,0.6607142857142857,0.7602533172496985,0.840782122905028,0.8295281582952816,0.6692913385826772,0.537242912729294,0.6502041609955279,0.7912457912457912,0.9024056327009583,0.7403314917127072,0.7004496065942301
76,0.71,0.7957044234211199,0.7118173403270596,0.735962441314554,0.56957928802589,0.6874213836477987,0.7080838323353293,0.8560283687943262,0.6539173349784084,0.7696335078534031,0.6428571428571429,0.7418576598311218,0.8603351955307262,0.8335870116692035,0.6614173228346457,0.5083379655364091,0.6677036748979195,0.7986531986531986,0.9010365734402503,0.7458563535911602,0.6819033345822405,0.7957044234211199,0.7118173403270596,0.735962441314554,0.56957928802589,0.6874213836477987,0.7080838323353293,0.8560283687943262,0.6539173349784084,0.7696335078534031,0.6428571428571429,0.7418576598311218,0.8603351955307262,0.8335870116692035,0.6614173228346457,0.5083379655364091,0.6677036748979195,0.7986531986531986,0.9010365734402503,0.7458563535911602,0.6819033345822405
77,0.717,0.7951930452569675,0.7210737426720149,0.7128638497652582,0.5825242718446602,0.7031446540880503,0.7155688622754491,0.8652482269503546,0.6693399136335595,0.7715373631603998,0.6696428571428571,0.7593486127864898,0.8463687150837989,0.8305428716387621,0.6614173228346457,0.5316842690383546,0.6603149912502431,0.7809203142536476,0.9027967924897321,0.7458563535911602,0.6899587860621956,0.7951930452569675,0.7210737426720149,0.7128638497652582,0.5825242718446602,0.7031446540880503,0.7155688622754491,0.8652482269503546,0.6693399136335595,0.7715373631603998,0.6696428571428571,0.7593486127864898,0.8463687150837989,0.8305428716387621,0.6614173228346457,0.5316842690383546,0.6603149912502431,0.7809203142536476,0.9027967924897321,0.7458563535911602,0.6899587860621956
78,0.7176,0.7941702889286627,0.7247763036099969,0.732206572769953,0.5566343042071198,0.6937106918238993,0.7200598802395209,0.850354609929078,0.662553979025293,0.7734412184673964,0.65625,0.7578407720144753,0.8296089385474861,0.8411973617453069,0.6456692913385826,0.5302946081156198,0.6566206494264049,0.8017957351290684,0.8930177977703893,0.7569060773480663,0.7019482952416636,0.7941702889286627,0.7247763036099969,0.732206572769953,0.5566343042071198,0.6937106918238993,0.7200598802395209,0.850354609929078,0.662553979025293,0.7734412184673964,0.65625,0.7578407720144753,0.8296089385474861,0.8411973617453069,0.6456692913385826,0.5302946081156198,0.6566206494264049,0.8017957351290684,0.8930177977703893,0.7569060773480663,0.7019482952416636
79,0.7147,0.7816415239069292,0.697315643319963,0.7429107981220657,0.5792880258899676,0.6924528301886792,0.6961077844311377,0.8624113475177305,0.6588525601480567,0.7743931461208948,0.6785714285714286,0.7533172496984318,0.8519553072625698,0.8442415017757483,0.6220472440944882,0.5216787103946637,0.6665370406377601,0.7970819304152638,0.8984940348132212,0.7458563535911602,0.7056950168602473,0.7816415239069292,0.697315643319963,0.7429107981220657,0.5792880258899676,0.6924528301886792,0.6961077844311377,0.8624113475177305,0.6588525601480567,0.7743931461208948,0.6785714285714286,0.7533172496984318,0.8519553072625698,0.8442415017757483,0.6220472440944882,0.5216787103946637,0.6665370406377601,0.7970819304152638,0.8984940348132212,0.7458563535911602,0.7056950168602473
80,0.7139,0.8059319867041678,0.7281703178031472,0.7164319248826291,0.5663430420711975,0.6823899371069182,0.7095808383233533,0.851063829787234,0.6533004318322023,0.774869109947644,0.6651785714285714,0.7506031363088058,0.840782122905028,0.837138508371385,0.6456692913385826,0.5155642023346303,0.6640093330740813,0.7867564534231201,0.9061216506943086,0.7348066298342542,0.6952041963282128,0.8059319867041678,0.7281703178031472,0.7164319248826291,0.5663430420711975,0.6823899371069182,0.7095808383233533,0.851063829787234,0.6533004318322023,0.774869109947644,0.6651785714285714,0.7506031363088058,0.840782122905028,0.837138508371385,0.6456692913385826,0.5155642023346303,0.6640093330740813,0.7867564534231201,0.9061216506943086,0.7348066298342542,0.6952041963282128
81,0.7114,0.7831756583993863,0.6979327368096266,0.7261971830985916,0.5922330097087378,0.670440251572327,0.6961077844311377,0.8382978723404255,0.6594694632942628,0.7715373631603998,0.6428571428571429,0.7536188178528347,0.8268156424581006,0.8483003551496702,0.6377952755905512,0.528627015008338,0.662453820727202,0.8085297418630752,0.9006454136514767,0.7624309392265194,0.6998875983514425,0.7831756583993863,0.6979327368096266,0.7261971830985916,0.5922330097087378,0.670440251572327,0.6961077844311377,0.8382978723404255,0.6594694632942628,0.7715373631603998,0.6428571428571429,0.7536188178528347,0.8268156424581006,0.8483003551496702,0.6377952755905512,0.528627015008338,0.662453820727202,0.8085297418630752,0.9006454136514767,0.7624309392265194,0.6998875983514425
82,0.7175,0.8031194068013295,0.7275532243134835,0.7111737089201878,0.5922330097087378,0.6943396226415094,0.7215568862275449,0.8468085106382979,0.6662553979025293,0.7786768205616373,0.6696428571428571,0.767490952955368,0.8435754189944135,0.8447488584474886,0.6456692913385826,0.5300166759310728,0.6472875753451293,0.784736251402918,0.9037746919616664,0.7403314917127072,0.692394155114275,0.8031194068013295,0.7275532243134835,0.7111737089201878,0.5922330097087378,0.6943396226415094,0.7215568862275449,0.8468085106382979,0.6662553979025293,0.7786768205616373,0.6696428571428571,0.767490952955368,0.8435754189944135,0.8447488584474886,0.6456692913385826,0.5300166759310728,0.6472875753451293,0.784736251402918,0.9037746919616664,0.7403314917127072,0.692394155114275
83,0.7134,0.8090002556890821,0.744214748534403,0.7235680751173709,0.5598705501618123,0.6735849056603773,0.7050898203592815,0.849645390070922,0.6526835286859963,0.7610661589719181,0.6517857142857143,0.741556091676719,0.8268156424581006,0.8442415017757483,0.6850393700787402,0.5122290161200667,0.6826754812366324,0.8031425364758699,0.9012321533346372,0.7679558011049724,0.6820906706631698,0.8090002556890821,0.744214748534403,0.7235680751173709,0.5598705501618123,0.6735849056603773,0.7050898203592815,0.849645390070922,0.6526835286859963,0.7610661589719181,0.6517857142857143,0.741556091676719,0.8268156424581006,0.8442415017757483,0.6850393700787402,0.5122290161200667,0.6826754812366324,0.8031425364758699,0.9012321533346372,0.7679558011049724,0.6820906706631698
84,0.7159,0.8033750958834058,0.720765195927183,0.7245070422535211,0.5631067961165048,0.6861635220125786,0.7095808383233533,0.8361702127659575,0.6539173349784084,0.7801047120418848,0.6607142857142857,0.7629674306393245,0.8296089385474861,0.8376458650431253,0.6377952755905512,0.5086158977209561,0.6498152829088081,0.8089786756453423,0.9119890475259144,0.7513812154696132,0.7234919445485201,0.8033750958834058,0.720765195927183,0.7245070422535211,0.5631067961165048,0.6861635220125786,0.7095808383233533,0.8361702127659575,0.6539173349784084,0.7801047120418848,0.6607142857142857,0.7629674306393245,0.8296089385474861,0.8376458650431253,0.6377952755905512,0.5086158977209561,0.6498152829088081,0.8089786756453423,0.9119890475259144,0.7513812154696132,0.7234919445485201
85,0.7154,0.8171823063155204,0.7374267201481024,0.7335211267605634,0.5339805825242718,0.6698113207547169,0.7200598802395209,0.8567375886524823,0.6335595311536089,0.797715373631604,0.6473214285714286,0.7418576598311218,0.840782122905028,0.8356164383561644,0.6771653543307087,0.4830461367426348,0.6595372350768034,0.782716049382716,0.9147271660473303,0.7624309392265194,0.733420756837767,0.8171823063155204,0.7374267201481024,0.7335211267605634,0.5339805825242718,0.6698113207547169,0.7200598802395209,0.8567375886524823,0.6335595311536089,0.797715373631604,0.6473214285714286,0.7418576598311218,0.840782122905028,0.8356164383561644,0.6771653543307087,0.4830461367426348,0.6595372350768034,0.782716049382716,0.9147271660473303,0.7624309392265194,0.733420756837767
86,0.7154,0.7944259780107389,0.7195310089478556,0.7588732394366198,0.5760517799352751,0.6949685534591195,0.7095808383233533,0.8382978723404255,0.6471314003701419,0.7667777248929082,0.6919642857142857,0.7590470446320868,0.8296089385474861,0.8335870116692035,0.6614173228346457,0.5205669816564759,0.6593427960334435,0.8011223344556678,0.904361431644827,0.7790055248618785,0.6976395653802923,0.7944259780107389,0.7195310089478556,0.7588732394366198,0.5760517799352751,0.6949685534591195,0.7095808383233533,0.8382978723404255,0.6471314003701419,0.7667777248929082,0.6919642857142857,0.7590470446320868,0.8296089385474861,0.8335870116692035,0.6614173228346457,0.5205669816564759,0.6593427960334435,0.8011223344556678,0.904361431644827,0.7790055248618785,0.6976395653802923
87,0.7157,0.7957044234211199,0.7176797284788645,0.7154929577464789,0.5728155339805825,0.7176100628930817,0.688622754491018,0.849645390070922,0.6607032695866749,0.7801047120418848,0.6875,0.7819662243667069,0.8184357541899442,0.8396752917300863,0.6456692913385826,0.5383546414674819,0.6599261131635232,0.8035914702581369,0.8967338157637395,0.7734806629834254,0.7118771075309105,0.7957044234211199,0.7176797284788645,0.7154929577464789,0.5728155339805825,0.7176100628930817,0.688622754491018,0.849645390070922,0.6607032695866749,0.7801047120418848,0.6875,0.7819662243667069,0.8184357541899442,0.8396752917300863,0.6456692913385826,0.5383546414674819,0.6599261131635232,0.8035914702581369,0.8967338157637395,0.7734806629834254,0.7118771075309105
88,0.716,0.7954487343390437,0.720765195927183,0.7481690140845071,0.5728155339805825,0.6767295597484276,0.7065868263473054,0.8425531914893617,0.6551511412708205,0.7762970014278915,0.65625,0.7542219541616405,0.8100558659217877,0.8432267884322678,0.6377952755905512,0.5047248471372985,0.6686758701147191,0.815263748597082,0.9031879522785058,0.7679558011049724,0.7056950168602473,0.7954487343390437,0.720765195927183,0.7481690140845071,0.5728155339805825,0.6767295597484276,0.7065868263473054,0.8425531914893617,0.6551511412708205,0.7762970014278915,0.65625,0.7542219541616405,0.8100558659217877,0.8432267884322678,0.6377952755905512,0.5047248471372985,0.6686758701147191,0.815263748597082,0.9031879522785058,0.7679558011049724,0.7056950168602473
89,0.715,0.7974942469956533,0.7139771675408825,0.7138028169014085,0.5760517799352751,0.7050314465408805,0.6991017964071856,0.8546099290780141,0.6693399136335595,0.7796287482151356,0.65625,0.7783474065138721,0.8379888268156425,0.8427194317605277,0.6377952755905512,0.5341856586992774,0.6527318685592067,0.796408529741863,0.909642088793272,0.7513812154696132,0.6987635818658674,0.7974942469956533,0.7139771675408825,0.7138028169014085,0.5760517799352751,0.7050314465408805,0.6991017964071856,0.8546099290780141,0.6693399136335595,0.7796287482151356,0.65625,0.7783474065138721,0.8379888268156425,0.8427194317605277,0.6377952755905512,0.5341856586992774,0.6527318685592067,0.796408529741863,0.909642088793272,0.7513812154696132,0.6987635818658674
90,0.7126,0.7957044234211199,0.7142857142857143,0.7305164319248826,0.5663430420711975,0.6955974842767295,0.7005988023952096,0.8595744680851064,0.6391116594694632,0.774869109947644,0.6383928571428571,0.7677925211097708,0.835195530726257,0.8483003551496702,0.6535433070866141,0.4936075597554197,0.6904530429710286,0.804040404040404,0.904361431644827,0.7624309392265194,0.697452229299363,0.7957044234211199,0.7142857142857143,0.7305164319248826,0.5663430420711975,0.6955974842767295,0.7005988023952096,0.8595744680851064,0.6391116594694632,0.774869109947644,0.6383928571428571,0.7677925211097708,0.835195530726257,0.8483003551496702,0.6535433070866141,0.4936075597554197,0.6904530429710286,0.804040404040404,0.904361431644827,0.7624309392265194,0.697452229299363
91,0.7168,0.7962158015852723,0.7210737426720149,0.7192488262910798,0.6084142394822006,0.6849056603773584,0.7050898203592815,0.8588652482269503,0.6773596545342381,0.7824845311756307,0.6696428571428571,0.755729794933655,0.8240223463687151,0.84779299847793,0.6771653543307087,0.5450250138966092,0.6476764534318491,0.797979797979798,0.9053393311167612,0.7348066298342542,0.7317347321094043,0.7962158015852723,0.7210737426720149,0.7192488262910798,0.6084142394822006,0.6849056603773584,0.7050898203592815,0.8588652482269503,0.6773596545342381,0.7824845311756307,0.6696428571428571,0.755729794933655,0.8240223463687151,0.84779299847793,0.6771653543307087,0.5450250138966092,0.6476764534318491,0.797979797979798,0.9053393311167612,0.7348066298342542,0.7317347321094043
92,0.719,0.8041421631296344,0.7253933970996606,0.7350234741784037,0.5631067961165048,0.6761006289308176,0.7170658682634731,0.8468085106382979,0.649599012954966,0.7858162779628748,0.6696428571428571,0.7451749095295537,0.8184357541899442,0.8457635717909691,0.6456692913385826,0.5030572540300167,0.6638148940307214,0.8092031425364759,0.9049481713279874,0.7900552486187845,0.7276133383289621,0.8041421631296344,0.7253933970996606,0.7350234741784037,0.5631067961165048,0.6761006289308176,0.7170658682634731,0.8468085106382979,0.649599012954966,0.7858162779628748,0.6696428571428571,0.7451749095295537,0.8184357541899442,0.8457635717909691,0.6456692913385826,0.5030572540300167,0.6638148940307214,0.8092031425364759,0.9049481713279874,0.7900552486187845,0.7276133383289621
93,0.7129,0.7982613142418818,0.720765195927183,0.7222535211267606,0.5728155339805825,0.6578616352201258,0.7200598802395209,0.8695035460992908,0.6674892041949414,0.7829604950023799,0.65625,0.7427623642943305,0.840782122905028,0.8457635717909691,0.6456692913385826,0.519733185102835,0.6657592844643204,0.7952861952861953,0.9129669469978486,0.7734806629834254,0.7077557137504683,0.7982613142418818,0.720765195927183,0.7222535211267606,0.5728155339805825,0.6578616352201258,0.7200598802395209,0.8695035460992908,0.6674892041949414,0.7829604950023799,0.65625,0.7427623642943305,0.840782122905028,0.8457635717909691,0.6456692913385826,0.519733185102835,0.6657592844643204,0.7952861952861953,0.9129669469978486,0.7734806629834254,0.7077557137504683
94,0.7205,0.7957044234211199,0.7204566491823511,0.7353990610328639,0.5825242718446602,0.7018867924528301,0.7095808383233533,0.8666666666666667,0.6705737199259716,0.7810566396953832,0.6741071428571429,0.767189384800965,0.840782122905028,0.852359208523592,0.6614173228346457,0.5447470817120622,0.6572039665564845,0.7916947250280584,0.8982984549188343,0.7679558011049724,0.7206819033345823,0.7957044234211199,0.7204566491823511,0.7353990610328639,0.5825242718446602,0.7018867924528301,0.7095808383233533,0.8666666666666667,0.6705737199259716,0.7810566396953832,0.6741071428571429,0.767189384800965,0.840782122905028,0.852359208523592,0.6614173228346457,0.5447470817120622,0.6572039665564845,0.7916947250280584,0.8982984549188343,0.7679558011049724,0.7206819033345823
95,0.7152,0.7859882383022245,0.7068805924097501,0.7263849765258216,0.6019417475728155,0.6962264150943396,0.7005988023952096,0.850354609929078,0.6859962985811228,0.7829604950023799,0.6696428571428571,0.764475271411339,0.8240223463687151,0.8386605783866058,0.6535433070866141,0.556420233463035,0.6595372350768034,0.7986531986531986,0.9063172305886955,0.7845303867403315,0.7326714125140502,0.7859882383022245,0.7068805924097501,0.7263849765258216,0.6019417475728155,0.6962264150943396,0.7005988023952096,0.850354609929078,0.6859962985811228,0.7829604950023799,0.6696428571428571,0.764475271411339,0.8240223463687151,0.8386605783866058,0.6535433070866141,0.556420233463035,0.6595372350768034,0.7986531986531986,0.9063172305886955,0.7845303867403315,0.7326714125140502
96,0.7161,0.7992840705701867,0.7219993829065103,0.7466666666666667,0.5469255663430421,0.6974842767295597,0.7170658682634731,0.8673758865248227,0.6465144972239358,0.786292241789624,0.6607142857142857,0.7656815440289505,0.8268156424581006,0.8528665651953323,0.6850393700787402,0.4877709838799333,0.6636204549873614,0.797979797979798,0.9088597692157246,0.7955801104972375,0.7146871487448483,0.7992840705701867,0.7219993829065103,0.7466666666666667,0.5469255663430421,0.6974842767295597,0.7170658682634731,0.8673758865248227,0.6465144972239358,0.786292241789624,0.6607142857142857,0.7656815440289505,0.8268156424581006,0.8528665651953323,0.6850393700787402,0.4877709838799333,0.6636204549873614,0.797979797979798,0.9088597692157246,0.7955801104972375,0.7146871487448483
97,0.7161,0.7974942469956533,0.7219993829065103,0.7335211267605634,0.5663430420711975,0.6880503144654088,0.7110778443113772,0.8567375886524823,0.6563849475632326,0.777724892908139,0.6741071428571429,0.7542219541616405,0.8268156424581006,0.8356164383561644,0.6692913385826772,0.5086158977209561,0.6807310908030333,0.7955106621773288,0.912575787209075,0.7624309392265194,0.7159985013113526,0.7974942469956533,0.7219993829065103,0.7335211267605634,0.5663430420711975,0.6880503144654088,0.7110778443113772,0.8567375886524823,0.6563849475632326,0.777724892908139,0.6741071428571429,0.7542219541616405,0.8268156424581006,0.8356164383561644,0.6692913385826772,0.5086158977209561,0.6807310908030333,0.7955106621773288,0.912575787209075,0.7624309392265194,0.7159985013113526
98,0.7173,0.793147532600358,0.7198395556926874,0.7459154929577465,0.5857605177993528,0.7144654088050314,0.7140718562874252,0.8482269503546099,0.6730413325107958,0.7682056163731557,0.6696428571428571,0.7741254523522316,0.8184357541899442,0.8559107052257737,0.6929133858267716,0.5361311839911062,0.639510013610733,0.8121212121212121,0.8979072951300606,0.7679558011049724,0.7070063694267515,0.793147532600358,0.7198395556926874,0.7459154929577465,0.5857605177993528,0.7144654088050314,0.7140718562874252,0.8482269503546099,0.6730413325107958,0.7682056163731557,0.6696428571428571,0.7741254523522316,0.8184357541899442,0.8559107052257737,0.6929133858267716,0.5361311839911062,0.639510013610733,0.8121212121212121,0.8979072951300606,0.7679558011049724,0.7070063694267515
99,0.7168,0.7982613142418818,0.7195310089478556,0.7425352112676057,0.5501618122977346,0.7144654088050314,0.7320359281437125,0.8560283687943262,0.6428130783466995,0.7829604950023799,0.65625,0.7804583835946924,0.8324022346368715,0.8290208016235413,0.6692913385826772,0.49694274596998333,0.6752867975889558,0.7876543209876543,0.9051437512223743,0.7569060773480663,0.7174971899587861,0.7982613142418818,0.7195310089478556,0.7425352112676057,0.5501618122977346,0.7144654088050314,0.7320359281437125,0.8560283687943262,0.6428130783466995,0.7829604950023799,0.65625,0.7804583835946924,0.8324022346368715,0.8290208016235413,0.6692913385826772,0.49694274596998333,0.6752867975889558,0.7876543209876543,0.9051437512223743,0.7569060773480663,0.7174971899587861
100,0.6375,0.6865251853745845,0.734341252699784,0.6985915492957746,0.6407766990291263,0.6672955974842767,0.312874251497006,0.8361702127659575,0.19432449105490437,0.5706806282722513,0.5803571428571429,0.6260554885404102,0.6675977653631285,0.4140030441400304,0.23622047244094488,0.6675931072818232,0.370795255687342,0.6307519640852974,0.7598278896929396,0.6353591160220995,0.6318846009741477,0.6865251853745845,0.734341252699784,0.6985915492957746,0.6407766990291263,0.6672955974842767,0.8562874251497006,0.8361702127659575,0.8550277606415793,0.871965730604474,0.8660714285714286,0.6260554885404102,0.6675977653631285,0.8300355149670218,0.7874015748031497,0.6675931072818232,0.9671398016721757,0.6307519640852974,0.7598278896929396,0.6353591160220995,0.6318846009741477
101,0.6365,0.6867808744566607,0.7182968219685283,0.7385915492957746,0.598705501618123,0.6672955974842767,0.3398203592814371,0.8163120567375887,0.22208513263417642,0.5659209900047596,0.5848214285714286,0.6302774427020507,0.6480446927374302,0.40690005073566715,0.2204724409448819,0.5914396887159533,0.34357378961695506,0.6695847362514029,0.7680422452571876,0.6795580110497238,0.6268265267890596,0.6867808744566607,0.7182968219685283,0.7385915492957746,0.598705501618123,0.6672955974842767,0.8967065868263473,0.8163120567375887,0.9074645280690932,0.9224178962398858,0.9017857142857143,0.6302774427020507,0.6480446927374302,0.8548959918822933,0.8031496062992126,0.5914396887159533,0.9735562901030527,0.6695847362514029,0.7680422452571876,0.6795580110497238,0.6268265267890596
102,0.6339,0.6632574789056507,0.7173711817340327,0.751924882629108,0.4854368932038835,0.6849056603773584,0.3562874251497006,0.8035460992907801,0.25848241826033314,0.5892432175154688,0.59375,0.6417370325693607,0.61731843575419,0.40385591070522575,0.2283464566929134,0.4841578654808227,0.3297686175384017,0.6951739618406285,0.7803637786035595,0.6906077348066298,0.6549269389284376,0.6632574789056507,0.7173711817340327,0.751924882629108,0.4854368932038835,0.6849056603773584,0.9206586826347305,0.8035460992907801,0.933374460209747,0.962874821513565,0.9508928571428571,0.6417370325693607,0.61731843575419,0.882800608828006,0.8346456692913385,0.4841578654808227,0.9755006805366517,0.6951739618406285,0.7803637786035595,0.6906077348066298,0.6549269389284376
103,0.6093,0.6330861672206597,0.6991669237889541,0.7419718309859155,0.42071197411003236,0.6584905660377358,0.35179640718562877,0.8212765957446808,0.3658235657001851,0.6220847215611613,0.6116071428571429,0.6139927623642943,0.6005586592178771,0.4155251141552511,0.2440944881889764,0.4302390216787104,0.3289908613649621,0.672053872053872,0.8145902601212596,0.6961325966850829,0.6333832896215811,0.6330861672206597,0.6991669237889541,0.7419718309859155,0.42071197411003236,0.6584905660377358,0.9461077844311377,0.8212765957446808,0.634793337446021,0.957163255592575,0.96875,0.6139927623642943,0.6005586592178771,0.9487569761542364,0.8346456692913385,0.4302390216787104,0.9825004860976084,0.672053872053872,0.8145902601212596,0.6961325966850829,0.6333832896215811
104,0.6068,0.6502173357197648,0.6951558161061401,0.7752112676056339,0.3883495145631068,0.6716981132075471,0.34880239520958084,0.8290780141843972,0.33559531153608885,0.6116135173726797,0.6116071428571429,0.6420386007237636,0.61731843575419,0.48148148148148145,0.2204724409448819,0.40161200667037245,0.3356017888391989,0.593939393939394,0.7799726188147859,0.6077348066298343,0.6509928812289247,0.6502173357197648,0.6951558161061401,0.7752112676056339,0.3883495145631068,0.6716981132075471,0.9655688622754491,0.8290780141843972,0.6853793954349168,0.9723940980485483,0.9732142857142857,0.6420386007237636,0.61731843575419,0.48148148148148145,0.8503937007874016,0.40161200667037245,0.9846393155745674,0.593939393939394,0.7799726188147859,0.6077348066298343,0.6509928812289247
105,0.6162,0.6878036307849655,0.7673557543967912,0.7352112676056338,0.43042071197411,0.6534591194968553,0.33682634730538924,0.8319148936170213,0.29919802590993216,0.6187529747739172,0.6116071428571429,0.623642943305187,0.6284916201117319,0.4302384576357179,0.2283464566929134,0.4002223457476376,0.40015555123468793,0.663973063973064,0.7899471934285156,0.6850828729281768,0.6371300112401649,0.6878036307849655,0.7673557543967912,0.7352112676056338,0.43042071197411,0.6534591194968553,0.33682634730538924,0.8319148936170213,0.6576187538556446,0.6187529747739172,0.9553571428571429,0.623642943305187,0.6284916201117319,0.4302384576357179,0.8740157480314961,0.4002223457476376,0.40015555123468793,0.663973063973064,0.7899471934285156,0.6850828729281768,0.6371300112401649
106,0.6011,0.6468933776527742,0.7624190064794817,0.7231924882629108,0.4110032362459547,0.6383647798742138,0.3323353293413174,0.8659574468085106,0.3473164713140037,0.6901475487862923,0.5982142857142857,0.5949939686369119,0.6033519553072626,0.46321664129883305,0.1968503937007874,0.39271817676486936,0.4355434571261909,0.6042648709315376,0.8423626051241933,0.6298342541436464,0.6702884975646309,0.6468933776527742,0.7624190064794817,0.7231924882629108,0.4110032362459547,0.6383647798742138,0.5029940119760479,0.8659574468085106,0.3473164713140037,0.6901475487862923,0.5982142857142857,0.5949939686369119,0.6033519553072626,0.46321664129883305,0.1968503937007874,0.39271817676486936,0.4355434571261909,0.6042648709315376,0.8423626051241933,0.6298342541436464,0.6702884975646309
107,0.6084,0.6837126054717464,0.7593335390311632,0.7145539906103286,0.39805825242718446,0.6496855345911949,0.3338323353293413,0.8411347517730496,0.3429981492905614,0.6316039980961446,0.6294642857142857,0.6278648974668275,0.6452513966480447,0.45560629122272955,0.23622047244094488,0.3451917732073374,0.4400155551234688,0.609652076318743,0.7960101701545081,0.6353591160220995,0.6667291120269764,0.6837126054717464,0.7593335390311632,0.7145539906103286,0.39805825242718446,0.6496855345911949,0.5179640718562875,0.8411347517730496,0.3429981492905614,0.6316039980961446,0.6294642857142857,0.6278648974668275,0.6452513966480447,0.45560629122272955,0.23622047244094488,0.3451917732073374,0.4400155551234688,0.609652076318743,0.7960101701545081,0.6353591160220995,0.6667291120269764
108,0.6013,0.6607005880848887,0.7778463437210738,0.7153051643192488,0.4077669902912621,0.630188679245283,0.3188622754491018,0.8581560283687943,0.3658235657001851,0.6825321275583056,0.5982142857142857,0.6022316043425814,0.6256983240223464,0.4627092846270928,0.2125984251968504,0.37493051695386326,0.4549873614621816,0.5851851851851851,0.8390377469196166,0.5911602209944752,0.6742225552641439,0.6607005880848887,0.7778463437210738,0.7153051643192488,0.4077669902912621,0.630188679245283,0.47604790419161674,0.8581560283687943,0.3658235657001851,0.6825321275583056,0.5982142857142857,0.6022316043425814,0.6256983240223464,0.4627092846270928,0.2125984251968504,0.37493051695386326,0.4549873614621816,0.5851851851851851,0.8390377469196166,0.5911602209944752,0.6742225552641439
109,0.5949,0.6550754282792125,0.7553224313483493,0.6931455399061033,0.39158576051779936,0.630188679245283,0.3263473053892216,0.8539007092198582,0.36829117828500924,0.6720609233698239,0.625,0.6130880579010857,0.6396648044692738,0.4642313546423135,0.2283464566929134,0.3638132295719844,0.45537623954890144,0.6089786756453424,0.8300410717778213,0.6464088397790055,0.6785312851255152,0.6550754282792125,0.7553224313483493,0.6931455399061033,0.39158576051779936,0.630188679245283,0.5763473053892215,0.8539007092198582,0.36829117828500924,0.6720609233698239,0.625,0.6130880579010857,0.6396648044692738,0.4642313546423135,0.2283464566929134,0.3638132295719844,0.45537623954890144,0.6089786756453424,0.8300410717778213,0.6464088397790055,0.6785312851255152
110,0.5989,0.6739964203528509,0.7704412218451095,0.7015962441314554,0.3818770226537217,0.6477987421383647,0.3263473053892216,0.8624113475177305,0.37692782233189387,0.6501665873393622,0.6160714285714286,0.6124849215922799,0.6424581005586593,0.465246067985794,0.2204724409448819,0.36436909394107836,0.45615399572234105,0.5986531986531987,0.8230001955798943,0.6022099447513812,0.6588609966279505,0.6739964203528509,0.7704412218451095,0.7015962441314554,0.3818770226537217,0.6477987421383647,0.6197604790419161,0.8624113475177305,0.37692782233189387,0.6501665873393622,0.6160714285714286,0.6124849215922799,0.6424581005586593,0.465246067985794,0.2204724409448819,0.36436909394107836,0.45615399572234105,0.5986531986531987,0.8230001955798943,0.6022099447513812,0.6588609966279505
111,0.6033,0.6514957811301457,0.740203640851589,0.7310798122065728,0.39158576051779936,0.6547169811320754,0.3323353293413174,0.8680851063829788,0.3528685996298581,0.6658733936220848,0.6339285714285714,0.623642943305187,0.6508379888268156,0.4698122780314561,0.2204724409448819,0.3816008893829905,0.4320435543457126,0.6058361391694725,0.8228046156855076,0.5966850828729282,0.6674784563506931,0.6514957811301457,0.740203640851589,0.7310798122065728,0.39158576051779936,0.6547169811320754,0.6362275449101796,0.8680851063829788,0.3528685996298581,0.6658733936220848,0.6339285714285714,0.623642943305187,0.6508379888268156,0.4698122780314561,0.2204724409448819,0.3816008893829905,0.4320435543457126,0.6058361391694725,0.8228046156855076,0.5966850828729282,0.6674784563506931
112,0.594,0.6624904116594221,0.7642702869484727,0.6955868544600939,0.3592233009708738,0.6339622641509434,0.3323353293413174,0.8588652482269503,0.38309685379395436,0.6963350785340314,0.6026785714285714,0.6082629674306393,0.6256983240223464,0.4774226281075596,0.2125984251968504,0.3521400778210117,0.44701536068442543,0.5874298540965207,0.8396244866027772,0.6022099447513812,0.6989509179467965,0.6624904116594221,0.7642702869484727,0.6955868544600939,0.3592233009708738,0.6339622641509434,0.6362275449101796,0.8588652482269503,0.38309685379395436,0.6963350785340314,0.6026785714285714,0.6082629674306393,0.6256983240223464,0.4774226281075596,0.2125984251968504,0.3521400778210117,0.44701536068442543,0.5874298540965207,0.8396244866027772,0.6022099447513812,0.6989509179467965
113,0.5887,0.6642802352339555,0.759950632520827,0.704037558685446,0.32038834951456313,0.6289308176100629,0.3278443113772455,0.8702127659574468,0.40777297964219616,0.6663493574488338,0.6205357142857143,0.6073582629674307,0.6368715083798883,0.4733637747336377,0.23622047244094488,0.31183991106170095,0.45907058137273965,0.6017957351290685,0.834343829454332,0.6132596685082873,0.6586736605470214,0.6642802352339555,0.759950632520827,0.704037558685446,0.32038834951456313,0.6289308176100629,0.3278443113772455,0.8702127659574468,0.40777297964219616,0.6663493574488338,0.6205357142857143,0.6073582629674307,0.6368715083798883,0.4733637747336377,0.23622047244094488,0.31183991106170095,0.45907058137273965,0.6017957351290685,0.834343829454332,0.6132596685082873,0.6586736605470214
114,0.595,0.6543083610329838,0.7568651650725085,0.72018779342723,0.3656957928802589,0.6666666666666666,0.3323353293413174,0.8553191489361702,0.35348550277606416,0.6758686339838172,0.6205357142857143,0.6335946924004825,0.6284916201117319,0.4794520547945205,0.2440944881889764,0.3376876042245692,0.47034804588761425,0.5869809203142536,0.8284764326227264,0.580110497237569,0.6922068190333458,0.6543083610329838,0.7568651650725085,0.72018779342723,0.3656957928802589,0.6666666666666666,0.3323353293413174,0.8553191489361702,0.35348550277606416,0.6758686339838172,0.6205357142857143,0.6335946924004825,0.6284916201117319,0.4794520547945205,0.2440944881889764,0.3376876042245692,0.47034804588761425,0.5869809203142536,0.8284764326227264,0.580110497237569,0.6922068190333458
115,0.5911,0.6338532344668882,0.7491514964517124,0.7245070422535211,0.3948220064724919,0.6433962264150943,0.33532934131736525,0.8560283687943262,0.39358420727945714,0.7001427891480247,0.6294642857142857,0.6079613992762364,0.6061452513966481,0.47387113140537795,0.2283464566929134,0.3790994997220678,0.46179272797977833,0.6175084175084176,0.8542929786817915,0.6077348066298343,0.6573623079805171,0.6338532344668882,0.7491514964517124,0.7245070422535211,0.3948220064724919,0.6433962264150943,0.33532934131736525,0.8560283687943262,0.39358420727945714,0.7001427891480247,0.6294642857142857,0.6079613992762364,0.6061452513966481,0.47387113140537795,0.2283464566929134,0.3790994997220678,0.46179272797977833,0.6175084175084176,0.8542929786817915,0.6077348066298343,0.6573623079805171
116,0.6049,0.6745077985170034,0.7642702869484727,0.7102347417840376,0.3786407766990291,0.6415094339622641,0.3413173652694611,0.8560283687943262,0.36644046884639114,0.6663493574488338,0.6205357142857143,0.6115802171290712,0.6340782122905028,0.46778285134449515,0.2125984251968504,0.35714285714285715,0.4623760451098581,0.6069584736251403,0.8253471543125367,0.6132596685082873,0.6882727613338329,0.6745077985170034,0.7642702869484727,0.7102347417840376,0.3786407766990291,0.6415094339622641,0.3413173652694611,0.8560283687943262,0.36644046884639114,0.6663493574488338,0.6205357142857143,0.6115802171290712,0.6340782122905028,0.46778285134449515,0.2125984251968504,0.35714285714285715,0.4623760451098581,0.6069584736251403,0.8253471543125367,0.6132596685082873,0.6882727613338329
117,0.6077,0.6716952186141651,0.7571737118173403,0.723943661971831,0.36893203883495146,0.6540880503144654,0.3413173652694611,0.8553191489361702,0.364589759407773,0.6692051404093289,0.5982142857142857,0.6197225572979493,0.6229050279329609,0.46930492135971585,0.2283464566929134,0.34102279043913286,0.4487653120746646,0.622895622895623,0.8233913553686681,0.6353591160220995,0.6948295241663545,0.6716952186141651,0.7571737118173403,0.723943661971831,0.36893203883495146,0.6540880503144654,0.3413173652694611,0.8553191489361702,0.364589759407773,0.6692051404093289,0.5982142857142857,0.6197225572979493,0.6229050279329609,0.46930492135971585,0.2283464566929134,0.34102279043913286,0.4487653120746646,0.622895622895623,0.8233913553686681,0.6353591160220995,0.6948295241663545
118,0.594,0.6612119662490412,0.7645788336933045,0.7138028169014085,0.3786407766990291,0.630817610062893,0.32335329341317365,0.8716312056737588,0.39235040098704504,0.6749167063303189,0.6116071428571429,0.6070566948130277,0.6368715083798883,0.4840182648401826,0.2204724409448819,0.3479710950528071,0.4742368267548124,0.5975308641975309,0.8335615098767847,0.585635359116022,0.6581116523042337,0.6612119662490412,0.7645788336933045,0.7138028169014085,0.3786407766990291,0.630817610062893,0.32335329341317365,0.8716312056737588,0.39235040098704504,0.6749167063303189,0.6116071428571429,0.6070566948130277,0.6368715083798883,0.4840182648401826,0.2204724409448819,0.3479710950528071,0.4742368267548124,0.5975308641975309,0.8335615098767847,0.585635359116022,0.6581116523042337
119,0.6064,0.6872922526208131,0.7679728478864548,0.6925821596244132,0.3656957928802589,0.6710691823899371,0.344311377245509,0.8546099290780141,0.3571869216533004,0.646834840552118,0.6428571428571429,0.637816646562123,0.6508379888268156,0.47843734145104005,0.2204724409448819,0.36548082267926624,0.4691814116274548,0.5858585858585859,0.8169372188539018,0.585635359116022,0.6897714499812664,0.6872922526208131,0.7679728478864548,0.6925821596244132,0.3656957928802589,0.6710691823899371,0.344311377245509,0.8546099290780141,0.3571869216533004,0.646834840552118,0.6428571428571429,0.637816646562123,0.6508379888268156,0.47843734145104005,0.2204724409448819,0.36548082267926624,0.4691814116274548,0.5858585858585859,0.8169372188539018,0.585635359116022,0.6897714499812664
120,0.5933,0.6384556379442597,0.7534711508793582,0.7258215962441315,0.3948220064724919,0.6320754716981132,0.33682634730538924,0.8581560283687943,0.3880320789636027,0.7134697762970015,0.6160714285714286,0.6109770808202654,0.5865921787709497,0.47691527143581935,0.2283464566929134,0.38299055030572543,0.47034804588761425,0.5890011223344557,0.8597692157246235,0.6077348066298343,0.6937055076807793,0.6384556379442597,0.7534711508793582,0.7258215962441315,0.3948220064724919,0.6320754716981132,0.33682634730538924,0.8581560283687943,0.3880320789636027,0.7134697762970015,0.6160714285714286,0.6109770808202654,0.5865921787709497,0.47691527143581935,0.2283464566929134,0.38299055030572543,0.47034804588761425,0.5890011223344557,0.8597692157246235,0.6077348066298343,0.6937055076807793
121,0.6066,0.6670928151367936,0.7658130206726319,0.7030985915492958,0.3786407766990291,0.6509433962264151,0.3383233532934132,0.8617021276595744,0.37692782233189387,0.6777724892908139,0.6116071428571429,0.629372738238842,0.6229050279329609,0.4748858447488584,0.23622047244094488,0.3538076709282935,0.4752090219716119,0.6094276094276094,0.8284764326227264,0.6298342541436464,0.695391532409142,0.6670928151367936,0.7658130206726319,0.7030985915492958,0.3786407766990291,0.6509433962264151,0.3383233532934132,0.8617021276595744,0.37692782233189387,0.6777724892908139,0.6116071428571429,0.629372738238842,0.6229050279329609,0.4748858447488584,0.23622047244094488,0.3538076709282935,0.4752090219716119,0.6094276094276094,0.8284764326227264,0.6298342541436464,0.695391532409142
122,0.5977,0.6438251086678599,0.738352360382598,0.7128638497652582,0.3948220064724919,0.6446540880503144,0.3323353293413174,0.8581560283687943,0.3837137569401604,0.6787244169443122,0.6160714285714286,0.623341375150784,0.6256983240223464,0.48452562151192285,0.2204724409448819,0.38715953307393,0.4573206299825005,0.582267115600449,0.8409935458634852,0.5966850828729282,0.6841513675533908,0.6438251086678599,0.738352360382598,0.7128638497652582,0.3948220064724919,0.6446540880503144,0.3323353293413174,0.8581560283687943,0.3837137569401604,0.6787244169443122,0.6160714285714286,0.623341375150784,0.6256983240223464,0.48452562151192285,0.2204724409448819,0.38715953307393,0.4573206299825005,0.582267115600449,0.8409935458634852,0.5966850828729282,0.6841513675533908
123,0.5993,0.6824341600613654,0.7729095958037643,0.7123004694835681,0.33980582524271846,0.6415094339622641,0.33682634730538924,0.8638297872340426,0.38433066008636646,0.6473108043788672,0.6294642857142857,0.6215319662243667,0.6340782122905028,0.4667681380010147,0.2204724409448819,0.3237909949972207,0.49173634065720395,0.6080808080808081,0.8149814199100333,0.6353591160220995,0.6620457100037467,0.6824341600613654,0.7729095958037643,0.7123004694835681,0.33980582524271846,0.6415094339622641,0.33682634730538924,0.8638297872340426,0.38433066008636646,0.6473108043788672,0.6294642857142857,0.6215319662243667,0.6340782122905028,0.4667681380010147,0.2204724409448819,0.3237909949972207,0.49173634065720395,0.6080808080808081,0.8149814199100333,0.6353591160220995,0.6620457100037467
124,0.5908,0.6440807977499361,0.730638691761802,0.7154929577464789,0.37216828478964403,0.6364779874213836,0.33682634730538924,0.8609929078014185,0.39481801357186924,0.7025226082817706,0.6116071428571429,0.6170084439083233,0.6005586592178771,0.48604769152714355,0.23622047244094488,0.3521400778210117,0.4748201438848921,0.5943883277216611,0.8431449247017406,0.6077348066298343,0.7056950168602473,0.6440807977499361,0.730638691761802,0.7154929577464789,0.37216828478964403,0.6364779874213836,0.33682634730538924,0.8609929078014185,0.39481801357186924,0.7025226082817706,0.6116071428571429,0.6170084439083233,0.6005586592178771,0.48604769152714355,0.23622047244094488,0.3521400778210117,0.4748201438848921,0.5943883277216611,0.8431449247017406,0.6077348066298343,0.7056950168602473
125,0.599,0.6632574789056507,0.7466831224930577,0.7183098591549296,0.3786407766990291,0.6364779874213836,0.33682634730538924,0.8680851063829788,0.3867982726711906,0.6563541170871013,0.6294642857142857,0.6161037394451147,0.6424581005586593,0.4789446981227803,0.2204724409448819,0.3360200111172874,0.49426404822088277,0.6123456790123457,0.818110698220223,0.6629834254143646,0.675346571749719,0.6632574789056507,0.7466831224930577,0.7183098591549296,0.3786407766990291,0.6364779874213836,0.33682634730538924,0.8680851063829788,0.3867982726711906,0.6563541170871013,0.6294642857142857,0.6161037394451147,0.6424581005586593,0.4789446981227803,0.2204724409448819,0.3360200111172874,0.49426404822088277,0.6123456790123457,0.818110698220223,0.6629834254143646,0.675346571749719
126,0.6,0.6716952186141651,0.7658130206726319,0.7092957746478873,0.4174757281553398,0.6446540880503144,0.33083832335329344,0.8652482269503546,0.3405305367057372,0.6492146596858639,0.6116071428571429,0.6197225572979493,0.6089385474860335,0.47995941146626075,0.2440944881889764,0.3932740411339633,0.5004860976083998,0.5912457912457912,0.8274985331507921,0.6243093922651933,0.6635443986511802,0.6716952186141651,0.7658130206726319,0.7092957746478873,0.4174757281553398,0.6446540880503144,0.33083832335329344,0.8652482269503546,0.3405305367057372,0.6492146596858639,0.6116071428571429,0.6197225572979493,0.6089385474860335,0.47995941146626075,0.2440944881889764,0.3932740411339633,0.5004860976083998,0.5912457912457912,0.8274985331507921,0.6243093922651933,0.6635443986511802
127,0.5928,0.6647916133981079,0.7556309780931811,0.7156807511737089,0.37540453074433655,0.6528301886792452,0.3338323353293413,0.8680851063829788,0.38988278840222085,0.6796763445978106,0.6205357142857143,0.6338962605548853,0.61731843575419,0.5068493150684932,0.23622047244094488,0.3387993329627571,0.4720979972778534,0.5432098765432098,0.8190885976921572,0.56353591160221,0.6982015736230798,0.6647916133981079,0.7556309780931811,0.7156807511737089,0.37540453074433655,0.6528301886792452,0.3338323353293413,0.8680851063829788,0.38988278840222085,0.6796763445978106,0.6205357142857143,0.6338962605548853,0.61731843575419,0.5068493150684932,0.23622047244094488,0.3387993329627571,0.4720979972778534,0.5432098765432098,0.8190885976921572,0.56353591160221,0.6982015736230798
128,0.5992,0.6430580414216313,0.7457574822585622,0.7269483568075117,0.3818770226537217,0.6364779874213836,0.3413173652694611,0.8765957446808511,0.3775447254780999,0.6887196573060448,0.5848214285714286,0.5989143546441495,0.6145251396648045,0.46778285134449515,0.2283464566929134,0.34741523068371316,0.49406960917752285,0.6231200897867565,0.8443184040680618,0.6685082872928176,0.6835893593106033,0.6430580414216313,0.7457574822585622,0.7269483568075117,0.3818770226537217,0.6364779874213836,0.3413173652694611,0.8765957446808511,0.3775447254780999,0.6887196573060448,0.5848214285714286,0.5989143546441495,0.6145251396648045,0.46778285134449515,0.2283464566929134,0.34741523068371316,0.49406960917752285,0.6231200897867565,0.8443184040680618,0.6685082872928176,0.6835893593106033
129,0.6051,0.6642802352339555,0.7590249922863314,0.699906103286385,0.4045307443365696,0.6628930817610063,0.3323353293413174,0.8666666666666667,0.36644046884639114,0.6644455021418372,0.6116071428571429,0.6366103739445115,0.6340782122905028,0.48148148148148145,0.23622047244094488,0.3857698721511951,0.4748201438848921,0.6051627384960718,0.8220222961079601,0.6298342541436464,0.6849007118771075,0.6642802352339555,0.7590249922863314,0.699906103286385,0.4045307443365696,0.6628930817610063,0.3323353293413174,0.8666666666666667,0.36644046884639114,0.6644455021418372,0.6116071428571429,0.6366103739445115,0.6340782122905028,0.48148148148148145,0.23622047244094488,0.3857698721511951,0.4748201438848921,0.6051627384960718,0.8220222961079601,0.6298342541436464,0.6849007118771075
130,0.5901,0.6451035540782408,0.7503856834310398,0.7267605633802817,0.35275080906148865,0.6465408805031446,0.34281437125748504,0.8624113475177305,0.4034546576187539,0.7010947168015231,0.6383928571428571,0.6142943305186972,0.5949720670391061,0.4794520547945205,0.23622047244094488,0.30211228460255696,0.47695897336185106,0.5753086419753086,0.8474476823782515,0.569060773480663,0.7056950168602473,0.6451035540782408,0.7503856834310398,0.7267605633802817,0.35275080906148865,0.6465408805031446,0.34281437125748504,0.8624113475177305,0.4034546576187539,0.7010947168015231,0.6383928571428571,0.6142943305186972,0.5949720670391061,0.4794520547945205,0.23622047244094488,0.30211228460255696,0.47695897336185106,0.5753086419753086,0.8474476823782515,0.569060773480663,0.7056950168602473
131,0.5973,0.6683712605471747,0.7633446467139772,0.7126760563380282,0.43042071197411,0.6553459119496855,0.3278443113772455,0.8624113475177305,0.36520666255397904,0.6792003807710614,0.6294642857142857,0.623642943305187,0.6201117318435754,0.46626078132927445,0.2440944881889764,0.38632573652028906,0.5214855142912697,0.6071829405162739,0.830432231566595,0.6132596685082873,0.6850880479580367,0.6683712605471747,0.7633446467139772,0.7126760563380282,0.43042071197411,0.6553459119496855,0.3278443113772455,0.8624113475177305,0.36520666255397904,0.6792003807710614,0.6294642857142857,0.623642943305187,0.6201117318435754,0.46626078132927445,0.2440944881889764,0.38632573652028906,0.5214855142912697,0.6071829405162739,0.830432231566595,0.6132596685082873,0.6850880479580367
132,0.6023,0.67808744566607,0.7608762727553224,0.7299530516431925,0.3559870550161812,0.6616352201257861,0.33682634730538924,0.8673758865248227,0.3744602097470697,0.6511185149928606,0.6607142857142857,0.6348009650180941,0.6424581005586593,0.47082699137493655,0.2440944881889764,0.3321289605336298,0.4794866809255299,0.6202020202020202,0.8143946802268727,0.6298342541436464,0.6712251779692768,0.67808744566607,0.7608762727553224,0.7299530516431925,0.3559870550161812,0.6616352201257861,0.33682634730538924,0.8673758865248227,0.3744602097470697,0.6511185149928606,0.6607142857142857,0.6348009650180941,0.6424581005586593,0.47082699137493655,0.2440944881889764,0.3321289605336298,0.4794866809255299,0.6202020202020202,0.8143946802268727,0.6298342541436464,0.6712251779692768
133,0.5833,0.623114293019688,0.7346497994446158,0.7143661971830986,0.36893203883495146,0.6553459119496855,0.344311377245509,0.8716312056737588,0.4009870450339297,0.7306044740599714,0.6383928571428571,0.6127864897466827,0.5977653631284916,0.4865550481988838,0.23622047244094488,0.37242912729294053,0.48240326657592847,0.5894500561167227,0.8656366125562293,0.569060773480663,0.702322967403522,0.623114293019688,0.7346497994446158,0.7143661971830986,0.36893203883495146,0.6553459119496855,0.344311377245509,0.8716312056737588,0.4009870450339297,0.7306044740599714,0.6383928571428571,0.6127864897466827,0.5977653631284916,0.4865550481988838,0.23622047244094488,0.37242912729294053,0.48240326657592847,0.5894500561167227,0.8656366125562293,0.569060773480663,0.702322967403522
134,0.6069,0.6824341600613654,0.7525455106448627,0.708169014084507,0.4045307443365696,0.6591194968553459,0.33682634730538924,0.8666666666666667,0.351634793337446,0.6539742979533556,0.6428571428571429,0.632388419782871,0.6396648044692738,0.46930492135971585,0.25984251968503935,0.3613118399110617,0.4923196577872837,0.613692480359147,0.8095051828672013,0.6353591160220995,0.6961408767328587,0.6824341600613654,0.7525455106448627,0.708169014084507,0.4045307443365696,0.6591194968553459,0.33682634730538924,0.8666666666666667,0.351634793337446,0.6539742979533556,0.6428571428571429,0.632388419782871,0.6396648044692738,0.46930492135971585,0.25984251968503935,0.3613118399110617,0.4923196577872837,0.613692480359147,0.8095051828672013,0.6353591160220995,0.6961408767328587
135,0.5835,0.6220915366913833,0.7503856834310398,0.7111737089201878,0.42071197411003236,0.6163522012578616,0.3338323353293413,0.874468085106383,0.3972856261566934,0.7553545930509281,0.6071428571428571,0.5747889022919179,0.5837988826815642,0.4789446981227803,0.2440944881889764,0.3941078376876042,0.47637565623177136,0.5869809203142536,0.886368081361236,0.569060773480663,0.7066316972648932,0.6220915366913833,0.7503856834310398,0.7111737089201878,0.42071197411003236,0.6163522012578616,0.3338323353293413,0.874468085106383,0.3972856261566934,0.7553545930509281,0.6071428571428571,0.5747889022919179,0.5837988826815642,0.4789446981227803,0.2440944881889764,0.3941078376876042,0.47637565623177136,0.5869809203142536,0.886368081361236,0.569060773480663,0.7066316972648932
136,0.6001,0.6934287905906418,0.7503856834310398,0.7220657276995305,0.3818770226537217,0.6509433962264151,0.33532934131736525,0.8624113475177305,0.3417643429981493,0.6373155640171347,0.6383928571428571,0.6332931242460796,0.6564245810055865,0.48909183155758496,0.2440944881889764,0.3546414674819344,0.5088469764728758,0.5598204264870932,0.790729513006063,0.574585635359116,0.6890221056575496,0.6934287905906418,0.7503856834310398,0.7220657276995305,0.3818770226537217,0.6509433962264151,0.33532934131736525,0.8624113475177305,0.3417643429981493,0.6373155640171347,0.6383928571428571,0.6332931242460796,0.6564245810055865,0.48909183155758496,0.2440944881889764,0.3546414674819344,0.5088469764728758,0.5598204264870932,0.790729513006063,0.574585635359116,0.6890221056575496
137,0.5936,0.6353873689593454,0.7451403887688985,0.7273239436619718,0.3948220064724919,0.6421383647798742,0.3398203592814371,0.875177304964539,0.40160394818013573,0.7034745359352689,0.625,0.6049457177322075,0.6256983240223464,0.46473871131405375,0.2440944881889764,0.39105058365758755,0.47695897336185106,0.6092031425364759,0.8531194993154704,0.6187845303867403,0.67740726863994,0.6353873689593454,0.7451403887688985,0.7273239436619718,0.3948220064724919,0.6421383647798742,0.3398203592814371,0.875177304964539,0.40160394818013573,0.7034745359352689,0.625,0.6049457177322075,0.6256983240223464,0.46473871131405375,0.2440944881889764,0.39105058365758755,0.47695897336185106,0.6092031425364759,0.8531194993154704,0.6187845303867403,0.67740726863994
138,0.5948,0.6614676553311174,0.7562480715828448,0.7256338028169014,0.3851132686084142,0.6540880503144654,0.33682634730538924,0.875886524822695,0.364589759407773,0.6830080913850547,0.6339285714285714,0.6224366706875754,0.6284916201117319,0.4916286149162861,0.2440944881889764,0.3610339077265147,0.5183744895975112,0.5714927048260382,0.8261294738900841,0.585635359116022,0.674409891345073,0.6614676553311174,0.7562480715828448,0.7256338028169014,0.3851132686084142,0.6540880503144654,0.33682634730538924,0.875886524822695,0.364589759407773,0.6830080913850547,0.6339285714285714,0.6224366706875754,0.6284916201117319,0.4916286149162861,0.2440944881889764,0.3610339077265147,0.5183744895975112,0.5714927048260382,0.8261294738900841,0.585635359116022,0.674409891345073
139,0.598,0.6520071592942981,0.7287874112928109,0.7192488262910798,0.4077669902912621,0.6635220125786163,0.34281437125748504,0.8780141843971632,0.3775447254780999,0.6944312232270348,0.6294642857142857,0.6314837153196623,0.6508379888268156,0.4946727549467275,0.25984251968503935,0.36714841578654805,0.48240326657592847,0.573063973063973,0.8267162135732447,0.5966850828729282,0.7165605095541401,0.6520071592942981,0.7287874112928109,0.7192488262910798,0.4077669902912621,0.6635220125786163,0.34281437125748504,0.8780141843971632,0.3775447254780999,0.6944312232270348,0.6294642857142857,0.6314837153196623,0.6508379888268156,0.4946727549467275,0.25984251968503935,0.36714841578654805,0.48240326657592847,0.573063973063973,0.8267162135732447,0.5966850828729282,0.7165605095541401
140,0.5988,0.6392227051904884,0.751928417155199,0.7123004694835681,0.42071197411003236,0.6553459119496855,0.34281437125748504,0.8659574468085106,0.37322640345465763,0.7044264635887673,0.6205357142857143,0.6133896260554885,0.5949720670391061,0.4682902080162354,0.25984251968503935,0.386881600889383,0.506319268909197,0.6379349046015713,0.8503813807940543,0.6464088397790055,0.6968902210565755,0.6392227051904884,0.751928417155199,0.7123004694835681,0.42071197411003236,0.6553459119496855,0.34281437125748504,0.8659574468085106,0.37322640345465763,0.7044264635887673,0.6205357142857143,0.6133896260554885,0.5949720670391061,0.4682902080162354,0.25984251968503935,0.386881600889383,0.506319268909197,0.6379349046015713,0.8503813807940543,0.6464088397790055,0.6968902210565755
141,0.5848,0.6494502684735362,0.755939524838013,0.6995305164319249,0.3883495145631068,0.6459119496855346,0.3338323353293413,0.873758865248227,0.38988278840222085,0.7191813422179915,0.59375,0.6275633293124246,0.61731843575419,0.49518011161846776,0.23622047244094488,0.3763201778765981,0.49348629204744315,0.5445566778900113,0.8472521024838646,0.569060773480663,0.7049456725365305,0.6494502684735362,0.755939524838013,0.6995305164319249,0.3883495145631068,0.6459119496855346,0.3338323353293413,0.873758865248227,0.38988278840222085,0.7191813422179915,0.59375,0.6275633293124246,0.61731843575419,0.49518011161846776,0.23622047244094488,0.3763201778765981,0.49348629204744315,0.5445566778900113,0.8472521024838646,0.569060773480663,0.7049456725365305
142,0.5976,0.6389670161084122,0.7358839864239433,0.724131455399061,0.3948220064724919,0.6723270440251572,0.34880239520958084,0.8567375886524823,0.3837137569401604,0.6872917658257972,0.6383928571428571,0.6275633293124246,0.6089385474860335,0.47995941146626075,0.23622047244094488,0.37215119510839356,0.47345907058137277,0.6215488215488215,0.8325836104048504,0.6464088397790055,0.7062570251030349,0.6389670161084122,0.7358839864239433,0.724131455399061,0.3948220064724919,0.6723270440251572,0.34880239520958084,0.8567375886524823,0.3837137569401604,0.6872917658257972,0.6383928571428571,0.6275633293124246,0.6089385474860335,0.47995941146626075,0.23622047244094488,0.37215119510839356,0.47345907058137277,0.6215488215488215,0.8325836104048504,0.6464088397790055,0.7062570251030349
143,0.6075,0.6872922526208131,0.7618019129898179,0.7153051643192488,0.4336569579288026,0.6547169811320754,0.3338323353293413,0.8702127659574468,0.3195558297347316,0.6430271299381247,0.6160714285714286,0.6260554885404102,0.6424581005586593,0.4794520547945205,0.2440944881889764,0.40689271817676487,0.5257631732451876,0.6141414141414141,0.8075493839233326,0.6077348066298343,0.6749718995878606,0.6872922526208131,0.7618019129898179,0.7153051643192488,0.4336569579288026,0.6547169811320754,0.3338323353293413,0.8702127659574468,0.3195558297347316,0.6430271299381247,0.6160714285714286,0.6260554885404102,0.6424581005586593,0.4794520547945205,0.2440944881889764,0.40689271817676487,0.5257631732451876,0.6141414141414141,0.8075493839233326,0.6077348066298343,0.6749718995878606
144,0.6036,0.6742521094349271,0.757790805307004,0.7209389671361502,0.4077669902912621,0.6578616352201258,0.3413173652694611,0.874468085106383,0.35903763109191855,0.6625416468348405,0.6160714285714286,0.623341375150784,0.6201117318435754,0.4880771182141045,0.2440944881889764,0.3754863813229572,0.5014582928251993,0.6029180695847363,0.8177195384314493,0.6132596685082873,0.6805919820157362,0.6742521094349271,0.757790805307004,0.7209389671361502,0.4077669902912621,0.6578616352201258,0.3413173652694611,0.874468085106383,0.35903763109191855,0.6625416468348405,0.6160714285714286,0.623341375150784,0.6201117318435754,0.4880771182141045,0.2440944881889764,0.3754863813229572,0.5014582928251993,0.6029180695847363,0.8177195384314493,0.6132596685082873,0.6805919820157362
145,0.5964,0.6484275121452314,0.7352668929342795,0.7252582159624413,0.4336569579288026,0.6710691823899371,0.3458083832335329,0.8659574468085106,0.3744602097470697,0.6972870061875297,0.625,0.6305790108564535,0.6089385474860335,0.4865550481988838,0.25984251968503935,0.37937743190661477,0.4765700952751312,0.5860830527497194,0.8376686876589087,0.6022099447513812,0.7026976395653803,0.6484275121452314,0.7352668929342795,0.7252582159624413,0.4336569579288026,0.6710691823899371,0.3458083832335329,0.8659574468085106,0.3744602097470697,0.6972870061875297,0.625,0.6305790108564535,0.6089385474860335,0.4865550481988838,0.25984251968503935,0.37937743190661477,0.4765700952751312,0.5860830527497194,0.8376686876589087,0.6022099447513812,0.7026976395653803
146,0.6008,0.6816670928151368,0.7759950632520827,0.6878873239436619,0.42718446601941745,0.6566037735849056,0.33682634730538924,0.8638297872340426,0.3417643429981493,0.6763445978105664,0.6383928571428571,0.6269601930036188,0.611731843575419,0.47691527143581935,0.23622047244094488,0.40439132851584214,0.5123468792533541,0.5928170594837262,0.822217876002347,0.6132596685082873,0.6976395653802923,0.6816670928151368,0.7759950632520827,0.6878873239436619,0.42718446601941745,0.6566037735849056,0.33682634730538924,0.8638297872340426,0.3417643429981493,0.6763445978105664,0.6383928571428571,0.6269601930036188,0.611731843575419,0.47691527143581935,0.23622047244094488,0.40439132851584214,0.5123468792533541,0.5928170594837262,0.822217876002347,0.6132596685082873,0.6976395653802923
147,0.5935,0.646637688570698,0.7639617402036408,0.7149295774647887,0.39805825242718446,0.6553459119496855,0.344311377245509,0.8787234042553191,0.38556446637877856,0.7001427891480247,0.6383928571428571,0.611881785283474,0.611731843575419,0.47691527143581935,0.23622047244094488,0.39577543079488603,0.5002916585650399,0.6049382716049383,0.8519460199491492,0.6243093922651933,0.6940801798426377,0.646637688570698,0.7639617402036408,0.7149295774647887,0.39805825242718446,0.6553459119496855,0.344311377245509,0.8787234042553191,0.38556446637877856,0.7001427891480247,0.6383928571428571,0.611881785283474,0.611731843575419,0.47691527143581935,0.23622047244094488,0.39577543079488603,0.5002916585650399,0.6049382716049383,0.8519460199491492,0.6243093922651933,0.6940801798426377
148,0.5969,0.6755305548453081,0.7482258562172169,0.7130516431924883,0.39805825242718446,0.6597484276729559,0.34281437125748504,0.8787234042553191,0.3504009870450339,0.6739647786768206,0.625,0.6308805790108565,0.6368715083798883,0.49213597158802636,0.2440944881889764,0.37048360200111174,0.504180439432238,0.5815937149270483,0.8171327987482887,0.5966850828729282,0.6865867366054702,0.6755305548453081,0.7482258562172169,0.7130516431924883,0.39805825242718446,0.6597484276729559,0.34281437125748504,0.8787234042553191,0.3504009870450339,0.6739647786768206,0.625,0.6308805790108565,0.6368715083798883,0.49213597158802636,0.2440944881889764,0.37048360200111174,0.504180439432238,0.5815937149270483,0.8171327987482887,0.5966850828729282,0.6865867366054702
149,0.6003,0.6527742265405267,0.7448318420240666,0.7100469483568075,0.39805825242718446,0.6641509433962264,0.3502994011976048,0.8695035460992908,0.3756940160394818,0.6858638743455497,0.6294642857142857,0.626658624849216,0.6284916201117319,0.465246067985794,0.2440944881889764,0.3699277376320178,0.4950418043943224,0.635016835016835,0.8353217289262663,0.6243093922651933,0.6905207943049831,0.6527742265405267,0.7448318420240666,0.7100469483568075,0.39805825242718446,0.6641509433962264,0.3502994011976048,0.8695035460992908,0.3756940160394818,0.6858638743455497,0.6294642857142857,0.626658624849216,0.6284916201117319,0.465246067985794,0.2440944881889764,0.3699277376320178,0.4950418043943224,0.635016835016835,0.8353217289262663,0.6243093922651933,0.6905207943049831
150,0.4708,0.5162362567118384,0.6334464671397717,0.6257276995305164,0.4919093851132686,0.7421383647798742,0.6811377245508982,0.7219858156028369,0.5465761875385564,0.7287006187529748,0.5758928571428571,0.6073582629674307,0.5754189944134078,0.4840182648401826,0.5905511811023622,0.42495831017231794,0.608399766673148,0.5580246913580247,0.4736945042049677,0.5359116022099447,0.5859872611464968,0.5162362567118384,0.9601974699166924,0.6257276995305164,0.4919093851132686,0.7421383647798742,0.6811377245508982,0.926950354609929,0.5465761875385564,0.7287006187529748,0.84375,0.6073582629674307,0.5754189944134078,0.4840182648401826,0.5905511811023622,0.42495831017231794,0.608399766673148,0.5580246913580247,0.9557989438685703,0.6132596685082873,0.5859872611464968
151,0.4636,0.5489644592175914,0.6535020055538414,0.6514553990610329,0.5242718446601942,0.7490566037735849,0.6916167664670658,0.701418439716312,0.5570635410240592,0.6987148976677773,0.6116071428571429,0.626658624849216,0.5642458100558659,0.49213597158802636,0.6220472440944882,0.47971095052807117,0.6463153801283298,0.5317620650953985,0.4562878936045375,0.5193370165745856,0.5816785312851255,0.5489644592175914,0.97655044739278,0.6514553990610329,0.5242718446601942,0.7490566037735849,0.6916167664670658,0.9652482269503546,0.5570635410240592,0.6987148976677773,0.90625,0.626658624849216,0.5642458100558659,0.49213597158802636,0.6220472440944882,0.47971095052807117,0.6463153801283298,0.5317620650953985,0.9655779385879132,0.6132596685082873,0.5816785312851255
152,0.4571,0.5525441063666582,0.6352977476087627,0.5787793427230047,0.5372168284789643,0.7729559748427673,0.6841317365269461,0.7148936170212766,0.5774213448488588,0.6934792955735364,0.6339285714285714,0.6471652593486128,0.6033519553072626,0.4880771182141045,0.6299212598425197,0.5219566425792107,0.6620649426404822,0.5524130190796858,0.44826911793467633,0.5082872928176796,0.6058448857249906,0.5525441063666582,0.9802530083307621,0.5787793427230047,0.5372168284789643,0.7729559748427673,0.6841317365269461,0.9836879432624114,0.5774213448488588,0.6934792955735364,0.9241071428571429,0.6471652593486128,0.6033519553072626,0.4880771182141045,0.6299212598425197,0.5219566425792107,0.6620649426404822,0.5524130190796858,0.9638177195384314,0.6629834254143646,0.6058448857249906
153,0.4512,0.537969828688315,0.6340635606294354,0.6144600938967136,0.5339805825242718,0.7842767295597485,0.688622754491018,0.7092198581560284,0.5700185070943862,0.6877677296525464,0.6160714285714286,0.649577804583836,0.5698324022346368,0.47843734145104005,0.6299212598425197,0.5052807115063924,0.6570095275131246,0.5766554433221099,0.4873850968120477,0.5082872928176796,0.6049082053203447,0.537969828688315,0.982412835544585,0.6144600938967136,0.5339805825242718,0.7842767295597485,0.688622754491018,0.9773049645390071,0.5700185070943862,0.6877677296525464,0.96875,0.649577804583836,0.5698324022346368,0.47843734145104005,0.6299212598425197,0.5052807115063924,0.6570095275131246,0.5766554433221099,0.9759436729904166,0.712707182320442,0.6049082053203447
154,0.4004,0.37944259780107387,0.45788336933045354,0.5451643192488262,0.5469255663430421,0.6993710691823899,0.6377245508982036,0.8148936170212766,0.6150524367674275,0.7501189909566873,0.6071428571428571,0.5874547647768396,0.5698324022346368,0.4794520547945205,0.5669291338582677,0.528627015008338,0.6223993777950613,0.5916947250280583,0.7461372970858595,0.5469613259668509,0.6907081303859123,0.37944259780107387,0.9864239432273989,0.5451643192488262,0.5469255663430421,0.6993710691823899,0.6377245508982036,0.8148936170212766,0.6150524367674275,0.7501189909566873,0.8973214285714286,0.5874547647768396,0.5698324022346368,0.4794520547945205,0.5669291338582677,0.528627015008338,0.6223993777950613,0.5916947250280583,0.7461372970858595,0.7458563535911602,0.6907081303859123
155,0.4186,0.4822296087957044,0.5708114779389077,0.5246948356807511,0.5242718446601942,0.7446540880503144,0.6706586826347305,0.7829787234042553,0.5885256014805675,0.7453593526891956,0.6205357142857143,0.626357056694813,0.5782122905027933,0.4926433282597666,0.6377952755905512,0.4988882712618121,0.6272603538790589,0.5510662177328844,0.6330921181302562,0.4972375690607735,0.6665417759460472,0.4822296087957044,0.5708114779389077,0.5246948356807511,0.5242718446601942,0.7446540880503144,0.6706586826347305,0.7829787234042553,0.5885256014805675,0.7453593526891956,0.9464285714285714,0.626357056694813,0.5782122905027933,0.4926433282597666,0.6377952755905512,0.4988882712618121,0.6272603538790589,0.5510662177328844,0.6330921181302562,0.7403314917127072,0.6665417759460472
156,0.4183,0.5016619790334953,0.6069114470842333,0.5030985915492958,0.5501618122977346,0.7163522012578616,0.6946107784431138,0.7914893617021277,0.6206045650832819,0.7396477867682056,0.6071428571428571,0.5971049457177322,0.5810055865921788,0.47843734145104005,0.6771653543307087,0.5275152862701501,0.614621816060665,0.6069584736251403,0.6485429297868179,0.5248618784530387,0.6508055451479955,0.5016619790334953,0.6069114470842333,0.5030985915492958,0.5501618122977346,0.7163522012578616,0.6946107784431138,0.7914893617021277,0.6206045650832819,0.7396477867682056,0.6071428571428571,0.5971049457177322,0.5810055865921788,0.47843734145104005,0.6771653543307087,0.5275152862701501,0.614621816060665,0.6069584736251403,0.6485429297868179,0.5248618784530387,0.6508055451479955
157,0.4,0.45819483508054204,0.5473619253316877,0.5113615023474178,0.5533980582524272,0.6987421383647798,0.6736526946107785,0.8092198581560284,0.6354102405922271,0.7420276059019515,0.5892857142857143,0.5986127864897467,0.5893854748603352,0.47995941146626075,0.6299212598425197,0.5400222345747637,0.6187050359712231,0.5501683501683502,0.7132798748288676,0.49171270718232046,0.6656050955414012,0.45819483508054204,0.5473619253316877,0.5113615023474178,0.5533980582524272,0.6987421383647798,0.6736526946107785,0.8092198581560284,0.6354102405922271,0.7420276059019515,0.5892857142857143,0.5986127864897467,0.5893854748603352,0.47995941146626075,0.6299212598425197,0.5400222345747637,0.6187050359712231,0.5501683501683502,0.7132798748288676,0.49171270718232046,0.6656050955414012
158,0.4168,0.493479928407057,0.591792656587473,0.523755868544601,0.5566343042071198,0.7220125786163522,0.6961077844311377,0.7929078014184398,0.621221468229488,0.7348881485007139,0.625,0.6049457177322075,0.5726256983240223,0.4824961948249619,0.6614173228346457,0.537242912729294,0.6006222049387517,0.5845117845117845,0.6790533933111677,0.5193370165745856,0.6616710378418883,0.493479928407057,0.591792656587473,0.523755868544601,0.5566343042071198,0.7220125786163522,0.6961077844311377,0.7929078014184398,0.621221468229488,0.7348881485007139,0.625,0.6049457177322075,0.5726256983240223,0.4824961948249619,0.6614173228346457,0.537242912729294,0.6006222049387517,0.5845117845117845,0.6790533933111677,0.5193370165745856,0.6616710378418883
159,0.4074,0.47174635643058044,0.5735883986423943,0.5395305164319248,0.511326860841424,0.7037735849056603,0.6856287425149701,0.800709219858156,0.5891425046267736,0.7553545930509281,0.5848214285714286,0.6013268998793727,0.5865921787709497,0.504312531709792,0.6456692913385826,0.48916064480266813,0.6379545012638538,0.5310886644219978,0.6886368081361236,0.5082872928176796,0.6717871862120645,0.47174635643058044,0.5735883986423943,0.5395305164319248,0.511326860841424,0.7037735849056603,0.6856287425149701,0.800709219858156,0.5891425046267736,0.7553545930509281,0.5848214285714286,0.6013268998793727,0.5865921787709497,0.504312531709792,0.6456692913385826,0.48916064480266813,0.6379545012638538,0.5310886644219978,0.6886368081361236,0.5082872928176796,0.6717871862120645
160,0.4168,0.46254154947583737,0.5569268744214748,0.5466666666666666,0.5275080906148867,0.7188679245283018,0.6961077844311377,0.799290780141844,0.607649599012955,0.7467872441694431,0.6116071428571429,0.6025331724969843,0.5893854748603352,0.48148148148148145,0.6614173228346457,0.5133407448582545,0.6120941084969862,0.5829405162738496,0.6802268726774887,0.5414364640883977,0.6626077182465343,0.46254154947583737,0.5569268744214748,0.5466666666666666,0.5275080906148867,0.7188679245283018,0.6961077844311377,0.799290780141844,0.607649599012955,0.7467872441694431,0.6116071428571429,0.6025331724969843,0.5893854748603352,0.48148148148148145,0.6614173228346457,0.5133407448582545,0.6120941084969862,0.5829405162738496,0.6802268726774887,0.5414364640883977,0.6626077182465343
161,0.4051,0.49603681922781895,0.5905584696081456,0.5509859154929577,0.5145631067961165,0.7415094339622641,0.7005988023952096,0.7957446808510639,0.5965453423812461,0.7206092336982389,0.5892857142857143,0.6284680337756333,0.5810055865921788,0.5266362252663622,0.6456692913385826,0.5011117287381879,0.6163717674509042,0.5048260381593714,0.6657539604928613,0.4585635359116022,0.6553016110902959,0.49603681922781895,0.5905584696081456,0.5509859154929577,0.5145631067961165,0.7415094339622641,0.7005988023952096,0.7957446808510639,0.5965453423812461,0.7206092336982389,0.5892857142857143,0.6284680337756333,0.5810055865921788,0.5266362252663622,0.6456692913385826,0.5011117287381879,0.6163717674509042,0.5048260381593714,0.6657539604928613,0.4585635359116022,0.6553016110902959
162,0.4035,0.4451546918946561,0.5492132058006788,0.5267605633802817,0.5275080906148867,0.7213836477987421,0.6826347305389222,0.8085106382978723,0.6088834053053671,0.763445978105664,0.6071428571428571,0.6173100120627262,0.5782122905027933,0.5017757483510908,0.6299212598425197,0.5052807115063924,0.6037332296325102,0.5636363636363636,0.720907490709955,0.5027624309392266,0.6933308355189209,0.4451546918946561,0.5492132058006788,0.5267605633802817,0.5275080906148867,0.7213836477987421,0.6826347305389222,0.8085106382978723,0.6088834053053671,0.763445978105664,0.6071428571428571,0.6173100120627262,0.5782122905027933,0.5017757483510908,0.6299212598425197,0.5052807115063924,0.6037332296325102,0.5636363636363636,0.720907490709955,0.5027624309392266,0.6933308355189209
163,0.4096,0.48632063410892357,0.5843875347115088,0.5449765258215963,0.5598705501618123,0.720125786163522,0.687125748502994,0.7943262411347518,0.6088834053053671,0.723940980485483,0.5714285714285714,0.6076598311218335,0.6005586592178771,0.5007610350076104,0.6456692913385826,0.5119510839355197,0.6220104997083414,0.5542087542087543,0.6743594758458831,0.5193370165745856,0.6420007493443237,0.48632063410892357,0.5843875347115088,0.5449765258215963,0.5598705501618123,0.720125786163522,0.687125748502994,0.7943262411347518,0.6088834053053671,0.723940980485483,0.5714285714285714,0.6076598311218335,0.6005586592178771,0.5007610350076104,0.6456692913385826,0.5119510839355197,0.6220104997083414,0.5542087542087543,0.6743594758458831,0.5193370165745856,0.6420007493443237
164,0.4229,0.503963180772181,0.5998148719531009,0.5650704225352112,0.5631067961165048,0.740251572327044,0.7020958083832335,0.7773049645390071,0.6101172115977791,0.7405997144217039,0.5982142857142857,0.614897466827503,0.5949720670391061,0.487062404870624,0.6614173228346457,0.5155642023346303,0.6068442543262688,0.571043771043771,0.6514766282026208,0.5248618784530387,0.6719745222929936,0.503963180772181,0.5998148719531009,0.5650704225352112,0.5631067961165048,0.740251572327044,0.7020958083832335,0.7773049645390071,0.6101172115977791,0.7405997144217039,0.5982142857142857,0.614897466827503,0.5949720670391061,0.487062404870624,0.6614173228346457,0.5155642023346303,0.6068442543262688,0.571043771043771,0.6514766282026208,0.5248618784530387,0.6719745222929936
165,0.4007,0.45870621324469446,0.5581610614008022,0.48525821596244134,0.5372168284789643,0.6974842767295597,0.6841317365269461,0.8141843971631205,0.6206045650832819,0.7553545930509281,0.5848214285714286,0.5934861278648975,0.6005586592178771,0.5017757483510908,0.6535433070866141,0.519733185102835,0.5922613260742757,0.5620650953984287,0.7076080578916487,0.5193370165745856,0.6892094417384789,0.45870621324469446,0.5581610614008022,0.48525821596244134,0.5372168284789643,0.6974842767295597,0.6841317365269461,0.8141843971631205,0.6206045650832819,0.7553545930509281,0.5848214285714286,0.5934861278648975,0.6005586592178771,0.5017757483510908,0.6535433070866141,0.519733185102835,0.5922613260742757,0.5620650953984287,0.7076080578916487,0.5193370165745856,0.6892094417384789
166,0.4111,0.48759907951930453,0.5905584696081456,0.49727699530516434,0.5889967637540453,0.730188679245283,0.6841317365269461,0.7964539007092198,0.6249228871067243,0.7296525464064731,0.6294642857142857,0.6194209891435465,0.6201117318435754,0.48604769152714355,0.6456692913385826,0.547804335742079,0.593622399377795,0.5656565656565656,0.6532368472521025,0.5359116022099447,0.6678531285125515,0.48759907951930453,0.5905584696081456,0.49727699530516434,0.5889967637540453,0.730188679245283,0.6841317365269461,0.7964539007092198,0.6249228871067243,0.7296525464064731,0.6294642857142857,0.6194209891435465,0.6201117318435754,0.48604769152714355,0.6456692913385826,0.547804335742079,0.593622399377795,0.5656565656565656,0.6532368472521025,0.5359116022099447,0.6678531285125515
167,0.4105,0.4656098184607517,0.5754396791113854,0.5951173708920188,0.5469255663430421,0.7327044025157232,0.7065868263473054,0.8127659574468085,0.6008636644046884,0.7267967634459781,0.5848214285714286,0.6076598311218335,0.5893854748603352,0.4931506849315068,0.6535433070866141,0.49666481378543637,0.6363989889169746,0.5586980920314254,0.6970467435947585,0.5359116022099447,0.6553016110902959,0.4656098184607517,0.5754396791113854,0.5951173708920188,0.5469255663430421,0.7327044025157232,0.7065868263473054,0.8127659574468085,0.6008636644046884,0.7267967634459781,0.5848214285714286,0.6076598311218335,0.5893854748603352,0.4931506849315068,0.6535433070866141,0.49666481378543637,0.6363989889169746,0.5586980920314254,0.6970467435947585,0.5359116022099447,0.6553016110902959
168,0.4105,0.484275121452314,0.5877815489046591,0.5260093896713615,0.5372168284789643,0.7138364779874213,0.6901197604790419,0.7943262411347518,0.6125848241826033,0.7334602570204665,0.6071428571428571,0.5952955367913149,0.5810055865921788,0.4880771182141045,0.6692913385826772,0.5177876598110062,0.6058720591094692,0.582716049382716,0.6741638959514962,0.5193370165745856,0.6766579243162233,0.484275121452314,0.5877815489046591,0.5260093896713615,0.5372168284789643,0.7138364779874213,0.6901197604790419,0.7943262411347518,0.6125848241826033,0.7334602570204665,0.6071428571428571,0.5952955367913149,0.5810055865921788,0.4880771182141045,0.6692913385826772,0.5177876598110062,0.6058720591094692,0.582716049382716,0.6741638959514962,0.5193370165745856,0.6766579243162233
169,0.4163,0.47353618000511377,0.5735883986423943,0.5661971830985916,0.5436893203883495,0.7232704402515723,0.7005988023952096,0.800709219858156,0.6107341147439852,0.7563065207044265,0.59375,0.5983112183353438,0.6089385474860335,0.48909183155758496,0.6614173228346457,0.5133407448582545,0.6200661092747424,0.541638608305275,0.6714257774300801,0.4972375690607735,0.6804046459348071,0.47353618000511377,0.5735883986423943,0.5661971830985916,0.5436893203883495,0.7232704402515723,0.7005988023952096,0.800709219858156,0.6107341147439852,0.7563065207044265,0.59375,0.5983112183353438,0.6089385474860335,0.48909183155758496,0.6614173228346457,0.5133407448582545,0.6200661092747424,0.541638608305275,0.6714257774300801,0.4972375690607735,0.6804046459348071
170,0.4123,0.46381999488621833,0.548904659055847,0.5630046948356807,0.5663430420711975,0.7490566037735849,0.6961077844311377,0.8099290780141843,0.6138186304750154,0.7325083293669681,0.6116071428571429,0.6230398069963812,0.6033519553072626,0.4850329781836631,0.6535433070866141,0.5461367426347971,0.5912891308574761,0.5721661054994388,0.6923528261294739,0.5303867403314917,0.6884600974147621,0.46381999488621833,0.548904659055847,0.5630046948356807,0.5663430420711975,0.7490566037735849,0.6961077844311377,0.8099290780141843,0.6138186304750154,0.7325083293669681,0.6116071428571429,0.6230398069963812,0.6033519553072626,0.4850329781836631,0.6535433070866141,0.5461367426347971,0.5912891308574761,0.5721661054994388,0.6923528261294739,0.5303867403314917,0.6884600974147621
171,0.3971,0.4778828944004091,0.5822277074976859,0.5372769953051644,0.5307443365695793,0.7251572327044025,0.7095808383233533,0.8049645390070922,0.5965453423812461,0.7534507377439315,0.5669642857142857,0.6151990349819059,0.5754189944134078,0.5357686453576864,0.6614173228346457,0.49082823790994995,0.6045109858059499,0.49158249158249157,0.6995892822217876,0.46408839779005523,0.6946421880854252,0.4778828944004091,0.5822277074976859,0.5372769953051644,0.5307443365695793,0.7251572327044025,0.7095808383233533,0.8049645390070922,0.5965453423812461,0.7534507377439315,0.5669642857142857,0.6151990349819059,0.5754189944134078,0.5357686453576864,0.6614173228346457,0.49082823790994995,0.6045109858059499,0.49158249158249157,0.6995892822217876,0.46408839779005523,0.6946421880854252
172,0.4141,0.47481462541549474,0.5748225856217217,0.5506103286384977,0.5533980582524272,0.7490566037735849,0.718562874251497,0.8092198581560284,0.5996298581122764,0.7244169443122322,0.6116071428571429,0.6209288299155609,0.611731843575419,0.4728564180618975,0.6771653543307087,0.519177320733741,0.6056776200661093,0.5941638608305275,0.7011539213768825,0.5193370165745856,0.6961408767328587,0.47481462541549474,0.5748225856217217,0.5506103286384977,0.5533980582524272,0.7490566037735849,0.718562874251497,0.8092198581560284,0.5996298581122764,0.7244169443122322,0.6116071428571429,0.6209288299155609,0.611731843575419,0.4728564180618975,0.6771653543307087,0.519177320733741,0.6056776200661093,0.5941638608305275,0.7011539213768825,0.5193370165745856,0.6961408767328587
173,0.4088,0.48759907951930453,0.5877815489046591,0.5881690140845071,0.5372168284789643,0.720125786163522,0.7095808383233533,0.799290780141844,0.6088834053053671,0.7420276059019515,0.5669642857142857,0.614897466827503,0.5949720670391061,0.5372907153729072,0.6456692913385826,0.500277932184547,0.6097608399766673,0.4909090909090909,0.6776843340504596,0.47513812154696133,0.6897714499812664,0.48759907951930453,0.5877815489046591,0.5881690140845071,0.5372168284789643,0.720125786163522,0.7095808383233533,0.799290780141844,0.6088834053053671,0.7420276059019515,0.5669642857142857,0.614897466827503,0.5949720670391061,0.5372907153729072,0.6456692913385826,0.500277932184547,0.6097608399766673,0.4909090909090909,0.6776843340504596,0.47513812154696133,0.6897714499812664
174,0.4055,0.47379186908718995,0.5655661832767664,0.5507981220657276,0.5631067961165048,0.7182389937106918,0.7095808383233533,0.8177304964539007,0.6138186304750154,0.7353641123274631,0.5848214285714286,0.5968033775633294,0.6089385474860335,0.4627092846270928,0.6771653543307087,0.5216787103946637,0.6054831810227493,0.6008978675645342,0.7205163309211813,0.5138121546961326,0.6714125140502061,0.47379186908718995,0.5655661832767664,0.5507981220657276,0.5631067961165048,0.7182389937106918,0.7095808383233533,0.8177304964539007,0.6138186304750154,0.7353641123274631,0.5848214285714286,0.5968033775633294,0.6089385474860335,0.4627092846270928,0.6771653543307087,0.5216787103946637,0.6054831810227493,0.6008978675645342,0.7205163309211813,0.5138121546961326,0.6714125140502061
175,0.4126,0.48580925594477115,0.5887071891391545,0.5583098591549296,0.5372168284789643,0.7352201257861635,0.688622754491018,0.7858156028368795,0.6101172115977791,0.7639219419324131,0.5848214285714286,0.6127864897466827,0.5754189944134078,0.49518011161846776,0.6377952755905512,0.4961089494163424,0.6142329379739452,0.5344556677890011,0.6780754938392334,0.49171270718232046,0.678343949044586,0.48580925594477115,0.5887071891391545,0.5583098591549296,0.5372168284789643,0.7352201257861635,0.688622754491018,0.7858156028368795,0.6101172115977791,0.7639219419324131,0.5848214285714286,0.6127864897466827,0.5754189944134078,0.49518011161846776,0.6377952755905512,0.4961089494163424,0.6142329379739452,0.5344556677890011,0.6780754938392334,0.49171270718232046,0.678343949044586
176,0.4106,0.4827409869598568,0.5791422400493674,0.5738967136150235,0.5436893203883495,0.720754716981132,0.7020958083832335,0.8163120567375887,0.5940777297964219,0.7296525464064731,0.5714285714285714,0.6088661037394452,0.61731843575419,0.4977168949771689,0.6692913385826772,0.5133407448582545,0.6066498152829088,0.5564534231200898,0.6970467435947585,0.4972375690607735,0.6768452603971525,0.4827409869598568,0.5791422400493674,0.5738967136150235,0.5436893203883495,0.720754716981132,0.7020958083832335,0.8163120567375887,0.5940777297964219,0.7296525464064731,0.5714285714285714,0.6088661037394452,0.61731843575419,0.4977168949771689,0.6692913385826772,0.5133407448582545,0.6066498152829088,0.5564534231200898,0.6970467435947585,0.4972375690607735,0.6768452603971525
177,0.418,0.5108667859882383,0.619253316877507,0.56,0.5663430420711975,0.7176100628930817,0.7110778443113772,0.7865248226950354,0.6310919185687847,0.7458353165159448,0.5669642857142857,0.5983112183353438,0.5921787709497207,0.4794520547945205,0.6850393700787402,0.5394663702056698,0.5897336185105969,0.5557800224466891,0.6520633678857813,0.4972375690607735,0.6817159985013114,0.5108667859882383,0.619253316877507,0.56,0.5663430420711975,0.7176100628930817,0.7110778443113772,0.7865248226950354,0.6310919185687847,0.7458353165159448,0.5669642857142857,0.5983112183353438,0.5921787709497207,0.4794520547945205,0.6850393700787402,0.5394663702056698,0.5897336185105969,0.5557800224466891,0.6520633678857813,0.4972375690607735,0.6817159985013114
178,0.4225,0.5208386601892099,0.6189447701326751,0.5692018779342723,0.5533980582524272,0.7194968553459119,0.7125748502994012,0.7808510638297872,0.6125848241826033,0.7272727272727273,0.5803571428571429,0.6070566948130277,0.6033519553072626,0.48909183155758496,0.6614173228346457,0.5347415230683713,0.6013999611121913,0.5872053872053872,0.6540191668296499,0.5359116022099447,0.6785312851255152,0.5208386601892099,0.6189447701326751,0.5692018779342723,0.5533980582524272,0.7194968553459119,0.7125748502994012,0.7808510638297872,0.6125848241826033,0.7272727272727273,0.5803571428571429,0.6070566948130277,0.6033519553072626,0.48909183155758496,0.6614173228346457,0.5347415230683713,0.6013999611121913,0.5872053872053872,0.6540191668296499,0.5359116022099447,0.6785312851255152
179,0.4074,0.4722577345947328,0.5627892625732799,0.6018779342723005,0.5469255663430421,0.7169811320754716,0.7140718562874252,0.8092198581560284,0.6107341147439852,0.7429795335554498,0.5669642857142857,0.5995174909529554,0.61731843575419,0.5149670218163369,0.6535433070866141,0.5200111172873819,0.6072331324129885,0.54006734006734,0.6950909446508899,0.4972375690607735,0.6777819408017984,0.4722577345947328,0.5627892625732799,0.6018779342723005,0.5469255663430421,0.7169811320754716,0.7140718562874252,0.8092198581560284,0.6107341147439852,0.7429795335554498,0.5669642857142857,0.5995174909529554,0.61731843575419,0.5149670218163369,0.6535433070866141,0.5200111172873819,0.6072331324129885,0.54006734006734,0.6950909446508899,0.4972375690607735,0.6777819408017984
180,0.4169,0.5088212733316287,0.6121567417463746,0.6065727699530516,0.5372168284789643,0.7251572327044025,0.7110778443113772,0.7879432624113475,0.5940777297964219,0.7310804378867206,0.5669642857142857,0.6082629674306393,0.611731843575419,0.5149670218163369,0.6771653543307087,0.5111172873818788,0.6210383044915418,0.5402918069584737,0.6416976334832779,0.48066298342541436,0.6551142750093668,0.5088212733316287,0.6121567417463746,0.6065727699530516,0.5372168284789643,0.7251572327044025,0.7110778443113772,0.7879432624113475,0.5940777297964219,0.7310804378867206,0.5669642857142857,0.6082629674306393,0.611731843575419,0.5149670218163369,0.6771653543307087,0.5111172873818788,0.6210383044915418,0.5402918069584737,0.6416976334832779,0.48066298342541436,0.6551142750093668
181,0.4039,0.4730248018409614,0.5526072199938291,0.5646948356807512,0.540453074433657,0.7132075471698113,0.6901197604790419,0.8354609929078014,0.595311536088834,0.7306044740599714,0.5848214285714286,0.6019300361881785,0.5977653631284916,0.4885844748858447,0.6535433070866141,0.5138966092273485,0.6173439626677036,0.5665544332210999,0.7123019753569333,0.4972375690607735,0.6946421880854252,0.4730248018409614,0.5526072199938291,0.5646948356807512,0.540453074433657,0.7132075471698113,0.6901197604790419,0.8354609929078014,0.595311536088834,0.7306044740599714,0.5848214285714286,0.6019300361881785,0.5977653631284916,0.4885844748858447,0.6535433070866141,0.5138966092273485,0.6173439626677036,0.5665544332210999,0.7123019753569333,0.4972375690607735,0.6946421880854252
182,0.4067,0.4998721554589619,0.6087627275532244,0.5342723004694836,0.5210355987055016,0.7559748427672957,0.7425149700598802,0.8042553191489362,0.5724861196792104,0.7306044740599714,0.5803571428571429,0.635102533172497,0.5837988826815642,0.49974632166412986,0.6614173228346457,0.4677598665925514,0.6045109858059499,0.5548821548821549,0.6722080970076276,0.5027624309392266,0.6699138254027726,0.4998721554589619,0.6087627275532244,0.5342723004694836,0.5210355987055016,0.7559748427672957,0.7425149700598802,0.8042553191489362,0.5724861196792104,0.7306044740599714,0.5803571428571429,0.635102533172497,0.5837988826815642,0.49974632166412986,0.6614173228346457,0.4677598665925514,0.6045109858059499,0.5548821548821549,0.6722080970076276,0.5027624309392266,0.6699138254027726
183,0.4054,0.45691638967016107,0.5316260413452638,0.5521126760563381,0.5533980582524272,0.7270440251572327,0.6991017964071856,0.8262411347517731,0.6243059839605182,0.7444074250356972,0.6116071428571429,0.6194209891435465,0.5837988826815642,0.487062404870624,0.6141732283464567,0.5341856586992774,0.6054831810227493,0.5665544332210999,0.7289262663798162,0.5082872928176796,0.6948295241663545,0.45691638967016107,0.5316260413452638,0.5521126760563381,0.5533980582524272,0.7270440251572327,0.6991017964071856,0.8262411347517731,0.6243059839605182,0.7444074250356972,0.6116071428571429,0.6194209891435465,0.5837988826815642,0.487062404870624,0.6141732283464567,0.5341856586992774,0.6054831810227493,0.5665544332210999,0.7289262663798162,0.5082872928176796,0.6948295241663545
184,0.4178,0.5182817693684479,0.6059858068497377,0.5806572769953051,0.5566343042071198,0.710062893081761,0.7065868263473054,0.799290780141844,0.6113510178901912,0.7215611613517373,0.59375,0.6001206272617612,0.5921787709497207,0.4941653982749873,0.6456692913385826,0.5400222345747637,0.614621816060665,0.5524130190796858,0.6495208292587522,0.48066298342541436,0.6498688647433496,0.5182817693684479,0.6059858068497377,0.5806572769953051,0.5566343042071198,0.710062893081761,0.7065868263473054,0.799290780141844,0.6113510178901912,0.7215611613517373,0.59375,0.6001206272617612,0.5921787709497207,0.4941653982749873,0.6456692913385826,0.5400222345747637,0.614621816060665,0.5524130190796858,0.6495208292587522,0.48066298342541436,0.6498688647433496
185,0.4028,0.46816670928151366,0.556618327676643,0.5941784037558685,0.5372168284789643,0.7276729559748427,0.7065868263473054,0.8156028368794326,0.6051819864281308,0.723940980485483,0.5848214285714286,0.612183353437877,0.6005586592178771,0.5027904616945713,0.6299212598425197,0.5264035575319622,0.6066498152829088,0.5468013468013468,0.7017406610600431,0.49171270718232046,0.6708505058074186,0.46816670928151366,0.556618327676643,0.5941784037558685,0.5372168284789643,0.7276729559748427,0.7065868263473054,0.8156028368794326,0.6051819864281308,0.723940980485483,0.5848214285714286,0.612183353437877,0.6005586592178771,0.5027904616945713,0.6299212598425197,0.5264035575319622,0.6066498152829088,0.5468013468013468,0.7017406610600431,0.49171270718232046,0.6708505058074186
186,0.4107,0.4822296087957044,0.5766738660907127,0.5966197183098592,0.5242718446601942,0.7427672955974842,0.7230538922155688,0.8113475177304964,0.5971622455274522,0.7177534507377439,0.5803571428571429,0.6242460796139928,0.5977653631284916,0.4855403348554033,0.6692913385826772,0.509449694274597,0.585261520513319,0.571043771043771,0.6997848621161744,0.5248618784530387,0.6702884975646309,0.4822296087957044,0.5766738660907127,0.5966197183098592,0.5242718446601942,0.7427672955974842,0.7230538922155688,0.8113475177304964,0.5971622455274522,0.7177534507377439,0.5803571428571429,0.6242460796139928,0.5977653631284916,0.4855403348554033,0.6692913385826772,0.509449694274597,0.585261520513319,0.571043771043771,0.6997848621161744,0.5248618784530387,0.6702884975646309
187,0.41,0.49194579391459986,0.5967294045047825,0.5984976525821596,0.5760517799352751,0.7283018867924528,0.7215568862275449,0.7950354609929078,0.6273904996915485,0.7334602570204665,0.5758928571428571,0.6164053075995175,0.6005586592178771,0.512937595129376,0.6220472440944882,0.547526403557532,0.602177717285631,0.5252525252525253,0.6608644631331899,0.4696132596685083,0.6755339078306482,0.49194579391459986,0.5967294045047825,0.5984976525821596,0.5760517799352751,0.7283018867924528,0.7215568862275449,0.7950354609929078,0.6273904996915485,0.7334602570204665,0.5758928571428571,0.6164053075995175,0.6005586592178771,0.512937595129376,0.6220472440944882,0.547526403557532,0.602177717285631,0.5252525252525253,0.6608644631331899,0.4696132596685083,0.6755339078306482
188,0.4051,0.4896445921759141,0.5834618944770132,0.5723943661971831,0.5598705501618123,0.7163522012578616,0.7155688622754491,0.8106382978723404,0.6051819864281308,0.7168015230842456,0.5669642857142857,0.600422195416164,0.6089385474860335,0.46778285134449515,0.6850393700787402,0.5200111172873819,0.5924557651176356,0.6024691358024692,0.7078036377860356,0.5359116022099447,0.6766579243162233,0.4896445921759141,0.5834618944770132,0.5723943661971831,0.5598705501618123,0.7163522012578616,0.7155688622754491,0.8106382978723404,0.6051819864281308,0.7168015230842456,0.5669642857142857,0.600422195416164,0.6089385474860335,0.46778285134449515,0.6850393700787402,0.5200111172873819,0.5924557651176356,0.6024691358024692,0.7078036377860356,0.5359116022099447,0.6766579243162233
189,0.3989,0.4896445921759141,0.5853131749460043,0.563943661971831,0.5598705501618123,0.7339622641509433,0.7095808383233533,0.8191489361702128,0.6150524367674275,0.7272727272727273,0.5848214285714286,0.6224366706875754,0.6061452513966481,0.510908168442415,0.6456692913385826,0.5100055586436909,0.5864281547734785,0.5265993265993266,0.6917660864463133,0.5193370165745856,0.6599850131135256,0.4896445921759141,0.5853131749460043,0.563943661971831,0.5598705501618123,0.7339622641509433,0.7095808383233533,0.8191489361702128,0.6150524367674275,0.7272727272727273,0.5848214285714286,0.6224366706875754,0.6061452513966481,0.510908168442415,0.6456692913385826,0.5100055586436909,0.5864281547734785,0.5265993265993266,0.6917660864463133,0.5193370165745856,0.6599850131135256
190,0.4136,0.507798517003324,0.5871644554149954,0.5536150234741785,0.5533980582524272,0.7238993710691823,0.7080838323353293,0.7964539007092198,0.6144355336212215,0.7272727272727273,0.5803571428571429,0.6194209891435465,0.6089385474860335,0.5083713850837138,0.6141732283464567,0.5208449138410228,0.5879836671203578,0.5324354657687991,0.6587130842949345,0.5193370165745856,0.683402023229674,0.507798517003324,0.5871644554149954,0.5536150234741785,0.5533980582524272,0.7238993710691823,0.7080838323353293,0.7964539007092198,0.6144355336212215,0.7272727272727273,0.5803571428571429,0.6194209891435465,0.6089385474860335,0.5083713850837138,0.6141732283464567,0.5208449138410228,0.5879836671203578,0.5324354657687991,0.6587130842949345,0.5193370165745856,0.683402023229674
191,0.4144,0.4789056507287139,0.5634063560629435,0.5992488262910798,0.5857605177993528,0.7276729559748427,0.7215568862275449,0.8134751773049645,0.6366440468846392,0.723940980485483,0.5982142857142857,0.6188178528347407,0.6089385474860335,0.4809741248097412,0.6614173228346457,0.556420233463035,0.5574567373128524,0.5831649831649832,0.7134754547232545,0.5248618784530387,0.6815286624203821,0.4789056507287139,0.5634063560629435,0.5992488262910798,0.5857605177993528,0.7276729559748427,0.7215568862275449,0.8134751773049645,0.6366440468846392,0.723940980485483,0.5982142857142857,0.6188178528347407,0.6089385474860335,0.4809741248097412,0.6614173228346457,0.556420233463035,0.5574567373128524,0.5831649831649832,0.7134754547232545,0.5248618784530387,0.6815286624203821
192,0.4137,0.47992840705701867,0.5794507867941994,0.6251643192488263,0.5598705501618123,0.7194968553459119,0.7140718562874252,0.8099290780141843,0.6008636644046884,0.7363160399809614,0.5758928571428571,0.6079613992762364,0.6061452513966481,0.4885844748858447,0.6535433070866141,0.5,0.6050943029360295,0.5510662177328844,0.7021318208488168,0.5027624309392266,0.6764705882352942,0.47992840705701867,0.5794507867941994,0.6251643192488263,0.5598705501618123,0.7194968553459119,0.7140718562874252,0.8099290780141843,0.6008636644046884,0.7363160399809614,0.5758928571428571,0.6079613992762364,0.6061452513966481,0.4885844748858447,0.6535433070866141,0.5,0.6050943029360295,0.5510662177328844,0.7021318208488168,0.5027624309392266,0.6764705882352942
193,0.406,0.5203272820250575,0.6047516198704104,0.5310798122065727,0.5728155339805825,0.7433962264150943,0.7215568862275449,0.8042553191489362,0.5977791486736582,0.6925273679200381,0.5982142857142857,0.6296743063932448,0.6061452513966481,0.49822425164890916,0.7007874015748031,0.5300166759310728,0.60431654676259,0.528395061728395,0.6540191668296499,0.5082872928176796,0.6597976770325965,0.5203272820250575,0.6047516198704104,0.5310798122065727,0.5728155339805825,0.7433962264150943,0.7215568862275449,0.8042553191489362,0.5977791486736582,0.6925273679200381,0.5982142857142857,0.6296743063932448,0.6061452513966481,0.49822425164890916,0.7007874015748031,0.5300166759310728,0.60431654676259,0.528395061728395,0.6540191668296499,0.5082872928176796,0.6597976770325965
194,0.4219,0.4924571720787522,0.5914841098426412,0.6031924882629108,0.5533980582524272,0.7528301886792453,0.7230538922155688,0.798581560283688,0.6113510178901912,0.7429795335554498,0.6071428571428571,0.6224366706875754,0.5754189944134078,0.47995941146626075,0.6692913385826772,0.5113952195664258,0.5813727396461209,0.5780022446689114,0.6727948366907882,0.56353591160221,0.681341326339453,0.4924571720787522,0.5914841098426412,0.6031924882629108,0.5533980582524272,0.7528301886792453,0.7230538922155688,0.798581560283688,0.6113510178901912,0.7429795335554498,0.6071428571428571,0.6224366706875754,0.5754189944134078,0.47995941146626075,0.6692913385826772,0.5113952195664258,0.5813727396461209,0.5780022446689114,0.6727948366907882,0.56353591160221,0.681341326339453
195,0.4104,0.5011506008693429,0.5766738660907127,0.5851643192488263,0.5631067961165048,0.720754716981132,0.7110778443113772,0.8134751773049645,0.5872917951881554,0.7049024274155165,0.5669642857142857,0.609167671893848,0.6005586592178771,0.5098934550989346,0.6299212598425197,0.49861033907726515,0.6148162551040249,0.5456790123456791,0.6810091922550362,0.5359116022099447,0.6789059572873736,0.5011506008693429,0.5766738660907127,0.5851643192488263,0.5631067961165048,0.720754716981132,0.7110778443113772,0.8134751773049645,0.5872917951881554,0.7049024274155165,0.5669642857142857,0.609167671893848,0.6005586592178771,0.5098934550989346,0.6299212598425197,0.49861033907726515,0.6148162551040249,0.5456790123456791,0.6810091922550362,0.5359116022099447,0.6789059572873736
196,0.4116,0.4850421886985426,0.5813020672631903,0.5810328638497653,0.5663430420711975,0.7251572327044025,0.7275449101796407,0.8113475177304964,0.6317088217149908,0.7501189909566873,0.5848214285714286,0.6088661037394452,0.5977653631284916,0.5058346017250127,0.6456692913385826,0.537242912729294,0.5702897141746063,0.5398428731762065,0.7005671816937219,0.5138121546961326,0.6931434994379918,0.4850421886985426,0.5813020672631903,0.5810328638497653,0.5663430420711975,0.7251572327044025,0.7275449101796407,0.8113475177304964,0.6317088217149908,0.7501189909566873,0.5848214285714286,0.6088661037394452,0.5977653631284916,0.5058346017250127,0.6456692913385826,0.537242912729294,0.5702897141746063,0.5398428731762065,0.7005671816937219,0.5138121546961326,0.6931434994379918
197,0.4149,0.505241626182562,0.5951866707806233,0.6135211267605634,0.5210355987055016,0.7396226415094339,0.718562874251497,0.8035460992907801,0.5934608266502159,0.7129938124702523,0.5892857142857143,0.6164053075995175,0.5949720670391061,0.4865550481988838,0.6456692913385826,0.4936075597554197,0.6198716702313825,0.5429854096520763,0.6735771562683356,0.5303867403314917,0.6481828400149869,0.505241626182562,0.5951866707806233,0.6135211267605634,0.5210355987055016,0.7396226415094339,0.718562874251497,0.8035460992907801,0.5934608266502159,0.7129938124702523,0.5892857142857143,0.6164053075995175,0.5949720670391061,0.4865550481988838,0.6456692913385826,0.4936075597554197,0.6198716702313825,0.5429854096520763,0.6735771562683356,0.5303867403314917,0.6481828400149869
198,0.408,0.48171823063155206,0.5785251465597038,0.6326760563380281,0.5533980582524272,0.7257861635220125,0.7335329341317365,0.8141843971631205,0.621221468229488,0.7315564017134698,0.5803571428571429,0.6115802171290712,0.5865921787709497,0.512937595129376,0.6614173228346457,0.5152862701500833,0.5877892280769978,0.5346801346801346,0.7295130060629768,0.5359116022099447,0.6950168602472836,0.48171823063155206,0.5785251465597038,0.6326760563380281,0.5533980582524272,0.7257861635220125,0.7335329341317365,0.8141843971631205,0.621221468229488,0.7315564017134698,0.5803571428571429,0.6115802171290712,0.5865921787709497,0.512937595129376,0.6614173228346457,0.5152862701500833,0.5877892280769978,0.5346801346801346,0.7295130060629768,0.5359116022099447,0.6950168602472836
199,0.4293,0.5499872155458961,0.6457883369330454,0.5748356807511737,0.5857605177993528,0.7616352201257862,0.7335329341317365,0.774468085106383,0.6255397902529303,0.732032365540219,0.5892857142857143,0.623341375150784,0.6033519553072626,0.48148148148148145,0.6771653543307087,0.5339077265147304,0.5792339101691619,0.5696969696969697,0.6117739096420888,0.5580110497237569,0.6491195204196328,0.5499872155458961,0.6457883369330454,0.5748356807511737,0.5857605177993528,0.7616352201257862,0.7335329341317365,0.774468085106383,0.6255397902529303,0.732032365540219,0.5892857142857143,0.623341375150784,0.6033519553072626,0.48148148148148145,0.6771653543307087,0.5339077265147304,0.5792339101691619,0.5696969696969697,0.6117739096420888,0.5580110497237569,0.6491195204196328
