round,global_acc,per_client_gen_acc,local_c00,local_c01,local_c02,local_c03,local_c04,local_c05,local_c06,local_c07,local_c08,local_c09,local_c10,local_c11,local_c12,local_c13,local_c14,local_c15,local_c16,local_c17,local_c18,local_c19,hybrid_c00,hybrid_c01,hybrid_c02,hybrid_c03,hybrid_c04,hybrid_c05,hybrid_c06,hybrid_c07,hybrid_c08,hybrid_c09,hybrid_c10,hybrid_c11,hybrid_c12,hybrid_c13,hybrid_c14,hybrid_c15,hybrid_c16,hybrid_c17,hybrid_c18,hybrid_c19
0,0.2159,0.2159,0.22621457489878544,0.08529048207663782,0.04338028169014085,0.03559870550161812,0.07191780821917808,0.03551401869158879,0.568698347107438,0.19786995515695066,0.26551373346897256,0.11570247933884298,0.2379979570990807,0.7409470752089137,0.3988035892323031,0.07608695652173914,0.0313648615535408,0.3933579335793358,0.05994611585092052,0.44709563856835516,0.1286549707602339,0.0572262118491921,0.22621457489878544,0.08529048207663782,0.04338028169014085,0.03559870550161812,0.07191780821917808,0.03551401869158879,0.568698347107438,0.19786995515695066,0.26551373346897256,0.11570247933884298,0.2379979570990807,0.7409470752089137,0.3988035892323031,0.07608695652173914,0.0313648615535408,0.3933579335793358,0.05994611585092052,0.44709563856835516,0.1286549707602339,0.0572262118491921
1,0.2664,0.2664,0.3256578947368421,0.11526576019777503,0.013521126760563381,0.03559870550161812,0.18835616438356165,0.04672897196261682,0.6663223140495868,0.29091928251121074,0.4865208545269583,0.12396694214876033,0.33605720122574056,0.8328690807799443,0.4002991026919242,0.16304347826086957,0.07302131830433717,0.36,0.022002694207453974,0.5951496186192059,0.10526315789473684,0.12028725314183124,0.3256578947368421,0.11526576019777503,0.013521126760563381,0.03559870550161812,0.18835616438356165,0.04672897196261682,0.6663223140495868,0.29091928251121074,0.4865208545269583,0.12396694214876033,0.33605720122574056,0.8328690807799443,0.4002991026919242,0.16304347826086957,0.07302131830433717,0.36,0.022002694207453974,0.5951496186192059,0.10526315789473684,0.12028725314183124
2,0.3456,0.3456,0.3555161943319838,0.15914709517923362,0.06835680751173709,0.05177993527508091,0.2945205479452055,0.07850467289719626,0.7582644628099173,0.31390134529147984,0.6487792472024415,0.2396694214876033,0.32073544433094997,0.8272980501392758,0.40727816550348955,0.27717391304347827,0.11002205341827984,0.5037638376383764,0.049842837898518184,0.6458048112654019,0.18128654970760233,0.32809694793536803,0.3555161943319838,0.15914709517923362,0.06835680751173709,0.05177993527508091,0.2945205479452055,0.07850467289719626,0.7582644628099173,0.31390134529147984,0.6487792472024415,0.2396694214876033,0.32073544433094997,0.8272980501392758,0.40727816550348955,0.27717391304347827,0.11002205341827984,0.5037638376383764,0.049842837898518184,0.6458048112654019,0.18128654970760233,0.32809694793536803
3,0.4035,0.4035,0.3674089068825911,0.1838689740420272,0.24018779342723004,0.07119741100323625,0.3253424657534247,0.10841121495327102,0.7618801652892562,0.3195067264573991,0.6907426246185148,0.2892561983471074,0.3237997957099081,0.8189415041782729,0.4057826520438684,0.2826086956521739,0.1105121293800539,0.5628044280442804,0.08509205208801078,0.688050068452963,0.23391812865497075,0.5311938958707361,0.3674089068825911,0.1838689740420272,0.24018779342723004,0.07119741100323625,0.3253424657534247,0.10841121495327102,0.7618801652892562,0.3195067264573991,0.6907426246185148,0.2892561983471074,0.3237997957099081,0.8189415041782729,0.4057826520438684,0.2826086956521739,0.1105121293800539,0.5628044280442804,0.08509205208801078,0.688050068452963,0.23391812865497075,0.5311938958707361
4,0.433,0.433,0.3868927125506073,0.2042645241038319,0.3235680751173709,0.10355987055016182,0.3561643835616438,0.12710280373831775,0.7846074380165289,0.34417040358744394,0.7151576805696847,0.3305785123966942,0.3442288049029622,0.8161559888579387,0.4172482552342971,0.33695652173913043,0.13844645920117618,0.6033948339483395,0.10844185002245173,0.7123019753569333,0.23976608187134502,0.5495960502692998,0.3868927125506073,0.2042645241038319,0.3235680751173709,0.10355987055016182,0.3561643835616438,0.12710280373831775,0.7846074380165289,0.34417040358744394,0.7151576805696847,0.3305785123966942,0.3442288049029622,0.8161559888579387,0.4172482552342971,0.33695652173913043,0.13844645920117618,0.6033948339483395,0.10844185002245173,0.7123019753569333,0.23976608187134502,0.5495960502692998
5,0.4577,0.4577,0.4172570850202429,0.23516687268232386,0.3297652582159624,0.11650485436893204,0.3424657534246575,0.14766355140186915,0.78150826446281,0.34080717488789236,0.7301627670396744,0.371900826446281,0.3748723186925434,0.8328690807799443,0.4436689930209372,0.33152173913043476,0.13232050967900025,0.5924723247232472,0.1450381679389313,0.7545472325444944,0.26900584795321636,0.6754937163375224,0.4172570850202429,0.23516687268232386,0.3297652582159624,0.11650485436893204,0.3424657534246575,0.14766355140186915,0.78150826446281,0.34080717488789236,0.7301627670396744,0.371900826446281,0.3748723186925434,0.8328690807799443,0.4436689930209372,0.33152173913043476,0.13232050967900025,0.5924723247232472,0.1450381679389313,0.7545472325444944,0.26900584795321636,0.6754937163375224
6,0.4904,0.4904,0.4230769230769231,0.24876390605686033,0.41577464788732393,0.14563106796116504,0.4075342465753425,0.18878504672897195,0.7995867768595041,0.3508968609865471,0.763733468972533,0.4132231404958678,0.4024514811031665,0.8050139275766016,0.48554336989032904,0.40217391304347827,0.16049987748100955,0.625239852398524,0.21171980242478672,0.7529825933893995,0.34502923976608185,0.6862657091561939,0.4230769230769231,0.24876390605686033,0.41577464788732393,0.14563106796116504,0.4075342465753425,0.18878504672897195,0.7995867768595041,0.3508968609865471,0.763733468972533,0.4132231404958678,0.4024514811031665,0.8050139275766016,0.48554336989032904,0.40217391304347827,0.16049987748100955,0.625239852398524,0.21171980242478672,0.7529825933893995,0.34502923976608185,0.6862657091561939
7,0.5154,0.5154,0.4347165991902834,0.26668726823238564,0.4792488262910798,0.1779935275080906,0.4383561643835616,0.21869158878504674,0.7995867768595041,0.37612107623318386,0.7711088504577823,0.4297520661157025,0.41062308478038817,0.8133704735376045,0.4965104685942173,0.41304347826086957,0.18745405537858367,0.6433948339483395,0.24854063762909745,0.7566986113827499,0.36257309941520466,0.7257630161579892,0.4347165991902834,0.26668726823238564,0.4792488262910798,0.1779935275080906,0.4383561643835616,0.21869158878504674,0.7995867768595041,0.37612107623318386,0.7711088504577823,0.4297520661157025,0.41062308478038817,0.8133704735376045,0.4965104685942173,0.41304347826086957,0.18745405537858367,0.6433948339483395,0.24854063762909745,0.7566986113827499,0.36257309941520466,0.7257630161579892
8,0.5434,0.5434,0.444331983805668,0.2926452410383189,0.5355868544600939,0.22653721682847897,0.4554794520547945,0.2485981308411215,0.8104338842975206,0.4164798206278027,0.7756866734486266,0.4462809917355372,0.42288049029622066,0.807799442896936,0.5294117647058824,0.42934782608695654,0.23964714530752268,0.658450184501845,0.305792546026044,0.7602190494817133,0.38596491228070173,0.71745960502693,0.444331983805668,0.2926452410383189,0.5355868544600939,0.22653721682847897,0.4554794520547945,0.2485981308411215,0.8104338842975206,0.4164798206278027,0.7756866734486266,0.4462809917355372,0.42288049029622066,0.807799442896936,0.5294117647058824,0.42934782608695654,0.23964714530752268,0.658450184501845,0.305792546026044,0.7602190494817133,0.38596491228070173,0.71745960502693
9,0.5417,0.5417,0.4567307692307692,0.2994437577255871,0.48187793427230047,0.22653721682847897,0.4383561643835616,0.2485981308411215,0.8197314049586777,0.42713004484304934,0.7807731434384537,0.45454545454545453,0.4463738508682329,0.8105849582172702,0.536889332003988,0.44021739130434784,0.24601813281058565,0.6588929889298893,0.3055680287382128,0.7731273225112458,0.42105263157894735,0.7670556552962298,0.4567307692307692,0.2994437577255871,0.48187793427230047,0.22653721682847897,0.4383561643835616,0.2485981308411215,0.8197314049586777,0.42713004484304934,0.7807731434384537,0.45454545454545453,0.4463738508682329,0.8105849582172702,0.536889332003988,0.44021739130434784,0.24601813281058565,0.6588929889298893,0.3055680287382128,0.7731273225112458,0.42105263157894735,0.7670556552962298
10,0.5734,0.5734,0.4683704453441296,0.33559950556242274,0.5579342723004694,0.22653721682847897,0.4657534246575342,0.2897196261682243,0.8052685950413223,0.4327354260089686,0.7886571719226857,0.47107438016528924,0.5137895812053116,0.7855153203342619,0.5967098703888335,0.483695652173913,0.26562117128154866,0.6853136531365314,0.4108666367310283,0.7662820262077058,0.5029239766081871,0.7587522441651705,0.4683704453441296,0.33559950556242274,0.5579342723004694,0.22653721682847897,0.4657534246575342,0.2897196261682243,0.8052685950413223,0.4327354260089686,0.7886571719226857,0.47107438016528924,0.5137895812053116,0.7855153203342619,0.5967098703888335,0.483695652173913,0.26562117128154866,0.6853136531365314,0.4108666367310283,0.7662820262077058,0.5029239766081871,0.7587522441651705
11,0.5799,0.5799,0.4810222672064777,0.3263288009888752,0.5434741784037559,0.2524271844660194,0.4520547945205479,0.27102803738317754,0.8125,0.460762331838565,0.8095116988809766,0.512396694214876,0.501532175689479,0.8050139275766016,0.5857427716849452,0.5,0.28938985542759127,0.6577121771217712,0.3877413560844185,0.785253275963231,0.47368421052631576,0.7991472172351886,0.4810222672064777,0.3263288009888752,0.5434741784037559,0.2524271844660194,0.4520547945205479,0.27102803738317754,0.8125,0.460762331838565,0.8095116988809766,0.512396694214876,0.501532175689479,0.8050139275766016,0.5857427716849452,0.5,0.28938985542759127,0.6577121771217712,0.3877413560844185,0.785253275963231,0.47368421052631576,0.7991472172351886
12,0.5975,0.5975,0.4891194331983806,0.3430160692212608,0.595868544600939,0.3074433656957929,0.4691780821917808,0.30280373831775703,0.8217975206611571,0.48374439461883406,0.801881993896236,0.5289256198347108,0.515832482124617,0.8105849582172702,0.6181455633100698,0.5054347826086957,0.3300661602548395,0.6857564575645756,0.4277054333183655,0.7834930569137493,0.47953216374269003,0.7933123877917415,0.4891194331983806,0.3430160692212608,0.595868544600939,0.3074433656957929,0.4691780821917808,0.30280373831775703,0.8217975206611571,0.48374439461883406,0.801881993896236,0.5289256198347108,0.515832482124617,0.8105849582172702,0.6181455633100698,0.5054347826086957,0.3300661602548395,0.6857564575645756,0.4277054333183655,0.7834930569137493,0.47953216374269003,0.7933123877917415
13,0.5925,0.5925,0.4876012145748988,0.34239802224969096,0.5830985915492958,0.2621359223300971,0.476027397260274,0.29345794392523367,0.8254132231404959,0.44730941704035876,0.7983214649033571,0.5289256198347108,0.5209397344228804,0.8133704735376045,0.6201395812562313,0.4945652173913043,0.2879196275422691,0.7006642066420664,0.42456219128872924,0.7823195775474281,0.4853801169590643,0.8094703770197487,0.4876012145748988,0.34239802224969096,0.5830985915492958,0.2621359223300971,0.476027397260274,0.29345794392523367,0.8254132231404959,0.44730941704035876,0.7983214649033571,0.5289256198347108,0.5209397344228804,0.8133704735376045,0.6201395812562313,0.4945652173913043,0.2879196275422691,0.7006642066420664,0.42456219128872924,0.7823195775474281,0.4853801169590643,0.8094703770197487
14,0.6161,0.6161,0.49544534412955465,0.3563040791100124,0.6349295774647887,0.3365695792880259,0.4828767123287671,0.31962616822429907,0.8264462809917356,0.4960762331838565,0.7985757884028484,0.5206611570247934,0.5413687436159347,0.7855153203342619,0.6520438683948155,0.5217391304347826,0.34893408478314136,0.7192619926199262,0.48697799730579255,0.7764521807158224,0.5380116959064327,0.776705565529623,0.49544534412955465,0.3563040791100124,0.6349295774647887,0.3365695792880259,0.4828767123287671,0.31962616822429907,0.8264462809917356,0.4960762331838565,0.7985757884028484,0.5206611570247934,0.5413687436159347,0.7855153203342619,0.6520438683948155,0.5217391304347826,0.34893408478314136,0.7192619926199262,0.48697799730579255,0.7764521807158224,0.5380116959064327,0.776705565529623
15,0.6208,0.6208,0.5237854251012146,0.3974042027194067,0.6073239436619718,0.3268608414239482,0.5205479452054794,0.34953271028037386,0.827995867768595,0.4943946188340807,0.8084944048830112,0.512396694214876,0.5730337078651685,0.7799442896935933,0.654037886340977,0.5434782608695652,0.34893408478314136,0.7036162361623616,0.4964077233947014,0.7911206727948367,0.5380116959064327,0.7964542190305206,0.5237854251012146,0.3974042027194067,0.6073239436619718,0.3268608414239482,0.5205479452054794,0.34953271028037386,0.827995867768595,0.4943946188340807,0.8084944048830112,0.512396694214876,0.5730337078651685,0.7799442896935933,0.654037886340977,0.5434782608695652,0.34893408478314136,0.7036162361623616,0.4964077233947014,0.7911206727948367,0.5380116959064327,0.7964542190305206
16,0.6256,0.6256,0.5215080971659919,0.380716934487021,0.6371830985915493,0.313915857605178,0.5,0.34766355140186916,0.8476239669421488,0.47701793721973096,0.8110376398779248,0.5206611570247934,0.5638406537282942,0.7966573816155988,0.6684945164506481,0.5434782608695652,0.3330066160254839,0.7254612546125462,0.5103277952402335,0.7905339331116761,0.5497076023391813,0.8101436265709157,0.5215080971659919,0.380716934487021,0.6371830985915493,0.313915857605178,0.5,0.34766355140186916,0.8476239669421488,0.47701793721973096,0.8110376398779248,0.5206611570247934,0.5638406537282942,0.7966573816155988,0.6684945164506481,0.5434782608695652,0.3330066160254839,0.7254612546125462,0.5103277952402335,0.7905339331116761,0.5497076023391813,0.8101436265709157
17,0.6361,0.6361,0.534665991902834,0.40667490729295425,0.6533333333333333,0.3559870550161812,0.5273972602739726,0.37570093457943926,0.8254132231404959,0.4943946188340807,0.8219735503560529,0.5371900826446281,0.5801838610827375,0.7799442896935933,0.6640079760717846,0.5434782608695652,0.3508943886302377,0.7241328413284133,0.5368208352043108,0.7915118325836104,0.5614035087719298,0.8018402154398564,0.534665991902834,0.40667490729295425,0.6533333333333333,0.3559870550161812,0.5273972602739726,0.37570093457943926,0.8254132231404959,0.4943946188340807,0.8219735503560529,0.5371900826446281,0.5801838610827375,0.7799442896935933,0.6640079760717846,0.5434782608695652,0.3508943886302377,0.7241328413284133,0.5368208352043108,0.7915118325836104,0.5614035087719298,0.8018402154398564
18,0.6382,0.6382,0.5184716599190283,0.3912237330037083,0.6783098591549296,0.3333333333333333,0.5171232876712328,0.3532710280373832,0.8300619834710744,0.4758968609865471,0.8143438453713123,0.5454545454545454,0.5597548518896833,0.7855153203342619,0.672482552342971,0.5489130434782609,0.3359470717961284,0.7533579335793358,0.5408621463852716,0.7926853119499315,0.5847953216374269,0.8166517055655296,0.5184716599190283,0.3912237330037083,0.6783098591549296,0.3333333333333333,0.5171232876712328,0.3532710280373832,0.8300619834710744,0.4758968609865471,0.8143438453713123,0.5454545454545454,0.5597548518896833,0.7855153203342619,0.672482552342971,0.5489130434782609,0.3359470717961284,0.7533579335793358,0.5408621463852716,0.7926853119499315,0.5847953216374269,0.8166517055655296
19,0.6495,0.6495,0.5344129554655871,0.4221260815822003,0.6816901408450704,0.36893203883495146,0.5273972602739726,0.3775700934579439,0.8352272727272727,0.4904708520179372,0.8051881993896236,0.5289256198347108,0.5893769152196119,0.7883008356545961,0.7073778664007976,0.5815217391304348,0.3629012496937025,0.7571955719557195,0.5889088459811406,0.7917074124779973,0.6081871345029239,0.815754039497307,0.5344129554655871,0.4221260815822003,0.6816901408450704,0.36893203883495146,0.5273972602739726,0.3775700934579439,0.8352272727272727,0.4904708520179372,0.8051881993896236,0.5289256198347108,0.5893769152196119,0.7883008356545961,0.7073778664007976,0.5815217391304348,0.3629012496937025,0.7571955719557195,0.5889088459811406,0.7917074124779973,0.6081871345029239,0.815754039497307
20,0.6491,0.6491,0.5268218623481782,0.3958590852904821,0.6676056338028169,0.39805825242718446,0.5171232876712328,0.35887850467289717,0.8491735537190083,0.5325112107623319,0.8257884028484231,0.5619834710743802,0.5893769152196119,0.807799442896936,0.6969092721834497,0.5489130434782609,0.4033325165400637,0.7555719557195572,0.5559048046699596,0.7993350283590847,0.5847953216374269,0.8090215439856373,0.5268218623481782,0.3958590852904821,0.6676056338028169,0.39805825242718446,0.5171232876712328,0.35887850467289717,0.8491735537190083,0.5325112107623319,0.8257884028484231,0.5619834710743802,0.5893769152196119,0.807799442896936,0.6969092721834497,0.5489130434782609,0.4033325165400637,0.7555719557195572,0.5559048046699596,0.7993350283590847,0.5847953216374269,0.8090215439856373
21,0.652,0.652,0.5490890688259109,0.4221260815822003,0.6484507042253521,0.37540453074433655,0.541095890410959,0.37383177570093457,0.8455578512396694,0.5106502242152466,0.8229908443540183,0.5454545454545454,0.599591419816139,0.7966573816155988,0.7128614157527418,0.5706521739130435,0.3798088703749081,0.7524723247232472,0.5713964975303099,0.8177195384314493,0.5847953216374269,0.7971274685816876,0.5490890688259109,0.4221260815822003,0.6484507042253521,0.37540453074433655,0.541095890410959,0.37383177570093457,0.8455578512396694,0.5106502242152466,0.8229908443540183,0.5454545454545454,0.599591419816139,0.7966573816155988,0.7128614157527418,0.5706521739130435,0.3798088703749081,0.7524723247232472,0.5713964975303099,0.8177195384314493,0.5847953216374269,0.7971274685816876
22,0.6623,0.6623,0.5321356275303644,0.41749072929542647,0.7143661971830986,0.42071197411003236,0.547945205479452,0.3850467289719626,0.8460743801652892,0.5426008968609866,0.8212105798575788,0.6115702479338843,0.5914198161389173,0.7938718662952646,0.7183449651046859,0.6086956521739131,0.4202401372212693,0.7716605166051661,0.5958688819039066,0.7877958145902602,0.6198830409356725,0.8117145421903053,0.5321356275303644,0.41749072929542647,0.7143661971830986,0.42071197411003236,0.547945205479452,0.3850467289719626,0.8460743801652892,0.5426008968609866,0.8212105798575788,0.6115702479338843,0.5914198161389173,0.7938718662952646,0.7183449651046859,0.6086956521739131,0.4202401372212693,0.7716605166051661,0.5958688819039066,0.7877958145902602,0.6198830409356725,0.8117145421903053
23,0.6602,0.6602,0.5589574898785425,0.43294190358467244,0.6942723004694835,0.43042071197411,0.5445205479452054,0.40373831775700936,0.8481404958677686,0.5515695067264574,0.8219735503560529,0.5950413223140496,0.5812053115423902,0.8189415041782729,0.6919242273180458,0.5760869565217391,0.4251408968390101,0.7542435424354244,0.5498428378985182,0.8110698220222962,0.5906432748538012,0.8224865350089766,0.5589574898785425,0.43294190358467244,0.6942723004694835,0.43042071197411,0.5445205479452054,0.40373831775700936,0.8481404958677686,0.5515695067264574,0.8219735503560529,0.5950413223140496,0.5812053115423902,0.8189415041782729,0.6919242273180458,0.5760869565217391,0.4251408968390101,0.7542435424354244,0.5498428378985182,0.8110698220222962,0.5906432748538012,0.8224865350089766
24,0.6661,0.6661,0.5561740890688259,0.44283065512978986,0.6893896713615023,0.4174757281553398,0.5787671232876712,0.44299065420560746,0.8414256198347108,0.5414798206278026,0.823499491353001,0.5950413223140496,0.5822267620020429,0.7883008356545961,0.7048853439680958,0.592391304347826,0.4295515804949767,0.7816974169741697,0.5806017063313875,0.7946411108938001,0.6140350877192983,0.8372980251346499,0.5561740890688259,0.44283065512978986,0.6893896713615023,0.4174757281553398,0.5787671232876712,0.44299065420560746,0.8414256198347108,0.5414798206278026,0.823499491353001,0.5950413223140496,0.5822267620020429,0.7883008356545961,0.7048853439680958,0.592391304347826,0.4295515804949767,0.7816974169741697,0.5806017063313875,0.7946411108938001,0.6140350877192983,0.8372980251346499
25,0.6693,0.6693,0.5602226720647774,0.4419035846724351,0.6967136150234742,0.45307443365695793,0.565068493150685,0.4130841121495327,0.8419421487603306,0.5616591928251121,0.8316378433367243,0.6198347107438017,0.6026557711950971,0.7966573816155988,0.7347956131605184,0.6032608695652174,0.44817446704239156,0.7586715867158672,0.6151773686573866,0.8149814199100333,0.6257309941520468,0.8343806104129264,0.5602226720647774,0.4419035846724351,0.6967136150234742,0.45307443365695793,0.565068493150685,0.4130841121495327,0.8419421487603306,0.5616591928251121,0.8316378433367243,0.6198347107438017,0.6026557711950971,0.7966573816155988,0.7347956131605184,0.6032608695652174,0.44817446704239156,0.7586715867158672,0.6151773686573866,0.8149814199100333,0.6257309941520468,0.8343806104129264
26,0.6655,0.6655,0.5736336032388664,0.4607540173053152,0.6888262910798122,0.42394822006472493,0.5787671232876712,0.4280373831775701,0.8414256198347108,0.5426008968609866,0.8288402848423194,0.6198347107438017,0.5985699693564862,0.8050139275766016,0.7233300099700898,0.6032608695652174,0.4219554030874786,0.7754981549815498,0.6100134710372699,0.8089184431840407,0.6432748538011696,0.8399910233393177,0.5736336032388664,0.4607540173053152,0.6888262910798122,0.42394822006472493,0.5787671232876712,0.4280373831775701,0.8414256198347108,0.5426008968609866,0.8288402848423194,0.6198347107438017,0.5985699693564862,0.8050139275766016,0.7233300099700898,0.6032608695652174,0.4219554030874786,0.7754981549815498,0.6100134710372699,0.8089184431840407,0.6432748538011696,0.8399910233393177
27,0.6673,0.6673,0.5612348178137652,0.4558096415327565,0.740093896713615,0.45307443365695793,0.5684931506849316,0.42429906542056073,0.8517561983471075,0.554932735426009,0.8336724313326551,0.6198347107438017,0.5873340143003064,0.7827298050139275,0.7243270189431705,0.6141304347826086,0.4462141631952953,0.7840590405904059,0.5969914683430624,0.8003129278310189,0.6374269005847953,0.8204667863554758,0.5612348178137652,0.4558096415327565,0.740093896713615,0.45307443365695793,0.5684931506849316,0.42429906542056073,0.8517561983471075,0.554932735426009,0.8336724313326551,0.6198347107438017,0.5873340143003064,0.7827298050139275,0.7243270189431705,0.6141304347826086,0.4462141631952953,0.7840590405904059,0.5969914683430624,0.8003129278310189,0.6374269005847953,0.8204667863554758
28,0.6714,0.6714,0.583502024291498,0.473114956736712,0.6888262910798122,0.44660194174757284,0.5753424657534246,0.4392523364485981,0.8502066115702479,0.5644618834080718,0.8346897253306206,0.6033057851239669,0.6302349336057201,0.8161559888579387,0.7412761714855434,0.5706521739130435,0.4425385934819897,0.753210332103321,0.6241580601706331,0.8210443966360258,0.6374269005847953,0.8359515260323159,0.583502024291498,0.473114956736712,0.6888262910798122,0.44660194174757284,0.5753424657534246,0.4392523364485981,0.8502066115702479,0.5644618834080718,0.8346897253306206,0.6033057851239669,0.6302349336057201,0.8161559888579387,0.7412761714855434,0.5706521739130435,0.4425385934819897,0.753210332103321,0.6241580601706331,0.8210443966360258,0.6374269005847953,0.8359515260323159
29,0.6709,0.6709,0.5738866396761133,0.46909765142150806,0.7098591549295775,0.42394822006472493,0.5684931506849316,0.43177570093457945,0.8662190082644629,0.5426008968609866,0.8397761953204476,0.6198347107438017,0.6118488253319714,0.8022284122562674,0.7457627118644068,0.6086956521739131,0.42048517520215634,0.7781549815498155,0.616973506960036,0.8188930177977704,0.6374269005847953,0.8206912028725314,0.5738866396761133,0.46909765142150806,0.7098591549295775,0.42394822006472493,0.5684931506849316,0.43177570093457945,0.8662190082644629,0.5426008968609866,0.8397761953204476,0.6198347107438017,0.6118488253319714,0.8022284122562674,0.7457627118644068,0.6086956521739131,0.42048517520215634,0.7781549815498155,0.616973506960036,0.8188930177977704,0.6374269005847953,0.8206912028725314
30,0.6789,0.6789,0.5928643724696356,0.49134734239802225,0.6950234741784037,0.5048543689320388,0.5821917808219178,0.4672897196261682,0.8589876033057852,0.5818385650224215,0.8257884028484231,0.6198347107438017,0.6332992849846782,0.807799442896936,0.7452642073778664,0.592391304347826,0.4888507718696398,0.7635424354243543,0.6180960933991917,0.8204576569528652,0.6198830409356725,0.8429084380610413,0.5928643724696356,0.49134734239802225,0.6950234741784037,0.5048543689320388,0.5821917808219178,0.4672897196261682,0.8589876033057852,0.5818385650224215,0.8257884028484231,0.6198347107438017,0.6332992849846782,0.807799442896936,0.7452642073778664,0.592391304347826,0.4888507718696398,0.7635424354243543,0.6180960933991917,0.8204576569528652,0.6198830409356725,0.8429084380610413
31,0.6744,0.6744,0.5771761133603239,0.47095179233621753,0.7243192488262911,0.459546925566343,0.5616438356164384,0.44299065420560746,0.859504132231405,0.5661434977578476,0.8440996948118006,0.628099173553719,0.6200204290091931,0.8050139275766016,0.7452642073778664,0.625,0.45969125214408235,0.7859778597785978,0.6331387516838797,0.8114609818110698,0.631578947368421,0.8202423698384201,0.5771761133603239,0.47095179233621753,0.7243192488262911,0.459546925566343,0.5616438356164384,0.44299065420560746,0.859504132231405,0.5661434977578476,0.8440996948118006,0.628099173553719,0.6200204290091931,0.8050139275766016,0.7452642073778664,0.625,0.45969125214408235,0.7859778597785978,0.6331387516838797,0.8114609818110698,0.631578947368421,0.8202423698384201
32,0.6767,0.6767,0.590334008097166,0.476823238566131,0.7134272300469483,0.4692556634304207,0.565068493150685,0.45794392523364486,0.8584710743801653,0.5852017937219731,0.8367243133265514,0.6363636363636364,0.6322778345250255,0.8133704735376045,0.7387836490528414,0.6086956521739131,0.47929429061504536,0.7884870848708487,0.6203412662775034,0.8132212008605515,0.6257309941520468,0.8240574506283662,0.590334008097166,0.476823238566131,0.7134272300469483,0.4692556634304207,0.565068493150685,0.45794392523364486,0.8584710743801653,0.5852017937219731,0.8367243133265514,0.6363636363636364,0.6322778345250255,0.8133704735376045,0.7387836490528414,0.6086956521739131,0.47929429061504536,0.7884870848708487,0.6203412662775034,0.8132212008605515,0.6257309941520468,0.8240574506283662
33,0.6806,0.6806,0.6055161943319838,0.49660074165636586,0.6805633802816902,0.47249190938511326,0.571917808219178,0.4504672897196262,0.8579545454545454,0.5795964125560538,0.8535096642929807,0.6115702479338843,0.6414708886618999,0.7966573816155988,0.755234297108674,0.6086956521739131,0.47096299926488605,0.7626568265682657,0.647507858105074,0.8292587522002738,0.6666666666666666,0.8099192100538599,0.6055161943319838,0.49660074165636586,0.6805633802816902,0.47249190938511326,0.571917808219178,0.4504672897196262,0.8579545454545454,0.5795964125560538,0.8535096642929807,0.6115702479338843,0.6414708886618999,0.7966573816155988,0.755234297108674,0.6086956521739131,0.47096299926488605,0.7626568265682657,0.647507858105074,0.8292587522002738,0.6666666666666666,0.8099192100538599
34,0.6775,0.6775,0.5769230769230769,0.46940667490729293,0.72,0.46601941747572817,0.565068493150685,0.45607476635514016,0.862603305785124,0.5554932735426009,0.8456256358087487,0.6198347107438017,0.5955056179775281,0.8133704735376045,0.730309072781655,0.6032608695652174,0.46165155599117863,0.8079704797047971,0.6100134710372699,0.8179151183258361,0.6257309941520468,0.8312387791741472,0.5769230769230769,0.46940667490729293,0.72,0.46601941747572817,0.565068493150685,0.45607476635514016,0.862603305785124,0.5554932735426009,0.8456256358087487,0.6198347107438017,0.5955056179775281,0.8133704735376045,0.730309072781655,0.6032608695652174,0.46165155599117863,0.8079704797047971,0.6100134710372699,0.8179151183258361,0.6257309941520468,0.8312387791741472
35,0.6873,0.6873,0.6163967611336032,0.5231767614338689,0.7226291079812207,0.5016181229773463,0.5787671232876712,0.4803738317757009,0.8760330578512396,0.5874439461883408,0.8367243133265514,0.628099173553719,0.6220633299284984,0.8189415041782729,0.7422731804586241,0.6304347826086957,0.490320999754962,0.788929889298893,0.6255051638976201,0.8220222961079601,0.6608187134502924,0.8191202872531418,0.6163967611336032,0.5231767614338689,0.7226291079812207,0.5016181229773463,0.5787671232876712,0.4803738317757009,0.8760330578512396,0.5874439461883408,0.8367243133265514,0.628099173553719,0.6220633299284984,0.8189415041782729,0.7422731804586241,0.6304347826086957,0.490320999754962,0.788929889298893,0.6255051638976201,0.8220222961079601,0.6608187134502924,0.8191202872531418
36,0.6907,0.6907,0.6138663967611336,0.5108158220024722,0.6937089201877934,0.47896440129449835,0.5753424657534246,0.4822429906542056,0.8636363636363636,0.5807174887892377,0.845116988809766,0.628099173553719,0.6424923391215526,0.8133704735376045,0.7642073778664008,0.6413043478260869,0.48076451850036755,0.784649446494465,0.6607543780871127,0.8319968707216898,0.6783625730994152,0.8361759425493717,0.6138663967611336,0.5108158220024722,0.6937089201877934,0.47896440129449835,0.5753424657534246,0.4822429906542056,0.8636363636363636,0.5807174887892377,0.845116988809766,0.628099173553719,0.6424923391215526,0.8133704735376045,0.7642073778664008,0.6413043478260869,0.48076451850036755,0.784649446494465,0.6607543780871127,0.8319968707216898,0.6783625730994152,0.8361759425493717
37,0.693,0.693,0.6032388663967612,0.5,0.7243192488262911,0.5145631067961165,0.5684931506849316,0.4635514018691589,0.8693181818181818,0.594170403587444,0.8435910478128179,0.6446280991735537,0.6138917262512769,0.807799442896936,0.7602193419740778,0.625,0.5055133545699584,0.8004428044280443,0.656937584193983,0.8226090357911207,0.6491228070175439,0.8379712746858169,0.6032388663967612,0.5,0.7243192488262911,0.5145631067961165,0.5684931506849316,0.4635514018691589,0.8693181818181818,0.594170403587444,0.8435910478128179,0.6446280991735537,0.6138917262512769,0.807799442896936,0.7602193419740778,0.625,0.5055133545699584,0.8004428044280443,0.656937584193983,0.8226090357911207,0.6491228070175439,0.8379712746858169
38,0.6942,0.6942,0.6277834008097166,0.5377008652657602,0.7410328638497653,0.49514563106796117,0.5924657534246576,0.5046728971962616,0.8724173553719008,0.593609865470852,0.8433367243133265,0.6611570247933884,0.6128702757916241,0.8133704735376045,0.7492522432701895,0.6467391304347826,0.5167851016907621,0.784649446494465,0.641894925909295,0.8231957754742812,0.6783625730994152,0.8341561938958707,0.6277834008097166,0.5377008652657602,0.7410328638497653,0.49514563106796117,0.5924657534246576,0.5046728971962616,0.8724173553719008,0.593609865470852,0.8433367243133265,0.6611570247933884,0.6128702757916241,0.8133704735376045,0.7492522432701895,0.6467391304347826,0.5167851016907621,0.784649446494465,0.641894925909295,0.8231957754742812,0.6783625730994152,0.8341561938958707
39,0.6893,0.6893,0.6300607287449392,0.5250309023485785,0.7064788732394366,0.44660194174757284,0.5753424657534246,0.4747663551401869,0.875,0.5840807174887892,0.8509664292980671,0.6611570247933884,0.6384065372829418,0.8133704735376045,0.7522432701894317,0.6195652173913043,0.48836069590786574,0.7768265682656826,0.641894925909295,0.8449051437512224,0.6549707602339181,0.8285457809694794,0.6300607287449392,0.5250309023485785,0.7064788732394366,0.44660194174757284,0.5753424657534246,0.4747663551401869,0.875,0.5840807174887892,0.8509664292980671,0.6611570247933884,0.6384065372829418,0.8133704735376045,0.7522432701894317,0.6195652173913043,0.48836069590786574,0.7768265682656826,0.641894925909295,0.8449051437512224,0.6549707602339181,0.8285457809694794
40,0.6919,0.6919,0.6156376518218624,0.5203955500618047,0.7408450704225352,0.459546925566343,0.5787671232876712,0.48411214953271026,0.868801652892562,0.5823991031390134,0.8474059003051883,0.628099173553719,0.6189989785495403,0.8133704735376045,0.765702891326022,0.6413043478260869,0.48983092379318793,0.7977859778597786,0.6688370004490346,0.8226090357911207,0.6666666666666666,0.8184470377019749,0.6156376518218624,0.5203955500618047,0.7408450704225352,0.459546925566343,0.5787671232876712,0.48411214953271026,0.868801652892562,0.5823991031390134,0.8474059003051883,0.628099173553719,0.6189989785495403,0.8133704735376045,0.765702891326022,0.6413043478260869,0.48983092379318793,0.7977859778597786,0.6688370004490346,0.8226090357911207,0.6666666666666666,0.8184470377019749
41,0.6887,0.6887,0.6070344129554656,0.511742892459827,0.7444131455399061,0.47572815533980584,0.5787671232876712,0.4803738317757009,0.8698347107438017,0.5975336322869955,0.845116988809766,0.6528925619834711,0.6179775280898876,0.8245125348189415,0.7542372881355932,0.6141304347826086,0.5062484685126195,0.8150553505535055,0.6504265828468793,0.8106786622335224,0.6491228070175439,0.8150807899461401,0.6070344129554656,0.511742892459827,0.7444131455399061,0.47572815533980584,0.5787671232876712,0.4803738317757009,0.8698347107438017,0.5975336322869955,0.845116988809766,0.6528925619834711,0.6179775280898876,0.8245125348189415,0.7542372881355932,0.6141304347826086,0.5062484685126195,0.8150553505535055,0.6504265828468793,0.8106786622335224,0.6491228070175439,0.8150807899461401
42,0.696,0.696,0.6257591093117408,0.5352286773794809,0.7271361502347418,0.517799352750809,0.589041095890411,0.5121495327102804,0.8801652892561983,0.6036995515695067,0.8517293997965412,0.6859504132231405,0.6230847803881512,0.83008356545961,0.7642073778664008,0.6413043478260869,0.5238912031364862,0.792619926199262,0.6549169286035025,0.822217876002347,0.6666666666666666,0.828770197486535,0.6257591093117408,0.5352286773794809,0.7271361502347418,0.517799352750809,0.589041095890411,0.5121495327102804,0.8801652892561983,0.6036995515695067,0.8517293997965412,0.6859504132231405,0.6230847803881512,0.83008356545961,0.7642073778664008,0.6413043478260869,0.5238912031364862,0.792619926199262,0.6549169286035025,0.822217876002347,0.6666666666666666,0.828770197486535
43,0.6888,0.6888,0.6343623481781376,0.5293572311495673,0.6991549295774648,0.49514563106796117,0.6095890410958904,0.502803738317757,0.871900826446281,0.6003363228699552,0.8662258392675484,0.6198347107438017,0.6281920326864147,0.8217270194986073,0.751246261216351,0.6032608695652174,0.5045332026464102,0.8007380073800738,0.6484059272563988,0.8296499119890475,0.6783625730994152,0.8240574506283662,0.6343623481781376,0.5293572311495673,0.6991549295774648,0.49514563106796117,0.6095890410958904,0.502803738317757,0.871900826446281,0.6003363228699552,0.8662258392675484,0.6198347107438017,0.6281920326864147,0.8217270194986073,0.751246261216351,0.6032608695652174,0.5045332026464102,0.8007380073800738,0.6484059272563988,0.8296499119890475,0.6783625730994152,0.8240574506283662
44,0.6961,0.6961,0.6396761133603239,0.5438813349814586,0.7049765258215962,0.5210355987055016,0.5924657534246576,0.5196261682242991,0.8817148760330579,0.600896860986547,0.8608850457782299,0.6859504132231405,0.6394279877425945,0.8245125348189415,0.7597208374875374,0.6413043478260869,0.5194805194805194,0.7780073800738008,0.650202065559048,0.8404068061803247,0.672514619883041,0.8469479353680431,0.6396761133603239,0.5438813349814586,0.7049765258215962,0.5210355987055016,0.5924657534246576,0.5196261682242991,0.8817148760330579,0.600896860986547,0.8608850457782299,0.6859504132231405,0.6394279877425945,0.8245125348189415,0.7597208374875374,0.6413043478260869,0.5194805194805194,0.7780073800738008,0.650202065559048,0.8404068061803247,0.672514619883041,0.8469479353680431
45,0.6978,0.6978,0.6199392712550608,0.5284301606922126,0.7361502347417841,0.5242718446601942,0.5821917808219178,0.48411214953271026,0.8703512396694215,0.602017937219731,0.8425737538148524,0.6776859504132231,0.6251276813074566,0.8189415041782729,0.7622133599202393,0.625,0.5126194560156825,0.8063468634686347,0.6713066906151773,0.826325053784471,0.672514619883041,0.841786355475763,0.6199392712550608,0.5284301606922126,0.7361502347417841,0.5242718446601942,0.5821917808219178,0.48411214953271026,0.8703512396694215,0.602017937219731,0.8425737538148524,0.6776859504132231,0.6251276813074566,0.8189415041782729,0.7622133599202393,0.625,0.5126194560156825,0.8063468634686347,0.6713066906151773,0.826325053784471,0.672514619883041,0.841786355475763
46,0.6949,0.6949,0.6280364372469636,0.5324474660074165,0.7179342723004695,0.517799352750809,0.5924657534246576,0.508411214953271,0.8708677685950413,0.6036995515695067,0.848677517802645,0.6446280991735537,0.6465781409601634,0.8272980501392758,0.7652043868394816,0.6304347826086957,0.5214408233276158,0.7966051660516605,0.6692860350246969,0.8316057109329161,0.6900584795321637,0.8525583482944344,0.6280364372469636,0.5324474660074165,0.7179342723004695,0.517799352750809,0.5924657534246576,0.508411214953271,0.8708677685950413,0.6036995515695067,0.848677517802645,0.6446280991735537,0.6465781409601634,0.8272980501392758,0.7652043868394816,0.6304347826086957,0.5214408233276158,0.7966051660516605,0.6692860350246969,0.8316057109329161,0.6900584795321637,0.8525583482944344
47,0.6958,0.6958,0.6343623481781376,0.5352286773794809,0.7141784037558685,0.5080906148867314,0.5924657534246576,0.4934579439252336,0.8848140495867769,0.6104260089686099,0.8570701932858596,0.6611570247933884,0.6384065372829418,0.8217270194986073,0.7662013958125623,0.625,0.5400637098750306,0.8097416974169742,0.6645711719802425,0.8327791902992372,0.695906432748538,0.802064631956912,0.6343623481781376,0.5352286773794809,0.7141784037558685,0.5080906148867314,0.5924657534246576,0.4934579439252336,0.8848140495867769,0.6104260089686099,0.8570701932858596,0.6611570247933884,0.6384065372829418,0.8217270194986073,0.7662013958125623,0.625,0.5400637098750306,0.8097416974169742,0.6645711719802425,0.8327791902992372,0.695906432748538,0.802064631956912
48,0.7,0.7,0.6351214574898786,0.5321384425216317,0.7301408450704225,0.5307443365695793,0.5958904109589042,0.49906542056074765,0.8842975206611571,0.609304932735426,0.853001017293998,0.6859504132231405,0.6251276813074566,0.8356545961002786,0.7691924227318045,0.625,0.5415339377603529,0.8019188191881919,0.6697350696003592,0.834539409348719,0.7017543859649122,0.828770197486535,0.6351214574898786,0.5321384425216317,0.7301408450704225,0.5307443365695793,0.5958904109589042,0.49906542056074765,0.8842975206611571,0.609304932735426,0.853001017293998,0.6859504132231405,0.6251276813074566,0.8356545961002786,0.7691924227318045,0.625,0.5415339377603529,0.8019188191881919,0.6697350696003592,0.834539409348719,0.7017543859649122,0.828770197486535
49,0.6977,0.6977,0.6239878542510121,0.5095797280593325,0.7205633802816901,0.5307443365695793,0.5821917808219178,0.4803738317757009,0.8744834710743802,0.6345291479820628,0.861648016276704,0.6611570247933884,0.644535240040858,0.8189415041782729,0.755234297108674,0.6195652173913043,0.5466797353589806,0.8014760147601476,0.651549169286035,0.8400156463915509,0.6666666666666666,0.8375224416517055,0.6239878542510121,0.5095797280593325,0.7205633802816901,0.5307443365695793,0.5821917808219178,0.4803738317757009,0.8744834710743802,0.6345291479820628,0.861648016276704,0.6611570247933884,0.644535240040858,0.8189415041782729,0.755234297108674,0.6195652173913043,0.5466797353589806,0.8014760147601476,0.651549169286035,0.8400156463915509,0.6666666666666666,0.8375224416517055
50,0.6997,0.6997,0.6437246963562753,0.5398640296662547,0.7276995305164319,0.49838187702265374,0.5856164383561644,0.5121495327102804,0.8801652892561983,0.5930493273542601,0.8509664292980671,0.6859504132231405,0.6527068437180796,0.8245125348189415,0.7906281156530409,0.6521739130434783,0.5106591521685862,0.8053136531365314,0.6935339021104625,0.8341482495599453,0.695906432748538,0.8339317773788151,0.6437246963562753,0.5398640296662547,0.7276995305164319,0.49838187702265374,0.5856164383561644,0.5121495327102804,0.8801652892561983,0.5930493273542601,0.8509664292980671,0.6859504132231405,0.6527068437180796,0.8245125348189415,0.7906281156530409,0.6521739130434783,0.5106591521685862,0.8053136531365314,0.6935339021104625,0.8341482495599453,0.695906432748538,0.8339317773788151
51,0.7013,0.7013,0.6404352226720648,0.5377008652657602,0.7308920187793427,0.5080906148867314,0.6061643835616438,0.497196261682243,0.878099173553719,0.6205156950672646,0.8565615462868769,0.6694214876033058,0.6281920326864147,0.83008356545961,0.7582253240279162,0.6413043478260869,0.5420240137221269,0.8039852398523986,0.6656937584193983,0.8406023860747115,0.695906432748538,0.841786355475763,0.6404352226720648,0.5377008652657602,0.7308920187793427,0.5080906148867314,0.6061643835616438,0.497196261682243,0.878099173553719,0.6205156950672646,0.8565615462868769,0.6694214876033058,0.6281920326864147,0.83008356545961,0.7582253240279162,0.6413043478260869,0.5420240137221269,0.8039852398523986,0.6656937584193983,0.8406023860747115,0.695906432748538,0.841786355475763
52,0.6971,0.6971,0.6447368421052632,0.5466625463535228,0.7290140845070423,0.5016181229773463,0.6061643835616438,0.5102803738317757,0.8863636363636364,0.5952914798206278,0.8448626653102747,0.6694214876033058,0.6251276813074566,0.8245125348189415,0.7666999002991027,0.6413043478260869,0.5182553295760843,0.8175645756457565,0.6722047597665021,0.8310189712497555,0.6842105263157895,0.8359515260323159,0.6447368421052632,0.5466625463535228,0.7290140845070423,0.5016181229773463,0.6061643835616438,0.5102803738317757,0.8863636363636364,0.5952914798206278,0.8448626653102747,0.6694214876033058,0.6251276813074566,0.8245125348189415,0.7666999002991027,0.6413043478260869,0.5182553295760843,0.8175645756457565,0.6722047597665021,0.8310189712497555,0.6842105263157895,0.8359515260323159
53,0.7023,0.7023,0.6358805668016194,0.5324474660074165,0.712112676056338,0.540453074433657,0.5821917808219178,0.49906542056074765,0.8817148760330579,0.6350896860986547,0.854526958290946,0.6776859504132231,0.6435137895812053,0.83008356545961,0.7721834496510469,0.6358695652173914,0.5506003430531733,0.7930627306273063,0.681859003143242,0.8523371797379229,0.7134502923976608,0.8408886894075404,0.6358805668016194,0.5324474660074165,0.712112676056338,0.540453074433657,0.5821917808219178,0.49906542056074765,0.8817148760330579,0.6350896860986547,0.854526958290946,0.6776859504132231,0.6435137895812053,0.83008356545961,0.7721834496510469,0.6358695652173914,0.5506003430531733,0.7930627306273063,0.681859003143242,0.8523371797379229,0.7134502923976608,0.8408886894075404
54,0.7009,0.7009,0.6406882591093117,0.5441903584672435,0.7352112676056338,0.517799352750809,0.6164383561643836,0.5121495327102804,0.8894628099173554,0.6137892376681614,0.861648016276704,0.6528925619834711,0.6057201225740552,0.8328690807799443,0.7577268195413759,0.6358695652173914,0.5253614310218084,0.8172693726937269,0.6573866187696452,0.8407979659690984,0.6783625730994152,0.8224865350089766,0.6406882591093117,0.5441903584672435,0.7352112676056338,0.517799352750809,0.6164383561643836,0.5121495327102804,0.8894628099173554,0.6137892376681614,0.861648016276704,0.6528925619834711,0.6057201225740552,0.8328690807799443,0.7577268195413759,0.6358695652173914,0.5253614310218084,0.8172693726937269,0.6573866187696452,0.8407979659690984,0.6783625730994152,0.8224865350089766
55,0.7023,0.7023,0.6500506072874493,0.549752781211372,0.7186854460093897,0.5598705501618123,0.6061643835616438,0.514018691588785,0.8899793388429752,0.6378923766816144,0.8654628687690743,0.6611570247933884,0.6292134831460674,0.83008356545961,0.7706879361914257,0.6467391304347826,0.5523156089193825,0.7976383763837639,0.6603053435114504,0.8404068061803247,0.695906432748538,0.8162028725314183,0.6500506072874493,0.549752781211372,0.7186854460093897,0.5598705501618123,0.6061643835616438,0.514018691588785,0.8899793388429752,0.6378923766816144,0.8654628687690743,0.6611570247933884,0.6292134831460674,0.83008356545961,0.7706879361914257,0.6467391304347826,0.5523156089193825,0.7976383763837639,0.6603053435114504,0.8404068061803247,0.695906432748538,0.8162028725314183
56,0.7025,0.7025,0.6427125506072875,0.5454264524103832,0.7284507042253521,0.511326860841424,0.6198630136986302,0.5121495327102804,0.8863636363636364,0.6036995515695067,0.8573245167853509,0.6528925619834711,0.6189989785495403,0.8189415041782729,0.7652043868394816,0.6793478260869565,0.5140896839010046,0.8265682656826568,0.6670408621463852,0.8300410717778213,0.7134502923976608,0.8518850987432675,0.6427125506072875,0.5454264524103832,0.7284507042253521,0.511326860841424,0.6198630136986302,0.5121495327102804,0.8863636363636364,0.6036995515695067,0.8573245167853509,0.6528925619834711,0.6189989785495403,0.8189415041782729,0.7652043868394816,0.6793478260869565,0.5140896839010046,0.8265682656826568,0.6670408621463852,0.8300410717778213,0.7134502923976608,0.8518850987432675
57,0.7044,0.7044,0.6659919028340081,0.5670580964153276,0.7173708920187793,0.5372168284789643,0.6164383561643836,0.5196261682242991,0.8930785123966942,0.6188340807174888,0.8697863682604272,0.6611570247933884,0.6373850868232891,0.8245125348189415,0.7741774675972084,0.6467391304347826,0.5278118108306787,0.7862730627306274,0.6748989672204759,0.8509681204772149,0.7192982456140351,0.8319120287253142,0.6659919028340081,0.5670580964153276,0.7173708920187793,0.5372168284789643,0.6164383561643836,0.5196261682242991,0.8930785123966942,0.6188340807174888,0.8697863682604272,0.6611570247933884,0.6373850868232891,0.8245125348189415,0.7741774675972084,0.6467391304347826,0.5278118108306787,0.7862730627306274,0.6748989672204759,0.8509681204772149,0.7192982456140351,0.8319120287253142
58,0.701,0.701,0.6429655870445344,0.5349196538936959,0.735962441314554,0.5436893203883495,0.6095890410958904,0.508411214953271,0.8853305785123967,0.6266816143497758,0.8662258392675484,0.6611570247933884,0.6230847803881512,0.83008356545961,0.7627118644067796,0.6413043478260869,0.5378583680470473,0.8082656826568265,0.6701841041760216,0.838646587130843,0.7076023391812866,0.8364003590664273,0.6429655870445344,0.5349196538936959,0.735962441314554,0.5436893203883495,0.6095890410958904,0.508411214953271,0.8853305785123967,0.6266816143497758,0.8662258392675484,0.6611570247933884,0.6230847803881512,0.83008356545961,0.7627118644067796,0.6413043478260869,0.5378583680470473,0.8082656826568265,0.6701841041760216,0.838646587130843,0.7076023391812866,0.8364003590664273
59,0.7047,0.7047,0.6546052631578947,0.5503708281829419,0.7352112676056338,0.5145631067961165,0.6198630136986302,0.5383177570093458,0.8786157024793388,0.6188340807174888,0.8649542217700915,0.6694214876033058,0.6312563840653729,0.8105849582172702,0.7741774675972084,0.6467391304347826,0.5351629502572899,0.8076752767527675,0.6823080377189044,0.8302366516722081,0.7134502923976608,0.8406642728904847,0.6546052631578947,0.5503708281829419,0.7352112676056338,0.5145631067961165,0.6198630136986302,0.5383177570093458,0.8786157024793388,0.6188340807174888,0.8649542217700915,0.6694214876033058,0.6312563840653729,0.8105849582172702,0.7741774675972084,0.6467391304347826,0.5351629502572899,0.8076752767527675,0.6823080377189044,0.8302366516722081,0.7134502923976608,0.8406642728904847
60,0.7034,0.7034,0.6467611336032388,0.5444993819530284,0.6985915492957746,0.5598705501618123,0.6061643835616438,0.5065420560747663,0.8842975206611571,0.6535874439461884,0.8598677517802645,0.6694214876033058,0.6281920326864147,0.8272980501392758,0.7701894317048853,0.6413043478260869,0.5677530017152659,0.8029520295202952,0.6614279299506062,0.8494034813221201,0.695906432748538,0.8393177737881508,0.6467611336032388,0.5444993819530284,0.6985915492957746,0.5598705501618123,0.6061643835616438,0.5065420560747663,0.8842975206611571,0.6535874439461884,0.8598677517802645,0.6694214876033058,0.6281920326864147,0.8272980501392758,0.7701894317048853,0.6413043478260869,0.5677530017152659,0.8029520295202952,0.6614279299506062,0.8494034813221201,0.695906432748538,0.8393177737881508
61,0.708,0.708,0.6632085020242915,0.5716934487021014,0.7393427230046948,0.56957928802589,0.6232876712328768,0.5607476635514018,0.868801652892562,0.6306053811659192,0.8555442522889115,0.6776859504132231,0.634320735444331,0.807799442896936,0.7776669990029911,0.6413043478260869,0.5613820142122029,0.7966051660516605,0.6946564885496184,0.8284764326227264,0.7192982456140351,0.8512118491921006,0.6632085020242915,0.5716934487021014,0.7393427230046948,0.56957928802589,0.6232876712328768,0.5607476635514018,0.868801652892562,0.6306053811659192,0.8555442522889115,0.6776859504132231,0.634320735444331,0.807799442896936,0.7776669990029911,0.6413043478260869,0.5613820142122029,0.7966051660516605,0.6946564885496184,0.8284764326227264,0.7192982456140351,0.8512118491921006
62,0.7034,0.7034,0.6624493927125507,0.561495673671199,0.7218779342723005,0.5275080906148867,0.6301369863013698,0.5233644859813084,0.8796487603305785,0.6272421524663677,0.8685147507629705,0.6776859504132231,0.6353421859039836,0.8272980501392758,0.7711864406779662,0.6521739130434783,0.5327125704484195,0.8010332103321033,0.6847777278850471,0.845491883434383,0.7192982456140351,0.8334829443447038,0.6624493927125507,0.561495673671199,0.7218779342723005,0.5275080906148867,0.6301369863013698,0.5233644859813084,0.8796487603305785,0.6272421524663677,0.8685147507629705,0.6776859504132231,0.6353421859039836,0.8272980501392758,0.7711864406779662,0.6521739130434783,0.5327125704484195,0.8010332103321033,0.6847777278850471,0.845491883434383,0.7192982456140351,0.8334829443447038
63,0.7088,0.7088,0.6556174089068826,0.5602595797280593,0.7410328638497653,0.5469255663430421,0.6335616438356164,0.5289719626168224,0.8796487603305785,0.6446188340807175,0.8654628687690743,0.6611570247933884,0.6465781409601634,0.8105849582172702,0.7811565304087736,0.6630434782608695,0.5797598627787307,0.7973431734317343,0.6921867983834755,0.84255818501858,0.7134502923976608,0.8505385996409336,0.6556174089068826,0.5602595797280593,0.7410328638497653,0.5469255663430421,0.6335616438356164,0.5289719626168224,0.8796487603305785,0.6446188340807175,0.8654628687690743,0.6611570247933884,0.6465781409601634,0.8105849582172702,0.7811565304087736,0.6630434782608695,0.5797598627787307,0.7973431734317343,0.6921867983834755,0.84255818501858,0.7134502923976608,0.8505385996409336
64,0.7077,0.7077,0.6584008097165992,0.5506798516687268,0.7402816901408451,0.5469255663430421,0.6267123287671232,0.5345794392523364,0.8848140495867769,0.6440582959641256,0.8672431332655137,0.6859504132231405,0.6241062308478039,0.83008356545961,0.7721834496510469,0.6467391304347826,0.5557461406518011,0.8061992619926199,0.6760215536596318,0.8417758654410327,0.672514619883041,0.8469479353680431,0.6584008097165992,0.5506798516687268,0.7402816901408451,0.5469255663430421,0.6267123287671232,0.5345794392523364,0.8848140495867769,0.6440582959641256,0.8672431332655137,0.6859504132231405,0.6241062308478039,0.83008356545961,0.7721834496510469,0.6467391304347826,0.5557461406518011,0.8061992619926199,0.6760215536596318,0.8417758654410327,0.672514619883041,0.8469479353680431
65,0.7102,0.7102,0.6604251012145749,0.5580964153275649,0.7538028169014085,0.5469255663430421,0.6404109589041096,0.5364485981308411,0.8765495867768595,0.6429372197309418,0.8672431332655137,0.6611570247933884,0.627170582226762,0.8161559888579387,0.7856430707876371,0.6521739130434783,0.5719186473903455,0.811660516605166,0.7000449034575662,0.8257383141013104,0.7134502923976608,0.8364003590664273,0.6604251012145749,0.5580964153275649,0.7538028169014085,0.5469255663430421,0.6404109589041096,0.5364485981308411,0.8765495867768595,0.6429372197309418,0.8672431332655137,0.6611570247933884,0.627170582226762,0.8161559888579387,0.7856430707876371,0.6521739130434783,0.5719186473903455,0.811660516605166,0.7000449034575662,0.8257383141013104,0.7134502923976608,0.8364003590664273
66,0.7093,0.7093,0.6422064777327935,0.5287391841779975,0.7153051643192488,0.56957928802589,0.6095890410958904,0.48785046728971965,0.8858471074380165,0.6647982062780269,0.8736012207527976,0.6776859504132231,0.6322778345250255,0.8356545961002786,0.7811565304087736,0.6358695652173914,0.5929919137466307,0.8150553505535055,0.6872474180511899,0.8347349892431059,0.6842105263157895,0.8377468581687613,0.6422064777327935,0.5287391841779975,0.7153051643192488,0.56957928802589,0.6095890410958904,0.48785046728971965,0.8858471074380165,0.6647982062780269,0.8736012207527976,0.6776859504132231,0.6322778345250255,0.8356545961002786,0.7811565304087736,0.6358695652173914,0.5929919137466307,0.8150553505535055,0.6872474180511899,0.8347349892431059,0.6842105263157895,0.8377468581687613
67,0.7081,0.7081,0.6619433198380567,0.5562422744128553,0.7044131455399061,0.5566343042071198,0.6267123287671232,0.5121495327102804,0.8760330578512396,0.6446188340807175,0.8692777212614445,0.6611570247933884,0.6608784473953013,0.8245125348189415,0.7891326021934197,0.657608695652174,0.5523156089193825,0.7878966789667897,0.7034126627750337,0.8607471151965578,0.6900584795321637,0.8543536804308797,0.6619433198380567,0.5562422744128553,0.7044131455399061,0.5566343042071198,0.6267123287671232,0.5121495327102804,0.8760330578512396,0.6446188340807175,0.8692777212614445,0.6611570247933884,0.6608784473953013,0.8245125348189415,0.7891326021934197,0.657608695652174,0.5523156089193825,0.7878966789667897,0.7034126627750337,0.8607471151965578,0.6900584795321637,0.8543536804308797
68,0.7077,0.7077,0.659665991902834,0.5599505562422744,0.7384037558685446,0.5631067961165048,0.6438356164383562,0.5214953271028038,0.8796487603305785,0.6496636771300448,0.8672431332655137,0.6611570247933884,0.6302349336057201,0.8105849582172702,0.7871385842472582,0.6358695652173914,0.5640774320019603,0.8168265682656827,0.6944319712617871,0.834343829454332,0.7134502923976608,0.8361759425493717,0.659665991902834,0.5599505562422744,0.7384037558685446,0.5631067961165048,0.6438356164383562,0.5214953271028038,0.8796487603305785,0.6496636771300448,0.8672431332655137,0.6611570247933884,0.6302349336057201,0.8105849582172702,0.7871385842472582,0.6358695652173914,0.5640774320019603,0.8168265682656827,0.6944319712617871,0.834343829454332,0.7134502923976608,0.8361759425493717
69,0.7062,0.7062,0.6465080971659919,0.5373918417799752,0.7427230046948357,0.5566343042071198,0.6267123287671232,0.508411214953271,0.8889462809917356,0.6440582959641256,0.8807222787385555,0.6446280991735537,0.6230847803881512,0.8133704735376045,0.7721834496510469,0.6630434782608695,0.5596667483459936,0.8166789667896679,0.680511899416255,0.8368863680813612,0.6900584795321637,0.8292190305206463,0.6465080971659919,0.5373918417799752,0.7427230046948357,0.5566343042071198,0.6267123287671232,0.508411214953271,0.8889462809917356,0.6440582959641256,0.8807222787385555,0.6446280991735537,0.6230847803881512,0.8133704735376045,0.7721834496510469,0.6630434782608695,0.5596667483459936,0.8166789667896679,0.680511899416255,0.8368863680813612,0.6900584795321637,0.8292190305206463
70,0.7068,0.7068,0.6606781376518218,0.5574783683559951,0.7297652582159624,0.5533980582524272,0.6267123287671232,0.5401869158878505,0.875,0.6373318385650224,0.8621566632756866,0.6528925619834711,0.6404494382022472,0.8133704735376045,0.7801595214356929,0.6739130434782609,0.5476598872825288,0.8041328413284133,0.6973506960035922,0.8452963035399961,0.7017543859649122,0.8440305206463196,0.6606781376518218,0.5574783683559951,0.7297652582159624,0.5533980582524272,0.6267123287671232,0.5401869158878505,0.875,0.6373318385650224,0.8621566632756866,0.6528925619834711,0.6404494382022472,0.8133704735376045,0.7801595214356929,0.6739130434782609,0.5476598872825288,0.8041328413284133,0.6973506960035922,0.8452963035399961,0.7017543859649122,0.8440305206463196
71,0.7057,0.7057,0.6535931174089069,0.5432632880098888,0.7168075117370892,0.56957928802589,0.6198630136986302,0.5214953271028038,0.887396694214876,0.6591928251121076,0.8812309257375381,0.6528925619834711,0.6353421859039836,0.8161559888579387,0.7856430707876371,0.6413043478260869,0.5679980396961529,0.8103321033210332,0.695554557700943,0.8456874633287698,0.6783625730994152,0.828096947935368,0.6535931174089069,0.5432632880098888,0.7168075117370892,0.56957928802589,0.6198630136986302,0.5214953271028038,0.887396694214876,0.6591928251121076,0.8812309257375381,0.6528925619834711,0.6353421859039836,0.8161559888579387,0.7856430707876371,0.6413043478260869,0.5679980396961529,0.8103321033210332,0.695554557700943,0.8456874633287698,0.6783625730994152,0.828096947935368
72,0.7086,0.7086,0.6725708502024291,0.5630407911001236,0.752112676056338,0.5760517799352751,0.636986301369863,0.5401869158878505,0.8724173553719008,0.6647982062780269,0.8664801627670397,0.6611570247933884,0.634320735444331,0.8133704735376045,0.7746759720837487,0.6630434782608695,0.5819652046067141,0.7939483394833948,0.6930848675348001,0.8407979659690984,0.695906432748538,0.8597396768402155,0.6725708502024291,0.5630407911001236,0.752112676056338,0.5760517799352751,0.636986301369863,0.5401869158878505,0.8724173553719008,0.6647982062780269,0.8664801627670397,0.6611570247933884,0.634320735444331,0.8133704735376045,0.7746759720837487,0.6630434782608695,0.5819652046067141,0.7939483394833948,0.6930848675348001,0.8407979659690984,0.695906432748538,0.8597396768402155
73,0.7087,0.7087,0.6530870445344129,0.5417181705809642,0.7314553990610329,0.5372168284789643,0.5924657534246576,0.5158878504672897,0.878099173553719,0.649103139013453,0.8720752797558494,0.6611570247933884,0.6292134831460674,0.8189415041782729,0.7637088733798604,0.6793478260869565,0.5633423180592992,0.8166789667896679,0.679164795689268,0.8488167416389595,0.6491228070175439,0.8572710951526032,0.6530870445344129,0.5417181705809642,0.7314553990610329,0.5372168284789643,0.5924657534246576,0.5158878504672897,0.878099173553719,0.649103139013453,0.8720752797558494,0.6611570247933884,0.6292134831460674,0.8189415041782729,0.7637088733798604,0.6793478260869565,0.5633423180592992,0.8166789667896679,0.679164795689268,0.8488167416389595,0.6491228070175439,0.8572710951526032
74,0.7159,0.7159,0.6581477732793523,0.5624227441285538,0.7586854460093897,0.5825242718446602,0.6301369863013698,0.5345794392523364,0.8739669421487604,0.6513452914798207,0.87029501525941,0.6776859504132231,0.6404494382022472,0.8161559888579387,0.7781655034895314,0.6684782608695652,0.5863758882626807,0.8061992619926199,0.703861697350696,0.8374731077645218,0.695906432748538,0.8532315978456014,0.6581477732793523,0.5624227441285538,0.7586854460093897,0.5825242718446602,0.6301369863013698,0.5345794392523364,0.8739669421487604,0.6513452914798207,0.87029501525941,0.6776859504132231,0.6404494382022472,0.8161559888579387,0.7781655034895314,0.6684782608695652,0.5863758882626807,0.8061992619926199,0.703861697350696,0.8374731077645218,0.695906432748538,0.8532315978456014
75,0.7075,0.7075,0.6614372469635628,0.5383189122373301,0.712112676056338,0.5598705501618123,0.6164383561643836,0.5158878504672897,0.8801652892561983,0.6451793721973094,0.8804679552390641,0.6776859504132231,0.6496424923391215,0.8105849582172702,0.7771684945164506,0.6630434782608695,0.5606469002695418,0.8107749077490775,0.7128423888639426,0.853706238998631,0.7017543859649122,0.843132854578097,0.6614372469635628,0.5383189122373301,0.712112676056338,0.5598705501618123,0.6164383561643836,0.5158878504672897,0.8801652892561983,0.6451793721973094,0.8804679552390641,0.6776859504132231,0.6496424923391215,0.8105849582172702,0.7771684945164506,0.6630434782608695,0.5606469002695418,0.8107749077490775,0.7128423888639426,0.853706238998631,0.7017543859649122,0.843132854578097
76,0.7111,0.7111,0.6647267206477733,0.554079110012361,0.7564319248826291,0.5857605177993528,0.6335616438356164,0.5308411214953271,0.8827479338842975,0.6642376681614349,0.8720752797558494,0.6776859504132231,0.6230847803881512,0.8189415041782729,0.7751744765702892,0.6956521739130435,0.581230090664053,0.8066420664206642,0.6876964526268523,0.8445139839624487,0.6842105263157895,0.8361759425493717,0.6647267206477733,0.554079110012361,0.7564319248826291,0.5857605177993528,0.6335616438356164,0.5308411214953271,0.8827479338842975,0.6642376681614349,0.8720752797558494,0.6776859504132231,0.6230847803881512,0.8189415041782729,0.7751744765702892,0.6956521739130435,0.581230090664053,0.8066420664206642,0.6876964526268523,0.8445139839624487,0.6842105263157895,0.8361759425493717
77,0.7139,0.7139,0.6659919028340081,0.5500618046971569,0.7252582159624413,0.5728155339805825,0.6335616438356164,0.5121495327102804,0.8848140495867769,0.6586322869955157,0.8741098677517802,0.6942148760330579,0.6455566905005107,0.8105849582172702,0.7871385842472582,0.6739130434782609,0.6037735849056604,0.8143173431734317,0.7189043556353839,0.8443184040680618,0.6900584795321637,0.8343806104129264,0.6659919028340081,0.5500618046971569,0.7252582159624413,0.5728155339805825,0.6335616438356164,0.5121495327102804,0.8848140495867769,0.6586322869955157,0.8741098677517802,0.6942148760330579,0.6455566905005107,0.8105849582172702,0.7871385842472582,0.6739130434782609,0.6037735849056604,0.8143173431734317,0.7189043556353839,0.8443184040680618,0.6900584795321637,0.8343806104129264
78,0.7067,0.7067,0.6601720647773279,0.5398640296662547,0.7036619718309859,0.5501618122977346,0.6095890410958904,0.5158878504672897,0.8894628099173554,0.640695067264574,0.8830111902339777,0.6611570247933884,0.6302349336057201,0.8272980501392758,0.7776669990029911,0.6467391304347826,0.5594217103651066,0.8180073800738007,0.683206106870229,0.8523371797379229,0.672514619883041,0.850314183123878,0.6601720647773279,0.5398640296662547,0.7036619718309859,0.5501618122977346,0.6095890410958904,0.5158878504672897,0.8894628099173554,0.640695067264574,0.8830111902339777,0.6611570247933884,0.6302349336057201,0.8272980501392758,0.7776669990029911,0.6467391304347826,0.5594217103651066,0.8180073800738007,0.683206106870229,0.8523371797379229,0.672514619883041,0.850314183123878
79,0.7091,0.7091,0.6647267206477733,0.5478986402966626,0.7290140845070423,0.5566343042071198,0.6095890410958904,0.5102803738317757,0.8770661157024794,0.6463004484304933,0.8756358087487284,0.6776859504132231,0.6200204290091931,0.8217270194986073,0.7681954137587238,0.657608695652174,0.5611369762313159,0.7971955719557196,0.6825325550067355,0.8623117543516526,0.6666666666666666,0.8774685816876122,0.6647267206477733,0.5478986402966626,0.7290140845070423,0.5566343042071198,0.6095890410958904,0.5102803738317757,0.8770661157024794,0.6463004484304933,0.8756358087487284,0.6776859504132231,0.6200204290091931,0.8217270194986073,0.7681954137587238,0.657608695652174,0.5611369762313159,0.7971955719557196,0.6825325550067355,0.8623117543516526,0.6666666666666666,0.8774685816876122
80,0.7122,0.7122,0.6788967611336032,0.5605686032138443,0.7192488262910798,0.5825242718446602,0.6335616438356164,0.5196261682242991,0.8863636363636364,0.6631165919282511,0.8819938962360122,0.6446280991735537,0.6302349336057201,0.8161559888579387,0.767198404785643,0.6739130434782609,0.5915216858613085,0.8140221402214022,0.684553210597216,0.8449051437512224,0.672514619883041,0.8240574506283662,0.6788967611336032,0.5605686032138443,0.7192488262910798,0.5825242718446602,0.6335616438356164,0.5196261682242991,0.8863636363636364,0.6631165919282511,0.8819938962360122,0.6446280991735537,0.6302349336057201,0.8161559888579387,0.767198404785643,0.6739130434782609,0.5915216858613085,0.8140221402214022,0.684553210597216,0.8449051437512224,0.672514619883041,0.8240574506283662
81,0.7162,0.7162,0.6768724696356275,0.5695302843016069,0.7333333333333333,0.5857605177993528,0.6232876712328768,0.5308411214953271,0.8817148760330579,0.6687219730941704,0.8730925737538149,0.6776859504132231,0.6332992849846782,0.8328690807799443,0.7891326021934197,0.6630434782608695,0.5954422935555012,0.8144649446494465,0.7096991468343062,0.8443184040680618,0.672514619883041,0.8498653500897666,0.6768724696356275,0.5695302843016069,0.7333333333333333,0.5857605177993528,0.6232876712328768,0.5308411214953271,0.8817148760330579,0.6687219730941704,0.8730925737538149,0.6776859504132231,0.6332992849846782,0.8328690807799443,0.7891326021934197,0.6630434782608695,0.5954422935555012,0.8144649446494465,0.7096991468343062,0.8443184040680618,0.672514619883041,0.8498653500897666
82,0.717,0.717,0.6773785425101214,0.568912237330037,0.724131455399061,0.5792880258899676,0.6198630136986302,0.5233644859813084,0.8842975206611571,0.6569506726457399,0.8743641912512716,0.6694214876033058,0.6608784473953013,0.8189415041782729,0.810568295114656,0.6684782608695652,0.5866209262435678,0.8113653136531366,0.7357431522227211,0.8435360844905144,0.695906432748538,0.8491921005385996,0.6773785425101214,0.568912237330037,0.724131455399061,0.5792880258899676,0.6198630136986302,0.5233644859813084,0.8842975206611571,0.6569506726457399,0.8743641912512716,0.6694214876033058,0.6608784473953013,0.8189415041782729,0.810568295114656,0.6684782608695652,0.5866209262435678,0.8113653136531366,0.7357431522227211,0.8435360844905144,0.695906432748538,0.8491921005385996
83,0.7109,0.7109,0.6824392712550608,0.5778739184177998,0.7252582159624413,0.5825242718446602,0.6438356164383562,0.5439252336448598,0.8837809917355371,0.6603139013452914,0.8799593082400814,0.6694214876033058,0.6455566905005107,0.8189415041782729,0.7851445663010967,0.657608695652174,0.5743690271992159,0.8017712177121771,0.6957790749887741,0.8478388421670252,0.672514619883041,0.8442549371633752,0.6824392712550608,0.5778739184177998,0.7252582159624413,0.5825242718446602,0.6438356164383562,0.5439252336448598,0.8837809917355371,0.6603139013452914,0.8799593082400814,0.6694214876033058,0.6455566905005107,0.8189415041782729,0.7851445663010967,0.657608695652174,0.5743690271992159,0.8017712177121771,0.6957790749887741,0.8478388421670252,0.672514619883041,0.8442549371633752
84,0.7061,0.7061,0.6700404858299596,0.5534610630407911,0.7282629107981221,0.5857605177993528,0.6232876712328768,0.508411214953271,0.875,0.6687219730941704,0.8847914547304171,0.6611570247933884,0.6363636363636364,0.8022284122562674,0.7676969092721835,0.6467391304347826,0.5792697868169566,0.8041328413284133,0.6872474180511899,0.8525327596323098,0.6783625730994152,0.8462746858168761,0.6700404858299596,0.5534610630407911,0.7282629107981221,0.5857605177993528,0.6232876712328768,0.508411214953271,0.875,0.6687219730941704,0.8847914547304171,0.6611570247933884,0.6363636363636364,0.8022284122562674,0.7676969092721835,0.6467391304347826,0.5792697868169566,0.8041328413284133,0.6872474180511899,0.8525327596323098,0.6783625730994152,0.8462746858168761
85,0.715,0.715,0.6723178137651822,0.5698393077873919,0.7263849765258216,0.5631067961165048,0.6301369863013698,0.5289719626168224,0.8858471074380165,0.655829596412556,0.8748728382502543,0.6446280991735537,0.6128702757916241,0.8272980501392758,0.7741774675972084,0.6521739130434783,0.581230090664053,0.8231734317343173,0.688819039066008,0.8478388421670252,0.6608187134502924,0.8518850987432675,0.6723178137651822,0.5698393077873919,0.7263849765258216,0.5631067961165048,0.6301369863013698,0.5289719626168224,0.8858471074380165,0.655829596412556,0.8748728382502543,0.6446280991735537,0.6128702757916241,0.8272980501392758,0.7741774675972084,0.6521739130434783,0.581230090664053,0.8231734317343173,0.688819039066008,0.8478388421670252,0.6608187134502924,0.8518850987432675
86,0.7084,0.7084,0.6816801619433198,0.5562422744128553,0.7162441314553991,0.5728155339805825,0.6404109589041096,0.5383177570093458,0.875,0.6642376681614349,0.87970498474059,0.6611570247933884,0.658835546475996,0.8022284122562674,0.7906281156530409,0.6739130434782609,0.5802499387405048,0.7967527675276753,0.7173327346205658,0.8529239194210835,0.7134502923976608,0.8397666068222621,0.6816801619433198,0.5562422744128553,0.7162441314553991,0.5728155339805825,0.6404109589041096,0.5383177570093458,0.875,0.6642376681614349,0.87970498474059,0.6611570247933884,0.658835546475996,0.8022284122562674,0.7906281156530409,0.6739130434782609,0.5802499387405048,0.7967527675276753,0.7173327346205658,0.8529239194210835,0.7134502923976608,0.8397666068222621
87,0.7124,0.7124,0.6740890688259109,0.5667490729295427,0.7446009389671362,0.5922330097087378,0.6438356164383562,0.5420560747663551,0.8744834710743802,0.6687219730941704,0.8748728382502543,0.6611570247933884,0.6292134831460674,0.8161559888579387,0.7791625124626121,0.6793478260869565,0.6059789267336437,0.8247970479704797,0.6989223170184105,0.8325836104048504,0.7017543859649122,0.8453770197486535,0.6740890688259109,0.5667490729295427,0.7446009389671362,0.5922330097087378,0.6438356164383562,0.5420560747663551,0.8744834710743802,0.6687219730941704,0.8748728382502543,0.6611570247933884,0.6292134831460674,0.8161559888579387,0.7791625124626121,0.6793478260869565,0.6059789267336437,0.8247970479704797,0.6989223170184105,0.8325836104048504,0.7017543859649122,0.8453770197486535
88,0.709,0.709,0.6905364372469636,0.5862175525339925,0.731830985915493,0.5631067961165048,0.6301369863013698,0.5514018691588785,0.8910123966942148,0.6463004484304933,0.8743641912512716,0.6694214876033058,0.6281920326864147,0.8133704735376045,0.7756729810568295,0.6793478260869565,0.5721636853712325,0.8185977859778598,0.6814099685675797,0.8421670252298064,0.672514619883041,0.8462746858168761,0.6905364372469636,0.5862175525339925,0.731830985915493,0.5631067961165048,0.6301369863013698,0.5514018691588785,0.8910123966942148,0.6463004484304933,0.8743641912512716,0.6694214876033058,0.6281920326864147,0.8133704735376045,0.7756729810568295,0.6793478260869565,0.5721636853712325,0.8185977859778598,0.6814099685675797,0.8421670252298064,0.672514619883041,0.8462746858168761
89,0.7094,0.7094,0.6900303643724697,0.5778739184177998,0.7194366197183099,0.5760517799352751,0.6575342465753424,0.5551401869158878,0.8858471074380165,0.6603139013452914,0.8825025432349949,0.6528925619834711,0.6384065372829418,0.8133704735376045,0.7816550348953141,0.7065217391304348,0.5824552805684882,0.8035424354243542,0.6917377638078132,0.845491883434383,0.6842105263157895,0.8640035906642729,0.6900303643724697,0.5778739184177998,0.7194366197183099,0.5760517799352751,0.6575342465753424,0.5551401869158878,0.8858471074380165,0.6603139013452914,0.8825025432349949,0.6528925619834711,0.6384065372829418,0.8133704735376045,0.7816550348953141,0.7065217391304348,0.5824552805684882,0.8035424354243542,0.6917377638078132,0.845491883434383,0.6842105263157895,0.8640035906642729
90,0.7149,0.7149,0.6791497975708503,0.5673671199011124,0.7340845070422535,0.5598705501618123,0.6267123287671232,0.5401869158878505,0.8775826446280992,0.655829596412556,0.8807222787385555,0.6611570247933884,0.6424923391215526,0.8272980501392758,0.7931206380857427,0.6739130434782609,0.5819652046067141,0.7976383763837639,0.6998203861697351,0.8562487776256601,0.6842105263157895,0.8745511669658886,0.6791497975708503,0.5673671199011124,0.7340845070422535,0.5598705501618123,0.6267123287671232,0.5401869158878505,0.8775826446280992,0.655829596412556,0.8807222787385555,0.6611570247933884,0.6424923391215526,0.8272980501392758,0.7931206380857427,0.6739130434782609,0.5819652046067141,0.7976383763837639,0.6998203861697351,0.8562487776256601,0.6842105263157895,0.8745511669658886
91,0.717,0.717,0.6844635627530364,0.5852904820766378,0.7472300469483568,0.5792880258899676,0.6575342465753424,0.5532710280373832,0.8724173553719008,0.6619955156950673,0.8718209562563581,0.6611570247933884,0.6465781409601634,0.7994428969359332,0.7861415752741775,0.6793478260869565,0.6113697623131585,0.8183025830258303,0.7198024247867085,0.8233913553686681,0.7309941520467836,0.8429084380610413,0.6844635627530364,0.5852904820766378,0.7472300469483568,0.5792880258899676,0.6575342465753424,0.5532710280373832,0.8724173553719008,0.6619955156950673,0.8718209562563581,0.6611570247933884,0.6465781409601634,0.7994428969359332,0.7861415752741775,0.6793478260869565,0.6113697623131585,0.8183025830258303,0.7198024247867085,0.8233913553686681,0.7309941520467836,0.8429084380610413
92,0.7122,0.7122,0.6745951417004049,0.5596415327564895,0.7252582159624413,0.5825242718446602,0.6438356164383562,0.5177570093457944,0.8729338842975206,0.6636771300448431,0.8819938962360122,0.6776859504132231,0.6486210418794689,0.8133704735376045,0.7891326021934197,0.6739130434782609,0.5996079392305808,0.8010332103321033,0.7040862146385272,0.861920594562879,0.7076023391812866,0.8680430879712747,0.6745951417004049,0.5596415327564895,0.7252582159624413,0.5825242718446602,0.6438356164383562,0.5177570093457944,0.8729338842975206,0.6636771300448431,0.8819938962360122,0.6776859504132231,0.6486210418794689,0.8133704735376045,0.7891326021934197,0.6739130434782609,0.5996079392305808,0.8010332103321033,0.7040862146385272,0.861920594562879,0.7076023391812866,0.8680430879712747
93,0.7136,0.7136,0.6756072874493927,0.5695302843016069,0.7299530516431925,0.5954692556634305,0.6678082191780822,0.5345794392523364,0.8832644628099173,0.679932735426009,0.8807222787385555,0.6859504132231405,0.627170582226762,0.8105849582172702,0.7871385842472582,0.6847826086956522,0.6187209017397697,0.8090036900369003,0.6966771441400987,0.8407979659690984,0.695906432748538,0.8516606822262118,0.6756072874493927,0.5695302843016069,0.7299530516431925,0.5954692556634305,0.6678082191780822,0.5345794392523364,0.8832644628099173,0.679932735426009,0.8807222787385555,0.6859504132231405,0.627170582226762,0.8105849582172702,0.7871385842472582,0.6847826086956522,0.6187209017397697,0.8090036900369003,0.6966771441400987,0.8407979659690984,0.695906432748538,0.8516606822262118
94,0.7123,0.7123,0.6786437246963563,0.5664400494437577,0.7183098591549296,0.5922330097087378,0.6335616438356164,0.5420560747663551,0.8868801652892562,0.6732062780269058,0.87970498474059,0.6859504132231405,0.6435137895812053,0.8217270194986073,0.7976071784646062,0.6521739130434783,0.608429306542514,0.8200738007380074,0.7242927705433319,0.8400156463915509,0.695906432748538,0.8265260323159784,0.6786437246963563,0.5664400494437577,0.7183098591549296,0.5922330097087378,0.6335616438356164,0.5420560747663551,0.8868801652892562,0.6732062780269058,0.87970498474059,0.6859504132231405,0.6435137895812053,0.8217270194986073,0.7976071784646062,0.6521739130434783,0.608429306542514,0.8200738007380074,0.7242927705433319,0.8400156463915509,0.695906432748538,0.8265260323159784
95,0.708,0.708,0.6920546558704453,0.5911619283065513,0.723943661971831,0.5533980582524272,0.6438356164383562,0.5607476635514018,0.8806818181818182,0.6580717488789237,0.8708036622583927,0.6694214876033058,0.6281920326864147,0.8328690807799443,0.7721834496510469,0.6956521739130435,0.5795148247978437,0.820959409594096,0.6782667265379434,0.8482300019557989,0.672514619883041,0.8601885098743267,0.6920546558704453,0.5911619283065513,0.723943661971831,0.5533980582524272,0.6438356164383562,0.5607476635514018,0.8806818181818182,0.6580717488789237,0.8708036622583927,0.6694214876033058,0.6281920326864147,0.8328690807799443,0.7721834496510469,0.6956521739130435,0.5795148247978437,0.820959409594096,0.6782667265379434,0.8482300019557989,0.672514619883041,0.8601885098743267
96,0.709,0.709,0.6885121457489879,0.576946847960445,0.7091079812206573,0.5566343042071198,0.6404109589041096,0.5495327102803739,0.8796487603305785,0.6659192825112108,0.8713123092573754,0.6859504132231405,0.6475995914198162,0.8328690807799443,0.7821535393818544,0.6956521739130435,0.5937270276892919,0.8129889298892989,0.7027391109115402,0.8409935458634852,0.6549707602339181,0.8507630161579892,0.6885121457489879,0.576946847960445,0.7091079812206573,0.5566343042071198,0.6404109589041096,0.5495327102803739,0.8796487603305785,0.6659192825112108,0.8713123092573754,0.6859504132231405,0.6475995914198162,0.8328690807799443,0.7821535393818544,0.6956521739130435,0.5937270276892919,0.8129889298892989,0.7027391109115402,0.8409935458634852,0.6549707602339181,0.8507630161579892
97,0.7133,0.7133,0.6915485829959515,0.5788009888751545,0.7245070422535211,0.5792880258899676,0.6643835616438356,0.5495327102803739,0.8827479338842975,0.672645739910314,0.8868260427263479,0.6694214876033058,0.6435137895812053,0.8245125348189415,0.792123629112662,0.6847826086956522,0.607694192599853,0.7954243542435424,0.7070049393803323,0.8458830432231567,0.695906432748538,0.8334829443447038,0.6915485829959515,0.5788009888751545,0.7245070422535211,0.5792880258899676,0.6643835616438356,0.5495327102803739,0.8827479338842975,0.672645739910314,0.8868260427263479,0.6694214876033058,0.6435137895812053,0.8245125348189415,0.792123629112662,0.6847826086956522,0.607694192599853,0.7954243542435424,0.7070049393803323,0.8458830432231567,0.695906432748538,0.8334829443447038
98,0.7084,0.7084,0.673582995951417,0.5695302843016069,0.7528638497652582,0.5631067961165048,0.6472602739726028,0.5289719626168224,0.8786157024793388,0.6446188340807175,0.8748728382502543,0.6611570247933884,0.6241062308478039,0.8133704735376045,0.7826520438683948,0.6630434782608695,0.5655476598872825,0.8354243542435424,0.7130669061517737,0.8355173088206532,0.6842105263157895,0.8525583482944344,0.673582995951417,0.5695302843016069,0.7528638497652582,0.5631067961165048,0.6472602739726028,0.5289719626168224,0.8786157024793388,0.6446188340807175,0.8748728382502543,0.6611570247933884,0.6241062308478039,0.8133704735376045,0.7826520438683948,0.6630434782608695,0.5655476598872825,0.8354243542435424,0.7130669061517737,0.8355173088206532,0.6842105263157895,0.8525583482944344
99,0.7131,0.7131,0.6771255060728745,0.5633498145859085,0.747981220657277,0.5792880258899676,0.6643835616438356,0.5214953271028038,0.8848140495867769,0.672645739910314,0.8868260427263479,0.6776859504132231,0.6384065372829418,0.83008356545961,0.784147557328016,0.657608695652174,0.6032835089438863,0.8,0.6998203861697351,0.8611382749853315,0.6783625730994152,0.8527827648114902,0.6771255060728745,0.5633498145859085,0.747981220657277,0.5792880258899676,0.6643835616438356,0.5214953271028038,0.8848140495867769,0.672645739910314,0.8868260427263479,0.6776859504132231,0.6384065372829418,0.83008356545961,0.784147557328016,0.657608695652174,0.6032835089438863,0.8,0.6998203861697351,0.8611382749853315,0.6783625730994152,0.8527827648114902
100,0.644,0.56131,0.5501012145748988,0.5967243510506799,0.7596244131455399,0.20388349514563106,0.4349315068493151,0.22429906542056074,0.8817148760330579,0.4674887892376682,0.8072227873855544,0.45454545454545453,0.46578140960163433,0.6768802228412256,0.792123629112662,0.45108695652173914,0.21612349914236706,0.7573431734317343,0.6513246519982039,0.7103461764130647,0.6198830409356725,0.7567324955116697,0.5501012145748988,0.5967243510506799,0.7596244131455399,0.9288025889967637,0.8904109589041096,0.8934579439252337,0.8817148760330579,0.4674887892376682,0.8072227873855544,0.5041322314049587,0.46578140960163433,0.6768802228412256,0.792123629112662,0.8478260869565217,0.9652046067140406,0.7573431734317343,0.6513246519982039,0.7103461764130647,0.6198830409356725,0.7567324955116697
101,0.6486,0.5691200000000001,0.5566801619433198,0.6134116192830655,0.6786854460093896,0.1779935275080906,0.4417808219178082,0.22429906542056074,0.887396694214876,0.49887892376681614,0.8100203458799593,0.45454545454545453,0.449438202247191,0.6685236768802229,0.8070787637088733,0.46195652173913043,0.20215633423180593,0.7788929889298893,0.6787157611136058,0.7490709955016625,0.6608187134502924,0.7971274685816876,0.5566801619433198,0.6134116192830655,0.6786854460093896,0.948220064724919,0.8938356164383562,0.9233644859813084,0.887396694214876,0.49887892376681614,0.8100203458799593,0.6859504132231405,0.449438202247191,0.6685236768802229,0.8070787637088733,0.8804347826086957,0.9816221514334722,0.7788929889298893,0.6787157611136058,0.7490709955016625,0.6608187134502924,0.7971274685816876
102,0.6397,0.57078,0.5232793522267206,0.603831891223733,0.6553990610328638,0.1779935275080906,0.4417808219178082,0.22803738317757008,0.8863636363636364,0.554372197309417,0.8324008138351984,0.45454545454545453,0.42083758937691523,0.637883008356546,0.8170488534396809,0.44565217391304346,0.18965939720656702,0.7721033210332103,0.688819039066008,0.7938587913162527,0.6900584795321637,0.7937612208258528,0.5232793522267206,0.603831891223733,0.6553990610328638,0.9546925566343042,0.9006849315068494,0.9345794392523364,0.8863636363636364,0.554372197309417,0.8324008138351984,0.7355371900826446,0.42083758937691523,0.637883008356546,0.8170488534396809,0.8967391304347826,0.9879931389365352,0.7721033210332103,0.688819039066008,0.7938587913162527,0.6900584795321637,0.7937612208258528
103,0.6192,0.56178,0.48304655870445345,0.55778739184178,0.6661032863849765,0.1715210355987055,0.4315068493150685,0.23177570093457944,0.8848140495867769,0.5442825112107623,0.8598677517802645,0.4793388429752066,0.39632277834525026,0.6239554317548747,0.8085742771684945,0.44565217391304346,0.18377848566527813,0.7607380073800738,0.6737763807813202,0.8329747701936241,0.6549707602339181,0.8114901256732495,0.48304655870445345,0.55778739184178,0.6661032863849765,0.9611650485436893,0.934931506849315,0.9271028037383178,0.8848140495867769,0.5442825112107623,0.8598677517802645,0.8099173553719008,0.39632277834525026,0.6239554317548747,0.8085742771684945,0.9184782608695652,0.9904435187454056,0.7607380073800738,0.6737763807813202,0.8329747701936241,0.6549707602339181,0.8114901256732495
104,0.6215,0.56181,0.5387145748987854,0.6248454882571075,0.6099530516431925,0.20388349514563106,0.4349315068493151,0.2205607476635514,0.8848140495867769,0.530829596412556,0.8484231943031536,0.5041322314049587,0.4187946884576098,0.6323119777158774,0.80259222333001,0.45108695652173914,0.21930899289389855,0.7632472324723247,0.6659182757072295,0.7993350283590847,0.7076023391812866,0.795556552962298,0.5387145748987854,0.6248454882571075,0.6099530516431925,0.9320388349514563,0.9143835616438356,0.2205607476635514,0.8848140495867769,0.530829596412556,0.8484231943031536,0.8429752066115702,0.4187946884576098,0.6323119777158774,0.80259222333001,0.9456521739130435,0.98015192354815,0.7632472324723247,0.6659182757072295,0.7993350283590847,0.7076023391812866,0.795556552962298
105,0.626,0.56463,0.5723684210526315,0.6684177997527813,0.5815962441314554,0.27184466019417475,0.4143835616438356,0.2205607476635514,0.8915289256198347,0.515695067264574,0.8385045778229908,0.5041322314049587,0.42083758937691523,0.6406685236768802,0.7876370887337986,0.45108695652173914,0.2776280323450135,0.7538007380073801,0.6378536147283341,0.7735184823000195,0.631578947368421,0.7982495511669659,0.5723684210526315,0.6684177997527813,0.5815962441314554,0.27184466019417475,0.4143835616438356,0.2205607476635514,0.8915289256198347,0.515695067264574,0.8385045778229908,0.8429752066115702,0.42083758937691523,0.6406685236768802,0.7876370887337986,0.907608695652174,0.2776280323450135,0.7538007380073801,0.6378536147283341,0.7735184823000195,0.631578947368421,0.7982495511669659
106,0.6155,0.55935,0.5921052631578947,0.6798516687268232,0.5111737089201878,0.32362459546925565,0.4246575342465753,0.20373831775700935,0.8786157024793388,0.4966367713004484,0.8339267548321465,0.47107438016528924,0.4198161389172625,0.637883008356546,0.7721834496510469,0.45108695652173914,0.3357020338152414,0.7462730627306273,0.6243825774584643,0.7590455701153921,0.6549707602339181,0.7915170556552962,0.5921052631578947,0.6798516687268232,0.5111737089201878,0.32362459546925565,0.4246575342465753,0.20373831775700935,0.8786157024793388,0.4966367713004484,0.8339267548321465,0.47107438016528924,0.4198161389172625,0.637883008356546,0.7721834496510469,0.45108695652173914,0.3357020338152414,0.7462730627306273,0.6243825774584643,0.7590455701153921,0.6549707602339181,0.7915170556552962
107,0.6218,0.5629500000000001,0.5632591093117408,0.6449320148331273,0.603943661971831,0.3268608414239482,0.4349315068493151,0.21121495327102804,0.8853305785123967,0.4977578475336323,0.8420651068158698,0.47107438016528924,0.424923391215526,0.6323119777158774,0.7826520438683948,0.44021739130434784,0.31732418524871353,0.7465682656826568,0.6299955096542433,0.7766477606102092,0.6491228070175439,0.7921903052064632,0.5632591093117408,0.6449320148331273,0.603943661971831,0.3268608414239482,0.4349315068493151,0.21121495327102804,0.8853305785123967,0.4977578475336323,0.8420651068158698,0.5454545454545454,0.424923391215526,0.6323119777158774,0.7826520438683948,0.44021739130434784,0.31732418524871353,0.7465682656826568,0.6299955096542433,0.7766477606102092,0.6491228070175439,0.7921903052064632
108,0.6192,0.56265,0.569585020242915,0.6529666254635352,0.5735211267605633,0.32362459546925565,0.4178082191780822,0.2,0.8801652892561983,0.4859865470852018,0.8453713123092573,0.512396694214876,0.41470888661899896,0.6211699164345403,0.7916251246261217,0.44565217391304346,0.3388875275667729,0.7586715867158672,0.6414458913336327,0.7789947193428516,0.6900584795321637,0.7964542190305206,0.569585020242915,0.6529666254635352,0.5735211267605633,0.32362459546925565,0.4178082191780822,0.2,0.8801652892561983,0.4859865470852018,0.8453713123092573,0.6115702479338843,0.41470888661899896,0.6211699164345403,0.7916251246261217,0.44565217391304346,0.3388875275667729,0.7586715867158672,0.6414458913336327,0.7789947193428516,0.6900584795321637,0.7964542190305206
109,0.6216,0.56352,0.576163967611336,0.6619283065512979,0.5787793427230047,0.3106796116504854,0.4417808219178082,0.20747663551401868,0.8827479338842975,0.5123318385650224,0.8387589013224822,0.512396694214876,0.432073544433095,0.6155988857938719,0.7896311066799602,0.43478260869565216,0.3246753246753247,0.7663468634686347,0.6466097889537494,0.7748875415607276,0.6608187134502924,0.7888240574506283,0.576163967611336,0.6619283065512979,0.5787793427230047,0.3106796116504854,0.4417808219178082,0.20747663551401868,0.8827479338842975,0.5123318385650224,0.8387589013224822,0.6198347107438017,0.432073544433095,0.6155988857938719,0.7896311066799602,0.43478260869565216,0.3246753246753247,0.7663468634686347,0.6466097889537494,0.7748875415607276,0.6608187134502924,0.7888240574506283
110,0.6225,0.5656399999999999,0.5852732793522267,0.665327564894932,0.5765258215962441,0.343042071197411,0.4246575342465753,0.21121495327102804,0.8858471074380165,0.484304932735426,0.8303662258392676,0.48760330578512395,0.4402451481103167,0.649025069637883,0.7961116650049851,0.44021739130434784,0.33496691987258026,0.7664944649446495,0.6549169286035025,0.7725405828280852,0.6608187134502924,0.7791741472172352,0.5852732793522267,0.665327564894932,0.5765258215962441,0.343042071197411,0.4246575342465753,0.21121495327102804,0.8858471074380165,0.484304932735426,0.8303662258392676,0.6611570247933884,0.4402451481103167,0.649025069637883,0.7961116650049851,0.44021739130434784,0.33496691987258026,0.7664944649446495,0.6549169286035025,0.7725405828280852,0.6608187134502924,0.7791741472172352
111,0.6197,0.56394,0.5635121457489879,0.6511124845488258,0.5834741784037558,0.3300970873786408,0.4280821917808219,0.20747663551401868,0.8827479338842975,0.4938340807174888,0.8415564598168871,0.5041322314049587,0.42083758937691523,0.6072423398328691,0.7926221335992024,0.44565217391304346,0.35726537613330067,0.7480442804428045,0.6533453075886844,0.7813416780754938,0.672514619883041,0.8070017953321365,0.5635121457489879,0.6511124845488258,0.5834741784037558,0.3300970873786408,0.4280821917808219,0.20747663551401868,0.8827479338842975,0.4938340807174888,0.8415564598168871,0.6859504132231405,0.42083758937691523,0.6072423398328691,0.7926221335992024,0.44565217391304346,0.35726537613330067,0.7480442804428045,0.6533453075886844,0.7813416780754938,0.672514619883041,0.8070017953321365
112,0.6175,0.56281,0.5799595141700404,0.6755253399258344,0.5635680751173708,0.35275080906148865,0.4315068493150685,0.21121495327102804,0.8956611570247934,0.4938340807174888,0.8372329603255341,0.5041322314049587,0.4136874361593463,0.6323119777158774,0.792123629112662,0.43478260869565216,0.3616760597892673,0.7670848708487085,0.6304445442299057,0.7787991394484647,0.6783625730994152,0.7888240574506283,0.5799595141700404,0.6755253399258344,0.5635680751173708,0.35275080906148865,0.4315068493150685,0.21121495327102804,0.8956611570247934,0.4938340807174888,0.8372329603255341,0.7024793388429752,0.4136874361593463,0.6323119777158774,0.792123629112662,0.43478260869565216,0.3616760597892673,0.7670848708487085,0.6304445442299057,0.7787991394484647,0.6783625730994152,0.7888240574506283
113,0.6203,0.5652,0.5404858299595142,0.6285537700865266,0.5956807511737089,0.3042071197411003,0.4246575342465753,0.21121495327102804,0.8848140495867769,0.4994394618834081,0.8456256358087487,0.49586776859504134,0.4198161389172625,0.6183844011142061,0.7961116650049851,0.43478260869565216,0.3281058564077432,0.7660516605166051,0.6600808262236192,0.8022687267748876,0.6666666666666666,0.8099192100538599,0.5404858299595142,0.6285537700865266,0.5956807511737089,0.3042071197411003,0.4246575342465753,0.21121495327102804,0.8848140495867769,0.4994394618834081,0.8456256358087487,0.71900826446281,0.4198161389172625,0.6183844011142061,0.7961116650049851,0.43478260869565216,0.3281058564077432,0.7660516605166051,0.6600808262236192,0.8022687267748876,0.6666666666666666,0.8099192100538599
114,0.6187,0.5655699999999999,0.590080971659919,0.6838689740420272,0.5132394366197183,0.31715210355987056,0.4383561643835616,0.205607476635514,0.8796487603305785,0.49887892376681614,0.8334181078331638,0.5206611570247934,0.4341164453524004,0.6267409470752089,0.7896311066799602,0.44021739130434784,0.3504043126684636,0.7616236162361624,0.654243376740009,0.7694113045178955,0.6666666666666666,0.7957809694793537,0.590080971659919,0.6838689740420272,0.5132394366197183,0.31715210355987056,0.4383561643835616,0.205607476635514,0.8796487603305785,0.49887892376681614,0.8334181078331638,0.5206611570247934,0.4341164453524004,0.6267409470752089,0.7896311066799602,0.44021739130434784,0.3504043126684636,0.7616236162361624,0.654243376740009,0.7694113045178955,0.6666666666666666,0.7957809694793537
115,0.6146,0.56531,0.5574392712550608,0.6520395550061805,0.5654460093896714,0.3333333333333333,0.4212328767123288,0.205607476635514,0.893595041322314,0.4960762331838565,0.8484231943031536,0.48760330578512395,0.40551583248212464,0.6267409470752089,0.788135593220339,0.44565217391304346,0.359470717961284,0.745830258302583,0.6403233048944769,0.7965969098376687,0.6842105263157895,0.8040843806104129,0.5574392712550608,0.6520395550061805,0.5654460093896714,0.3333333333333333,0.4212328767123288,0.205607476635514,0.893595041322314,0.4960762331838565,0.8484231943031536,0.48760330578512395,0.40551583248212464,0.6267409470752089,0.788135593220339,0.44565217391304346,0.359470717961284,0.745830258302583,0.6403233048944769,0.7965969098376687,0.6842105263157895,0.8040843806104129
116,0.6213,0.56724,0.5875506072874493,0.6736711990111248,0.5442253521126761,0.3268608414239482,0.4280821917808219,0.21682242990654205,0.8889462809917356,0.48710762331838564,0.8341810783316378,0.5371900826446281,0.432073544433095,0.6183844011142061,0.8040877367896311,0.45108695652173914,0.36094094584660624,0.7499630996309963,0.6607543780871127,0.7829063172305887,0.6491228070175439,0.8054308797127468,0.5875506072874493,0.6736711990111248,0.5442253521126761,0.3268608414239482,0.4280821917808219,0.21682242990654205,0.8889462809917356,0.48710762331838564,0.8341810783316378,0.5371900826446281,0.432073544433095,0.6183844011142061,0.8040877367896311,0.45108695652173914,0.36094094584660624,0.7499630996309963,0.6607543780871127,0.7829063172305887,0.6491228070175439,0.8054308797127468
117,0.6183,0.56493,0.5544028340080972,0.646168108776267,0.5909859154929578,0.3106796116504854,0.4383561643835616,0.2130841121495327,0.8946280991735537,0.5089686098654709,0.8484231943031536,0.5041322314049587,0.3983656792645557,0.637883008356546,0.7861415752741775,0.43478260869565216,0.3450134770889488,0.7453874538745388,0.6315671306690616,0.8055935849794641,0.6491228070175439,0.8063285457809695,0.5544028340080972,0.646168108776267,0.5909859154929578,0.3106796116504854,0.4383561643835616,0.2130841121495327,0.8946280991735537,0.5089686098654709,0.8484231943031536,0.5041322314049587,0.3983656792645557,0.637883008356546,0.7861415752741775,0.43478260869565216,0.3450134770889488,0.7453874538745388,0.6315671306690616,0.8055935849794641,0.6491228070175439,0.8063285457809695
118,0.6218,0.5659700000000001,0.5637651821862348,0.6532756489493201,0.5881690140845071,0.3365695792880259,0.4349315068493151,0.2130841121495327,0.8889462809917356,0.5123318385650224,0.8463886063072228,0.5454545454545454,0.3953013278855976,0.637883008356546,0.7761714855433699,0.45652173913043476,0.34207302131830436,0.7577859778597786,0.6277503367759317,0.7897516135341287,0.6608187134502924,0.8043087971274686,0.5637651821862348,0.6532756489493201,0.5881690140845071,0.3365695792880259,0.4349315068493151,0.2130841121495327,0.8889462809917356,0.5123318385650224,0.8463886063072228,0.5454545454545454,0.3953013278855976,0.637883008356546,0.7761714855433699,0.45652173913043476,0.34207302131830436,0.7577859778597786,0.6277503367759317,0.7897516135341287,0.6608187134502924,0.8043087971274686
119,0.6298,0.56994,0.583248987854251,0.6684177997527813,0.5953051643192488,0.34951456310679613,0.4452054794520548,0.21869158878504674,0.8863636363636364,0.4943946188340807,0.8357070193285859,0.512396694214876,0.4218590398365679,0.637883008356546,0.7961116650049851,0.45108695652173914,0.3602058319039451,0.7507011070110701,0.6511001347103726,0.7870134950127127,0.6900584795321637,0.8096947935368043,0.583248987854251,0.6684177997527813,0.5953051643192488,0.34951456310679613,0.4452054794520548,0.21869158878504674,0.8863636363636364,0.4943946188340807,0.8357070193285859,0.512396694214876,0.4218590398365679,0.637883008356546,0.7961116650049851,0.45108695652173914,0.3602058319039451,0.7507011070110701,0.6511001347103726,0.7870134950127127,0.6900584795321637,0.8096947935368043
120,0.6193,0.5666599999999999,0.5652834008097166,0.6613102595797281,0.5707042253521126,0.313915857605178,0.4452054794520548,0.21495327102803738,0.8853305785123967,0.5179372197309418,0.8428280773143438,0.5289256198347108,0.4167517875383044,0.6128133704735376,0.7906281156530409,0.4673913043478261,0.3383974516049988,0.7694464944649446,0.656937584193983,0.7960101701545081,0.6842105263157895,0.783213644524237,0.5652834008097166,0.6613102595797281,0.5707042253521126,0.313915857605178,0.4452054794520548,0.21495327102803738,0.8853305785123967,0.5179372197309418,0.8428280773143438,0.5289256198347108,0.4167517875383044,0.6128133704735376,0.7906281156530409,0.4673913043478261,0.3383974516049988,0.7694464944649446,0.656937584193983,0.7960101701545081,0.6842105263157895,0.783213644524237
121,0.6195,0.56531,0.5756578947368421,0.6634734239802225,0.563943661971831,0.3365695792880259,0.4349315068493151,0.21121495327102804,0.8858471074380165,0.5128923766816144,0.8385045778229908,0.5619834710743802,0.4218590398365679,0.6155988857938719,0.7876370887337986,0.45108695652173914,0.34525851506983585,0.7684132841328414,0.661203412662775,0.7870134950127127,0.6608187134502924,0.802064631956912,0.5756578947368421,0.6634734239802225,0.563943661971831,0.3365695792880259,0.4349315068493151,0.21121495327102804,0.8858471074380165,0.5128923766816144,0.8385045778229908,0.5619834710743802,0.4218590398365679,0.6155988857938719,0.7876370887337986,0.45108695652173914,0.34525851506983585,0.7684132841328414,0.661203412662775,0.7870134950127127,0.6608187134502924,0.802064631956912
122,0.6195,0.56733,0.562753036437247,0.6560568603213844,0.5815962441314554,0.33980582524271846,0.4280821917808219,0.2130841121495327,0.8961776859504132,0.4915919282511211,0.8420651068158698,0.512396694214876,0.39938712972420837,0.6211699164345403,0.7971086739780658,0.44021739130434784,0.3687821612349914,0.7555719557195572,0.6585092052088011,0.8077449638177195,0.6666666666666666,0.8121633752244165,0.562753036437247,0.6560568603213844,0.5815962441314554,0.33980582524271846,0.4280821917808219,0.2130841121495327,0.8961776859504132,0.4915919282511211,0.8420651068158698,0.512396694214876,0.39938712972420837,0.6211699164345403,0.7971086739780658,0.44021739130434784,0.3687821612349914,0.7555719557195572,0.6585092052088011,0.8077449638177195,0.6666666666666666,0.8121633752244165
123,0.623,0.56608,0.5862854251012146,0.6677997527812114,0.5804694835680752,0.3559870550161812,0.4486301369863014,0.20747663551401868,0.8920454545454546,0.49495515695067266,0.8438453713123093,0.5289256198347108,0.41062308478038817,0.6406685236768802,0.7791625124626121,0.45108695652173914,0.379073756432247,0.7598523985239852,0.6299955096542433,0.7840797965969099,0.672514619883041,0.8076750448833034,0.5862854251012146,0.6677997527812114,0.5804694835680752,0.3559870550161812,0.4486301369863014,0.20747663551401868,0.8920454545454546,0.49495515695067266,0.8438453713123093,0.5289256198347108,0.41062308478038817,0.6406685236768802,0.7791625124626121,0.45108695652173914,0.379073756432247,0.7598523985239852,0.6299955096542433,0.7840797965969099,0.672514619883041,0.8076750448833034
124,0.6159,0.5665,0.5475708502024291,0.646477132262052,0.5382159624413145,0.32038834951456313,0.4246575342465753,0.20186915887850468,0.8894628099173554,0.5044843049327354,0.8466429298067142,0.512396694214876,0.3922369765066394,0.6211699164345403,0.7991026919242273,0.45652173913043476,0.34942416074491545,0.7757933579335793,0.6690615177368657,0.8069626442401721,0.672514619883041,0.8325852782764811,0.5475708502024291,0.646477132262052,0.5382159624413145,0.32038834951456313,0.4246575342465753,0.20186915887850468,0.8894628099173554,0.5044843049327354,0.8466429298067142,0.512396694214876,0.3922369765066394,0.6211699164345403,0.7991026919242273,0.45652173913043476,0.34942416074491545,0.7757933579335793,0.6690615177368657,0.8069626442401721,0.672514619883041,0.8325852782764811
125,0.6245,0.56917,0.583502024291498,0.6634734239802225,0.5337089201877935,0.3559870550161812,0.4452054794520548,0.20373831775700935,0.8879132231404959,0.4876681614349776,0.8341810783316378,0.48760330578512395,0.4341164453524004,0.6434540389972145,0.7951146560319042,0.44565217391304346,0.3692722371967655,0.7700369003690037,0.6719802424786708,0.7741052219831801,0.6666666666666666,0.815754039497307,0.583502024291498,0.6634734239802225,0.5337089201877935,0.3559870550161812,0.4452054794520548,0.20373831775700935,0.8879132231404959,0.4876681614349776,0.8341810783316378,0.48760330578512395,0.4341164453524004,0.6434540389972145,0.7951146560319042,0.44565217391304346,0.3692722371967655,0.7700369003690037,0.6719802424786708,0.7741052219831801,0.6666666666666666,0.815754039497307
126,0.6232,0.56593,0.5842611336032388,0.6696538936959209,0.5951173708920188,0.3656957928802589,0.4383561643835616,0.21869158878504674,0.8863636363636364,0.47085201793721976,0.8367243133265514,0.48760330578512395,0.43615934627170583,0.6267409470752089,0.7901296111665005,0.45652173913043476,0.39377603528546923,0.7511439114391144,0.6580601706331387,0.7764521807158224,0.6491228070175439,0.8162028725314183,0.5842611336032388,0.6696538936959209,0.5951173708920188,0.3656957928802589,0.4383561643835616,0.21869158878504674,0.8863636363636364,0.47085201793721976,0.8367243133265514,0.48760330578512395,0.43615934627170583,0.6267409470752089,0.7901296111665005,0.45652173913043476,0.39377603528546923,0.7511439114391144,0.6580601706331387,0.7764521807158224,0.6491228070175439,0.8162028725314183
127,0.6228,0.56888,0.5612348178137652,0.642459826946848,0.5834741784037558,0.343042071197411,0.4383561643835616,0.21495327102803738,0.8848140495867769,0.5106502242152466,0.8448626653102747,0.5454545454545454,0.4290091930541369,0.637883008356546,0.8045862412761715,0.44021739130434784,0.36829208527321733,0.7692988929889298,0.6820835204310732,0.7913162526892236,0.6783625730994152,0.7973518850987432,0.5612348178137652,0.642459826946848,0.5834741784037558,0.343042071197411,0.4383561643835616,0.21495327102803738,0.8848140495867769,0.5106502242152466,0.8448626653102747,0.5454545454545454,0.4290091930541369,0.637883008356546,0.8045862412761715,0.44021739130434784,0.36829208527321733,0.7692988929889298,0.6820835204310732,0.7913162526892236,0.6783625730994152,0.7973518850987432
128,0.6191,0.56482,0.583755060728745,0.6705809641532756,0.5568075117370892,0.33980582524271846,0.4383561643835616,0.21121495327102804,0.8977272727272727,0.4781390134529148,0.83646998982706,0.5289256198347108,0.4177732379979571,0.6406685236768802,0.7936191425722832,0.43478260869565216,0.37613330066160255,0.7718081180811808,0.6468343062415806,0.7905339331116761,0.6666666666666666,0.8078994614003591,0.583755060728745,0.6705809641532756,0.5568075117370892,0.33980582524271846,0.4383561643835616,0.21121495327102804,0.8977272727272727,0.4781390134529148,0.83646998982706,0.5289256198347108,0.4177732379979571,0.6406685236768802,0.7936191425722832,0.43478260869565216,0.37613330066160255,0.7718081180811808,0.6468343062415806,0.7905339331116761,0.6666666666666666,0.8078994614003591
129,0.6219,0.5667,0.5759109311740891,0.6585290482076638,0.6108920187793427,0.33980582524271846,0.4417808219178082,0.2205607476635514,0.8801652892561983,0.46860986547085204,0.8374872838250255,0.5206611570247934,0.4279877425944842,0.6239554317548747,0.7956131605184447,0.43478260869565216,0.3871600098015192,0.7529151291512916,0.6647956892680736,0.7883825542734207,0.672514619883041,0.8031867145421903,0.5759109311740891,0.6585290482076638,0.6108920187793427,0.33980582524271846,0.4417808219178082,0.2205607476635514,0.8801652892561983,0.46860986547085204,0.8374872838250255,0.5206611570247934,0.4279877425944842,0.6239554317548747,0.7956131605184447,0.43478260869565216,0.3871600098015192,0.7529151291512916,0.6647956892680736,0.7883825542734207,0.672514619883041,0.8031867145421903
130,0.6116,0.5620700000000001,0.5597165991902834,0.6504944375772559,0.595868544600939,0.3300970873786408,0.4486301369863014,0.21495327102803738,0.8796487603305785,0.48934977578475336,0.862410986775178,0.5371900826446281,0.40551583248212464,0.6211699164345403,0.7846460618145563,0.43478260869565216,0.3947561872090174,0.7505535055350554,0.6463852716659183,0.7958145902601212,0.6842105263157895,0.8117145421903053,0.5597165991902834,0.6504944375772559,0.595868544600939,0.3300970873786408,0.4486301369863014,0.21495327102803738,0.8796487603305785,0.48934977578475336,0.862410986775178,0.5371900826446281,0.40551583248212464,0.6211699164345403,0.7846460618145563,0.43478260869565216,0.3947561872090174,0.7505535055350554,0.6463852716659183,0.7958145902601212,0.6842105263157895,0.8117145421903053
131,0.6145,0.56399,0.5756578947368421,0.6644004944375772,0.5186854460093897,0.32362459546925565,0.4178082191780822,0.2130841121495327,0.8775826446280992,0.5106502242152466,0.8372329603255341,0.5454545454545454,0.4402451481103167,0.6295264623955432,0.7986041874376869,0.44565217391304346,0.3567753001715266,0.7763837638376384,0.6825325550067355,0.786622335223939,0.695906432748538,0.7966786355475763,0.5756578947368421,0.6644004944375772,0.5186854460093897,0.32362459546925565,0.4178082191780822,0.2130841121495327,0.8775826446280992,0.5106502242152466,0.8372329603255341,0.5454545454545454,0.4402451481103167,0.6295264623955432,0.7986041874376869,0.44565217391304346,0.3567753001715266,0.7763837638376384,0.6825325550067355,0.786622335223939,0.695906432748538,0.7966786355475763
132,0.6107,0.56192,0.5754048582995951,0.6644004944375772,0.5532394366197183,0.35275080906148865,0.4315068493150685,0.20934579439252338,0.8899793388429752,0.48934977578475336,0.8524923702950152,0.512396694214876,0.42390194075587334,0.637883008356546,0.788135593220339,0.44565217391304346,0.40602793432982115,0.7383025830258303,0.6414458913336327,0.807158224134559,0.631578947368421,0.8101436265709157,0.5754048582995951,0.6644004944375772,0.5532394366197183,0.35275080906148865,0.4315068493150685,0.20934579439252338,0.8899793388429752,0.48934977578475336,0.8524923702950152,0.512396694214876,0.42390194075587334,0.637883008356546,0.788135593220339,0.44565217391304346,0.40602793432982115,0.7383025830258303,0.6414458913336327,0.807158224134559,0.631578947368421,0.8101436265709157
133,0.619,0.56669,0.5855263157894737,0.6779975278121138,0.5474178403755868,0.36245954692556637,0.4349315068493151,0.21121495327102804,0.881198347107438,0.492152466367713,0.840030518819939,0.5041322314049587,0.43003064351378956,0.6323119777158774,0.7991026919242273,0.44565217391304346,0.3901004655721637,0.760590405904059,0.6706331387516838,0.7899471934285156,0.672514619883041,0.7874775583482945,0.5855263157894737,0.6779975278121138,0.5474178403755868,0.36245954692556637,0.4349315068493151,0.21121495327102804,0.881198347107438,0.492152466367713,0.840030518819939,0.5041322314049587,0.43003064351378956,0.6323119777158774,0.7991026919242273,0.44565217391304346,0.3901004655721637,0.760590405904059,0.6706331387516838,0.7899471934285156,0.672514619883041,0.7874775583482945
134,0.6184,0.56472,0.5705971659919028,0.6659456118665018,0.6048826291079812,0.37540453074433655,0.4280821917808219,0.2,0.8858471074380165,0.49495515695067266,0.8471515768056969,0.5041322314049587,0.41470888661899896,0.649025069637883,0.7831505483549352,0.42934782608695654,0.39843175692232297,0.7570479704797048,0.6324651998203862,0.7985527087815373,0.631578947368421,0.7800718132854578,0.5705971659919028,0.6659456118665018,0.6048826291079812,0.37540453074433655,0.4280821917808219,0.2,0.8858471074380165,0.49495515695067266,0.8471515768056969,0.5041322314049587,0.41470888661899896,0.649025069637883,0.7831505483549352,0.42934782608695654,0.39843175692232297,0.7570479704797048,0.6324651998203862,0.7985527087815373,0.631578947368421,0.7800718132854578
135,0.6181,0.5648500000000001,0.5493421052631579,0.6322620519159456,0.6086384976525822,0.33980582524271846,0.4246575342465753,0.205607476635514,0.875,0.47701793721973096,0.8555442522889115,0.512396694214876,0.4279877425944842,0.6183844011142061,0.8015952143569293,0.45108695652173914,0.37025238912031366,0.7626568265682657,0.6838796587337225,0.7960101701545081,0.7017543859649122,0.7995960502692998,0.5493421052631579,0.6322620519159456,0.6086384976525822,0.33980582524271846,0.4246575342465753,0.205607476635514,0.875,0.47701793721973096,0.8555442522889115,0.512396694214876,0.4279877425944842,0.6183844011142061,0.8015952143569293,0.45108695652173914,0.37025238912031366,0.7626568265682657,0.6838796587337225,0.7960101701545081,0.7017543859649122,0.7995960502692998
136,0.6195,0.56673,0.5847672064777328,0.6779975278121138,0.5661971830985916,0.3656957928802589,0.4417808219178082,0.21121495327102804,0.8863636363636364,0.476457399103139,0.844354018311292,0.5206611570247934,0.43003064351378956,0.6350974930362117,0.7941176470588235,0.45108695652173914,0.4197500612594952,0.7535055350553506,0.6513246519982039,0.7836886368081362,0.6608187134502924,0.7924147217235189,0.5847672064777328,0.6779975278121138,0.5661971830985916,0.3656957928802589,0.4417808219178082,0.21121495327102804,0.8863636363636364,0.476457399103139,0.844354018311292,0.5206611570247934,0.43003064351378956,0.6350974930362117,0.7941176470588235,0.45108695652173914,0.4197500612594952,0.7535055350553506,0.6513246519982039,0.7836886368081362,0.6608187134502924,0.7924147217235189
137,0.6216,0.56774,0.5759109311740891,0.6597651421508035,0.5686384976525821,0.35275080906148865,0.4383561643835616,0.20747663551401868,0.8894628099173554,0.47533632286995514,0.8423194303153612,0.5371900826446281,0.424923391215526,0.6350974930362117,0.7876370887337986,0.44565217391304346,0.3991668708649841,0.7638376383763837,0.6603053435114504,0.7942499511050264,0.6900584795321637,0.8036355475763016,0.5759109311740891,0.6597651421508035,0.5686384976525821,0.35275080906148865,0.4383561643835616,0.20747663551401868,0.8894628099173554,0.47533632286995514,0.8423194303153612,0.5371900826446281,0.424923391215526,0.6350974930362117,0.7876370887337986,0.44565217391304346,0.3991668708649841,0.7638376383763837,0.6603053435114504,0.7942499511050264,0.6900584795321637,0.8036355475763016
138,0.6145,0.5631600000000001,0.555921052631579,0.6365883807169345,0.5956807511737089,0.32362459546925565,0.4417808219178082,0.21682242990654205,0.8868801652892562,0.5044843049327354,0.8598677517802645,0.5206611570247934,0.4044943820224719,0.6100278551532033,0.7811565304087736,0.4673913043478261,0.3692722371967655,0.7656088560885609,0.6558149977548271,0.811265401916683,0.6491228070175439,0.8016157989228008,0.555921052631579,0.6365883807169345,0.5956807511737089,0.32362459546925565,0.4417808219178082,0.21682242990654205,0.8868801652892562,0.5044843049327354,0.8598677517802645,0.5206611570247934,0.4044943820224719,0.6100278551532033,0.7811565304087736,0.4673913043478261,0.3692722371967655,0.7656088560885609,0.6558149977548271,0.811265401916683,0.6491228070175439,0.8016157989228008
139,0.6174,0.56682,0.5700910931174089,0.6588380716934487,0.5673239436619718,0.35275080906148865,0.4452054794520548,0.21121495327102804,0.8848140495867769,0.484304932735426,0.8430824008138352,0.512396694214876,0.42594484167517876,0.6155988857938719,0.806580259222333,0.44021739130434784,0.39402107326635627,0.7579335793357933,0.6728783116299956,0.8008996675141795,0.6783625730994152,0.8054308797127468,0.5700910931174089,0.6588380716934487,0.5673239436619718,0.35275080906148865,0.4452054794520548,0.21121495327102804,0.8848140495867769,0.484304932735426,0.8430824008138352,0.512396694214876,0.42594484167517876,0.6155988857938719,0.806580259222333,0.44021739130434784,0.39402107326635627,0.7579335793357933,0.6728783116299956,0.8008996675141795,0.6783625730994152,0.8054308797127468
140,0.622,0.56637,0.5872975708502024,0.6708899876390606,0.5853521126760564,0.3851132686084142,0.4452054794520548,0.21682242990654205,0.8822314049586777,0.461322869955157,0.8374872838250255,0.5206611570247934,0.4351378958120531,0.6267409470752089,0.7851445663010967,0.44021739130434784,0.43837294780691005,0.7509963099630996,0.6450381679389313,0.7731273225112458,0.6783625730994152,0.8052064631956912,0.5872975708502024,0.6708899876390606,0.5853521126760564,0.3851132686084142,0.4452054794520548,0.21682242990654205,0.8822314049586777,0.461322869955157,0.8374872838250255,0.5206611570247934,0.4351378958120531,0.6267409470752089,0.7851445663010967,0.44021739130434784,0.43837294780691005,0.7509963099630996,0.6450381679389313,0.7731273225112458,0.6783625730994152,0.8052064631956912
141,0.6115,0.56321,0.5402327935222672,0.6217552533992583,0.5964319248826291,0.34627831715210355,0.4280821917808219,0.2130841121495327,0.8822314049586777,0.5039237668161435,0.8598677517802645,0.5206611570247934,0.41470888661899896,0.6044568245125348,0.7946161515453639,0.44565217391304346,0.3822592501837785,0.7567527675276753,0.6647956892680736,0.8214355564247995,0.6783625730994152,0.8018402154398564,0.5402327935222672,0.6217552533992583,0.5964319248826291,0.34627831715210355,0.4280821917808219,0.2130841121495327,0.8822314049586777,0.5039237668161435,0.8598677517802645,0.5206611570247934,0.41470888661899896,0.6044568245125348,0.7946161515453639,0.44565217391304346,0.3822592501837785,0.7567527675276753,0.6647956892680736,0.8214355564247995,0.6783625730994152,0.8018402154398564
142,0.6136,0.56326,0.5857793522267206,0.6613102595797281,0.5261971830985915,0.3656957928802589,0.4383561643835616,0.205607476635514,0.878099173553719,0.4848654708520179,0.8379959308240081,0.5289256198347108,0.424923391215526,0.6434540389972145,0.7796610169491526,0.43478260869565216,0.39990198480764516,0.7569003690036901,0.6466097889537494,0.7887737140621944,0.6549707602339181,0.8047576301615799,0.5857793522267206,0.6613102595797281,0.5261971830985915,0.3656957928802589,0.4383561643835616,0.205607476635514,0.878099173553719,0.4848654708520179,0.8379959308240081,0.5289256198347108,0.424923391215526,0.6434540389972145,0.7796610169491526,0.43478260869565216,0.39990198480764516,0.7569003690036901,0.6466097889537494,0.7887737140621944,0.6549707602339181,0.8047576301615799
143,0.6214,0.56709,0.5809716599190283,0.6647095179233622,0.5635680751173708,0.35275080906148865,0.4383561643835616,0.205607476635514,0.8853305785123967,0.4882286995515695,0.8446083418107834,0.5289256198347108,0.4279877425944842,0.6295264623955432,0.792123629112662,0.44565217391304346,0.3927958833619211,0.7635424354243543,0.6562640323304895,0.7973792294152161,0.6549707602339181,0.8182226211849192,0.5809716599190283,0.6647095179233622,0.5635680751173708,0.35275080906148865,0.4383561643835616,0.205607476635514,0.8853305785123967,0.4882286995515695,0.8446083418107834,0.5289256198347108,0.4279877425944842,0.6295264623955432,0.792123629112662,0.44565217391304346,0.3927958833619211,0.7635424354243543,0.6562640323304895,0.7973792294152161,0.6549707602339181,0.8182226211849192
144,0.614,0.56187,0.582742914979757,0.6659456118665018,0.5748356807511737,0.3786407766990291,0.4315068493150685,0.21121495327102804,0.8858471074380165,0.461322869955157,0.8466429298067142,0.5289256198347108,0.4187946884576098,0.6323119777158774,0.7706879361914257,0.44021739130434784,0.405047782406273,0.759409594095941,0.6281993713515941,0.8024643066692744,0.6374269005847953,0.800718132854578,0.582742914979757,0.6659456118665018,0.5748356807511737,0.3786407766990291,0.4315068493150685,0.21121495327102804,0.8858471074380165,0.461322869955157,0.8466429298067142,0.5289256198347108,0.4187946884576098,0.6323119777158774,0.7706879361914257,0.44021739130434784,0.405047782406273,0.759409594095941,0.6281993713515941,0.8024643066692744,0.6374269005847953,0.800718132854578
145,0.6238,0.5682400000000001,0.6004554655870445,0.6745982694684796,0.5483568075117371,0.37216828478964403,0.4315068493150685,0.21121495327102804,0.878099173553719,0.47757847533632286,0.8283316378433367,0.5371900826446281,0.4525025536261491,0.6295264623955432,0.8050847457627118,0.44021739130434784,0.38078902229845624,0.768560885608856,0.6762460709474629,0.7844709563856835,0.6842105263157895,0.808572710951526,0.6004554655870445,0.6745982694684796,0.5483568075117371,0.37216828478964403,0.4315068493150685,0.21121495327102804,0.878099173553719,0.47757847533632286,0.8283316378433367,0.5371900826446281,0.4525025536261491,0.6295264623955432,0.8050847457627118,0.44021739130434784,0.38078902229845624,0.768560885608856,0.6762460709474629,0.7844709563856835,0.6842105263157895,0.808572710951526
146,0.6182,0.56459,0.5822368421052632,0.6585290482076638,0.6020657276995305,0.37540453074433655,0.4383561643835616,0.21869158878504674,0.8755165289256198,0.47085201793721976,0.8458799593082401,0.5041322314049587,0.44126659856996936,0.6211699164345403,0.7981056829511466,0.45108695652173914,0.41852487135506006,0.752619926199262,0.6573866187696452,0.7938587913162527,0.6783625730994152,0.7978007181328546,0.5822368421052632,0.6585290482076638,0.6020657276995305,0.37540453074433655,0.4383561643835616,0.21869158878504674,0.8755165289256198,0.47085201793721976,0.8458799593082401,0.5041322314049587,0.44126659856996936,0.6211699164345403,0.7981056829511466,0.45108695652173914,0.41852487135506006,0.752619926199262,0.6573866187696452,0.7938587913162527,0.6783625730994152,0.7978007181328546
147,0.6236,0.56601,0.5999493927125507,0.6721260815822002,0.5943661971830986,0.39158576051779936,0.4349315068493151,0.21682242990654205,0.8853305785123967,0.4730941704035874,0.8359613428280773,0.512396694214876,0.4341164453524004,0.637883008356546,0.7981056829511466,0.42934782608695654,0.40357755452095073,0.7558671586715867,0.6553659631791648,0.7913162526892236,0.6549707602339181,0.8029622980251346,0.5999493927125507,0.6721260815822002,0.5943661971830986,0.39158576051779936,0.4349315068493151,0.21682242990654205,0.8853305785123967,0.4730941704035874,0.8359613428280773,0.512396694214876,0.4341164453524004,0.637883008356546,0.7981056829511466,0.42934782608695654,0.40357755452095073,0.7558671586715867,0.6553659631791648,0.7913162526892236,0.6549707602339181,0.8029622980251346
148,0.6164,0.5648799999999999,0.5893218623481782,0.665327564894932,0.5502347417840375,0.4077669902912621,0.4417808219178082,0.21495327102803738,0.8791322314049587,0.4730941704035874,0.8377416073245167,0.512396694214876,0.43922369765066394,0.6295264623955432,0.7971086739780658,0.42934782608695654,0.42048517520215634,0.7490774907749077,0.6661427929950606,0.7817328378642675,0.695906432748538,0.7881508078994613,0.5893218623481782,0.665327564894932,0.5502347417840375,0.4077669902912621,0.4417808219178082,0.21495327102803738,0.8791322314049587,0.4730941704035874,0.8377416073245167,0.512396694214876,0.43922369765066394,0.6295264623955432,0.7971086739780658,0.42934782608695654,0.42048517520215634,0.7490774907749077,0.6661427929950606,0.7817328378642675,0.695906432748538,0.7881508078994613
149,0.6223,0.56731,0.5941295546558705,0.67336217552534,0.5750234741784037,0.36245954692556637,0.4520547945205479,0.205607476635514,0.8760330578512396,0.4904708520179372,0.8390132248219736,0.5289256198347108,0.45045965270684374,0.6323119777158774,0.7891326021934197,0.42934782608695654,0.4045577064444989,0.7492250922509225,0.652896273013022,0.7960101701545081,0.6257309941520468,0.7863554757630161,0.5941295546558705,0.67336217552534,0.5750234741784037,0.36245954692556637,0.4520547945205479,0.205607476635514,0.8760330578512396,0.4904708520179372,0.8390132248219736,0.5289256198347108,0.45045965270684374,0.6323119777158774,0.7891326021934197,0.42934782608695654,0.4045577064444989,0.7492250922509225,0.652896273013022,0.7960101701545081,0.6257309941520468,0.7863554757630161
150,0.6171,0.56294,0.5797064777327935,0.6520395550061805,0.5470422535211268,0.3656957928802589,0.4280821917808219,0.20373831775700935,0.8765495867768595,0.46356502242152464,0.832146490335707,0.5206611570247934,0.42083758937691523,0.6462395543175488,0.7941176470588235,0.42391304347826086,0.41729968145062485,0.7768265682656826,0.652896273013022,0.781146098181107,0.6666666666666666,0.8209156193895871,0.5797064777327935,0.6520395550061805,0.5470422535211268,0.3656957928802589,0.4280821917808219,0.20373831775700935,0.8765495867768595,0.46356502242152464,0.832146490335707,0.5206611570247934,0.42083758937691523,0.6462395543175488,0.7941176470588235,0.42391304347826086,0.41729968145062485,0.7768265682656826,0.652896273013022,0.781146098181107,0.6666666666666666,0.8209156193895871
151,0.6124,0.5602400000000001,0.5619939271255061,0.638442521631644,0.5954929577464789,0.3948220064724919,0.4349315068493151,0.2,0.8946280991735537,0.48038116591928254,0.8484231943031536,0.5041322314049587,0.4167517875383044,0.6462395543175488,0.7926221335992024,0.42934782608695654,0.40284244057828966,0.7617712177121772,0.6396497530309834,0.7952278505769607,0.6491228070175439,0.7921903052064632,0.5619939271255061,0.638442521631644,0.5954929577464789,0.3948220064724919,0.4349315068493151,0.2,0.8946280991735537,0.48038116591928254,0.8484231943031536,0.5041322314049587,0.4167517875383044,0.6462395543175488,0.7926221335992024,0.42934782608695654,0.40284244057828966,0.7617712177121772,0.6396497530309834,0.7952278505769607,0.6491228070175439,0.7921903052064632
152,0.6197,0.56534,0.5860323886639676,0.6579110012360939,0.5767136150234742,0.3883495145631068,0.4280821917808219,0.2205607476635514,0.8713842975206612,0.4781390134529148,0.8367243133265514,0.5206611570247934,0.4606741573033708,0.6518105849582173,0.7996011964107677,0.44021739130434784,0.4084783141386915,0.7536531365313653,0.6697350696003592,0.7750831214551144,0.672514619883041,0.800718132854578,0.5860323886639676,0.6579110012360939,0.5767136150234742,0.3883495145631068,0.4280821917808219,0.2205607476635514,0.8713842975206612,0.4781390134529148,0.8367243133265514,0.5206611570247934,0.4606741573033708,0.6518105849582173,0.7996011964107677,0.44021739130434784,0.4084783141386915,0.7536531365313653,0.6697350696003592,0.7750831214551144,0.672514619883041,0.800718132854578
153,0.6125,0.5620700000000001,0.5910931174089069,0.673053152039555,0.5615023474178403,0.4110032362459547,0.4315068493150685,0.2,0.8791322314049587,0.461322869955157,0.8413021363173957,0.512396694214876,0.42696629213483145,0.6434540389972145,0.7866400797607178,0.45108695652173914,0.43959813771134526,0.7585239852398524,0.6423439604849573,0.7803637786035595,0.6549707602339181,0.8058797127468582,0.5910931174089069,0.673053152039555,0.5615023474178403,0.4110032362459547,0.4315068493150685,0.2,0.8791322314049587,0.461322869955157,0.8413021363173957,0.512396694214876,0.42696629213483145,0.6434540389972145,0.7866400797607178,0.45108695652173914,0.43959813771134526,0.7585239852398524,0.6423439604849573,0.7803637786035595,0.6549707602339181,0.8058797127468582
154,0.6117,0.5608500000000001,0.5857793522267206,0.654202719406675,0.5819718309859155,0.37540453074433655,0.4349315068493151,0.19626168224299065,0.8786157024793388,0.4910313901345291,0.8471515768056969,0.512396694214876,0.4351378958120531,0.6211699164345403,0.792123629112662,0.42391304347826086,0.4192599852977211,0.7493726937269373,0.6421194431971262,0.8010952474085664,0.6374269005847953,0.7986983842010772,0.5857793522267206,0.654202719406675,0.5819718309859155,0.37540453074433655,0.4349315068493151,0.19626168224299065,0.8786157024793388,0.4910313901345291,0.8471515768056969,0.512396694214876,0.4351378958120531,0.6211699164345403,0.792123629112662,0.42391304347826086,0.4192599852977211,0.7493726937269373,0.6421194431971262,0.8010952474085664,0.6374269005847953,0.7986983842010772
155,0.6148,0.56259,0.5951417004048583,0.6674907292954264,0.5650704225352112,0.37216828478964403,0.4417808219178082,0.19626168224299065,0.8765495867768595,0.5022421524663677,0.8440996948118006,0.5454545454545454,0.4351378958120531,0.6350974930362117,0.7956131605184447,0.41847826086956524,0.41288899779465815,0.7409594095940959,0.6607543780871127,0.7887737140621944,0.672514619883041,0.8126122082585279,0.5951417004048583,0.6674907292954264,0.5650704225352112,0.37216828478964403,0.4417808219178082,0.19626168224299065,0.8765495867768595,0.5022421524663677,0.8440996948118006,0.5454545454545454,0.4351378958120531,0.6350974930362117,0.7956131605184447,0.41847826086956524,0.41288899779465815,0.7409594095940959,0.6607543780871127,0.7887737140621944,0.672514619883041,0.8126122082585279
156,0.6182,0.56308,0.5870445344129555,0.6486402966625463,0.5939906103286385,0.37216828478964403,0.4349315068493151,0.205607476635514,0.8770661157024794,0.4545964125560538,0.8453713123092573,0.5289256198347108,0.42696629213483145,0.6239554317548747,0.7981056829511466,0.41847826086956524,0.4202401372212693,0.7558671586715867,0.6463852716659183,0.7895560336397418,0.6432748538011696,0.8139587073608617,0.5870445344129555,0.6486402966625463,0.5939906103286385,0.37216828478964403,0.4349315068493151,0.205607476635514,0.8770661157024794,0.4545964125560538,0.8453713123092573,0.5289256198347108,0.42696629213483145,0.6239554317548747,0.7981056829511466,0.41847826086956524,0.4202401372212693,0.7558671586715867,0.6463852716659183,0.7895560336397418,0.6432748538011696,0.8139587073608617
157,0.6153,0.56471,0.5736336032388664,0.6585290482076638,0.5894835680751174,0.40129449838187703,0.4315068493150685,0.20186915887850468,0.8775826446280992,0.4960762331838565,0.8514750762970499,0.49586776859504134,0.42594484167517876,0.6016713091922006,0.7941176470588235,0.42934782608695654,0.4121538838519971,0.7476014760147601,0.663897620116749,0.8151769998044202,0.6491228070175439,0.8112657091561939,0.5736336032388664,0.6585290482076638,0.5894835680751174,0.40129449838187703,0.4315068493150685,0.20186915887850468,0.8775826446280992,0.4960762331838565,0.8514750762970499,0.49586776859504134,0.42594484167517876,0.6016713091922006,0.7941176470588235,0.42934782608695654,0.4121538838519971,0.7476014760147601,0.663897620116749,0.8151769998044202,0.6491228070175439,0.8112657091561939
158,0.6126,0.5638099999999999,0.5660425101214575,0.6396786155747837,0.5737089201877934,0.39158576051779936,0.4349315068493151,0.19065420560747665,0.8801652892561983,0.49327354260089684,0.8514750762970499,0.512396694214876,0.4157303370786517,0.6128133704735376,0.8125623130608175,0.43478260869565216,0.3959813771134526,0.7514391143911439,0.6674898967220476,0.8055935849794641,0.6549707602339181,0.7971274685816876,0.5660425101214575,0.6396786155747837,0.5737089201877934,0.39158576051779936,0.4349315068493151,0.19065420560747665,0.8801652892561983,0.49327354260089684,0.8514750762970499,0.512396694214876,0.4157303370786517,0.6128133704735376,0.8125623130608175,0.43478260869565216,0.3959813771134526,0.7514391143911439,0.6674898967220476,0.8055935849794641,0.6549707602339181,0.7971274685816876
159,0.6074,0.5597099999999999,0.6032388663967612,0.6779975278121138,0.5387793427230047,0.3818770226537217,0.4212328767123288,0.19439252336448598,0.8760330578512396,0.4551569506726457,0.8392675483214649,0.49586776859504134,0.4341164453524004,0.6239554317548747,0.8005982053838484,0.42391304347826086,0.4386179857877971,0.7409594095940959,0.6616524472384374,0.7983571288871504,0.6491228070175439,0.7917414721723519,0.6032388663967612,0.6779975278121138,0.5387793427230047,0.3818770226537217,0.4212328767123288,0.19439252336448598,0.8760330578512396,0.4551569506726457,0.8392675483214649,0.49586776859504134,0.4341164453524004,0.6239554317548747,0.8005982053838484,0.42391304347826086,0.4386179857877971,0.7409594095940959,0.6616524472384374,0.7983571288871504,0.6491228070175439,0.7917414721723519
160,0.6158,0.56406,0.5678137651821862,0.630716934487021,0.5861032863849766,0.36245954692556637,0.4349315068493151,0.20747663551401868,0.8765495867768595,0.4960762331838565,0.8463886063072228,0.5289256198347108,0.432073544433095,0.6323119777158774,0.8030907278165503,0.42391304347826086,0.39867679490321,0.766789667896679,0.6686124831612034,0.7985527087815373,0.6666666666666666,0.8162028725314183,0.5678137651821862,0.630716934487021,0.5861032863849766,0.36245954692556637,0.4349315068493151,0.20747663551401868,0.8765495867768595,0.4960762331838565,0.8463886063072228,0.5289256198347108,0.432073544433095,0.6323119777158774,0.8030907278165503,0.42391304347826086,0.39867679490321,0.766789667896679,0.6686124831612034,0.7985527087815373,0.6666666666666666,0.8162028725314183
161,0.6198,0.5652999999999999,0.6007085020242915,0.6702719406674907,0.5900469483568075,0.40129449838187703,0.4349315068493151,0.2130841121495327,0.8708677685950413,0.4725336322869955,0.832909460834181,0.48760330578512395,0.4616956077630235,0.6016713091922006,0.8120638085742772,0.44021739130434784,0.4462141631952953,0.7372693726937269,0.6742254153569824,0.7854488558576178,0.6491228070175439,0.796903052064632,0.6007085020242915,0.6702719406674907,0.5900469483568075,0.40129449838187703,0.4349315068493151,0.2130841121495327,0.8708677685950413,0.4725336322869955,0.832909460834181,0.48760330578512395,0.4616956077630235,0.6016713091922006,0.8120638085742772,0.44021739130434784,0.4462141631952953,0.7372693726937269,0.6742254153569824,0.7854488558576178,0.6491228070175439,0.796903052064632
162,0.6175,0.56499,0.5743927125506073,0.6356613102595797,0.5690140845070423,0.3786407766990291,0.4280821917808219,0.20934579439252338,0.8837809917355371,0.48318385650224216,0.8471515768056969,0.5206611570247934,0.4473953013278856,0.6267409470752089,0.7976071784646062,0.44021739130434784,0.405047782406273,0.7602952029520296,0.6533453075886844,0.8010952474085664,0.6491228070175439,0.803411131059246,0.5743927125506073,0.6356613102595797,0.5690140845070423,0.3786407766990291,0.4280821917808219,0.20934579439252338,0.8837809917355371,0.48318385650224216,0.8471515768056969,0.5206611570247934,0.4473953013278856,0.6267409470752089,0.7976071784646062,0.44021739130434784,0.405047782406273,0.7602952029520296,0.6533453075886844,0.8010952474085664,0.6491228070175439,0.803411131059246
163,0.6176,0.5633600000000001,0.6009615384615384,0.6644004944375772,0.5513615023474179,0.4077669902912621,0.4452054794520548,0.20373831775700935,0.8724173553719008,0.4758968609865471,0.8341810783316378,0.5041322314049587,0.45658835546475995,0.6350974930362117,0.8015952143569293,0.42391304347826086,0.4327370742465082,0.7548339483394834,0.6636731028289178,0.771562683356151,0.6432748538011696,0.7872531418312387,0.6009615384615384,0.6644004944375772,0.5513615023474179,0.4077669902912621,0.4452054794520548,0.20373831775700935,0.8724173553719008,0.4758968609865471,0.8341810783316378,0.5041322314049587,0.45658835546475995,0.6350974930362117,0.8015952143569293,0.42391304347826086,0.4327370742465082,0.7548339483394834,0.6636731028289178,0.771562683356151,0.6432748538011696,0.7872531418312387
164,0.6151,0.56437,0.5789473684210527,0.6495673671199012,0.5761502347417841,0.42718446601941745,0.4417808219178082,0.20186915887850468,0.8817148760330579,0.46524663677130046,0.8491861648016277,0.5041322314049587,0.4433094994892748,0.6183844011142061,0.8050847457627118,0.43478260869565216,0.437637833864249,0.7577859778597786,0.6621014818140997,0.7958145902601212,0.6549707602339181,0.8083482944344704,0.5789473684210527,0.6495673671199012,0.5761502347417841,0.42718446601941745,0.4417808219178082,0.20186915887850468,0.8817148760330579,0.46524663677130046,0.8491861648016277,0.5041322314049587,0.4433094994892748,0.6183844011142061,0.8050847457627118,0.43478260869565216,0.437637833864249,0.7577859778597786,0.6621014818140997,0.7958145902601212,0.6549707602339181,0.8083482944344704
165,0.6177,0.56334,0.5872975708502024,0.642150803461063,0.5590610328638498,0.3818770226537217,0.4486301369863014,0.20186915887850468,0.8817148760330579,0.4730941704035874,0.8410478128179044,0.48760330578512395,0.4371807967313585,0.6350974930362117,0.7996011964107677,0.44565217391304346,0.3901004655721637,0.7663468634686347,0.6681634485855411,0.7885781341678075,0.6549707602339181,0.8047576301615799,0.5872975708502024,0.642150803461063,0.5590610328638498,0.3818770226537217,0.4486301369863014,0.20186915887850468,0.8817148760330579,0.4730941704035874,0.8410478128179044,0.48760330578512395,0.4371807967313585,0.6350974930362117,0.7996011964107677,0.44565217391304346,0.3901004655721637,0.7663468634686347,0.6681634485855411,0.7885781341678075,0.6549707602339181,0.8047576301615799
166,0.6138,0.5619,0.5953947368421053,0.6560568603213844,0.5432863849765258,0.3818770226537217,0.4280821917808219,0.19813084112149532,0.8739669421487604,0.4820627802690583,0.8484231943031536,0.49586776859504134,0.4371807967313585,0.649025069637883,0.7926221335992024,0.42391304347826086,0.3974516049987748,0.7639852398523985,0.6519982038616974,0.7850576960688441,0.6023391812865497,0.8040843806104129,0.5953947368421053,0.6560568603213844,0.5432863849765258,0.3818770226537217,0.4280821917808219,0.19813084112149532,0.8739669421487604,0.4820627802690583,0.8484231943031536,0.49586776859504134,0.4371807967313585,0.649025069637883,0.7926221335992024,0.42391304347826086,0.3974516049987748,0.7639852398523985,0.6519982038616974,0.7850576960688441,0.6023391812865497,0.8040843806104129
167,0.618,0.56583,0.5754048582995951,0.661619283065513,0.5868544600938967,0.4110032362459547,0.4246575342465753,0.21682242990654205,0.8863636363636364,0.4624439461883408,0.8463886063072228,0.47107438016528924,0.4290091930541369,0.6128133704735376,0.8165503489531406,0.42391304347826086,0.40921342808135264,0.7591143911439114,0.6753480017961383,0.7983571288871504,0.6608187134502924,0.8117145421903053,0.5754048582995951,0.661619283065513,0.5868544600938967,0.4110032362459547,0.4246575342465753,0.21682242990654205,0.8863636363636364,0.4624439461883408,0.8463886063072228,0.47107438016528924,0.4290091930541369,0.6128133704735376,0.8165503489531406,0.42391304347826086,0.40921342808135264,0.7591143911439114,0.6753480017961383,0.7983571288871504,0.6608187134502924,0.8117145421903053
168,0.6175,0.56429,0.5888157894736842,0.6551297898640297,0.5594366197183098,0.39158576051779936,0.4349315068493151,0.20747663551401868,0.8915289256198347,0.4798206278026906,0.8474059003051883,0.48760330578512395,0.4330949948927477,0.6406685236768802,0.7891326021934197,0.42934782608695654,0.418279833374173,0.7626568265682657,0.6400987876066457,0.7868179151183259,0.6140350877192983,0.7906193895870736,0.5888157894736842,0.6551297898640297,0.5594366197183098,0.39158576051779936,0.4349315068493151,0.20747663551401868,0.8915289256198347,0.4798206278026906,0.8474059003051883,0.48760330578512395,0.4330949948927477,0.6406685236768802,0.7891326021934197,0.42934782608695654,0.418279833374173,0.7626568265682657,0.6400987876066457,0.7868179151183259,0.6140350877192983,0.7906193895870736
169,0.6158,0.56258,0.5915991902834008,0.6637824474660075,0.5753990610328639,0.4077669902912621,0.4280821917808219,0.20934579439252338,0.871900826446281,0.44786995515695066,0.8468972533062055,0.47107438016528924,0.44433094994892747,0.6323119777158774,0.8015952143569293,0.43478260869565216,0.42857142857142855,0.7498154981549815,0.6564885496183206,0.783884216702523,0.6432748538011696,0.822935368043088,0.5915991902834008,0.6637824474660075,0.5753990610328639,0.4077669902912621,0.4280821917808219,0.20934579439252338,0.871900826446281,0.44786995515695066,0.8468972533062055,0.47107438016528924,0.44433094994892747,0.6323119777158774,0.8015952143569293,0.43478260869565216,0.42857142857142855,0.7498154981549815,0.6564885496183206,0.783884216702523,0.6432748538011696,0.822935368043088
170,0.6126,0.5600999999999999,0.597419028340081,0.6640914709517923,0.5645070422535211,0.39805825242718446,0.4280821917808219,0.19626168224299065,0.8842975206611571,0.46580717488789236,0.8448626653102747,0.5041322314049587,0.424923391215526,0.637883008356546,0.7941176470588235,0.44565217391304346,0.4192599852977211,0.7477490774907749,0.647507858105074,0.794836690788187,0.6140350877192983,0.8038599640933572,0.597419028340081,0.6640914709517923,0.5645070422535211,0.39805825242718446,0.4280821917808219,0.19626168224299065,0.8842975206611571,0.46580717488789236,0.8448626653102747,0.5041322314049587,0.424923391215526,0.637883008356546,0.7941176470588235,0.44565217391304346,0.4192599852977211,0.7477490774907749,0.647507858105074,0.794836690788187,0.6140350877192983,0.8038599640933572
171,0.6172,0.56242,0.5936234817813765,0.6585290482076638,0.5924882629107981,0.39158576051779936,0.4280821917808219,0.20186915887850468,0.8651859504132231,0.4781390134529148,0.8461342828077314,0.5041322314049587,0.4279877425944842,0.6323119777158774,0.7831505483549352,0.44021739130434784,0.42661112472433227,0.7549815498154981,0.6506511001347104,0.7799726188147859,0.6374269005847953,0.7984739676840216,0.5936234817813765,0.6585290482076638,0.5924882629107981,0.39158576051779936,0.4280821917808219,0.20186915887850468,0.8651859504132231,0.4781390134529148,0.8461342828077314,0.5041322314049587,0.4279877425944842,0.6323119777158774,0.7831505483549352,0.44021739130434784,0.42661112472433227,0.7549815498154981,0.6506511001347104,0.7799726188147859,0.6374269005847953,0.7984739676840216
172,0.6184,0.56609,0.5743927125506073,0.6334981458590853,0.5507981220657276,0.37540453074433655,0.4417808219178082,0.20186915887850468,0.8605371900826446,0.4742152466367713,0.8499491353001017,0.5041322314049587,0.44228804902962204,0.6044568245125348,0.8010967098703888,0.44021739130434784,0.4025974025974026,0.7678228782287823,0.6876964526268523,0.789360453745355,0.672514619883041,0.8298922800718133,0.5743927125506073,0.6334981458590853,0.5507981220657276,0.37540453074433655,0.4417808219178082,0.20186915887850468,0.8605371900826446,0.4742152466367713,0.8499491353001017,0.5041322314049587,0.44228804902962204,0.6044568245125348,0.8010967098703888,0.44021739130434784,0.4025974025974026,0.7678228782287823,0.6876964526268523,0.789360453745355,0.672514619883041,0.8298922800718133
173,0.6199,0.56472,0.5878036437246964,0.6486402966625463,0.5907981220657277,0.4045307443365696,0.4452054794520548,0.205607476635514,0.878099173553719,0.4585201793721973,0.8413021363173957,0.47107438016528924,0.4484167517875383,0.6072423398328691,0.8045862412761715,0.43478260869565216,0.42489585885812303,0.7663468634686347,0.6769196228109564,0.7920985722667709,0.6608187134502924,0.8128366247755835,0.5878036437246964,0.6486402966625463,0.5907981220657277,0.4045307443365696,0.4452054794520548,0.205607476635514,0.878099173553719,0.4585201793721973,0.8413021363173957,0.47107438016528924,0.4484167517875383,0.6072423398328691,0.8045862412761715,0.43478260869565216,0.42489585885812303,0.7663468634686347,0.6769196228109564,0.7920985722667709,0.6608187134502924,0.8128366247755835
174,0.6201,0.56395,0.5711032388663968,0.6378244746600742,0.6323004694835681,0.3851132686084142,0.4280821917808219,0.20373831775700935,0.8827479338842975,0.4680493273542601,0.845116988809766,0.4628099173553719,0.42594484167517876,0.6323119777158774,0.7976071784646062,0.43478260869565216,0.3969615290370007,0.7735793357933579,0.6742254153569824,0.7985527087815373,0.6549707602339181,0.7906193895870736,0.5711032388663968,0.6378244746600742,0.6323004694835681,0.3851132686084142,0.4280821917808219,0.20373831775700935,0.8827479338842975,0.4680493273542601,0.845116988809766,0.4628099173553719,0.42594484167517876,0.6323119777158774,0.7976071784646062,0.43478260869565216,0.3969615290370007,0.7735793357933579,0.6742254153569824,0.7985527087815373,0.6549707602339181,0.7906193895870736
175,0.6103,0.56058,0.5721153846153846,0.6412237330037083,0.579718309859155,0.39158576051779936,0.4246575342465753,0.20186915887850468,0.8796487603305785,0.48094170403587444,0.853001017293998,0.48760330578512395,0.43820224719101125,0.6183844011142061,0.810568295114656,0.44565217391304346,0.4229355550110267,0.7536531365313653,0.6838796587337225,0.7985527087815373,0.695906432748538,0.8204667863554758,0.5721153846153846,0.6412237330037083,0.579718309859155,0.39158576051779936,0.4246575342465753,0.20186915887850468,0.8796487603305785,0.48094170403587444,0.853001017293998,0.48760330578512395,0.43820224719101125,0.6183844011142061,0.810568295114656,0.44565217391304346,0.4229355550110267,0.7536531365313653,0.6838796587337225,0.7985527087815373,0.695906432748538,0.8204667863554758
176,0.6176,0.5633600000000001,0.6012145748987854,0.6526576019777504,0.5701408450704225,0.37540453074433655,0.4280821917808219,0.20373831775700935,0.8801652892561983,0.45683856502242154,0.8351983723296033,0.48760330578512395,0.45556690500510727,0.6239554317548747,0.8115653040877367,0.43478260869565216,0.41533937760352857,0.7577859778597786,0.6843286933093848,0.7840797965969099,0.6608187134502924,0.8070017953321365,0.6012145748987854,0.6526576019777504,0.5701408450704225,0.37540453074433655,0.4280821917808219,0.20373831775700935,0.8801652892561983,0.45683856502242154,0.8351983723296033,0.48760330578512395,0.45556690500510727,0.6239554317548747,0.8115653040877367,0.43478260869565216,0.41533937760352857,0.7577859778597786,0.6843286933093848,0.7840797965969099,0.6608187134502924,0.8070017953321365
177,0.6098,0.55766,0.6072874493927125,0.6671817058096415,0.55981220657277,0.4077669902912621,0.4246575342465753,0.19626168224299065,0.8858471074380165,0.4562780269058296,0.8489318413021363,0.512396694214876,0.42390194075587334,0.6295264623955432,0.7776669990029911,0.45108695652173914,0.4523401127174712,0.7416974169741697,0.6320161652447238,0.782515157441815,0.6257309941520468,0.7933123877917415,0.6072874493927125,0.6671817058096415,0.55981220657277,0.4077669902912621,0.4246575342465753,0.19626168224299065,0.8858471074380165,0.4562780269058296,0.8489318413021363,0.512396694214876,0.42390194075587334,0.6295264623955432,0.7776669990029911,0.45108695652173914,0.4523401127174712,0.7416974169741697,0.6320161652447238,0.782515157441815,0.6257309941520468,0.7933123877917415
178,0.6132,0.56109,0.5736336032388664,0.6356613102595797,0.587981220657277,0.4077669902912621,0.4212328767123288,0.19626168224299065,0.8853305785123967,0.4702914798206278,0.8494404883011191,0.49586776859504134,0.42696629213483145,0.6350974930362117,0.7986041874376869,0.43478260869565216,0.4278363146287675,0.7622140221402214,0.6643466546924113,0.7909250929004499,0.6783625730994152,0.7998204667863554,0.5736336032388664,0.6356613102595797,0.587981220657277,0.4077669902912621,0.4212328767123288,0.19626168224299065,0.8853305785123967,0.4702914798206278,0.8494404883011191,0.49586776859504134,0.42696629213483145,0.6350974930362117,0.7986041874376869,0.43478260869565216,0.4278363146287675,0.7622140221402214,0.6643466546924113,0.7909250929004499,0.6783625730994152,0.7998204667863554
179,0.6086,0.56036,0.5857793522267206,0.6446229913473424,0.5376525821596244,0.36245954692556637,0.4178082191780822,0.19626168224299065,0.8801652892561983,0.4641255605381166,0.8560528992878942,0.5289256198347108,0.43615934627170583,0.6183844011142061,0.7871385842472582,0.43478260869565216,0.4138691497182063,0.753210332103321,0.6688370004490346,0.8007040876197927,0.6608187134502924,0.8184470377019749,0.5857793522267206,0.6446229913473424,0.5376525821596244,0.36245954692556637,0.4178082191780822,0.19626168224299065,0.8801652892561983,0.4641255605381166,0.8560528992878942,0.5289256198347108,0.43615934627170583,0.6183844011142061,0.7871385842472582,0.43478260869565216,0.4138691497182063,0.753210332103321,0.6688370004490346,0.8007040876197927,0.6608187134502924,0.8184470377019749
180,0.6243,0.5675399999999999,0.5969129554655871,0.6430778739184178,0.5885446009389671,0.3818770226537217,0.4246575342465753,0.20747663551401868,0.8755165289256198,0.46580717488789236,0.8446083418107834,0.49586776859504134,0.4637385086823289,0.6183844011142061,0.8135593220338984,0.45108695652173914,0.4261210487625582,0.7540959409594096,0.6908396946564885,0.7774300801877567,0.6608187134502924,0.7948833034111311,0.5969129554655871,0.6430778739184178,0.5885446009389671,0.3818770226537217,0.4246575342465753,0.20747663551401868,0.8755165289256198,0.46580717488789236,0.8446083418107834,0.49586776859504134,0.4637385086823289,0.6183844011142061,0.8135593220338984,0.45108695652173914,0.4261210487625582,0.7540959409594096,0.6908396946564885,0.7774300801877567,0.6608187134502924,0.7948833034111311
181,0.6145,0.5638500000000001,0.5991902834008097,0.6681087762669963,0.5765258215962441,0.41423948220064727,0.4178082191780822,0.19813084112149532,0.8796487603305785,0.4697309417040359,0.8418107833163785,0.47107438016528924,0.4290091930541369,0.5988857938718662,0.8020937188434696,0.41847826086956524,0.44155844155844154,0.7570479704797048,0.6820835204310732,0.7905339331116761,0.6666666666666666,0.802064631956912,0.5991902834008097,0.6681087762669963,0.5765258215962441,0.41423948220064727,0.4178082191780822,0.19813084112149532,0.8796487603305785,0.4697309417040359,0.8418107833163785,0.47107438016528924,0.4290091930541369,0.5988857938718662,0.8020937188434696,0.41847826086956524,0.44155844155844154,0.7570479704797048,0.6820835204310732,0.7905339331116761,0.6666666666666666,0.802064631956912
182,0.617,0.56292,0.6090587044534413,0.6603831891223733,0.571830985915493,0.4077669902912621,0.4178082191780822,0.21121495327102804,0.8822314049586777,0.461322869955157,0.8397761953204476,0.5041322314049587,0.44228804902962204,0.6267409470752089,0.8000997008973081,0.42934782608695654,0.437637833864249,0.7586715867158672,0.6603053435114504,0.7748875415607276,0.6549707602339181,0.8130610412926391,0.6090587044534413,0.6603831891223733,0.571830985915493,0.4077669902912621,0.4178082191780822,0.21121495327102804,0.8822314049586777,0.461322869955157,0.8397761953204476,0.5041322314049587,0.44228804902962204,0.6267409470752089,0.8000997008973081,0.42934782608695654,0.437637833864249,0.7586715867158672,0.6603053435114504,0.7748875415607276,0.6549707602339181,0.8130610412926391
183,0.6085,0.5589999999999999,0.6017206477732794,0.6613102595797281,0.5496713615023474,0.4174757281553398,0.4246575342465753,0.19813084112149532,0.8832644628099173,0.4445067264573991,0.8468972533062055,0.5289256198347108,0.4290091930541369,0.6100278551532033,0.7976071784646062,0.45108695652173914,0.4462141631952953,0.7483394833948339,0.6587337224966322,0.7868179151183259,0.6257309941520468,0.8159784560143627,0.6017206477732794,0.6613102595797281,0.5496713615023474,0.4174757281553398,0.4246575342465753,0.19813084112149532,0.8832644628099173,0.4445067264573991,0.8468972533062055,0.5289256198347108,0.4290091930541369,0.6100278551532033,0.7976071784646062,0.45108695652173914,0.4462141631952953,0.7483394833948339,0.6587337224966322,0.7868179151183259,0.6257309941520468,0.8159784560143627
184,0.6183,0.5638099999999999,0.583248987854251,0.6433868974042027,0.5862910798122066,0.3948220064724919,0.4280821917808219,0.20373831775700935,0.8951446280991735,0.4725336322869955,0.8461342828077314,0.47107438016528924,0.43820224719101125,0.6267409470752089,0.8055832502492523,0.44565217391304346,0.4109286939475619,0.7589667896678967,0.655590480466996,0.7962057500488949,0.631578947368421,0.8137342908438061,0.583248987854251,0.6433868974042027,0.5862910798122066,0.3948220064724919,0.4280821917808219,0.20373831775700935,0.8951446280991735,0.4725336322869955,0.8461342828077314,0.47107438016528924,0.43820224719101125,0.6267409470752089,0.8055832502492523,0.44565217391304346,0.4109286939475619,0.7589667896678967,0.655590480466996,0.7962057500488949,0.631578947368421,0.8137342908438061
185,0.6215,0.5659799999999999,0.5855263157894737,0.6523485784919654,0.5874178403755869,0.3786407766990291,0.4349315068493151,0.20373831775700935,0.881198347107438,0.4792600896860987,0.8463886063072228,0.5206611570247934,0.43003064351378956,0.6100278551532033,0.7901296111665005,0.44021739130434784,0.40357755452095073,0.767380073800738,0.665244723843736,0.7969880696264424,0.631578947368421,0.8168761220825853,0.5855263157894737,0.6523485784919654,0.5874178403755869,0.3786407766990291,0.4349315068493151,0.20373831775700935,0.881198347107438,0.4792600896860987,0.8463886063072228,0.5206611570247934,0.43003064351378956,0.6100278551532033,0.7901296111665005,0.44021739130434784,0.40357755452095073,0.767380073800738,0.665244723843736,0.7969880696264424,0.631578947368421,0.8168761220825853
186,0.6255,0.5658299999999999,0.6057692307692307,0.6501854140914709,0.60018779342723,0.42071197411003236,0.4349315068493151,0.21682242990654205,0.8827479338842975,0.45067264573991034,0.8349440488301119,0.4462809917355372,0.4576098059244127,0.6295264623955432,0.8150548354935194,0.46195652173913043,0.43028669443763784,0.7574907749077491,0.6731028289178267,0.7653041267357715,0.6549707602339181,0.8184470377019749,0.6057692307692307,0.6501854140914709,0.60018779342723,0.42071197411003236,0.4349315068493151,0.21682242990654205,0.8827479338842975,0.45067264573991034,0.8349440488301119,0.4462809917355372,0.4576098059244127,0.6295264623955432,0.8150548354935194,0.46195652173913043,0.43028669443763784,0.7574907749077491,0.6731028289178267,0.7653041267357715,0.6549707602339181,0.8184470377019749
187,0.6127,0.56101,0.5723684210526315,0.6517305315203955,0.5772769953051643,0.3818770226537217,0.4280821917808219,0.2130841121495327,0.8889462809917356,0.49887892376681614,0.840030518819939,0.4628099173553719,0.4463738508682329,0.6183844011142061,0.8200398803589233,0.42934782608695654,0.4006370987503063,0.7613284132841328,0.6852267624607095,0.8020731468805007,0.6491228070175439,0.8000448833034112,0.5723684210526315,0.6517305315203955,0.5772769953051643,0.3818770226537217,0.4280821917808219,0.2130841121495327,0.8889462809917356,0.49887892376681614,0.840030518819939,0.4628099173553719,0.4463738508682329,0.6183844011142061,0.8200398803589233,0.42934782608695654,0.4006370987503063,0.7613284132841328,0.6852267624607095,0.8020731468805007,0.6491228070175439,0.8000448833034112
188,0.6044,0.55801,0.5915991902834008,0.6696538936959209,0.5669483568075118,0.4336569579288026,0.4280821917808219,0.20373831775700935,0.8817148760330579,0.4641255605381166,0.8540183112919634,0.4793388429752066,0.4177732379979571,0.6072423398328691,0.7966101694915254,0.44565217391304346,0.47414849301641754,0.7310701107011071,0.6414458913336327,0.8093096029728144,0.6549707602339181,0.8197935368043088,0.5915991902834008,0.6696538936959209,0.5669483568075118,0.4336569579288026,0.4280821917808219,0.20373831775700935,0.8817148760330579,0.4641255605381166,0.8540183112919634,0.4793388429752066,0.4177732379979571,0.6072423398328691,0.7966101694915254,0.44565217391304346,0.47414849301641754,0.7310701107011071,0.6414458913336327,0.8093096029728144,0.6549707602339181,0.8197935368043088
189,0.6225,0.56418,0.5941295546558705,0.6477132262051916,0.5943661971830986,0.42071197411003236,0.4349315068493151,0.21682242990654205,0.8842975206611571,0.4663677130044843,0.8367243133265514,0.4462809917355372,0.44126659856996936,0.6350974930362117,0.8070787637088733,0.44021739130434784,0.4261210487625582,0.7713653136531365,0.6737763807813202,0.7829063172305887,0.6783625730994152,0.8045332136445242,0.5941295546558705,0.6477132262051916,0.5943661971830986,0.42071197411003236,0.4349315068493151,0.21682242990654205,0.8842975206611571,0.4663677130044843,0.8367243133265514,0.4462809917355372,0.44126659856996936,0.6350974930362117,0.8070787637088733,0.44021739130434784,0.4261210487625582,0.7713653136531365,0.6737763807813202,0.7829063172305887,0.6783625730994152,0.8045332136445242
190,0.6117,0.5607300000000001,0.5850202429149798,0.6600741656365884,0.6082629107981221,0.4401294498381877,0.4417808219178082,0.20747663551401868,0.8848140495867769,0.46580717488789236,0.8563072227873856,0.45454545454545453,0.42288049029622066,0.6183844011142061,0.8115653040877367,0.42934782608695654,0.4405782896348934,0.748929889298893,0.6681634485855411,0.8087228632896538,0.6198830409356725,0.7912926391382405,0.5850202429149798,0.6600741656365884,0.6082629107981221,0.4401294498381877,0.4417808219178082,0.20747663551401868,0.8848140495867769,0.46580717488789236,0.8563072227873856,0.45454545454545453,0.42288049029622066,0.6183844011142061,0.8115653040877367,0.42934782608695654,0.4405782896348934,0.748929889298893,0.6681634485855411,0.8087228632896538,0.6198830409356725,0.7912926391382405
191,0.618,0.56279,0.582995951417004,0.6548207663782447,0.6137089201877934,0.3948220064724919,0.4452054794520548,0.20934579439252338,0.8863636363636364,0.4702914798206278,0.8519837232960326,0.4628099173553719,0.44228804902962204,0.6434540389972145,0.7986041874376869,0.44565217391304346,0.4207302131830434,0.76,0.6672653794342165,0.7971836495208292,0.6432748538011696,0.7980251346499102,0.582995951417004,0.6548207663782447,0.6137089201877934,0.3948220064724919,0.4452054794520548,0.20934579439252338,0.8863636363636364,0.4702914798206278,0.8519837232960326,0.4628099173553719,0.44228804902962204,0.6434540389972145,0.7986041874376869,0.44565217391304346,0.4207302131830434,0.76,0.6672653794342165,0.7971836495208292,0.6432748538011696,0.7980251346499102
192,0.6047,0.5601200000000001,0.5640182186234818,0.6446229913473424,0.5631924882629108,0.42718446601941745,0.4212328767123288,0.19813084112149532,0.8817148760330579,0.4786995515695067,0.8555442522889115,0.49586776859504134,0.41266598569969354,0.6155988857938719,0.8085742771684945,0.44021739130434784,0.44547904925263415,0.76,0.6672653794342165,0.8145902601212596,0.6432748538011696,0.7870287253141831,0.5640182186234818,0.6446229913473424,0.5631924882629108,0.42718446601941745,0.4212328767123288,0.19813084112149532,0.8817148760330579,0.4786995515695067,0.8555442522889115,0.49586776859504134,0.41266598569969354,0.6155988857938719,0.8085742771684945,0.44021739130434784,0.44547904925263415,0.76,0.6672653794342165,0.8145902601212596,0.6432748538011696,0.7870287253141831
193,0.6209,0.56649,0.5938765182186235,0.6600741656365884,0.5753990610328639,0.4174757281553398,0.4280821917808219,0.2130841121495327,0.8744834710743802,0.4501121076233184,0.8387589013224822,0.49586776859504134,0.4484167517875383,0.6100278551532033,0.8285144566301097,0.42934782608695654,0.4533202646410194,0.7567527675276753,0.6991468343062416,0.7848621161744572,0.6374269005847953,0.8135098743267505,0.5938765182186235,0.6600741656365884,0.5753990610328639,0.4174757281553398,0.4280821917808219,0.2130841121495327,0.8744834710743802,0.4501121076233184,0.8387589013224822,0.49586776859504134,0.4484167517875383,0.6100278551532033,0.8285144566301097,0.42934782608695654,0.4533202646410194,0.7567527675276753,0.6991468343062416,0.7848621161744572,0.6374269005847953,0.8135098743267505
194,0.6109,0.56152,0.5759109311740891,0.6554388133498146,0.5729577464788732,0.3883495145631068,0.4349315068493151,0.205607476635514,0.8791322314049587,0.4624439461883408,0.8502034587995931,0.4793388429752066,0.4279877425944842,0.596100278551532,0.7996011964107677,0.44021739130434784,0.4295515804949767,0.745830258302583,0.6706331387516838,0.8075493839233326,0.6549707602339181,0.8016157989228008,0.5759109311740891,0.6554388133498146,0.5729577464788732,0.3883495145631068,0.4349315068493151,0.205607476635514,0.8791322314049587,0.4624439461883408,0.8502034587995931,0.4793388429752066,0.4279877425944842,0.596100278551532,0.7996011964107677,0.44021739130434784,0.4295515804949767,0.745830258302583,0.6706331387516838,0.8075493839233326,0.6549707602339181,0.8016157989228008
195,0.6282,0.56706,0.6133603238866396,0.669035846724351,0.5973708920187794,0.39158576051779936,0.4315068493150685,0.21121495327102804,0.8770661157024794,0.47085201793721976,0.832909460834181,0.4793388429752066,0.46578140960163433,0.637883008356546,0.8220338983050848,0.44021739130434784,0.4280813526096545,0.7579335793357933,0.6854512797485406,0.7758654410326619,0.6608187134502924,0.8009425493716338,0.6133603238866396,0.669035846724351,0.5973708920187794,0.39158576051779936,0.4315068493150685,0.21121495327102804,0.8770661157024794,0.47085201793721976,0.832909460834181,0.4793388429752066,0.46578140960163433,0.637883008356546,0.8220338983050848,0.44021739130434784,0.4280813526096545,0.7579335793357933,0.6854512797485406,0.7758654410326619,0.6608187134502924,0.8009425493716338
196,0.611,0.56093,0.5784412955465587,0.6486402966625463,0.5887323943661972,0.42718446601941745,0.4315068493150685,0.20747663551401868,0.8842975206611571,0.46524663677130046,0.8619023397761953,0.47107438016528924,0.4330949948927477,0.6295264623955432,0.8100697906281157,0.41304347826086957,0.44596912521440824,0.7443542435424354,0.6587337224966322,0.8073538040289459,0.6432748538011696,0.8213644524236984,0.5784412955465587,0.6486402966625463,0.5887323943661972,0.42718446601941745,0.4315068493150685,0.20747663551401868,0.8842975206611571,0.46524663677130046,0.8619023397761953,0.47107438016528924,0.4330949948927477,0.6295264623955432,0.8100697906281157,0.41304347826086957,0.44596912521440824,0.7443542435424354,0.6587337224966322,0.8073538040289459,0.6432748538011696,0.8213644524236984
197,0.6261,0.5653699999999999,0.6232287449392713,0.677070457354759,0.5624413145539906,0.3883495145631068,0.4349315068493151,0.21869158878504674,0.8853305785123967,0.4501121076233184,0.8313835198372329,0.47107438016528924,0.45454545454545453,0.649025069637883,0.8135593220338984,0.41304347826086957,0.41950502327860817,0.7725461254612546,0.6825325550067355,0.7699980442010561,0.6432748538011696,0.7993716337522442,0.6232287449392713,0.677070457354759,0.5624413145539906,0.3883495145631068,0.4349315068493151,0.21869158878504674,0.8853305785123967,0.4501121076233184,0.8313835198372329,0.47107438016528924,0.45454545454545453,0.649025069637883,0.8135593220338984,0.41304347826086957,0.41950502327860817,0.7725461254612546,0.6825325550067355,0.7699980442010561,0.6432748538011696,0.7993716337522442
198,0.6135,0.56052,0.5991902834008097,0.669035846724351,0.592112676056338,0.4401294498381877,0.4280821917808219,0.22242990654205608,0.8837809917355371,0.4702914798206278,0.8527466937945066,0.49586776859504134,0.424923391215526,0.596100278551532,0.7956131605184447,0.43478260869565216,0.450624846851262,0.7492250922509225,0.6452626852267624,0.8083317035008801,0.631578947368421,0.8009425493716338,0.5991902834008097,0.669035846724351,0.592112676056338,0.4401294498381877,0.4280821917808219,0.22242990654205608,0.8837809917355371,0.4702914798206278,0.8527466937945066,0.49586776859504134,0.424923391215526,0.596100278551532,0.7956131605184447,0.43478260869565216,0.450624846851262,0.7492250922509225,0.6452626852267624,0.8083317035008801,0.631578947368421,0.8009425493716338
199,0.6251,0.5639700000000001,0.5741396761133604,0.6242274412855378,0.6274178403755869,0.37540453074433655,0.4315068493150685,0.22429906542056074,0.8894628099173554,0.4736547085201794,0.845116988809766,0.48760330578512395,0.43003064351378956,0.6434540389972145,0.8120638085742772,0.43478260869565216,0.38961038961038963,0.7781549815498155,0.6661427929950606,0.7915118325836104,0.6491228070175439,0.8016157989228008,0.5741396761133604,0.6242274412855378,0.6274178403755869,0.37540453074433655,0.4315068493150685,0.22429906542056074,0.8894628099173554,0.4736547085201794,0.845116988809766,0.48760330578512395,0.43003064351378956,0.6434540389972145,0.8120638085742772,0.43478260869565216,0.38961038961038963,0.7781549815498155,0.6661427929950606,0.7915118325836104,0.6491228070175439,0.8016157989228008
