round,global_acc,per_client_gen_acc,local_c00,local_c01,local_c02,local_c03,local_c04,local_c05,local_c06,local_c07,local_c08,local_c09,local_c10,local_c11,local_c12,local_c13,local_c14,local_c15,local_c16,local_c17,local_c18,local_c19,hybrid_c00,hybrid_c01,hybrid_c02,hybrid_c03,hybrid_c04,hybrid_c05,hybrid_c06,hybrid_c07,hybrid_c08,hybrid_c09,hybrid_c10,hybrid_c11,hybrid_c12,hybrid_c13,hybrid_c14,hybrid_c15,hybrid_c16,hybrid_c17,hybrid_c18,hybrid_c19
0,0.2132,0.2132,0.38864740475581694,0.17895711200246836,0.0028169014084507044,0.03559870550161812,0.010691823899371069,0.03143712574850299,0.6021276595744681,0.27884022208513265,0.5126130414088529,0.0625,0.09861278648974668,0.611731843575419,0.2922374429223744,0.08661417322834646,0.033351862145636464,0.21485514291269686,0.007407407407407408,0.6510854684138471,0.049723756906077346,0.07793180966654177,0.38864740475581694,0.17895711200246836,0.0028169014084507044,0.03559870550161812,0.010691823899371069,0.03143712574850299,0.6021276595744681,0.27884022208513265,0.5126130414088529,0.0625,0.09861278648974668,0.611731843575419,0.2922374429223744,0.08661417322834646,0.033351862145636464,0.21485514291269686,0.007407407407407408,0.6510854684138471,0.049723756906077346,0.07793180966654177
1,0.2316,0.2316,0.4564050115060087,0.25300833076211043,0.048450704225352116,0.042071197411003236,0.022641509433962263,0.04640718562874251,0.5063829787234042,0.28439235040098704,0.4892908138981437,0.07589285714285714,0.11489746682750301,0.5307262569832403,0.21714865550481988,0.09448818897637795,0.03474152306837132,0.1545790394711258,0.0186307519640853,0.7621748484255818,0.06077348066298342,0.10415886099662795,0.4564050115060087,0.25300833076211043,0.048450704225352116,0.042071197411003236,0.022641509433962263,0.04640718562874251,0.5063829787234042,0.28439235040098704,0.4892908138981437,0.07589285714285714,0.11489746682750301,0.5307262569832403,0.21714865550481988,0.09448818897637795,0.03474152306837132,0.1545790394711258,0.0186307519640853,0.7621748484255818,0.06077348066298342,0.10415886099662795
2,0.3137,0.3137,0.4679110201994375,0.289108299907436,0.24957746478873238,0.05177993527508091,0.11257861635220126,0.1377245508982036,0.5709219858156028,0.2640345465761875,0.5107091861018562,0.14285714285714285,0.201145958986731,0.5335195530726257,0.3470319634703196,0.15748031496062992,0.032518065591995556,0.28115885669842505,0.18810325476992143,0.7533737531781732,0.2430939226519337,0.2229299363057325,0.4679110201994375,0.289108299907436,0.24957746478873238,0.05177993527508091,0.11257861635220126,0.1377245508982036,0.5709219858156028,0.2640345465761875,0.5107091861018562,0.14285714285714285,0.201145958986731,0.5335195530726257,0.3470319634703196,0.15748031496062992,0.032518065591995556,0.28115885669842505,0.18810325476992143,0.7533737531781732,0.2430939226519337,0.2229299363057325
3,0.3533,0.3533,0.48734339043722835,0.302684356680037,0.25220657276995306,0.08090614886731391,0.1949685534591195,0.17365269461077845,0.6106382978723405,0.2782233189389266,0.5663969538315088,0.1875,0.2985524728588661,0.6201117318435754,0.4165398274987316,0.2047244094488189,0.03529738743746526,0.2821310519152246,0.2691358024691358,0.7680422452571876,0.281767955801105,0.2946796553016111,0.48734339043722835,0.302684356680037,0.25220657276995306,0.08090614886731391,0.1949685534591195,0.17365269461077845,0.6106382978723405,0.2782233189389266,0.5663969538315088,0.1875,0.2985524728588661,0.6201117318435754,0.4165398274987316,0.2047244094488189,0.03529738743746526,0.2821310519152246,0.2691358024691358,0.7680422452571876,0.281767955801105,0.2946796553016111
4,0.4051,0.4051,0.5019176681155715,0.3452638074668312,0.38948356807511736,0.08090614886731391,0.24528301886792453,0.25449101796407186,0.7028368794326241,0.28315854410857494,0.5887672536887196,0.2544642857142857,0.32720144752714114,0.659217877094972,0.49365804160324706,0.25984251968503935,0.03640911617565314,0.45459848337546177,0.3351290684624018,0.7471151965577939,0.3425414364640884,0.30123641813413266,0.5019176681155715,0.3452638074668312,0.38948356807511736,0.08090614886731391,0.24528301886792453,0.25449101796407186,0.7028368794326241,0.28315854410857494,0.5887672536887196,0.2544642857142857,0.32720144752714114,0.659217877094972,0.49365804160324706,0.25984251968503935,0.03640911617565314,0.45459848337546177,0.3351290684624018,0.7471151965577939,0.3425414364640884,0.30123641813413266
5,0.4484,0.4484,0.5448734339043723,0.40851589015735884,0.451830985915493,0.15857605177993528,0.3522012578616352,0.33532934131736525,0.6475177304964539,0.3016656384947563,0.601142313184198,0.32589285714285715,0.42430639324487335,0.6508379888268156,0.5291730086250634,0.3464566929133858,0.06948304613674264,0.3844059887225355,0.4208754208754209,0.7545472325444944,0.4696132596685083,0.4010865492693893,0.5448734339043723,0.40851589015735884,0.451830985915493,0.15857605177993528,0.3522012578616352,0.33532934131736525,0.6475177304964539,0.3016656384947563,0.601142313184198,0.32589285714285715,0.42430639324487335,0.6508379888268156,0.5291730086250634,0.3464566929133858,0.06948304613674264,0.3844059887225355,0.4208754208754209,0.7545472325444944,0.4696132596685083,0.4010865492693893
6,0.4712,0.4712,0.5827154180516492,0.4507867941993212,0.5036619718309859,0.19093851132686085,0.37484276729559746,0.35179640718562877,0.6921985815602837,0.35780382479950645,0.6035221323179438,0.36607142857142855,0.43154402895054284,0.6983240223463687,0.5276509386098427,0.3464566929133858,0.1303501945525292,0.44565428738090607,0.42424242424242425,0.7809505182867201,0.430939226519337,0.3491944548520045,0.5827154180516492,0.4507867941993212,0.5036619718309859,0.19093851132686085,0.37484276729559746,0.35179640718562877,0.6921985815602837,0.35780382479950645,0.6035221323179438,0.36607142857142855,0.43154402895054284,0.6983240223463687,0.5276509386098427,0.3464566929133858,0.1303501945525292,0.44565428738090607,0.42424242424242425,0.7809505182867201,0.430939226519337,0.3491944548520045
7,0.4999,0.4999,0.5845052416261826,0.4594261030546128,0.5590610328638498,0.23624595469255663,0.41132075471698115,0.3847305389221557,0.7226950354609929,0.3942011104256632,0.6178010471204188,0.41517857142857145,0.4517490952955368,0.7206703910614525,0.5570776255707762,0.3858267716535433,0.19205113952195665,0.4899863892669648,0.4332210998877666,0.7795814590260122,0.4696132596685083,0.370738104158861,0.5845052416261826,0.4594261030546128,0.5590610328638498,0.23624595469255663,0.41132075471698115,0.3847305389221557,0.7226950354609929,0.3942011104256632,0.6178010471204188,0.41517857142857145,0.4517490952955368,0.7206703910614525,0.5570776255707762,0.3858267716535433,0.19205113952195665,0.4899863892669648,0.4332210998877666,0.7795814590260122,0.4696132596685083,0.370738104158861
8,0.5149,0.5149,0.615187931475326,0.5023141005862388,0.5468544600938967,0.2912621359223301,0.4345911949685535,0.42664670658682635,0.699290780141844,0.41270820481184456,0.6201808662541647,0.4642857142857143,0.4930639324487334,0.7011173184357542,0.5758498224251649,0.3700787401574803,0.20817120622568094,0.4699591678008944,0.5019079685746353,0.7819284177586544,0.5193370165745856,0.38235294117647056,0.615187931475326,0.5023141005862388,0.5468544600938967,0.2912621359223301,0.4345911949685535,0.42664670658682635,0.699290780141844,0.41270820481184456,0.6201808662541647,0.4642857142857143,0.4930639324487334,0.7011173184357542,0.5758498224251649,0.3700787401574803,0.20817120622568094,0.4699591678008944,0.5019079685746353,0.7819284177586544,0.5193370165745856,0.38235294117647056
9,0.5384,0.5384,0.6006136537969828,0.4905893242826288,0.6092018779342723,0.3948220064724919,0.5056603773584906,0.4161676646706587,0.6836879432624113,0.4873534855027761,0.6220847215611613,0.5491071428571429,0.554583835946924,0.6731843575418994,0.5849822425164891,0.3464566929133858,0.3193440800444691,0.4289325296519541,0.5198653198653199,0.7787991394484647,0.5138121546961326,0.4454852004496066,0.6006136537969828,0.4905893242826288,0.6092018779342723,0.3948220064724919,0.5056603773584906,0.4161676646706587,0.6836879432624113,0.4873534855027761,0.6220847215611613,0.5491071428571429,0.554583835946924,0.6731843575418994,0.5849822425164891,0.3464566929133858,0.3193440800444691,0.4289325296519541,0.5198653198653199,0.7787991394484647,0.5138121546961326,0.4454852004496066
10,0.5493,0.5493,0.6251598056762976,0.5199012650416538,0.6097652582159624,0.35275080906148865,0.4987421383647799,0.45808383233532934,0.7049645390070922,0.4571252313386798,0.6358876725368872,0.53125,0.5639324487334137,0.7011173184357542,0.6128868594622019,0.3937007874015748,0.2748749305169539,0.47151468014777365,0.547699214365881,0.7979659690983767,0.5359116022099447,0.44342450355938556,0.6251598056762976,0.5199012650416538,0.6097652582159624,0.35275080906148865,0.4987421383647799,0.45808383233532934,0.7049645390070922,0.4571252313386798,0.6358876725368872,0.53125,0.5639324487334137,0.7011173184357542,0.6128868594622019,0.3937007874015748,0.2748749305169539,0.47151468014777365,0.547699214365881,0.7979659690983767,0.5359116022099447,0.44342450355938556
11,0.56,0.56,0.6356430580414216,0.5211354520209812,0.6125821596244131,0.42071197411003236,0.5150943396226415,0.4805389221556886,0.7425531914893617,0.49784083898827886,0.6601618277010948,0.5669642857142857,0.5765983112183354,0.7430167597765364,0.6341958396752917,0.3937007874015748,0.3321289605336298,0.47093136301769395,0.5445566778900113,0.8042245257187561,0.5248618784530387,0.46234544773323344,0.6356430580414216,0.5211354520209812,0.6125821596244131,0.42071197411003236,0.5150943396226415,0.4805389221556886,0.7425531914893617,0.49784083898827886,0.6601618277010948,0.5669642857142857,0.5765983112183354,0.7430167597765364,0.6341958396752917,0.3937007874015748,0.3321289605336298,0.47093136301769395,0.5445566778900113,0.8042245257187561,0.5248618784530387,0.46234544773323344
12,0.5761,0.5761,0.655842495525441,0.5581610614008022,0.6264788732394366,0.44660194174757284,0.5320754716981132,0.49101796407185627,0.7226950354609929,0.5052436767427514,0.6501665873393622,0.5535714285714286,0.5943908323281062,0.723463687150838,0.6458650431253171,0.44881889763779526,0.3479710950528071,0.4794866809255299,0.5723905723905723,0.8040289458243692,0.56353591160221,0.47358561258898463,0.655842495525441,0.5581610614008022,0.6264788732394366,0.44660194174757284,0.5320754716981132,0.49101796407185627,0.7226950354609929,0.5052436767427514,0.6501665873393622,0.5535714285714286,0.5943908323281062,0.723463687150838,0.6458650431253171,0.44881889763779526,0.3479710950528071,0.4794866809255299,0.5723905723905723,0.8040289458243692,0.56353591160221,0.47358561258898463
13,0.5704,0.5704,0.6241370493479929,0.4998457266275841,0.6105164319248826,0.4077669902912621,0.5522012578616352,0.47604790419161674,0.7177304964539007,0.4824182603331277,0.6853879105188005,0.59375,0.6182147165259348,0.7206703910614525,0.6605783866057838,0.3779527559055118,0.3023902167871039,0.4551818005055415,0.6089786756453424,0.8202620770584784,0.569060773480663,0.5176095916073435,0.6241370493479929,0.4998457266275841,0.6105164319248826,0.4077669902912621,0.5522012578616352,0.47604790419161674,0.7177304964539007,0.4824182603331277,0.6853879105188005,0.59375,0.6182147165259348,0.7206703910614525,0.6605783866057838,0.3779527559055118,0.3023902167871039,0.4551818005055415,0.6089786756453424,0.8202620770584784,0.569060773480663,0.5176095916073435
14,0.593,0.593,0.6678598823830223,0.564640543042271,0.6507042253521127,0.44336569579288027,0.580503144654088,0.5254491017964071,0.7560283687943262,0.4984577421344849,0.6715849595430747,0.6071428571428571,0.6360072376357057,0.7486033519553073,0.6661593099949265,0.4566929133858268,0.339911061700945,0.4855142912696869,0.5887766554433221,0.8149814199100333,0.5911602209944752,0.5033720494567253,0.6678598823830223,0.564640543042271,0.6507042253521127,0.44336569579288027,0.580503144654088,0.5254491017964071,0.7560283687943262,0.4984577421344849,0.6715849595430747,0.6071428571428571,0.6360072376357057,0.7486033519553073,0.6661593099949265,0.4566929133858268,0.339911061700945,0.4855142912696869,0.5887766554433221,0.8149814199100333,0.5911602209944752,0.5033720494567253
15,0.5921,0.5921,0.6560981846075172,0.5418080839247146,0.6084507042253521,0.49514563106796117,0.5911949685534591,0.49850299401197606,0.7333333333333333,0.5416409623689081,0.694907187053784,0.59375,0.6411338962605548,0.729050279329609,0.665144596651446,0.4645669291338583,0.38632573652028906,0.44643204355434574,0.5993265993265994,0.8282808527283395,0.574585635359116,0.5445859872611465,0.6560981846075172,0.5418080839247146,0.6084507042253521,0.49514563106796117,0.5911949685534591,0.49850299401197606,0.7333333333333333,0.5416409623689081,0.694907187053784,0.59375,0.6411338962605548,0.729050279329609,0.665144596651446,0.4645669291338583,0.38632573652028906,0.44643204355434574,0.5993265993265994,0.8282808527283395,0.574585635359116,0.5445859872611465
16,0.602,0.602,0.667604193300946,0.5708114779389077,0.6454460093896713,0.47896440129449835,0.5861635220125786,0.5104790419161677,0.7439716312056738,0.5428747686613201,0.6977629700142789,0.6205357142857143,0.6366103739445115,0.7541899441340782,0.6529680365296804,0.4566929133858268,0.4018899388549194,0.4668481431071359,0.5968574635241302,0.8312145511441423,0.574585635359116,0.5657549644061446,0.667604193300946,0.5708114779389077,0.6454460093896713,0.47896440129449835,0.5861635220125786,0.5104790419161677,0.7439716312056738,0.5428747686613201,0.6977629700142789,0.6205357142857143,0.6366103739445115,0.7541899441340782,0.6529680365296804,0.4566929133858268,0.4018899388549194,0.4668481431071359,0.5968574635241302,0.8312145511441423,0.574585635359116,0.5657549644061446
17,0.6112,0.6112,0.6944515469189466,0.5988892317186054,0.6617840375586854,0.49838187702265374,0.6157232704402515,0.5464071856287425,0.7567375886524823,0.5317705120296113,0.6910994764397905,0.6383928571428571,0.6592279855247286,0.7569832402234636,0.6742770167427702,0.5039370078740157,0.4030016675931073,0.4952362434376823,0.6166105499438833,0.8243692548406024,0.6187845303867403,0.5545147995503934,0.6944515469189466,0.5988892317186054,0.6617840375586854,0.49838187702265374,0.6157232704402515,0.5464071856287425,0.7567375886524823,0.5317705120296113,0.6910994764397905,0.6383928571428571,0.6592279855247286,0.7569832402234636,0.6742770167427702,0.5039370078740157,0.4030016675931073,0.4952362434376823,0.6166105499438833,0.8243692548406024,0.6187845303867403,0.5545147995503934
18,0.619,0.619,0.6906162106878037,0.5967294045047825,0.6638497652582159,0.517799352750809,0.6012578616352201,0.5419161676646707,0.7631205673758865,0.5681677976557681,0.7006187529747739,0.6339285714285714,0.6586248492159228,0.7653631284916201,0.6960933536276002,0.5039370078740157,0.4499722067815453,0.47773672953529067,0.6359147025813693,0.830432231566595,0.6243093922651933,0.5582615211689771,0.6906162106878037,0.5967294045047825,0.6638497652582159,0.517799352750809,0.6012578616352201,0.5419161676646707,0.7631205673758865,0.5681677976557681,0.7006187529747739,0.6339285714285714,0.6586248492159228,0.7653631284916201,0.6960933536276002,0.5039370078740157,0.4499722067815453,0.47773672953529067,0.6359147025813693,0.830432231566595,0.6243093922651933,0.5582615211689771
19,0.6235,0.6235,0.6852467399642035,0.5883986423943227,0.6492018779342723,0.5663430420711975,0.5880503144654088,0.5329341317365269,0.7524822695035461,0.5829734731647132,0.7044264635887673,0.6339285714285714,0.6550060313630881,0.7541899441340782,0.6976154236428209,0.48031496062992124,0.46831573096164536,0.4779311685786506,0.6682379349046016,0.8407979659690984,0.6740331491712708,0.5678156612963656,0.6852467399642035,0.5883986423943227,0.6492018779342723,0.5663430420711975,0.5880503144654088,0.5329341317365269,0.7524822695035461,0.5829734731647132,0.7044264635887673,0.6339285714285714,0.6550060313630881,0.7541899441340782,0.6976154236428209,0.48031496062992124,0.46831573096164536,0.4779311685786506,0.6682379349046016,0.8407979659690984,0.6740331491712708,0.5678156612963656
20,0.6344,0.6344,0.7228330350294042,0.6331379203949399,0.6621596244131456,0.5145631067961165,0.6660377358490566,0.5973053892215568,0.7602836879432624,0.5508945095619988,0.6901475487862923,0.6919642857142857,0.7141133896260555,0.7541899441340782,0.7077625570776256,0.5748031496062992,0.4188438021122846,0.5207077581178301,0.6747474747474748,0.8230001955798943,0.6795580110497238,0.5666916448107906,0.7228330350294042,0.6331379203949399,0.6621596244131456,0.5145631067961165,0.6660377358490566,0.5973053892215568,0.7602836879432624,0.5508945095619988,0.6901475487862923,0.6919642857142857,0.7141133896260555,0.7541899441340782,0.7077625570776256,0.5748031496062992,0.4188438021122846,0.5207077581178301,0.6747474747474748,0.8230001955798943,0.6795580110497238,0.5666916448107906
21,0.6341,0.6341,0.702889286627461,0.6081456340635606,0.6668544600938967,0.540453074433657,0.6119496855345912,0.5568862275449101,0.7581560283687944,0.6002467612584824,0.7134697762970015,0.65625,0.6830518697225573,0.7597765363128491,0.7026889903602233,0.5196850393700787,0.471650917176209,0.4901808283103247,0.6626262626262627,0.8460786231175436,0.6629834254143646,0.5844885724990633,0.702889286627461,0.6081456340635606,0.6668544600938967,0.540453074433657,0.6119496855345912,0.5568862275449101,0.7581560283687944,0.6002467612584824,0.7134697762970015,0.65625,0.6830518697225573,0.7597765363128491,0.7026889903602233,0.5196850393700787,0.471650917176209,0.4901808283103247,0.6626262626262627,0.8460786231175436,0.6629834254143646,0.5844885724990633
22,0.6413,0.6413,0.7023779084633086,0.6075285405738969,0.6555868544600939,0.5210355987055016,0.6182389937106918,0.5688622754491018,0.775177304964539,0.5792720542874769,0.7244169443122322,0.6473214285714286,0.6887816646562123,0.7625698324022346,0.7316083206494165,0.5196850393700787,0.43913285158421345,0.5294575150690258,0.6814814814814815,0.8427537649129669,0.6850828729281768,0.6019108280254777,0.7023779084633086,0.6075285405738969,0.6555868544600939,0.5210355987055016,0.6182389937106918,0.5688622754491018,0.775177304964539,0.5792720542874769,0.7244169443122322,0.6473214285714286,0.6887816646562123,0.7625698324022346,0.7316083206494165,0.5196850393700787,0.43913285158421345,0.5294575150690258,0.6814814814814815,0.8427537649129669,0.6850828729281768,0.6019108280254777
23,0.6425,0.6425,0.7192533878803375,0.6343721073742672,0.6679812206572769,0.5372168284789643,0.610691823899371,0.5838323353293413,0.7539007092198582,0.581122763726095,0.7125178486435031,0.6785714285714286,0.6842581423401689,0.7430167597765364,0.71740233384069,0.5826771653543307,0.44969427459699834,0.516818977250632,0.6956228956228956,0.8464697829063172,0.6906077348066298,0.5904833270887972,0.7192533878803375,0.6343721073742672,0.6679812206572769,0.5372168284789643,0.610691823899371,0.5838323353293413,0.7539007092198582,0.581122763726095,0.7125178486435031,0.6785714285714286,0.6842581423401689,0.7430167597765364,0.71740233384069,0.5826771653543307,0.44969427459699834,0.516818977250632,0.6956228956228956,0.8464697829063172,0.6906077348066298,0.5904833270887972
24,0.6473,0.6473,0.7187420097161851,0.6266584387534712,0.6715492957746478,0.5501618122977346,0.6440251572327044,0.5808383233532934,0.7773049645390071,0.595311536088834,0.7139457401237506,0.6830357142857143,0.7129071170084439,0.7597765363128491,0.7356671740233384,0.5669291338582677,0.4591439688715953,0.5294575150690258,0.6985409652076319,0.8443184040680618,0.712707182320442,0.5850505807418509,0.7187420097161851,0.6266584387534712,0.6715492957746478,0.5501618122977346,0.6440251572327044,0.5808383233532934,0.7773049645390071,0.595311536088834,0.7139457401237506,0.6830357142857143,0.7129071170084439,0.7597765363128491,0.7356671740233384,0.5669291338582677,0.4591439688715953,0.5294575150690258,0.6985409652076319,0.8443184040680618,0.712707182320442,0.5850505807418509
25,0.6459,0.6459,0.7177192533878803,0.6300524529466214,0.6576525821596244,0.5307443365695793,0.6484276729559748,0.5688622754491018,0.7971631205673759,0.5928439235040098,0.746311280342694,0.6651785714285714,0.7101930036188179,0.770949720670391,0.7280568239472349,0.5196850393700787,0.45858810450250137,0.5224577095080692,0.6704826038159372,0.8597692157246235,0.6464088397790055,0.6213937804421131,0.7177192533878803,0.6300524529466214,0.6576525821596244,0.5307443365695793,0.6484276729559748,0.5688622754491018,0.7971631205673759,0.5928439235040098,0.746311280342694,0.6651785714285714,0.7101930036188179,0.770949720670391,0.7280568239472349,0.5196850393700787,0.45858810450250137,0.5224577095080692,0.6704826038159372,0.8597692157246235,0.6464088397790055,0.6213937804421131
26,0.6547,0.6547,0.744822296087957,0.6760259179265659,0.6978403755868544,0.5145631067961165,0.6522012578616352,0.6092814371257484,0.7687943262411348,0.5613818630475016,0.7006187529747739,0.6607142857142857,0.7101930036188179,0.7458100558659218,0.7250126839167935,0.5905511811023622,0.4302390216787104,0.5609566400933308,0.7099887766554434,0.8443184040680618,0.7016574585635359,0.5758711127763207,0.744822296087957,0.6760259179265659,0.6978403755868544,0.5145631067961165,0.6522012578616352,0.6092814371257484,0.7687943262411348,0.5613818630475016,0.7006187529747739,0.6607142857142857,0.7101930036188179,0.7458100558659218,0.7250126839167935,0.5905511811023622,0.4302390216787104,0.5609566400933308,0.7099887766554434,0.8443184040680618,0.7016574585635359,0.5758711127763207
27,0.6579,0.6579,0.7353618000511378,0.6553532860228325,0.6779342723004694,0.5275080906148867,0.6232704402515723,0.594311377245509,0.8028368794326242,0.6039481801357187,0.7353641123274631,0.6785714285714286,0.6951145958986731,0.7681564245810056,0.7554540842212075,0.5669291338582677,0.4635908838243469,0.5304297102858254,0.6945005611672278,0.8609426950909447,0.6906077348066298,0.6197077557137505,0.7353618000511378,0.6553532860228325,0.6779342723004694,0.5275080906148867,0.6232704402515723,0.594311377245509,0.8028368794326242,0.6039481801357187,0.7353641123274631,0.6785714285714286,0.6951145958986731,0.7681564245810056,0.7554540842212075,0.5669291338582677,0.4635908838243469,0.5304297102858254,0.6945005611672278,0.8609426950909447,0.6906077348066298,0.6197077557137505
28,0.6612,0.6612,0.7233444131935567,0.6430114162295588,0.6788732394366197,0.5275080906148867,0.6647798742138364,0.5973053892215568,0.8085106382978723,0.5903763109191857,0.7272727272727273,0.6741071428571429,0.7294933655006032,0.7737430167597765,0.7544393708777271,0.5826771653543307,0.44969427459699834,0.5714563484347657,0.7070707070707071,0.8523371797379229,0.7071823204419889,0.594230048707381,0.7233444131935567,0.6430114162295588,0.6788732394366197,0.5275080906148867,0.6647798742138364,0.5973053892215568,0.8085106382978723,0.5903763109191857,0.7272727272727273,0.6741071428571429,0.7294933655006032,0.7737430167597765,0.7544393708777271,0.5826771653543307,0.44969427459699834,0.5714563484347657,0.7070707070707071,0.8523371797379229,0.7071823204419889,0.594230048707381
29,0.6611,0.6611,0.7320378419841472,0.6482567108917001,0.6691079812206573,0.517799352750809,0.6540880503144654,0.594311377245509,0.7943262411347518,0.595311536088834,0.723940980485483,0.6785714285714286,0.7174306393244874,0.7625698324022346,0.7544393708777271,0.5748031496062992,0.44469149527515284,0.5660120552206883,0.7189674523007856,0.8630940739292001,0.712707182320442,0.5983514424878231,0.7320378419841472,0.6482567108917001,0.6691079812206573,0.517799352750809,0.6540880503144654,0.594311377245509,0.7943262411347518,0.595311536088834,0.723940980485483,0.6785714285714286,0.7174306393244874,0.7625698324022346,0.7544393708777271,0.5748031496062992,0.44469149527515284,0.5660120552206883,0.7189674523007856,0.8630940739292001,0.712707182320442,0.5983514424878231
30,0.6655,0.6655,0.7371516236256712,0.6568960197469916,0.6878873239436619,0.5631067961165048,0.6698113207547169,0.5988023952095808,0.8099290780141843,0.6125848241826033,0.7391718229414564,0.6830357142857143,0.7279855247285887,0.7737430167597765,0.7661085743277524,0.5826771653543307,0.4819344080044469,0.5323741007194245,0.7198653198653199,0.8572266770975944,0.7016574585635359,0.6109029599100787,0.7371516236256712,0.6568960197469916,0.6878873239436619,0.5631067961165048,0.6698113207547169,0.5988023952095808,0.8099290780141843,0.6125848241826033,0.7391718229414564,0.6830357142857143,0.7279855247285887,0.7737430167597765,0.7661085743277524,0.5826771653543307,0.4819344080044469,0.5323741007194245,0.7198653198653199,0.8572266770975944,0.7016574585635359,0.6109029599100787
31,0.6675,0.6675,0.7522372794681668,0.6763344646713977,0.7104225352112676,0.49838187702265374,0.6547169811320754,0.625748502994012,0.8092198581560284,0.582356570018507,0.723940980485483,0.6741071428571429,0.7150180940892642,0.7597765363128491,0.7625570776255708,0.5905511811023622,0.44163424124513617,0.5747618121718842,0.7191919191919192,0.8627029141404263,0.6961325966850829,0.5974147620831772,0.7522372794681668,0.6763344646713977,0.7104225352112676,0.49838187702265374,0.6547169811320754,0.625748502994012,0.8092198581560284,0.582356570018507,0.723940980485483,0.6741071428571429,0.7150180940892642,0.7597765363128491,0.7625570776255708,0.5905511811023622,0.44163424124513617,0.5747618121718842,0.7191919191919192,0.8627029141404263,0.6961325966850829,0.5974147620831772
32,0.6709,0.6709,0.7553055484530811,0.6713977167540882,0.683943661971831,0.5469255663430421,0.6641509433962264,0.6122754491017964,0.8021276595744681,0.6150524367674275,0.737743931461209,0.6607142857142857,0.7258745476477684,0.7653631284916201,0.7574835109081685,0.6062992125984252,0.481100611450806,0.587400349990278,0.7209876543209877,0.8535106591042441,0.7182320441988951,0.6217684526039715,0.7553055484530811,0.6713977167540882,0.683943661971831,0.5469255663430421,0.6641509433962264,0.6122754491017964,0.8021276595744681,0.6150524367674275,0.737743931461209,0.6607142857142857,0.7258745476477684,0.7653631284916201,0.7574835109081685,0.6062992125984252,0.481100611450806,0.587400349990278,0.7209876543209877,0.8535106591042441,0.7182320441988951,0.6217684526039715
33,0.6782,0.6782,0.7555612375351572,0.6818883060783709,0.7061032863849765,0.5728155339805825,0.6735849056603773,0.6272455089820359,0.7936170212765957,0.6236890808143122,0.7244169443122322,0.6875,0.7258745476477684,0.7513966480446927,0.7686453576864536,0.5905511811023622,0.508893829905503,0.5636787867003694,0.7351290684624018,0.8550752982593389,0.7348066298342542,0.6159610340951668,0.7555612375351572,0.6818883060783709,0.7061032863849765,0.5728155339805825,0.6735849056603773,0.6272455089820359,0.7936170212765957,0.6236890808143122,0.7244169443122322,0.6875,0.7258745476477684,0.7513966480446927,0.7686453576864536,0.5905511811023622,0.508893829905503,0.5636787867003694,0.7351290684624018,0.8550752982593389,0.7348066298342542,0.6159610340951668
34,0.6732,0.6732,0.7624648427512145,0.6732489972230793,0.7036619718309859,0.5598705501618123,0.6572327044025157,0.6167664670658682,0.8099290780141843,0.621838371375694,0.7396477867682056,0.6696428571428571,0.7195416164053076,0.7905027932960894,0.7676306443429731,0.5984251968503937,0.48971650917176207,0.5638732257437293,0.7189674523007856,0.8718951691766087,0.6961325966850829,0.6065942300487074,0.7624648427512145,0.6732489972230793,0.7036619718309859,0.5598705501618123,0.6572327044025157,0.6167664670658682,0.8099290780141843,0.621838371375694,0.7396477867682056,0.6696428571428571,0.7195416164053076,0.7905027932960894,0.7676306443429731,0.5984251968503937,0.48971650917176207,0.5638732257437293,0.7189674523007856,0.8718951691766087,0.6961325966850829,0.6065942300487074
35,0.677,0.677,0.757862439273843,0.6726319037334156,0.7192488262910798,0.4854368932038835,0.6647798742138364,0.6362275449101796,0.798581560283688,0.5866748920419494,0.7358400761542123,0.6785714285714286,0.7300965018094089,0.7737430167597765,0.7640791476407914,0.5984251968503937,0.4394107837687604,0.5805949834726813,0.7389450056116723,0.8660277723450029,0.712707182320442,0.6380666916448108,0.757862439273843,0.6726319037334156,0.7192488262910798,0.4854368932038835,0.6647798742138364,0.6362275449101796,0.798581560283688,0.5866748920419494,0.7358400761542123,0.6785714285714286,0.7300965018094089,0.7737430167597765,0.7640791476407914,0.5984251968503937,0.4394107837687604,0.5805949834726813,0.7389450056116723,0.8660277723450029,0.712707182320442,0.6380666916448108
36,0.6767,0.6767,0.7634875990795194,0.6788028386300524,0.6865727699530516,0.5598705501618123,0.6886792452830188,0.6377245508982036,0.8070921985815603,0.6249228871067243,0.7415516420752023,0.6696428571428571,0.7397466827503015,0.7737430167597765,0.7691527143581938,0.5984251968503937,0.500277932184547,0.5527902002722147,0.7349046015712682,0.872873068648543,0.6961325966850829,0.6255151742225553,0.7634875990795194,0.6788028386300524,0.6865727699530516,0.5598705501618123,0.6886792452830188,0.6377245508982036,0.8070921985815603,0.6249228871067243,0.7415516420752023,0.6696428571428571,0.7397466827503015,0.7737430167597765,0.7691527143581938,0.5984251968503937,0.500277932184547,0.5527902002722147,0.7349046015712682,0.872873068648543,0.6961325966850829,0.6255151742225553
37,0.6778,0.6778,0.7507031449757096,0.6704720765195927,0.7085446009389671,0.5533980582524272,0.6729559748427673,0.6167664670658682,0.8219858156028369,0.6255397902529303,0.7386958591147073,0.6741071428571429,0.7319059107358263,0.7877094972067039,0.7701674277016742,0.6062992125984252,0.49305169538632576,0.5905113746840366,0.7205387205387206,0.8709172697046743,0.6961325966850829,0.623267141251405,0.7507031449757096,0.6704720765195927,0.7085446009389671,0.5533980582524272,0.6729559748427673,0.6167664670658682,0.8219858156028369,0.6255397902529303,0.7386958591147073,0.6741071428571429,0.7319059107358263,0.7877094972067039,0.7701674277016742,0.6062992125984252,0.49305169538632576,0.5905113746840366,0.7205387205387206,0.8709172697046743,0.6961325966850829,0.623267141251405
38,0.6828,0.6828,0.7785732549220148,0.7053378586855908,0.6927699530516432,0.5663430420711975,0.6930817610062893,0.657185628742515,0.8198581560283688,0.6249228871067243,0.7386958591147073,0.6830357142857143,0.7439686369119421,0.7960893854748603,0.7752409944190766,0.6456692913385826,0.4911061700944969,0.5864281547734785,0.7342312008978675,0.8666145120281635,0.7237569060773481,0.6193330835518921,0.7785732549220148,0.7053378586855908,0.6927699530516432,0.5663430420711975,0.6930817610062893,0.657185628742515,0.8198581560283688,0.6249228871067243,0.7386958591147073,0.6830357142857143,0.7439686369119421,0.7960893854748603,0.7752409944190766,0.6456692913385826,0.4911061700944969,0.5864281547734785,0.7342312008978675,0.8666145120281635,0.7237569060773481,0.6193330835518921
39,0.6848,0.6848,0.776272053183329,0.7016352977476088,0.7154929577464789,0.5436893203883495,0.6849056603773584,0.6482035928143712,0.8085106382978723,0.6298581122763726,0.7301285102332222,0.6830357142857143,0.7409529553679132,0.7960893854748603,0.7828513444951801,0.6692913385826772,0.4877709838799333,0.5749562512152441,0.7524130190796857,0.8681791511832584,0.7403314917127072,0.6225177969276883,0.776272053183329,0.7016352977476088,0.7154929577464789,0.5436893203883495,0.6849056603773584,0.6482035928143712,0.8085106382978723,0.6298581122763726,0.7301285102332222,0.6830357142857143,0.7409529553679132,0.7960893854748603,0.7828513444951801,0.6692913385826772,0.4877709838799333,0.5749562512152441,0.7524130190796857,0.8681791511832584,0.7403314917127072,0.6225177969276883
40,0.6843,0.6843,0.7742265405267195,0.701326751002777,0.6961502347417841,0.5533980582524272,0.6962264150943396,0.6332335329341318,0.8113475177304964,0.6477483035163479,0.7429795335554498,0.6785714285714286,0.7515078407720145,0.7905027932960894,0.776255707762557,0.6456692913385826,0.5205669816564759,0.5557067859226132,0.7389450056116723,0.8758067670643458,0.7292817679558011,0.6315099288122893,0.7742265405267195,0.701326751002777,0.6961502347417841,0.5533980582524272,0.6962264150943396,0.6332335329341318,0.8113475177304964,0.6477483035163479,0.7429795335554498,0.6785714285714286,0.7515078407720145,0.7905027932960894,0.776255707762557,0.6456692913385826,0.5205669816564759,0.5557067859226132,0.7389450056116723,0.8758067670643458,0.7292817679558011,0.6315099288122893
41,0.6832,0.6832,0.767067246228586,0.6877506942301759,0.7166197183098592,0.4854368932038835,0.6761006289308176,0.6392215568862275,0.8177304964539007,0.5897594077729796,0.7572584483579248,0.6785714285714286,0.7337153196622437,0.7960893854748603,0.7818366311516997,0.6299212598425197,0.4394107837687604,0.6050943029360295,0.7463524130190797,0.8720907490709955,0.7182320441988951,0.6650430872986137,0.767067246228586,0.6877506942301759,0.7166197183098592,0.4854368932038835,0.6761006289308176,0.6392215568862275,0.8177304964539007,0.5897594077729796,0.7572584483579248,0.6785714285714286,0.7337153196622437,0.7960893854748603,0.7818366311516997,0.6299212598425197,0.4394107837687604,0.6050943029360295,0.7463524130190797,0.8720907490709955,0.7182320441988951,0.6650430872986137
42,0.6889,0.6889,0.7673229353106622,0.6911447084233261,0.711737089201878,0.5663430420711975,0.6666666666666666,0.6302395209580839,0.8368794326241135,0.6366440468846392,0.7510709186101856,0.6964285714285714,0.7246682750301568,0.8128491620111732,0.7919837645865043,0.6299212598425197,0.5202890494719289,0.5864281547734785,0.7369248035914703,0.8767846665362801,0.7292817679558011,0.6504308729861371,0.7673229353106622,0.6911447084233261,0.711737089201878,0.5663430420711975,0.6666666666666666,0.6302395209580839,0.8368794326241135,0.6366440468846392,0.7510709186101856,0.6964285714285714,0.7246682750301568,0.8128491620111732,0.7919837645865043,0.6299212598425197,0.5202890494719289,0.5864281547734785,0.7369248035914703,0.8767846665362801,0.7292817679558011,0.6504308729861371
43,0.6898,0.6898,0.7721810278701099,0.6994754705337859,0.7051643192488263,0.5501618122977346,0.6911949685534591,0.6437125748502994,0.8219858156028369,0.6421961752004935,0.7448833888624464,0.7008928571428571,0.7466827503015682,0.8044692737430168,0.8016235413495687,0.6377952755905512,0.5111172873818788,0.5891503013805172,0.7681257014590348,0.8716995892822218,0.7237569060773481,0.6236418134132634,0.7721810278701099,0.6994754705337859,0.7051643192488263,0.5501618122977346,0.6911949685534591,0.6437125748502994,0.8219858156028369,0.6421961752004935,0.7448833888624464,0.7008928571428571,0.7466827503015682,0.8044692737430168,0.8016235413495687,0.6377952755905512,0.5111172873818788,0.5891503013805172,0.7681257014590348,0.8716995892822218,0.7237569060773481,0.6236418134132634
44,0.6855,0.6855,0.7755049859371005,0.6997840172786177,0.7132394366197183,0.5016181229773463,0.6584905660377358,0.6407185628742516,0.8453900709219858,0.6039481801357187,0.7582103760114232,0.6875,0.7243667068757539,0.8128491620111732,0.7929984779299848,0.6299212598425197,0.4583101723179544,0.6264825977056193,0.7382716049382716,0.8812830041071777,0.7071823204419889,0.641251405020607,0.7755049859371005,0.6997840172786177,0.7132394366197183,0.5016181229773463,0.6584905660377358,0.6407185628742516,0.8453900709219858,0.6039481801357187,0.7582103760114232,0.6875,0.7243667068757539,0.8128491620111732,0.7929984779299848,0.6299212598425197,0.4583101723179544,0.6264825977056193,0.7382716049382716,0.8812830041071777,0.7071823204419889,0.641251405020607
45,0.6941,0.6941,0.7647660444899003,0.6843566800370257,0.7076056338028169,0.5857605177993528,0.6993710691823899,0.6407185628742516,0.8312056737588652,0.6557680444170265,0.7582103760114232,0.7455357142857143,0.7536188178528347,0.8128491620111732,0.7980720446473871,0.6456692913385826,0.5333518621456365,0.5792339101691619,0.7414141414141414,0.8761979268531195,0.7071823204419889,0.6466841513675534,0.7647660444899003,0.6843566800370257,0.7076056338028169,0.5857605177993528,0.6993710691823899,0.6407185628742516,0.8312056737588652,0.6557680444170265,0.7582103760114232,0.7455357142857143,0.7536188178528347,0.8128491620111732,0.7980720446473871,0.6456692913385826,0.5333518621456365,0.5792339101691619,0.7414141414141414,0.8761979268531195,0.7071823204419889,0.6466841513675534
46,0.6947,0.6947,0.7898235745333674,0.7139771675408825,0.7094835680751174,0.5631067961165048,0.6830188679245283,0.6646706586826348,0.8241134751773049,0.634793337446021,0.7558305568776773,0.6964285714285714,0.7475874547647768,0.8156424581005587,0.791476407914764,0.6535433070866141,0.5069483046136742,0.589539179467237,0.7530864197530864,0.8752200273811852,0.7403314917127072,0.6403147246159611,0.7898235745333674,0.7139771675408825,0.7094835680751174,0.5631067961165048,0.6830188679245283,0.6646706586826348,0.8241134751773049,0.634793337446021,0.7558305568776773,0.6964285714285714,0.7475874547647768,0.8156424581005587,0.791476407914764,0.6535433070866141,0.5069483046136742,0.589539179467237,0.7530864197530864,0.8752200273811852,0.7403314917127072,0.6403147246159611
47,0.694,0.694,0.7826642802352339,0.710891700092564,0.7260093896713615,0.5631067961165048,0.6968553459119496,0.655688622754491,0.8276595744680851,0.649599012954966,0.7524988100904332,0.71875,0.7490952955367913,0.8072625698324022,0.7955352612886859,0.6692913385826772,0.5230683713173986,0.585261520513319,0.7479236812570146,0.8677879913944846,0.7182320441988951,0.6553016110902959,0.7826642802352339,0.710891700092564,0.7260093896713615,0.5631067961165048,0.6968553459119496,0.655688622754491,0.8276595744680851,0.649599012954966,0.7524988100904332,0.71875,0.7490952955367913,0.8072625698324022,0.7955352612886859,0.6692913385826772,0.5230683713173986,0.585261520513319,0.7479236812570146,0.8677879913944846,0.7182320441988951,0.6553016110902959
48,0.691,0.691,0.780107389414472,0.7084233261339092,0.703849765258216,0.5307443365695793,0.6710691823899371,0.6422155688622755,0.824822695035461,0.6335595311536089,0.7563065207044265,0.6651785714285714,0.732810615199035,0.8072625698324022,0.7894469812278031,0.6456692913385826,0.4936075597554197,0.6247326463153802,0.7539842873176207,0.8797183649520829,0.7182320441988951,0.6556762832521543,0.780107389414472,0.7084233261339092,0.703849765258216,0.5307443365695793,0.6710691823899371,0.6422155688622755,0.824822695035461,0.6335595311536089,0.7563065207044265,0.6651785714285714,0.732810615199035,0.8072625698324022,0.7894469812278031,0.6456692913385826,0.4936075597554197,0.6247326463153802,0.7539842873176207,0.8797183649520829,0.7182320441988951,0.6556762832521543
49,0.6971,0.6971,0.7834313474814626,0.7158284480098734,0.7183098591549296,0.5372168284789643,0.7081761006289308,0.6586826347305389,0.8375886524822695,0.6292412091301666,0.7686815801999048,0.7232142857142857,0.7542219541616405,0.8072625698324022,0.7970573313039067,0.6456692913385826,0.5066703724291273,0.5840948862531596,0.7497194163860831,0.884999022100528,0.712707182320442,0.6820906706631698,0.7834313474814626,0.7158284480098734,0.7183098591549296,0.5372168284789643,0.7081761006289308,0.6586826347305389,0.8375886524822695,0.6292412091301666,0.7686815801999048,0.7232142857142857,0.7542219541616405,0.8072625698324022,0.7970573313039067,0.6456692913385826,0.5066703724291273,0.5840948862531596,0.7497194163860831,0.884999022100528,0.712707182320442,0.6820906706631698
50,0.6968,0.6968,0.7864996164663769,0.7142857142857143,0.7141784037558685,0.5275080906148867,0.6987421383647798,0.6586826347305389,0.8368794326241135,0.6292412091301666,0.7620180866254165,0.7098214285714286,0.7481905910735827,0.8156424581005587,0.7909690512430239,0.6456692913385826,0.49305169538632576,0.6087886447598678,0.7474747474747475,0.8830432231566595,0.7071823204419889,0.6554889471712252,0.7864996164663769,0.7142857142857143,0.7141784037558685,0.5275080906148867,0.6987421383647798,0.6586826347305389,0.8368794326241135,0.6292412091301666,0.7620180866254165,0.7098214285714286,0.7481905910735827,0.8156424581005587,0.7909690512430239,0.6456692913385826,0.49305169538632576,0.6087886447598678,0.7474747474747475,0.8830432231566595,0.7071823204419889,0.6554889471712252
51,0.6954,0.6954,0.7826642802352339,0.7087318728787412,0.7153051643192488,0.5728155339805825,0.6918238993710691,0.6511976047904192,0.8404255319148937,0.6526835286859963,0.7643979057591623,0.71875,0.7430639324487334,0.8016759776536313,0.7919837645865043,0.6377952755905512,0.5327959977765425,0.5953723507680342,0.7454545454545455,0.8789360453745355,0.7182320441988951,0.6682278006744099,0.7826642802352339,0.7087318728787412,0.7153051643192488,0.5728155339805825,0.6918238993710691,0.6511976047904192,0.8404255319148937,0.6526835286859963,0.7643979057591623,0.71875,0.7430639324487334,0.8016759776536313,0.7919837645865043,0.6377952755905512,0.5327959977765425,0.5953723507680342,0.7454545454545455,0.8789360453745355,0.7182320441988951,0.6682278006744099
52,0.6965,0.6965,0.7877780618767579,0.7155199012650416,0.7076056338028169,0.49514563106796117,0.6842767295597484,0.6616766467065869,0.823404255319149,0.6144355336212215,0.7710613993336506,0.6964285714285714,0.7367310012062727,0.7905027932960894,0.7909690512430239,0.6535433070866141,0.4883268482490272,0.593622399377795,0.7661054994388328,0.8910619988265206,0.7403314917127072,0.6884600974147621,0.7877780618767579,0.7155199012650416,0.7076056338028169,0.49514563106796117,0.6842767295597484,0.6616766467065869,0.823404255319149,0.6144355336212215,0.7710613993336506,0.6964285714285714,0.7367310012062727,0.7905027932960894,0.7909690512430239,0.6535433070866141,0.4883268482490272,0.593622399377795,0.7661054994388328,0.8910619988265206,0.7403314917127072,0.6884600974147621
53,0.6961,0.6961,0.781385834824853,0.6979327368096266,0.7049765258215962,0.5501618122977346,0.6811320754716981,0.6482035928143712,0.8425531914893617,0.6650215916101172,0.7601142313184198,0.7142857142857143,0.741556091676719,0.8100558659217877,0.8001014713343481,0.6614173228346457,0.5311284046692607,0.6047054248493098,0.7575757575757576,0.8838255427342069,0.7403314917127072,0.6436867740726864,0.781385834824853,0.6979327368096266,0.7049765258215962,0.5501618122977346,0.6811320754716981,0.6482035928143712,0.8425531914893617,0.6650215916101172,0.7601142313184198,0.7142857142857143,0.741556091676719,0.8100558659217877,0.8001014713343481,0.6614173228346457,0.5311284046692607,0.6047054248493098,0.7575757575757576,0.8838255427342069,0.7403314917127072,0.6436867740726864
54,0.6999,0.6999,0.783942725645615,0.7068805924097501,0.7231924882629108,0.5501618122977346,0.7031446540880503,0.655688622754491,0.8099290780141843,0.6428130783466995,0.7620180866254165,0.71875,0.7563329312424608,0.7960893854748603,0.7960426179604262,0.6535433070866141,0.5214007782101168,0.5844837643398795,0.77665544332211,0.8812830041071777,0.7624309392265194,0.6781566129636568,0.783942725645615,0.7068805924097501,0.7231924882629108,0.5501618122977346,0.7031446540880503,0.655688622754491,0.8099290780141843,0.6428130783466995,0.7620180866254165,0.71875,0.7563329312424608,0.7960893854748603,0.7960426179604262,0.6535433070866141,0.5214007782101168,0.5844837643398795,0.77665544332211,0.8812830041071777,0.7624309392265194,0.6781566129636568
55,0.6959,0.6959,0.7875223727946816,0.712742980561555,0.7164319248826291,0.5501618122977346,0.6924528301886792,0.6766467065868264,0.8375886524822695,0.6310919185687847,0.7796287482151356,0.6830357142857143,0.7487937273823885,0.8128491620111732,0.8006088280060882,0.6535433070866141,0.5122290161200667,0.6113163523235465,0.7544332210998878,0.8871504009387835,0.7513812154696132,0.6835893593106033,0.7875223727946816,0.712742980561555,0.7164319248826291,0.5501618122977346,0.6924528301886792,0.6766467065868264,0.8375886524822695,0.6310919185687847,0.7796287482151356,0.6830357142857143,0.7487937273823885,0.8128491620111732,0.8006088280060882,0.6535433070866141,0.5122290161200667,0.6113163523235465,0.7544332210998878,0.8871504009387835,0.7513812154696132,0.6835893593106033
56,0.6946,0.6946,0.7916133981079008,0.7124344338167232,0.7346478873239437,0.5275080906148867,0.690566037735849,0.6676646706586826,0.8326241134751773,0.6329426280074029,0.7586863398381724,0.6964285714285714,0.7512062726176115,0.8296089385474861,0.8046676813800101,0.6456692913385826,0.4886047804335742,0.6251215244020999,0.76341189674523,0.8826520633678858,0.7569060773480663,0.6348819782690146,0.7916133981079008,0.7124344338167232,0.7346478873239437,0.5275080906148867,0.690566037735849,0.6676646706586826,0.8326241134751773,0.6329426280074029,0.7586863398381724,0.6964285714285714,0.7512062726176115,0.8296089385474861,0.8046676813800101,0.6456692913385826,0.4886047804335742,0.6251215244020999,0.76341189674523,0.8826520633678858,0.7569060773480663,0.6348819782690146
57,0.6994,0.6994,0.7806187675786244,0.697315643319963,0.7307042253521127,0.5436893203883495,0.6993710691823899,0.6616766467065869,0.8304964539007093,0.6545342381246144,0.7643979057591623,0.7053571428571429,0.7509047044632087,0.8156424581005587,0.7990867579908676,0.6456692913385826,0.5308504724847137,0.601983278242271,0.7631874298540965,0.8881283004107178,0.7403314917127072,0.6680404645934807,0.7806187675786244,0.697315643319963,0.7307042253521127,0.5436893203883495,0.6993710691823899,0.6616766467065869,0.8304964539007093,0.6545342381246144,0.7643979057591623,0.7053571428571429,0.7509047044632087,0.8156424581005587,0.7990867579908676,0.6456692913385826,0.5308504724847137,0.601983278242271,0.7631874298540965,0.8881283004107178,0.7403314917127072,0.6680404645934807
58,0.6996,0.6996,0.7903349526975199,0.7096575131132367,0.7138028169014085,0.5307443365695793,0.6962264150943396,0.6616766467065869,0.849645390070922,0.6428130783466995,0.7758210376011423,0.7142857142857143,0.7551266586248492,0.8324022346368715,0.8143074581430746,0.6141732283464567,0.5011117287381879,0.6218160606649815,0.7654320987654321,0.8908664189321338,0.7403314917127072,0.6740352191832147,0.7903349526975199,0.7096575131132367,0.7138028169014085,0.5307443365695793,0.6962264150943396,0.6616766467065869,0.849645390070922,0.6428130783466995,0.7758210376011423,0.7142857142857143,0.7551266586248492,0.8324022346368715,0.8143074581430746,0.6141732283464567,0.5011117287381879,0.6218160606649815,0.7654320987654321,0.8908664189321338,0.7403314917127072,0.6740352191832147
59,0.6993,0.6993,0.7783175658399386,0.6920703486578217,0.7147417840375587,0.5145631067961165,0.7176100628930817,0.6601796407185628,0.8340425531914893,0.6286243059839605,0.7691575440266539,0.7366071428571429,0.770205066344994,0.835195530726257,0.8178589548452562,0.6377952755905512,0.4913841022790439,0.6379545012638538,0.7739618406285073,0.8797183649520829,0.7569060773480663,0.6671037841888348,0.7783175658399386,0.6920703486578217,0.7147417840375587,0.5145631067961165,0.7176100628930817,0.6601796407185628,0.8340425531914893,0.6286243059839605,0.7691575440266539,0.7366071428571429,0.770205066344994,0.835195530726257,0.8178589548452562,0.6377952755905512,0.4913841022790439,0.6379545012638538,0.7739618406285073,0.8797183649520829,0.7569060773480663,0.6671037841888348
60,0.7001,0.7001,0.8003068268984914,0.7195310089478556,0.7141784037558685,0.5760517799352751,0.7037735849056603,0.6721556886227545,0.8404255319148937,0.6718075262183837,0.7682056163731557,0.7321428571428571,0.7572376357056695,0.8268156424581006,0.8117706747843734,0.6377952755905512,0.5516953863257366,0.5967334240715536,0.7616161616161616,0.8885194601994915,0.7237569060773481,0.6637317347321094,0.8003068268984914,0.7195310089478556,0.7141784037558685,0.5760517799352751,0.7037735849056603,0.6721556886227545,0.8404255319148937,0.6718075262183837,0.7682056163731557,0.7321428571428571,0.7572376357056695,0.8268156424581006,0.8117706747843734,0.6377952755905512,0.5516953863257366,0.5967334240715536,0.7616161616161616,0.8885194601994915,0.7237569060773481,0.6637317347321094
61,0.6997,0.6997,0.7908463308616722,0.7102746066029003,0.7215023474178404,0.47896440129449835,0.7088050314465408,0.6841317365269461,0.8524822695035461,0.6107341147439852,0.7667777248929082,0.71875,0.7623642943305187,0.835195530726257,0.8209030948756976,0.6771653543307087,0.4583101723179544,0.6430099163912113,0.778675645342312,0.8879327205163309,0.7569060773480663,0.6549269389284376,0.7908463308616722,0.7102746066029003,0.7215023474178404,0.47896440129449835,0.7088050314465408,0.6841317365269461,0.8524822695035461,0.6107341147439852,0.7667777248929082,0.71875,0.7623642943305187,0.835195530726257,0.8209030948756976,0.6771653543307087,0.4583101723179544,0.6430099163912113,0.778675645342312,0.8879327205163309,0.7569060773480663,0.6549269389284376
62,0.6986,0.6986,0.768345691638967,0.6791113853748842,0.7254460093896714,0.5372168284789643,0.6911949685534591,0.6392215568862275,0.85177304964539,0.6600863664404688,0.7858162779628748,0.7366071428571429,0.7572376357056695,0.835195530726257,0.8117706747843734,0.6299212598425197,0.528627015008338,0.6140384989305853,0.7683501683501683,0.8930177977703893,0.7403314917127072,0.6863994005245411,0.768345691638967,0.6791113853748842,0.7254460093896714,0.5372168284789643,0.6911949685534591,0.6392215568862275,0.85177304964539,0.6600863664404688,0.7858162779628748,0.7366071428571429,0.7572376357056695,0.835195530726257,0.8117706747843734,0.6299212598425197,0.528627015008338,0.6140384989305853,0.7683501683501683,0.8930177977703893,0.7403314917127072,0.6863994005245411
63,0.6997,0.6997,0.7847097928918435,0.7062634989200864,0.7425352112676057,0.5469255663430421,0.6880503144654088,0.6586826347305389,0.850354609929078,0.6440468846391116,0.7758210376011423,0.7232142857142857,0.7478890229191797,0.835195530726257,0.8097412480974124,0.6614173228346457,0.5180655919955531,0.6109274742368268,0.7640852974186307,0.8871504009387835,0.7292817679558011,0.6674784563506931,0.7847097928918435,0.7062634989200864,0.7425352112676057,0.5469255663430421,0.6880503144654088,0.6586826347305389,0.850354609929078,0.6440468846391116,0.7758210376011423,0.7232142857142857,0.7478890229191797,0.835195530726257,0.8097412480974124,0.6614173228346457,0.5180655919955531,0.6109274742368268,0.7640852974186307,0.8871504009387835,0.7292817679558011,0.6674784563506931
64,0.7029,0.7029,0.7951930452569675,0.7186053687133601,0.7106103286384976,0.5372168284789643,0.6811320754716981,0.6751497005988024,0.85177304964539,0.6551511412708205,0.7762970014278915,0.7232142857142857,0.7478890229191797,0.8240223463687151,0.817351598173516,0.6614173228346457,0.5233463035019456,0.6222049387517014,0.7773288439955106,0.8861725014668492,0.7016574585635359,0.6884600974147621,0.7951930452569675,0.7186053687133601,0.7106103286384976,0.5372168284789643,0.6811320754716981,0.6751497005988024,0.85177304964539,0.6551511412708205,0.7762970014278915,0.7232142857142857,0.7478890229191797,0.8240223463687151,0.817351598173516,0.6614173228346457,0.5233463035019456,0.6222049387517014,0.7773288439955106,0.8861725014668492,0.7016574585635359,0.6884600974147621
65,0.7051,0.7051,0.7757606750191767,0.7016352977476088,0.748356807511737,0.5469255663430421,0.6924528301886792,0.6616766467065869,0.851063829787234,0.6526835286859963,0.7686815801999048,0.7276785714285714,0.7554282267792521,0.835195530726257,0.8254693049213597,0.6692913385826772,0.5277932184546971,0.6268714757923392,0.7849607182940517,0.8803051046352435,0.7403314917127072,0.6781566129636568,0.7757606750191767,0.7016352977476088,0.748356807511737,0.5469255663430421,0.6924528301886792,0.6616766467065869,0.851063829787234,0.6526835286859963,0.7686815801999048,0.7276785714285714,0.7554282267792521,0.835195530726257,0.8254693049213597,0.6692913385826772,0.5277932184546971,0.6268714757923392,0.7849607182940517,0.8803051046352435,0.7403314917127072,0.6781566129636568
66,0.7011,0.7011,0.7818972129890054,0.7007096575131132,0.739906103286385,0.5372168284789643,0.6949685534591195,0.6616766467065869,0.8638297872340426,0.6588525601480567,0.7601142313184198,0.7455357142857143,0.7524125452352232,0.835195530726257,0.8305428716387621,0.6692913385826772,0.528349082823791,0.6313435737896169,0.7872053872053872,0.8812830041071777,0.7348066298342542,0.6395653802922443,0.7818972129890054,0.7007096575131132,0.739906103286385,0.5372168284789643,0.6949685534591195,0.6616766467065869,0.8638297872340426,0.6588525601480567,0.7601142313184198,0.7455357142857143,0.7524125452352232,0.835195530726257,0.8305428716387621,0.6692913385826772,0.528349082823791,0.6313435737896169,0.7872053872053872,0.8812830041071777,0.7348066298342542,0.6395653802922443
67,0.7017,0.7017,0.7954487343390437,0.7155199012650416,0.7297652582159624,0.5566343042071198,0.6981132075471698,0.6811377245508982,0.8659574468085106,0.6600863664404688,0.7715373631603998,0.7410714285714286,0.7608564535585042,0.8268156424581006,0.817351598173516,0.6929133858267716,0.5364091161756531,0.612677425627066,0.7663299663299663,0.8861725014668492,0.7016574585635359,0.6624203821656051,0.7954487343390437,0.7155199012650416,0.7297652582159624,0.5566343042071198,0.6981132075471698,0.6811377245508982,0.8659574468085106,0.6600863664404688,0.7715373631603998,0.7410714285714286,0.7608564535585042,0.8268156424581006,0.817351598173516,0.6929133858267716,0.5364091161756531,0.612677425627066,0.7663299663299663,0.8861725014668492,0.7016574585635359,0.6624203821656051
68,0.7032,0.7032,0.8028637177192534,0.7253933970996606,0.716056338028169,0.5210355987055016,0.7062893081761006,0.6811377245508982,0.8347517730496454,0.6335595311536089,0.7753450737743931,0.7366071428571429,0.764475271411339,0.8100558659217877,0.8092338914256723,0.6377952755905512,0.4991662034463591,0.6163717674509042,0.7831649831649832,0.8918443184040681,0.7348066298342542,0.6993255901086549,0.8028637177192534,0.7253933970996606,0.716056338028169,0.5210355987055016,0.7062893081761006,0.6811377245508982,0.8347517730496454,0.6335595311536089,0.7753450737743931,0.7366071428571429,0.764475271411339,0.8100558659217877,0.8092338914256723,0.6377952755905512,0.4991662034463591,0.6163717674509042,0.7831649831649832,0.8918443184040681,0.7348066298342542,0.6993255901086549
69,0.7045,0.7045,0.8038864740475582,0.7312557852514656,0.715868544600939,0.5339805825242718,0.6836477987421383,0.6856287425149701,0.8553191489361702,0.6434299814929056,0.7772489290813898,0.7142857142857143,0.7478890229191797,0.8268156424581006,0.8092338914256723,0.7086614173228346,0.5163979988882713,0.6321213299630566,0.7656565656565657,0.8936045374535497,0.7071823204419889,0.6691644810790558,0.8038864740475582,0.7312557852514656,0.715868544600939,0.5339805825242718,0.6836477987421383,0.6856287425149701,0.8553191489361702,0.6434299814929056,0.7772489290813898,0.7142857142857143,0.7478890229191797,0.8268156424581006,0.8092338914256723,0.7086614173228346,0.5163979988882713,0.6321213299630566,0.7656565656565657,0.8936045374535497,0.7071823204419889,0.6691644810790558
70,0.7058,0.7058,0.7908463308616722,0.712742980561555,0.7404694835680751,0.5533980582524272,0.6886792452830188,0.6781437125748503,0.8581560283687943,0.6520666255397902,0.780580675868634,0.7276785714285714,0.7536188178528347,0.8324022346368715,0.8295281582952816,0.6692913385826772,0.5330739299610895,0.6251215244020999,0.7701459034792368,0.89047525914336,0.7237569060773481,0.6854627201198951,0.7908463308616722,0.712742980561555,0.7404694835680751,0.5533980582524272,0.6886792452830188,0.6781437125748503,0.8581560283687943,0.6520666255397902,0.780580675868634,0.7276785714285714,0.7536188178528347,0.8324022346368715,0.8295281582952816,0.6692913385826772,0.5330739299610895,0.6251215244020999,0.7701459034792368,0.89047525914336,0.7237569060773481,0.6854627201198951
71,0.7044,0.7044,0.7962158015852723,0.7170626349892009,0.7412206572769953,0.5307443365695793,0.7169811320754716,0.6766467065868264,0.8546099290780141,0.6483652066625539,0.7705854355069015,0.7366071428571429,0.770205066344994,0.8268156424581006,0.8158295281582952,0.6614173228346457,0.5119510839355197,0.6402877697841727,0.7773288439955106,0.8939956972423235,0.7292817679558011,0.6749718995878606,0.7962158015852723,0.7170626349892009,0.7412206572769953,0.5307443365695793,0.7169811320754716,0.6766467065868264,0.8546099290780141,0.6483652066625539,0.7705854355069015,0.7366071428571429,0.770205066344994,0.8268156424581006,0.8158295281582952,0.6614173228346457,0.5119510839355197,0.6402877697841727,0.7773288439955106,0.8939956972423235,0.7292817679558011,0.6749718995878606
72,0.7042,0.7042,0.7867553055484531,0.7044122184510954,0.724131455399061,0.5436893203883495,0.6874213836477987,0.6646706586826348,0.8659574468085106,0.6502159161011721,0.7877201332698714,0.7098214285714286,0.7460796139927623,0.8324022346368715,0.8107559614408929,0.6614173228346457,0.5108393551973318,0.6467042582150496,0.7701459034792368,0.8973205554469,0.7292817679558011,0.7060696890221057,0.7867553055484531,0.7044122184510954,0.724131455399061,0.5436893203883495,0.6874213836477987,0.6646706586826348,0.8659574468085106,0.6502159161011721,0.7877201332698714,0.7098214285714286,0.7460796139927623,0.8324022346368715,0.8107559614408929,0.6614173228346457,0.5108393551973318,0.6467042582150496,0.7701459034792368,0.8973205554469,0.7292817679558011,0.7060696890221057
73,0.7048,0.7048,0.8018409613909486,0.726627584078988,0.7327699530516432,0.5372168284789643,0.7232704402515723,0.6931137724550899,0.8680851063829788,0.634793337446021,0.7715373631603998,0.7098214285714286,0.7783474065138721,0.8296089385474861,0.821917808219178,0.6692913385826772,0.4961089494163424,0.6371767450904141,0.7694725028058361,0.8885194601994915,0.7292817679558011,0.6850880479580367,0.8018409613909486,0.726627584078988,0.7327699530516432,0.5372168284789643,0.7232704402515723,0.6931137724550899,0.8680851063829788,0.634793337446021,0.7715373631603998,0.7098214285714286,0.7783474065138721,0.8296089385474861,0.821917808219178,0.6692913385826772,0.4961089494163424,0.6371767450904141,0.7694725028058361,0.8885194601994915,0.7292817679558011,0.6850880479580367
74,0.7052,0.7052,0.8028637177192534,0.7324899722307929,0.7276995305164319,0.5436893203883495,0.7194968553459119,0.7020958083832335,0.8539007092198582,0.6508328192473781,0.7724892908138982,0.71875,0.7726176115802171,0.8072625698324022,0.8193810248604769,0.6771653543307087,0.528071150639244,0.635232354656815,0.778675645342312,0.8871504009387835,0.7624309392265194,0.6895841139003372,0.8028637177192534,0.7324899722307929,0.7276995305164319,0.5436893203883495,0.7194968553459119,0.7020958083832335,0.8539007092198582,0.6508328192473781,0.7724892908138982,0.71875,0.7726176115802171,0.8072625698324022,0.8193810248604769,0.6771653543307087,0.528071150639244,0.635232354656815,0.778675645342312,0.8871504009387835,0.7624309392265194,0.6895841139003372
75,0.7055,0.7055,0.785476860138072,0.7062634989200864,0.7260093896713615,0.56957928802589,0.6981132075471698,0.6736526946107785,0.8539007092198582,0.6415792720542874,0.7834364588291289,0.7142857142857143,0.7611580217129071,0.8100558659217877,0.8122780314561137,0.6377952755905512,0.5166759310728183,0.6356212327435349,0.7773288439955106,0.8984940348132212,0.7348066298342542,0.7058823529411765,0.785476860138072,0.7062634989200864,0.7260093896713615,0.56957928802589,0.6981132075471698,0.6736526946107785,0.8539007092198582,0.6415792720542874,0.7834364588291289,0.7142857142857143,0.7611580217129071,0.8100558659217877,0.8122780314561137,0.6377952755905512,0.5166759310728183,0.6356212327435349,0.7773288439955106,0.8984940348132212,0.7348066298342542,0.7058823529411765
76,0.7096,0.7096,0.8084888775249297,0.7355754396791114,0.7263849765258216,0.540453074433657,0.7018867924528301,0.6946107784431138,0.8524822695035461,0.636027143738433,0.772013326987149,0.7142857142857143,0.7596501809408926,0.8156424581005587,0.8168442415017757,0.6692913385826772,0.5086158977209561,0.6362045498736146,0.7854096520763187,0.8992763543907686,0.7403314917127072,0.6875234170101161,0.8084888775249297,0.7355754396791114,0.7263849765258216,0.540453074433657,0.7018867924528301,0.6946107784431138,0.8524822695035461,0.636027143738433,0.772013326987149,0.7142857142857143,0.7596501809408926,0.8156424581005587,0.8168442415017757,0.6692913385826772,0.5086158977209561,0.6362045498736146,0.7854096520763187,0.8992763543907686,0.7403314917127072,0.6875234170101161
77,0.705,0.705,0.793147532600358,0.7164455414995372,0.7123004694835681,0.56957928802589,0.7339622641509433,0.7005988023952096,0.8432624113475178,0.6539173349784084,0.7734412184673964,0.7142857142857143,0.78437876960193,0.8324022346368715,0.8254693049213597,0.6299212598425197,0.537798777098388,0.6159828893641843,0.7818181818181819,0.8883238803051047,0.7513812154696132,0.6892094417384789,0.793147532600358,0.7164455414995372,0.7123004694835681,0.56957928802589,0.7339622641509433,0.7005988023952096,0.8432624113475178,0.6539173349784084,0.7734412184673964,0.7142857142857143,0.78437876960193,0.8324022346368715,0.8254693049213597,0.6299212598425197,0.537798777098388,0.6159828893641843,0.7818181818181819,0.8883238803051047,0.7513812154696132,0.6892094417384789
78,0.7078,0.7078,0.803630784965482,0.7287874112928109,0.7228169014084507,0.5372168284789643,0.7169811320754716,0.6976047904191617,0.8659574468085106,0.6446637877853177,0.7620180866254165,0.7232142857142857,0.77291917973462,0.8491620111731844,0.8249619482496194,0.6692913385826772,0.5230683713173986,0.6377600622204939,0.7771043771043771,0.8961470760805789,0.7403314917127072,0.666354439865118,0.803630784965482,0.7287874112928109,0.7228169014084507,0.5372168284789643,0.7169811320754716,0.6976047904191617,0.8659574468085106,0.6446637877853177,0.7620180866254165,0.7232142857142857,0.77291917973462,0.8491620111731844,0.8249619482496194,0.6692913385826772,0.5230683713173986,0.6377600622204939,0.7771043771043771,0.8961470760805789,0.7403314917127072,0.666354439865118
79,0.7082,0.7082,0.7964714906673485,0.7235421166306696,0.7145539906103286,0.5210355987055016,0.6968553459119496,0.688622754491018,0.8524822695035461,0.6292412091301666,0.7839124226558781,0.7053571428571429,0.753015681544029,0.8324022346368715,0.821917808219178,0.6535433070866141,0.49777654252362424,0.643787672564651,0.7878787878787878,0.8969293956581263,0.7292817679558011,0.7094417384788311,0.7964714906673485,0.7235421166306696,0.7145539906103286,0.5210355987055016,0.6968553459119496,0.688622754491018,0.8524822695035461,0.6292412091301666,0.7839124226558781,0.7053571428571429,0.753015681544029,0.8324022346368715,0.821917808219178,0.6535433070866141,0.49777654252362424,0.643787672564651,0.7878787878787878,0.8969293956581263,0.7292817679558011,0.7094417384788311
80,0.7071,0.7071,0.7808744566607005,0.697315643319963,0.7323943661971831,0.5663430420711975,0.6911949685534591,0.6721556886227545,0.849645390070922,0.6631708821714991,0.777724892908139,0.6964285714285714,0.752714113389626,0.8212290502793296,0.823947234906139,0.6220472440944882,0.5355753196220122,0.6328990861364963,0.7856341189674523,0.9006454136514767,0.7458563535911602,0.6938928437617085,0.7808744566607005,0.697315643319963,0.7323943661971831,0.5663430420711975,0.6911949685534591,0.6721556886227545,0.849645390070922,0.6631708821714991,0.777724892908139,0.6964285714285714,0.752714113389626,0.8212290502793296,0.823947234906139,0.6220472440944882,0.5355753196220122,0.6328990861364963,0.7856341189674523,0.9006454136514767,0.7458563535911602,0.6938928437617085
81,0.7071,0.7071,0.8138583482485298,0.7408207343412527,0.7194366197183099,0.5663430420711975,0.7150943396226415,0.718562874251497,0.8609929078014185,0.649599012954966,0.772013326987149,0.6964285714285714,0.7638721351025332,0.8268156424581006,0.8183663115169965,0.6850393700787402,0.5330739299610895,0.6272603538790589,0.7703703703703704,0.8922354781928418,0.7016574585635359,0.6967028849756464,0.8138583482485298,0.7408207343412527,0.7194366197183099,0.5663430420711975,0.7150943396226415,0.718562874251497,0.8609929078014185,0.649599012954966,0.772013326987149,0.6964285714285714,0.7638721351025332,0.8268156424581006,0.8183663115169965,0.6850393700787402,0.5330739299610895,0.6272603538790589,0.7703703703703704,0.8922354781928418,0.7016574585635359,0.6967028849756464
82,0.7067,0.7067,0.7939145998465865,0.7152113545202098,0.7374647887323944,0.5792880258899676,0.7037735849056603,0.6931137724550899,0.8631205673758865,0.6563849475632326,0.7682056163731557,0.7142857142857143,0.7566344993968637,0.8268156424581006,0.8198883815322171,0.6456692913385826,0.537520844913841,0.6441765506513708,0.7840628507295174,0.889106199882652,0.7458563535911602,0.6944548520044961,0.7939145998465865,0.7152113545202098,0.7374647887323944,0.5792880258899676,0.7037735849056603,0.6931137724550899,0.8631205673758865,0.6563849475632326,0.7682056163731557,0.7142857142857143,0.7566344993968637,0.8268156424581006,0.8198883815322171,0.6456692913385826,0.537520844913841,0.6441765506513708,0.7840628507295174,0.889106199882652,0.7458563535911602,0.6944548520044961
83,0.7045,0.7045,0.7936589107645103,0.7139771675408825,0.7393427230046948,0.5728155339805825,0.6886792452830188,0.6826347305389222,0.8567375886524823,0.6551511412708205,0.7729652546406474,0.6964285714285714,0.755729794933655,0.8268156424581006,0.8209030948756976,0.6614173228346457,0.5383546414674819,0.6465098191716897,0.7829405162738496,0.8934089575591629,0.7569060773480663,0.6710378418883477,0.7936589107645103,0.7139771675408825,0.7393427230046948,0.5728155339805825,0.6886792452830188,0.6826347305389222,0.8567375886524823,0.6551511412708205,0.7729652546406474,0.6964285714285714,0.755729794933655,0.8268156424581006,0.8209030948756976,0.6614173228346457,0.5383546414674819,0.6465098191716897,0.7829405162738496,0.8934089575591629,0.7569060773480663,0.6710378418883477
84,0.7061,0.7061,0.7944259780107389,0.7139771675408825,0.7256338028169014,0.5372168284789643,0.6949685534591195,0.687125748502994,0.8609929078014185,0.6471314003701419,0.7872441694431224,0.6964285714285714,0.758745476477684,0.8296089385474861,0.8300355149670218,0.6692913385826772,0.509449694274597,0.6307602566595373,0.7804713804713804,0.9031879522785058,0.7458563535911602,0.6987635818658674,0.7944259780107389,0.7139771675408825,0.7256338028169014,0.5372168284789643,0.6949685534591195,0.687125748502994,0.8609929078014185,0.6471314003701419,0.7872441694431224,0.6964285714285714,0.758745476477684,0.8296089385474861,0.8300355149670218,0.6692913385826772,0.509449694274597,0.6307602566595373,0.7804713804713804,0.9031879522785058,0.7458563535911602,0.6987635818658674
85,0.703,0.703,0.7962158015852723,0.710891700092564,0.7263849765258216,0.5436893203883495,0.6918238993710691,0.687125748502994,0.8673758865248227,0.6372609500308452,0.7758210376011423,0.6785714285714286,0.7515078407720145,0.835195530726257,0.8305428716387621,0.6614173228346457,0.5077821011673151,0.6548706980361657,0.7878787878787878,0.9024056327009583,0.7624309392265194,0.6697264893218434,0.7962158015852723,0.710891700092564,0.7263849765258216,0.5436893203883495,0.6918238993710691,0.687125748502994,0.8673758865248227,0.6372609500308452,0.7758210376011423,0.6785714285714286,0.7515078407720145,0.835195530726257,0.8305428716387621,0.6614173228346457,0.5077821011673151,0.6548706980361657,0.7878787878787878,0.9024056327009583,0.7624309392265194,0.6697264893218434
86,0.7073,0.7073,0.7757606750191767,0.6923788954026535,0.7215023474178404,0.5792880258899676,0.7144654088050314,0.6766467065868264,0.8680851063829788,0.6613201727328809,0.780580675868634,0.7232142857142857,0.7632689987937273,0.8296089385474861,0.8361237950279046,0.6141732283464567,0.5419677598665925,0.6307602566595373,0.7903479236812571,0.8967338157637395,0.7734806629834254,0.7094417384788311,0.7757606750191767,0.6923788954026535,0.7215023474178404,0.5792880258899676,0.7144654088050314,0.6766467065868264,0.8680851063829788,0.6613201727328809,0.780580675868634,0.7232142857142857,0.7632689987937273,0.8296089385474861,0.8361237950279046,0.6141732283464567,0.5419677598665925,0.6307602566595373,0.7903479236812571,0.8967338157637395,0.7734806629834254,0.7094417384788311
87,0.7083,0.7083,0.7990283814881105,0.7238506633755014,0.7357746478873239,0.5728155339805825,0.7144654088050314,0.6916167664670658,0.8716312056737588,0.649599012954966,0.7758210376011423,0.7321428571428571,0.7608564535585042,0.8240223463687151,0.8290208016235413,0.6614173228346457,0.5361311839911062,0.6319268909196967,0.7687991021324355,0.8979072951300606,0.712707182320442,0.6819033345822405,0.7990283814881105,0.7238506633755014,0.7357746478873239,0.5728155339805825,0.7144654088050314,0.6916167664670658,0.8716312056737588,0.649599012954966,0.7758210376011423,0.7321428571428571,0.7608564535585042,0.8240223463687151,0.8290208016235413,0.6614173228346457,0.5361311839911062,0.6319268909196967,0.7687991021324355,0.8979072951300606,0.712707182320442,0.6819033345822405
88,0.7079,0.7079,0.7936589107645103,0.7173711817340327,0.7243192488262911,0.5825242718446602,0.7075471698113207,0.6931137724550899,0.8588652482269503,0.6650215916101172,0.7824845311756307,0.7098214285714286,0.7581423401688782,0.8156424581005587,0.8229325215626585,0.6456692913385826,0.5461367426347971,0.6282325490958585,0.7679012345679013,0.9022100528065715,0.7292817679558011,0.7109404271262645,0.7936589107645103,0.7173711817340327,0.7243192488262911,0.5825242718446602,0.7075471698113207,0.6931137724550899,0.8588652482269503,0.6650215916101172,0.7824845311756307,0.7098214285714286,0.7581423401688782,0.8156424581005587,0.8229325215626585,0.6456692913385826,0.5461367426347971,0.6282325490958585,0.7679012345679013,0.9022100528065715,0.7292817679558011,0.7109404271262645
89,0.705,0.705,0.8000511378164152,0.7272446775686516,0.7072300469483568,0.5760517799352751,0.7176100628930817,0.7020958083832335,0.8723404255319149,0.6588525601480567,0.777724892908139,0.7276785714285714,0.7696019300361882,0.8379888268156425,0.8305428716387621,0.6692913385826772,0.5430794886047804,0.6194827921446626,0.7714927048260382,0.9026012125953452,0.7513812154696132,0.6878980891719745,0.8000511378164152,0.7272446775686516,0.7072300469483568,0.5760517799352751,0.7176100628930817,0.7020958083832335,0.8723404255319149,0.6588525601480567,0.777724892908139,0.7276785714285714,0.7696019300361882,0.8379888268156425,0.8305428716387621,0.6692913385826772,0.5430794886047804,0.6194827921446626,0.7714927048260382,0.9026012125953452,0.7513812154696132,0.6878980891719745
90,0.705,0.705,0.7992840705701867,0.7182968219685283,0.7111737089201878,0.5566343042071198,0.7119496855345911,0.6811377245508982,0.8489361702127659,0.6526835286859963,0.7786768205616373,0.7098214285714286,0.7611580217129071,0.8268156424581006,0.8310502283105022,0.6535433070866141,0.5269594219010562,0.6327046470931363,0.7952861952861953,0.9026012125953452,0.7513812154696132,0.7017609591607343,0.7992840705701867,0.7182968219685283,0.7111737089201878,0.5566343042071198,0.7119496855345911,0.6811377245508982,0.8489361702127659,0.6526835286859963,0.7786768205616373,0.7098214285714286,0.7611580217129071,0.8268156424581006,0.8310502283105022,0.6535433070866141,0.5269594219010562,0.6327046470931363,0.7952861952861953,0.9026012125953452,0.7513812154696132,0.7017609591607343
91,0.7057,0.7057,0.7980056251598057,0.7213822894168467,0.7145539906103286,0.5728155339805825,0.7188679245283018,0.7065868263473054,0.8687943262411347,0.6687230104873535,0.7843883864826273,0.7232142857142857,0.7705066344993968,0.8268156424581006,0.8330796549974632,0.6692913385826772,0.5408560311284046,0.627065914835699,0.7692480359147026,0.8969293956581263,0.7016574585635359,0.7032596478081679,0.7980056251598057,0.7213822894168467,0.7145539906103286,0.5728155339805825,0.7188679245283018,0.7065868263473054,0.8687943262411347,0.6687230104873535,0.7843883864826273,0.7232142857142857,0.7705066344993968,0.8268156424581006,0.8330796549974632,0.6692913385826772,0.5408560311284046,0.627065914835699,0.7692480359147026,0.8969293956581263,0.7016574585635359,0.7032596478081679
92,0.7039,0.7039,0.8031194068013295,0.7235421166306696,0.7346478873239437,0.5533980582524272,0.7113207547169811,0.6931137724550899,0.8475177304964538,0.6582356570018507,0.774869109947644,0.7098214285714286,0.7744270205066345,0.8128491620111732,0.8305428716387621,0.6614173228346457,0.5186214563646471,0.6319268909196967,0.793939393939394,0.9016233131234109,0.7403314917127072,0.6865867366054702,0.8031194068013295,0.7235421166306696,0.7346478873239437,0.5533980582524272,0.7113207547169811,0.6931137724550899,0.8475177304964538,0.6582356570018507,0.774869109947644,0.7098214285714286,0.7744270205066345,0.8128491620111732,0.8305428716387621,0.6614173228346457,0.5186214563646471,0.6319268909196967,0.793939393939394,0.9016233131234109,0.7403314917127072,0.6865867366054702
93,0.7034,0.7034,0.8008182050626438,0.728478864547979,0.7190610328638498,0.5242718446601942,0.6993710691823899,0.6976047904191617,0.8652482269503546,0.6372609500308452,0.780580675868634,0.7008928571428571,0.7539203860072377,0.835195530726257,0.8457635717909691,0.6771653543307087,0.48916064480266813,0.650009721952168,0.8031425364758699,0.9029923723841189,0.7458563535911602,0.6845260397152492,0.8008182050626438,0.728478864547979,0.7190610328638498,0.5242718446601942,0.6993710691823899,0.6976047904191617,0.8652482269503546,0.6372609500308452,0.780580675868634,0.7008928571428571,0.7539203860072377,0.835195530726257,0.8457635717909691,0.6771653543307087,0.48916064480266813,0.650009721952168,0.8031425364758699,0.9029923723841189,0.7458563535911602,0.6845260397152492
94,0.7058,0.7058,0.798517003323958,0.7232335698858378,0.7464788732394366,0.5436893203883495,0.7188679245283018,0.6991017964071856,0.875886524822695,0.6508328192473781,0.7786768205616373,0.7053571428571429,0.764475271411339,0.8463687150837989,0.8290208016235413,0.6377952755905512,0.5125069483046136,0.6486486486486487,0.7701459034792368,0.9006454136514767,0.7292817679558011,0.6888347695766205,0.798517003323958,0.7232335698858378,0.7464788732394366,0.5436893203883495,0.7188679245283018,0.6991017964071856,0.875886524822695,0.6508328192473781,0.7786768205616373,0.7053571428571429,0.764475271411339,0.8463687150837989,0.8290208016235413,0.6377952755905512,0.5125069483046136,0.6486486486486487,0.7701459034792368,0.9006454136514767,0.7292817679558011,0.6888347695766205
95,0.7051,0.7051,0.80107389414472,0.7337241592101204,0.7301408450704225,0.5501618122977346,0.7062893081761006,0.6991017964071856,0.8581560283687943,0.6508328192473781,0.7620180866254165,0.7053571428571429,0.7578407720144753,0.8156424581005587,0.8356164383561644,0.6771653543307087,0.5177876598110062,0.6552595761228854,0.7982042648709315,0.8938001173479366,0.7403314917127072,0.6656050955414012,0.80107389414472,0.7337241592101204,0.7301408450704225,0.5501618122977346,0.7062893081761006,0.6991017964071856,0.8581560283687943,0.6508328192473781,0.7620180866254165,0.7053571428571429,0.7578407720144753,0.8156424581005587,0.8356164383561644,0.6771653543307087,0.5177876598110062,0.6552595761228854,0.7982042648709315,0.8938001173479366,0.7403314917127072,0.6656050955414012
96,0.7049,0.7049,0.7890565072871388,0.7071891391545819,0.7066666666666667,0.5728155339805825,0.710691823899371,0.6916167664670658,0.8631205673758865,0.6644046884639112,0.7943836268443598,0.7232142857142857,0.7647768395657418,0.8324022346368715,0.8356164383561644,0.6299212598425197,0.5461367426347971,0.6052887419793894,0.7735129068462402,0.9080774496381772,0.7513812154696132,0.724428624953166,0.7890565072871388,0.7071891391545819,0.7066666666666667,0.5728155339805825,0.710691823899371,0.6916167664670658,0.8631205673758865,0.6644046884639112,0.7943836268443598,0.7232142857142857,0.7647768395657418,0.8324022346368715,0.8356164383561644,0.6299212598425197,0.5461367426347971,0.6052887419793894,0.7735129068462402,0.9080774496381772,0.7513812154696132,0.724428624953166
97,0.705,0.705,0.7926361544362056,0.7155199012650416,0.7323943661971831,0.5372168284789643,0.6930817610062893,0.6781437125748503,0.8624113475177305,0.6471314003701419,0.777724892908139,0.7008928571428571,0.7454764776839565,0.8156424581005587,0.8330796549974632,0.6535433070866141,0.5116731517509727,0.6566206494264049,0.7957351290684624,0.9008409935458634,0.7569060773480663,0.6965155488947171,0.7926361544362056,0.7155199012650416,0.7323943661971831,0.5372168284789643,0.6930817610062893,0.6781437125748503,0.8624113475177305,0.6471314003701419,0.777724892908139,0.7008928571428571,0.7454764776839565,0.8156424581005587,0.8330796549974632,0.6535433070866141,0.5116731517509727,0.6566206494264049,0.7957351290684624,0.9008409935458634,0.7569060773480663,0.6965155488947171
98,0.7038,0.7038,0.8095116338532344,0.7334156124652885,0.7297652582159624,0.540453074433657,0.710691823899371,0.6931137724550899,0.8602836879432624,0.6397285626156693,0.7682056163731557,0.7008928571428571,0.7693003618817853,0.8240223463687151,0.8396752917300863,0.6614173228346457,0.50917176209005,0.6278436710091386,0.7948372615039282,0.9000586739683161,0.7513812154696132,0.67740726863994,0.8095116338532344,0.7334156124652885,0.7297652582159624,0.540453074433657,0.710691823899371,0.6931137724550899,0.8602836879432624,0.6397285626156693,0.7682056163731557,0.7008928571428571,0.7693003618817853,0.8240223463687151,0.8396752917300863,0.6614173228346457,0.50917176209005,0.6278436710091386,0.7948372615039282,0.9000586739683161,0.7513812154696132,0.67740726863994
99,0.7059,0.7059,0.7995397596522629,0.73033014501697,0.7429107981220657,0.5339805825242718,0.7050314465408805,0.7095808383233533,0.8673758865248227,0.6403454657618753,0.7677296525464065,0.7053571428571429,0.7599517490952955,0.8296089385474861,0.8462709284627092,0.6850393700787402,0.5133407448582545,0.6632315769006416,0.8006734006734006,0.8936045374535497,0.7513812154696132,0.6781566129636568,0.7995397596522629,0.73033014501697,0.7429107981220657,0.5339805825242718,0.7050314465408805,0.7095808383233533,0.8673758865248227,0.6403454657618753,0.7677296525464065,0.7053571428571429,0.7599517490952955,0.8296089385474861,0.8462709284627092,0.6850393700787402,0.5133407448582545,0.6632315769006416,0.8006734006734006,0.8936045374535497,0.7513812154696132,0.6781566129636568
100,0.646,0.5536999999999999,0.7103042700076707,0.7445232952792348,0.7372769953051643,0.6019417475728155,0.6622641509433962,0.3188622754491018,0.824822695035461,0.15854410857495374,0.5335554497858163,0.6071428571428571,0.6444511459589868,0.6899441340782123,0.40994419076610855,0.2677165354330709,0.5989438576987215,0.3560178883919891,0.6251402918069585,0.7062389986309408,0.5911602209944752,0.6440614462345448,0.7103042700076707,0.7445232952792348,0.7372769953051643,0.6019417475728155,0.6622641509433962,0.8458083832335329,0.824822695035461,0.8457742134484886,0.9176582579723941,0.8660714285714286,0.6444511459589868,0.6899441340782123,0.8706240487062404,0.7086614173228346,0.5989438576987215,0.9597511180244993,0.6251402918069585,0.7062389986309408,0.5911602209944752,0.6440614462345448
101,0.6484,0.55996,0.7087701355152135,0.7408207343412527,0.7177464788732394,0.5792880258899676,0.6572327044025157,0.3248502994011976,0.8262411347517731,0.19000616903146206,0.5445026178010471,0.6205357142857143,0.6387213510253317,0.6731843575418994,0.4058853373921867,0.25984251968503935,0.5744858254585881,0.3445459848337546,0.6583613916947251,0.7252102483864659,0.6629834254143646,0.6266391907081303,0.7087701355152135,0.7408207343412527,0.7177464788732394,0.5792880258899676,0.6572327044025157,0.9011976047904192,0.8262411347517731,0.8408389882788402,0.9414564493098525,0.9196428571428571,0.6387213510253317,0.6731843575418994,0.9020801623541349,0.8503937007874016,0.5744858254585881,0.9741396072331324,0.6583613916947251,0.7252102483864659,0.6629834254143646,0.6266391907081303
102,0.6269,0.5533300000000001,0.6939401687547941,0.7463745757482259,0.723943661971831,0.5080906148867314,0.6735849056603773,0.33083832335329344,0.7914893617021277,0.2350400987045034,0.5806758686339838,0.6428571428571429,0.6326899879372738,0.6005586592178771,0.39015728056823945,0.2755905511811024,0.49583101723179546,0.32510208049776396,0.6655443322109988,0.7656952865245453,0.6408839779005525,0.6541775946047209,0.6939401687547941,0.7463745757482259,0.723943661971831,0.5080906148867314,0.6735849056603773,0.9266467065868264,0.7914893617021277,0.8938926588525602,0.9419324131366016,0.9419642857142857,0.6326899879372738,0.6005586592178771,0.8853373921867073,0.8661417322834646,0.49583101723179546,0.9733618510596928,0.6655443322109988,0.7656952865245453,0.6408839779005525,0.6541775946047209
103,0.62,0.5512499999999999,0.6844796727179749,0.734341252699784,0.7624413145539906,0.44983818770226536,0.6698113207547169,0.33682634730538924,0.8326241134751773,0.2498457742134485,0.5573536411232747,0.6517857142857143,0.6366103739445115,0.6368715083798883,0.419583967529173,0.28346456692913385,0.43190661478599224,0.33676842309935834,0.6498316498316499,0.7549383923332681,0.6408839779005525,0.6047208692394155,0.6844796727179749,0.734341252699784,0.7624413145539906,0.44983818770226536,0.6698113207547169,0.9431137724550899,0.8326241134751773,0.9074645280690932,0.9690623512613041,0.9642857142857143,0.6366103739445115,0.6368715083798883,0.8909183155758498,0.8818897637795275,0.43190661478599224,0.9838615594011277,0.6498316498316499,0.7549383923332681,0.6408839779005525,0.6047208692394155
104,0.5947,0.5463699999999999,0.6249041165942214,0.7250848503548287,0.7427230046948357,0.44660194174757284,0.6477987421383647,0.3263473053892216,0.85177304964539,0.33189389265885255,0.6701570680628273,0.65625,0.6010253317249699,0.5893854748603352,0.4561136478944698,0.2755905511811024,0.4160644802668149,0.3371573011860782,0.5966329966329966,0.8351261490318795,0.6132596685082873,0.6508055451479955,0.6249041165942214,0.7250848503548287,0.7427230046948357,0.44660194174757284,0.6477987421383647,0.9461077844311377,0.85177304964539,0.5718692165330043,0.6701570680628273,0.9732142857142857,0.6010253317249699,0.5893854748603352,0.6514459665144596,0.8818897637795275,0.4160644802668149,0.9881392183550457,0.5966329966329966,0.8351261490318795,0.6132596685082873,0.6508055451479955
105,0.6108,0.54868,0.7034006647916135,0.7778463437210738,0.7267605633802817,0.4077669902912621,0.6364779874213836,0.30988023952095806,0.8666666666666667,0.2825416409623689,0.615421227986673,0.6383928571428571,0.6052472858866104,0.6731843575418994,0.441400304414003,0.25984251968503935,0.3949416342412451,0.40248881975500683,0.6125701459034792,0.7782123997653041,0.6022099447513812,0.6139003372049456,0.7034006647916135,0.7778463437210738,0.7267605633802817,0.4077669902912621,0.6364779874213836,0.30988023952095806,0.8666666666666667,0.2825416409623689,0.615421227986673,0.6383928571428571,0.6052472858866104,0.6731843575418994,0.441400304414003,0.8976377952755905,0.3949416342412451,0.40248881975500683,0.6125701459034792,0.7782123997653041,0.6022099447513812,0.6139003372049456
106,0.5965,0.5448999999999999,0.6796215801585272,0.7769207034865783,0.7085446009389671,0.3948220064724919,0.6389937106918239,0.30389221556886226,0.874468085106383,0.29426280074028377,0.6615897191813422,0.6473214285714286,0.5937876960193004,0.6340782122905028,0.4627092846270928,0.25984251968503935,0.35825458588104503,0.42348823643787675,0.5881032547699214,0.8108742421279093,0.580110497237569,0.6573623079805171,0.6796215801585272,0.7769207034865783,0.7085446009389671,0.3948220064724919,0.6389937106918239,0.4535928143712575,0.874468085106383,0.29426280074028377,0.6615897191813422,0.6473214285714286,0.5937876960193004,0.6340782122905028,0.4627092846270928,0.25984251968503935,0.35825458588104503,0.42348823643787675,0.5881032547699214,0.8108742421279093,0.580110497237569,0.6573623079805171
107,0.5984,0.54972,0.668882638711327,0.7775377969762419,0.7297652582159624,0.3656957928802589,0.6572327044025157,0.3188622754491018,0.8631205673758865,0.32264034546576187,0.6534983341266064,0.6785714285714286,0.6158021712907117,0.6201117318435754,0.4581430745814307,0.2283464566929134,0.3443579766536965,0.41804394322379934,0.6033670033670033,0.8079405437121064,0.574585635359116,0.643312101910828,0.668882638711327,0.7775377969762419,0.7297652582159624,0.3656957928802589,0.6572327044025157,0.4880239520958084,0.8631205673758865,0.32264034546576187,0.6534983341266064,0.6785714285714286,0.6158021712907117,0.6201117318435754,0.4581430745814307,0.2283464566929134,0.3443579766536965,0.41804394322379934,0.6033670033670033,0.8079405437121064,0.574585635359116,0.643312101910828
108,0.5934,0.54686,0.6706724622858604,0.7738352360382598,0.6807511737089202,0.36893203883495146,0.6509433962264151,0.30538922155688625,0.8730496453900709,0.34361505243676743,0.6744407425035698,0.6651785714285714,0.6082629674306393,0.6229050279329609,0.4545915778792491,0.25196850393700787,0.330183435241801,0.4256270659148357,0.6060606060606061,0.8220222961079601,0.580110497237569,0.6804046459348071,0.6706724622858604,0.7738352360382598,0.6807511737089202,0.36893203883495146,0.6509433962264151,0.5164670658682635,0.8730496453900709,0.34361505243676743,0.6744407425035698,0.6651785714285714,0.6082629674306393,0.6229050279329609,0.4545915778792491,0.25196850393700787,0.330183435241801,0.4256270659148357,0.6060606060606061,0.8220222961079601,0.580110497237569,0.6804046459348071
109,0.5844,0.54405,0.6609562771669649,0.7704412218451095,0.7260093896713615,0.39158576051779936,0.6389937106918239,0.31736526946107785,0.8794326241134752,0.34855027760641577,0.6715849595430747,0.65625,0.5965018094089264,0.6424581005586593,0.4728564180618975,0.2440944881889764,0.33740967204002226,0.43748784755979003,0.5625140291806958,0.826325053784471,0.5580110497237569,0.6481828400149869,0.6609562771669649,0.7704412218451095,0.7260093896713615,0.39158576051779936,0.6389937106918239,0.5449101796407185,0.8794326241134752,0.34855027760641577,0.6715849595430747,0.65625,0.5965018094089264,0.6424581005586593,0.4728564180618975,0.2440944881889764,0.33740967204002226,0.43748784755979003,0.5625140291806958,0.826325053784471,0.5580110497237569,0.6481828400149869
110,0.5911,0.5485099999999999,0.6617233444131936,0.7738352360382598,0.7085446009389671,0.3559870550161812,0.6484276729559748,0.3248502994011976,0.8723404255319149,0.36150524367674275,0.6801523084245598,0.6875,0.6031363088057901,0.6340782122905028,0.4591577879249112,0.23622047244094488,0.31656475819899943,0.42698813921835505,0.6152637485970819,0.830432231566595,0.5966850828729282,0.6528662420382165,0.6617233444131936,0.7738352360382598,0.7085446009389671,0.3559870550161812,0.6484276729559748,0.6017964071856288,0.8723404255319149,0.36150524367674275,0.6801523084245598,0.6875,0.6031363088057901,0.6340782122905028,0.4591577879249112,0.23622047244094488,0.31656475819899943,0.42698813921835505,0.6152637485970819,0.830432231566595,0.5966850828729282,0.6528662420382165
111,0.5952,0.5489900000000001,0.6750191766811557,0.771366862079605,0.7130516431924883,0.36893203883495146,0.6591194968553459,0.3188622754491018,0.8673758865248227,0.3454657618753856,0.6573060447405997,0.6785714285714286,0.620627261761158,0.6424581005586593,0.4698122780314561,0.2440944881889764,0.3376876042245692,0.4405988722535485,0.593939393939394,0.8114609818110698,0.569060773480663,0.6526789059572874,0.6750191766811557,0.771366862079605,0.7130516431924883,0.36893203883495146,0.6591194968553459,0.6616766467065869,0.8673758865248227,0.3454657618753856,0.6573060447405997,0.6785714285714286,0.620627261761158,0.6424581005586593,0.4698122780314561,0.2440944881889764,0.3376876042245692,0.4405988722535485,0.593939393939394,0.8114609818110698,0.569060773480663,0.6526789059572874
112,0.5814,0.54653,0.6440807977499361,0.7670472076519592,0.7083568075117371,0.3592233009708738,0.6471698113207547,0.31137724550898205,0.8829787234042553,0.37692782233189387,0.7082341742027606,0.6875,0.6037394451145959,0.61731843575419,0.49670218163368846,0.25196850393700787,0.32323513062812675,0.4326268714757923,0.5643097643097643,0.8503813807940543,0.5580110497237569,0.6678531285125515,0.6440807977499361,0.7670472076519592,0.7083568075117371,0.3592233009708738,0.6471698113207547,0.6736526946107785,0.8829787234042553,0.37692782233189387,0.7082341742027606,0.6875,0.6037394451145959,0.61731843575419,0.49670218163368846,0.25196850393700787,0.32323513062812675,0.4326268714757923,0.5643097643097643,0.8503813807940543,0.5580110497237569,0.6678531285125515
113,0.5862,0.54749,0.6607005880848887,0.7781548904659056,0.7181220657276995,0.3268608414239482,0.6333333333333333,0.31736526946107785,0.8858156028368794,0.3676742751388032,0.6863398381722989,0.6651785714285714,0.5937876960193004,0.6284916201117319,0.47843734145104005,0.25984251968503935,0.2837687604224569,0.44429321407738676,0.5836139169472503,0.834343829454332,0.56353591160221,0.667291120269764,0.6607005880848887,0.7781548904659056,0.7181220657276995,0.3268608414239482,0.6333333333333333,0.31736526946107785,0.8858156028368794,0.3676742751388032,0.6863398381722989,0.6651785714285714,0.5937876960193004,0.6284916201117319,0.47843734145104005,0.25984251968503935,0.2837687604224569,0.44429321407738676,0.5836139169472503,0.834343829454332,0.56353591160221,0.667291120269764
114,0.5842,0.5457799999999999,0.645359243160317,0.763653193458809,0.7171830985915493,0.39158576051779936,0.6553459119496855,0.30538922155688625,0.875886524822695,0.3565700185070944,0.6815801999048072,0.6607142857142857,0.6073582629674307,0.6284916201117319,0.48148148148148145,0.25196850393700787,0.34018899388549195,0.431265798172273,0.5898989898989899,0.8341482495599453,0.5580110497237569,0.6547396028475084,0.645359243160317,0.763653193458809,0.7171830985915493,0.39158576051779936,0.6553459119496855,0.30538922155688625,0.875886524822695,0.3565700185070944,0.6815801999048072,0.6607142857142857,0.6073582629674307,0.6284916201117319,0.48148148148148145,0.25196850393700787,0.34018899388549195,0.431265798172273,0.5898989898989899,0.8341482495599453,0.5580110497237569,0.6547396028475084
115,0.5882,0.54705,0.6553311173612887,0.7655044739278001,0.711924882629108,0.36245954692556637,0.6270440251572327,0.3158682634730539,0.8879432624113475,0.3417643429981493,0.6863398381722989,0.6517857142857143,0.5886610373944512,0.6229050279329609,0.47843734145104005,0.2440944881889764,0.339911061700945,0.4540151662453821,0.5973063973063973,0.8433405045961275,0.569060773480663,0.6560509554140127,0.6553311173612887,0.7655044739278001,0.711924882629108,0.36245954692556637,0.6270440251572327,0.3158682634730539,0.8879432624113475,0.3417643429981493,0.6863398381722989,0.6517857142857143,0.5886610373944512,0.6229050279329609,0.47843734145104005,0.2440944881889764,0.339911061700945,0.4540151662453821,0.5973063973063973,0.8433405045961275,0.569060773480663,0.6560509554140127
116,0.5876,0.54775,0.6525185374584506,0.7491514964517124,0.7258215962441315,0.36893203883495146,0.6251572327044025,0.3143712574850299,0.8801418439716312,0.351634793337446,0.6792003807710614,0.6830357142857143,0.6013268998793727,0.6368715083798883,0.5012683916793506,0.23622047244094488,0.33657587548638135,0.4197938946140385,0.573063973063973,0.8374731077645218,0.5414364640883977,0.6676657924316224,0.6525185374584506,0.7491514964517124,0.7258215962441315,0.36893203883495146,0.6251572327044025,0.3143712574850299,0.8801418439716312,0.351634793337446,0.6792003807710614,0.6830357142857143,0.6013268998793727,0.6368715083798883,0.5012683916793506,0.23622047244094488,0.33657587548638135,0.4197938946140385,0.573063973063973,0.8374731077645218,0.5414364640883977,0.6676657924316224
117,0.5876,0.5478,0.6665814369726413,0.7729095958037643,0.715868544600939,0.3074433656957929,0.6433962264150943,0.30988023952095806,0.8822695035460993,0.35225169648365207,0.681104236078058,0.6785714285714286,0.6022316043425814,0.6340782122905028,0.4911212582445459,0.25984251968503935,0.2998888271261812,0.45848726424265995,0.5744107744107744,0.8224134558967339,0.5580110497237569,0.6712251779692768,0.6665814369726413,0.7729095958037643,0.715868544600939,0.3074433656957929,0.6433962264150943,0.30988023952095806,0.8822695035460993,0.35225169648365207,0.681104236078058,0.6785714285714286,0.6022316043425814,0.6340782122905028,0.4911212582445459,0.25984251968503935,0.2998888271261812,0.45848726424265995,0.5744107744107744,0.8224134558967339,0.5580110497237569,0.6712251779692768
118,0.5887,0.5500700000000001,0.6461263104065457,0.7522369639000308,0.708169014084507,0.3656957928802589,0.6421383647798742,0.32335329341317365,0.8794326241134752,0.364589759407773,0.6958591147072822,0.6741071428571429,0.6040410132689988,0.6256983240223464,0.4911212582445459,0.25196850393700787,0.35547526403557533,0.4433210188605872,0.5950617283950618,0.8452963035399961,0.56353591160221,0.6807793180966654,0.6461263104065457,0.7522369639000308,0.708169014084507,0.3656957928802589,0.6421383647798742,0.32335329341317365,0.8794326241134752,0.364589759407773,0.6958591147072822,0.6741071428571429,0.6040410132689988,0.6256983240223464,0.4911212582445459,0.25196850393700787,0.35547526403557533,0.4433210188605872,0.5950617283950618,0.8452963035399961,0.56353591160221,0.6807793180966654
119,0.5911,0.55081,0.6537969828688315,0.7534711508793582,0.712112676056338,0.3818770226537217,0.6522012578616352,0.33083832335329344,0.8787234042553191,0.36829117828500924,0.6839600190385531,0.6741071428571429,0.6040410132689988,0.611731843575419,0.4855403348554033,0.25984251968503935,0.33073929961089493,0.43884892086330934,0.5845117845117845,0.8421670252298064,0.585635359116022,0.6749718995878606,0.6537969828688315,0.7534711508793582,0.712112676056338,0.3818770226537217,0.6522012578616352,0.33083832335329344,0.8787234042553191,0.36829117828500924,0.6839600190385531,0.6741071428571429,0.6040410132689988,0.611731843575419,0.4855403348554033,0.25984251968503935,0.33073929961089493,0.43884892086330934,0.5845117845117845,0.8421670252298064,0.585635359116022,0.6749718995878606
120,0.5941,0.5492999999999999,0.6704167732037842,0.785251465597038,0.6931455399061033,0.3818770226537217,0.6471698113207547,0.3203592814371258,0.8709219858156029,0.32757557063541026,0.6563541170871013,0.6517857142857143,0.6082629674306393,0.6256983240223464,0.4880771182141045,0.2677165354330709,0.3496386881600889,0.46120941084969863,0.5961840628507296,0.8228046156855076,0.580110497237569,0.6611090295991008,0.6704167732037842,0.785251465597038,0.6931455399061033,0.3818770226537217,0.6471698113207547,0.3203592814371258,0.8709219858156029,0.32757557063541026,0.6563541170871013,0.6517857142857143,0.6082629674306393,0.6256983240223464,0.4880771182141045,0.2677165354330709,0.3496386881600889,0.46120941084969863,0.5961840628507296,0.8228046156855076,0.580110497237569,0.6611090295991008
121,0.5852,0.54915,0.6545640501150601,0.7630360999691453,0.72018779342723,0.36245954692556637,0.6490566037735849,0.3218562874251497,0.8801418439716312,0.3763109191856878,0.6782484531175631,0.6741071428571429,0.609167671893848,0.6256983240223464,0.49213597158802636,0.25196850393700787,0.31712062256809337,0.4421543846004278,0.5708193041526375,0.8335615098767847,0.5524861878453039,0.673285874859498,0.6545640501150601,0.7630360999691453,0.72018779342723,0.36245954692556637,0.6490566037735849,0.3218562874251497,0.8801418439716312,0.3763109191856878,0.6782484531175631,0.6741071428571429,0.609167671893848,0.6256983240223464,0.49213597158802636,0.25196850393700787,0.31712062256809337,0.4421543846004278,0.5708193041526375,0.8335615098767847,0.5524861878453039,0.673285874859498
122,0.5937,0.54893,0.692406034262337,0.7756865165072508,0.711924882629108,0.34627831715210355,0.6484276729559748,0.3383233532934132,0.8723404255319149,0.351634793337446,0.6187529747739172,0.6830357142857143,0.6164053075995175,0.6284916201117319,0.47995941146626075,0.2283464566929134,0.29683157309616454,0.4540151662453821,0.592368125701459,0.8069626442401721,0.5966850828729282,0.6607343574372424,0.692406034262337,0.7756865165072508,0.711924882629108,0.34627831715210355,0.6484276729559748,0.3383233532934132,0.8723404255319149,0.351634793337446,0.6187529747739172,0.6830357142857143,0.6164053075995175,0.6284916201117319,0.47995941146626075,0.2283464566929134,0.29683157309616454,0.4540151662453821,0.592368125701459,0.8069626442401721,0.5966850828729282,0.6607343574372424
123,0.5792,0.54474,0.6612119662490412,0.7938907744523295,0.7055399061032864,0.37216828478964403,0.6616352201257861,0.33083832335329344,0.8531914893617021,0.3633559531153609,0.6930033317467873,0.6651785714285714,0.6100723763570567,0.5837988826815642,0.4946727549467275,0.2440944881889764,0.31906614785992216,0.46509819171689676,0.5802469135802469,0.845491883434383,0.56353591160221,0.6804046459348071,0.6612119662490412,0.7938907744523295,0.7055399061032864,0.37216828478964403,0.6616352201257861,0.33083832335329344,0.8531914893617021,0.3633559531153609,0.6930033317467873,0.6651785714285714,0.6100723763570567,0.5837988826815642,0.4946727549467275,0.2440944881889764,0.31906614785992216,0.46509819171689676,0.5802469135802469,0.845491883434383,0.56353591160221,0.6804046459348071
124,0.5857,0.54753,0.6417795960112503,0.7605677260104906,0.7027230046948357,0.4110032362459547,0.6490566037735849,0.3413173652694611,0.8702127659574468,0.3676742751388032,0.7106139933365064,0.6428571428571429,0.6022316043425814,0.5921787709497207,0.4809741248097412,0.25196850393700787,0.3640911617565314,0.43904335990666926,0.5937149270482603,0.8630940739292001,0.580110497237569,0.6920194829524167,0.6417795960112503,0.7605677260104906,0.7027230046948357,0.4110032362459547,0.6490566037735849,0.3413173652694611,0.8702127659574468,0.3676742751388032,0.7106139933365064,0.6428571428571429,0.6022316043425814,0.5921787709497207,0.4809741248097412,0.25196850393700787,0.3640911617565314,0.43904335990666926,0.5937149270482603,0.8630940739292001,0.580110497237569,0.6920194829524167
125,0.5831,0.5451900000000001,0.6553311173612887,0.7738352360382598,0.7091079812206573,0.3656957928802589,0.6459119496855346,0.33532934131736525,0.8581560283687943,0.36273904996915485,0.7001427891480247,0.6383928571428571,0.6073582629674307,0.5865921787709497,0.4961948249619482,0.2440944881889764,0.33740967204002226,0.46140384989305855,0.567003367003367,0.8449051437512224,0.569060773480663,0.6972648932184339,0.6553311173612887,0.7738352360382598,0.7091079812206573,0.3656957928802589,0.6459119496855346,0.33532934131736525,0.8581560283687943,0.36273904996915485,0.7001427891480247,0.6383928571428571,0.6073582629674307,0.5865921787709497,0.4961948249619482,0.2440944881889764,0.33740967204002226,0.46140384989305855,0.567003367003367,0.8449051437512224,0.569060773480663,0.6972648932184339
126,0.5774,0.5423,0.6502173357197648,0.7602591792656588,0.6779342723004694,0.4077669902912621,0.6477987421383647,0.3143712574850299,0.8687943262411347,0.3701418877236274,0.7025226082817706,0.6696428571428571,0.6185162846803377,0.6005586592178771,0.5144596651445966,0.2283464566929134,0.35158421345191776,0.4516818977250632,0.5468013468013468,0.8421670252298064,0.5580110497237569,0.6922068190333458,0.6502173357197648,0.7602591792656588,0.6779342723004694,0.4077669902912621,0.6477987421383647,0.3143712574850299,0.8687943262411347,0.3701418877236274,0.7025226082817706,0.6696428571428571,0.6185162846803377,0.6005586592178771,0.5144596651445966,0.2283464566929134,0.35158421345191776,0.4516818977250632,0.5468013468013468,0.8421670252298064,0.5580110497237569,0.6922068190333458
127,0.5899,0.54869,0.6729736640245462,0.7821659981487196,0.695962441314554,0.3883495145631068,0.6635220125786163,0.3413173652694611,0.8716312056737588,0.3584207279457125,0.6720609233698239,0.6651785714285714,0.623341375150784,0.6284916201117319,0.48756976154236426,0.25196850393700787,0.3290717065036131,0.45848726424265995,0.5723905723905723,0.8292587522002738,0.580110497237569,0.6950168602472836,0.6729736640245462,0.7821659981487196,0.695962441314554,0.3883495145631068,0.6635220125786163,0.3413173652694611,0.8716312056737588,0.3584207279457125,0.6720609233698239,0.6651785714285714,0.623341375150784,0.6284916201117319,0.48756976154236426,0.25196850393700787,0.3290717065036131,0.45848726424265995,0.5723905723905723,0.8292587522002738,0.580110497237569,0.6950168602472836
128,0.5979,0.55306,0.6591664535924316,0.750077136686208,0.7006572769953051,0.4045307443365696,0.6622641509433962,0.35179640718562877,0.8730496453900709,0.3429981492905614,0.6782484531175631,0.6651785714285714,0.6130880579010857,0.6312849162011173,0.4916286149162861,0.25984251968503935,0.37937743190661477,0.44487653120746645,0.5878787878787879,0.8318012908273029,0.56353591160221,0.6789059572873736,0.6591664535924316,0.750077136686208,0.7006572769953051,0.4045307443365696,0.6622641509433962,0.35179640718562877,0.8730496453900709,0.3429981492905614,0.6782484531175631,0.6651785714285714,0.6130880579010857,0.6312849162011173,0.4916286149162861,0.25984251968503935,0.37937743190661477,0.44487653120746645,0.5878787878787879,0.8318012908273029,0.56353591160221,0.6789059572873736
129,0.5813,0.5451599999999999,0.6479161339810791,0.7611848195001543,0.7015962441314554,0.42394822006472493,0.660377358490566,0.3473053892215569,0.8680851063829788,0.3713756940160395,0.7101380295097572,0.6696428571428571,0.6115802171290712,0.6005586592178771,0.4946727549467275,0.2440944881889764,0.35630906058921624,0.45751506902586037,0.5595959595959596,0.8566399374144338,0.574585635359116,0.6875234170101161,0.6479161339810791,0.7611848195001543,0.7015962441314554,0.42394822006472493,0.660377358490566,0.3473053892215569,0.8680851063829788,0.3713756940160395,0.7101380295097572,0.6696428571428571,0.6115802171290712,0.6005586592178771,0.4946727549467275,0.2440944881889764,0.35630906058921624,0.45751506902586037,0.5595959595959596,0.8566399374144338,0.574585635359116,0.6875234170101161
130,0.5835,0.54507,0.6527742265405267,0.7494600431965442,0.7218779342723005,0.3559870550161812,0.6440251572327044,0.36077844311377244,0.875177304964539,0.3689080814312153,0.672536887196573,0.6696428571428571,0.5998190591073582,0.611731843575419,0.495687468290208,0.2677165354330709,0.32684824902723736,0.45537623954890144,0.5811447811447812,0.8337570897711716,0.580110497237569,0.6845260397152492,0.6527742265405267,0.7494600431965442,0.7218779342723005,0.3559870550161812,0.6440251572327044,0.36077844311377244,0.875177304964539,0.3689080814312153,0.672536887196573,0.6696428571428571,0.5998190591073582,0.611731843575419,0.495687468290208,0.2677165354330709,0.32684824902723736,0.45537623954890144,0.5811447811447812,0.8337570897711716,0.580110497237569,0.6845260397152492
131,0.5756,0.54144,0.6604448990028126,0.7769207034865783,0.7123004694835681,0.42718446601941745,0.6509433962264151,0.3458083832335329,0.8673758865248227,0.3454657618753856,0.6673012851023322,0.6383928571428571,0.6085645355850422,0.611731843575419,0.5317097919837646,0.25984251968503935,0.3802112284602557,0.4695702897141746,0.5176206509539842,0.8368863680813612,0.5248618784530387,0.6727238666167104,0.6604448990028126,0.7769207034865783,0.7123004694835681,0.42718446601941745,0.6509433962264151,0.3458083832335329,0.8673758865248227,0.3454657618753856,0.6673012851023322,0.6383928571428571,0.6085645355850422,0.611731843575419,0.5317097919837646,0.25984251968503935,0.3802112284602557,0.4695702897141746,0.5176206509539842,0.8368863680813612,0.5248618784530387,0.6727238666167104
132,0.5857,0.54679,0.6514957811301457,0.759950632520827,0.7066666666666667,0.3786407766990291,0.6742138364779874,0.34281437125748504,0.8687943262411347,0.3596545342381246,0.6863398381722989,0.6964285714285714,0.6173100120627262,0.6229050279329609,0.4926433282597666,0.2440944881889764,0.34296831573096165,0.4658759478903364,0.5714927048260382,0.8364952082925875,0.5580110497237569,0.6830273510678156,0.6514957811301457,0.759950632520827,0.7066666666666667,0.3786407766990291,0.6742138364779874,0.34281437125748504,0.8687943262411347,0.3596545342381246,0.6863398381722989,0.6964285714285714,0.6173100120627262,0.6229050279329609,0.4926433282597666,0.2440944881889764,0.34296831573096165,0.4658759478903364,0.5714927048260382,0.8364952082925875,0.5580110497237569,0.6830273510678156
133,0.5827,0.54704,0.6425466632574789,0.7473002159827213,0.7188732394366197,0.4110032362459547,0.6559748427672956,0.3413173652694611,0.8638297872340426,0.3738433066008637,0.6901475487862923,0.6696428571428571,0.611881785283474,0.6061452513966481,0.49061390157280566,0.25196850393700787,0.33240689271817675,0.4462376045109858,0.5950617283950618,0.8527283395266967,0.569060773480663,0.7026976395653803,0.6425466632574789,0.7473002159827213,0.7188732394366197,0.4110032362459547,0.6559748427672956,0.3413173652694611,0.8638297872340426,0.3738433066008637,0.6901475487862923,0.6696428571428571,0.611881785283474,0.6061452513966481,0.49061390157280566,0.25196850393700787,0.33240689271817675,0.4462376045109858,0.5950617283950618,0.8527283395266967,0.569060773480663,0.7026976395653803
134,0.5845,0.5446199999999999,0.6755305548453081,0.7747608762727554,0.6991549295774648,0.3948220064724919,0.6377358490566037,0.3413173652694611,0.8773049645390071,0.34484885872917953,0.6606377915278439,0.6517857142857143,0.6016284680337757,0.6256983240223464,0.495687468290208,0.2440944881889764,0.35019455252918286,0.48512541318296715,0.5714927048260382,0.8235869352630549,0.5524861878453039,0.6772199325590109,0.6755305548453081,0.7747608762727554,0.6991549295774648,0.3948220064724919,0.6377358490566037,0.3413173652694611,0.8773049645390071,0.34484885872917953,0.6606377915278439,0.6517857142857143,0.6016284680337757,0.6256983240223464,0.495687468290208,0.2440944881889764,0.35019455252918286,0.48512541318296715,0.5714927048260382,0.8235869352630549,0.5524861878453039,0.6772199325590109
135,0.5863,0.54615,0.6678598823830223,0.7704412218451095,0.7032863849765258,0.39158576051779936,0.6182389937106918,0.3398203592814371,0.8709219858156029,0.364589759407773,0.6787244169443122,0.6651785714285714,0.588962605548854,0.61731843575419,0.49822425164890916,0.25984251968503935,0.34491384102279043,0.4631538012832977,0.5973063973063973,0.8470565225894778,0.574585635359116,0.673285874859498,0.6678598823830223,0.7704412218451095,0.7032863849765258,0.39158576051779936,0.6182389937106918,0.3398203592814371,0.8709219858156029,0.364589759407773,0.6787244169443122,0.6651785714285714,0.588962605548854,0.61731843575419,0.49822425164890916,0.25984251968503935,0.34491384102279043,0.4631538012832977,0.5973063973063973,0.8470565225894778,0.574585635359116,0.673285874859498
136,0.5874,0.5467500000000001,0.6591664535924316,0.7556309780931811,0.7087323943661972,0.3851132686084142,0.6509433962264151,0.3473053892215569,0.8687943262411347,0.3491671807526218,0.6744407425035698,0.6919642857142857,0.6115802171290712,0.6229050279329609,0.5078640284119736,0.2677165354330709,0.33935519733185104,0.4631538012832977,0.5762065095398429,0.824955994523763,0.5524861878453039,0.6892094417384789,0.6591664535924316,0.7556309780931811,0.7087323943661972,0.3851132686084142,0.6509433962264151,0.3473053892215569,0.8687943262411347,0.3491671807526218,0.6744407425035698,0.6919642857142857,0.6115802171290712,0.6229050279329609,0.5078640284119736,0.2677165354330709,0.33935519733185104,0.4631538012832977,0.5762065095398429,0.824955994523763,0.5524861878453039,0.6892094417384789
137,0.5875,0.5472400000000001,0.6530299156226029,0.7667386609071274,0.6931455399061033,0.3786407766990291,0.6465408805031446,0.3502994011976048,0.873758865248227,0.3633559531153609,0.6925273679200381,0.6696428571428571,0.6013268998793727,0.6033519553072626,0.4926433282597666,0.25984251968503935,0.31989994441356306,0.46820921641065527,0.5995510662177329,0.8458830432231567,0.585635359116022,0.6937055076807793,0.6530299156226029,0.7667386609071274,0.6931455399061033,0.3786407766990291,0.6465408805031446,0.3502994011976048,0.873758865248227,0.3633559531153609,0.6925273679200381,0.6696428571428571,0.6013268998793727,0.6033519553072626,0.4926433282597666,0.25984251968503935,0.31989994441356306,0.46820921641065527,0.5995510662177329,0.8458830432231567,0.585635359116022,0.6937055076807793
138,0.5755,0.54059,0.6696497059575556,0.7738352360382598,0.6850704225352112,0.37540453074433655,0.6522012578616352,0.3338323353293413,0.873758865248227,0.36397285626156695,0.6739647786768206,0.6651785714285714,0.6230398069963812,0.6145251396648045,0.5367833587011669,0.23622047244094488,0.32518065591995554,0.4633482403266576,0.5059483726150393,0.8259338939956973,0.5082872928176796,0.7070063694267515,0.6696497059575556,0.7738352360382598,0.6850704225352112,0.37540453074433655,0.6522012578616352,0.3338323353293413,0.873758865248227,0.36397285626156695,0.6739647786768206,0.6651785714285714,0.6230398069963812,0.6145251396648045,0.5367833587011669,0.23622047244094488,0.32518065591995554,0.4633482403266576,0.5059483726150393,0.8259338939956973,0.5082872928176796,0.7070063694267515
139,0.5844,0.54443,0.6612119662490412,0.7834001851280469,0.699906103286385,0.42071197411003236,0.6427672955974842,0.33682634730538924,0.8808510638297873,0.34238124614435533,0.6834840552118039,0.6607142857142857,0.597708082026538,0.6061452513966481,0.48604769152714355,0.2677165354330709,0.35908838243468594,0.4781256076220105,0.5894500561167227,0.8451007236456093,0.585635359116022,0.6678531285125515,0.6612119662490412,0.7834001851280469,0.699906103286385,0.42071197411003236,0.6427672955974842,0.33682634730538924,0.8808510638297873,0.34238124614435533,0.6834840552118039,0.6607142857142857,0.597708082026538,0.6061452513966481,0.48604769152714355,0.2677165354330709,0.35908838243468594,0.4781256076220105,0.5894500561167227,0.8451007236456093,0.585635359116022,0.6678531285125515
140,0.5727,0.53948,0.6609562771669649,0.7642702869484727,0.6831924882629108,0.39158576051779936,0.6415094339622641,0.3413173652694611,0.8851063829787233,0.364589759407773,0.6858638743455497,0.6785714285714286,0.6130880579010857,0.6033519553072626,0.5312024353120244,0.2204724409448819,0.33657587548638135,0.45654287380906083,0.5270482603815937,0.8431449247017406,0.5359116022099447,0.6843387036343199,0.6609562771669649,0.7642702869484727,0.6831924882629108,0.39158576051779936,0.6415094339622641,0.3413173652694611,0.8851063829787233,0.364589759407773,0.6858638743455497,0.6785714285714286,0.6130880579010857,0.6033519553072626,0.5312024353120244,0.2204724409448819,0.33657587548638135,0.45654287380906083,0.5270482603815937,0.8431449247017406,0.5359116022099447,0.6843387036343199
141,0.583,0.54427,0.6722065967783175,0.7766121567417463,0.7269483568075117,0.3948220064724919,0.6534591194968553,0.3383233532934132,0.8822695035460993,0.3405305367057372,0.661113755354593,0.6964285714285714,0.6076598311218335,0.611731843575419,0.504312531709792,0.23622047244094488,0.339633129516398,0.4783200466653704,0.5658810325476992,0.8257383141013104,0.56353591160221,0.6569876358186587,0.6722065967783175,0.7766121567417463,0.7269483568075117,0.3948220064724919,0.6534591194968553,0.3383233532934132,0.8822695035460993,0.3405305367057372,0.661113755354593,0.6964285714285714,0.6076598311218335,0.611731843575419,0.504312531709792,0.23622047244094488,0.339633129516398,0.4783200466653704,0.5658810325476992,0.8257383141013104,0.56353591160221,0.6569876358186587
142,0.5745,0.54133,0.6601892099207364,0.7747608762727554,0.7123004694835681,0.42394822006472493,0.6295597484276729,0.3263473053892216,0.8765957446808511,0.35780382479950645,0.6853879105188005,0.6517857142857143,0.600422195416164,0.5865921787709497,0.5266362252663622,0.23622047244094488,0.3610339077265147,0.46120941084969863,0.5519640852974186,0.8468609426950909,0.5524861878453039,0.6766579243162233,0.6601892099207364,0.7747608762727554,0.7123004694835681,0.42394822006472493,0.6295597484276729,0.3263473053892216,0.8765957446808511,0.35780382479950645,0.6853879105188005,0.6517857142857143,0.600422195416164,0.5865921787709497,0.5266362252663622,0.23622047244094488,0.3610339077265147,0.46120941084969863,0.5519640852974186,0.8468609426950909,0.5524861878453039,0.6766579243162233
143,0.5698,0.53852,0.6647916133981079,0.7784634372107374,0.7051643192488263,0.4368932038834951,0.6408805031446541,0.3323353293413174,0.8709219858156029,0.3528685996298581,0.6853879105188005,0.65625,0.6106755126658625,0.5921787709497207,0.5398274987316083,0.2047244094488189,0.3610339077265147,0.4757923391016916,0.49023569023569025,0.8484255818501858,0.4861878453038674,0.6766579243162233,0.6647916133981079,0.7784634372107374,0.7051643192488263,0.4368932038834951,0.6408805031446541,0.3323353293413174,0.8709219858156029,0.3528685996298581,0.6853879105188005,0.65625,0.6106755126658625,0.5921787709497207,0.5398274987316083,0.2047244094488189,0.3610339077265147,0.4757923391016916,0.49023569023569025,0.8484255818501858,0.4861878453038674,0.6766579243162233
144,0.5881,0.54695,0.658399386346203,0.7611848195001543,0.7085446009389671,0.42071197411003236,0.6415094339622641,0.34880239520958084,0.8602836879432624,0.35903763109191855,0.6706330318895763,0.6741071428571429,0.6037394451145959,0.6005586592178771,0.49061390157280566,0.23622047244094488,0.35158421345191776,0.4555706785922613,0.6130190796857463,0.8437316643849012,0.5911602209944752,0.681341326339453,0.658399386346203,0.7611848195001543,0.7085446009389671,0.42071197411003236,0.6415094339622641,0.34880239520958084,0.8602836879432624,0.35903763109191855,0.6706330318895763,0.6741071428571429,0.6037394451145959,0.6005586592178771,0.49061390157280566,0.23622047244094488,0.35158421345191776,0.4555706785922613,0.6130190796857463,0.8437316643849012,0.5911602209944752,0.681341326339453
145,0.5791,0.5439499999999999,0.6814114037330606,0.7695155816106141,0.7046009389671362,0.40129449838187703,0.6540880503144654,0.3398203592814371,0.8638297872340426,0.3633559531153609,0.6577820085673489,0.6651785714285714,0.6311821471652593,0.6033519553072626,0.526128868594622,0.2047244094488189,0.3229571984435798,0.4742368267548124,0.5274971941638609,0.8179151183258361,0.5303867403314917,0.689396777819408,0.6814114037330606,0.7695155816106141,0.7046009389671362,0.40129449838187703,0.6540880503144654,0.3398203592814371,0.8638297872340426,0.3633559531153609,0.6577820085673489,0.6651785714285714,0.6311821471652593,0.6033519553072626,0.526128868594622,0.2047244094488189,0.3229571984435798,0.4742368267548124,0.5274971941638609,0.8179151183258361,0.5303867403314917,0.689396777819408
146,0.5915,0.54728,0.6704167732037842,0.7605677260104906,0.7179342723004695,0.42394822006472493,0.640251572327044,0.33682634730538924,0.8553191489361702,0.34608266502159163,0.6563541170871013,0.65625,0.603437876960193,0.6089385474860335,0.48604769152714355,0.2440944881889764,0.33351862145636463,0.4579039471125802,0.6049382716049383,0.8284764326227264,0.5966850828729282,0.6877107530910453,0.6704167732037842,0.7605677260104906,0.7179342723004695,0.42394822006472493,0.640251572327044,0.33682634730538924,0.8553191489361702,0.34608266502159163,0.6563541170871013,0.65625,0.603437876960193,0.6089385474860335,0.48604769152714355,0.2440944881889764,0.33351862145636463,0.4579039471125802,0.6049382716049383,0.8284764326227264,0.5966850828729282,0.6877107530910453
147,0.5816,0.5465,0.6601892099207364,0.781240357914224,0.6957746478873239,0.4077669902912621,0.6553459119496855,0.33532934131736525,0.8617021276595744,0.3750771128932758,0.709186101856259,0.6651785714285714,0.6010253317249699,0.5782122905027933,0.4824961948249619,0.2283464566929134,0.3362979433018344,0.47404238771145246,0.5874298540965207,0.8570310972032075,0.569060773480663,0.7047583364556014,0.6601892099207364,0.781240357914224,0.6957746478873239,0.4077669902912621,0.6553459119496855,0.33532934131736525,0.8617021276595744,0.3750771128932758,0.709186101856259,0.6651785714285714,0.6010253317249699,0.5782122905027933,0.4824961948249619,0.2283464566929134,0.3362979433018344,0.47404238771145246,0.5874298540965207,0.8570310972032075,0.569060773480663,0.7047583364556014
148,0.5835,0.54454,0.6650473024801841,0.7719839555692688,0.711737089201878,0.3851132686084142,0.6345911949685534,0.3383233532934132,0.8617021276595744,0.35780382479950645,0.6853879105188005,0.6517857142857143,0.5986127864897467,0.5921787709497207,0.5007610350076104,0.2440944881889764,0.3237909949972207,0.4660703869336963,0.5874298540965207,0.8478388421670252,0.569060773480663,0.6978269014612214,0.6650473024801841,0.7719839555692688,0.711737089201878,0.3851132686084142,0.6345911949685534,0.3383233532934132,0.8617021276595744,0.35780382479950645,0.6853879105188005,0.6517857142857143,0.5986127864897467,0.5921787709497207,0.5007610350076104,0.2440944881889764,0.3237909949972207,0.4660703869336963,0.5874298540965207,0.8478388421670252,0.569060773480663,0.6978269014612214
149,0.582,0.54305,0.6816670928151368,0.7704412218451095,0.7083568075117371,0.4045307443365696,0.6352201257861635,0.33682634730538924,0.8645390070921986,0.3584207279457125,0.6530223702998572,0.6741071428571429,0.6076598311218335,0.6201117318435754,0.5144596651445966,0.23622047244094488,0.35519733185102836,0.4639315574567373,0.5575757575757576,0.830432231566595,0.574585635359116,0.6680404645934807,0.6816670928151368,0.7704412218451095,0.7083568075117371,0.4045307443365696,0.6352201257861635,0.33682634730538924,0.8645390070921986,0.3584207279457125,0.6530223702998572,0.6741071428571429,0.6076598311218335,0.6201117318435754,0.5144596651445966,0.23622047244094488,0.35519733185102836,0.4639315574567373,0.5575757575757576,0.830432231566595,0.574585635359116,0.6680404645934807
150,0.5813,0.54506,0.6405011506008693,0.7457574822585622,0.6935211267605634,0.4368932038834951,0.6610062893081761,0.3413173652694611,0.8723404255319149,0.3849475632325725,0.7101380295097572,0.6517857142857143,0.6025331724969843,0.6005586592178771,0.4926433282597666,0.23622047244094488,0.3613118399110617,0.4608205327629788,0.6049382716049383,0.857813416780755,0.6243093922651933,0.6862120644436118,0.6405011506008693,0.7457574822585622,0.6935211267605634,0.4368932038834951,0.6610062893081761,0.3413173652694611,0.8723404255319149,0.3849475632325725,0.7101380295097572,0.6517857142857143,0.6025331724969843,0.6005586592178771,0.4926433282597666,0.23622047244094488,0.3613118399110617,0.4608205327629788,0.6049382716049383,0.857813416780755,0.6243093922651933,0.6862120644436118
151,0.5762,0.54197,0.6663257478905651,0.7661215674174637,0.7188732394366197,0.3883495145631068,0.6408805031446541,0.3248502994011976,0.8673758865248227,0.3596545342381246,0.6844359828653023,0.6607142857142857,0.6142943305186972,0.5810055865921788,0.5215626585489599,0.23622047244094488,0.3185102834908282,0.47676453431849114,0.5411896745230078,0.8310189712497555,0.5414364640883977,0.7036343199700262,0.6663257478905651,0.7661215674174637,0.7188732394366197,0.3883495145631068,0.6408805031446541,0.3248502994011976,0.8673758865248227,0.3596545342381246,0.6844359828653023,0.6607142857142857,0.6142943305186972,0.5810055865921788,0.5215626585489599,0.23622047244094488,0.3185102834908282,0.47676453431849114,0.5411896745230078,0.8310189712497555,0.5414364640883977,0.7036343199700262
152,0.5774,0.5418499999999999,0.6555868064433649,0.7707497685899414,0.7015962441314554,0.4563106796116505,0.6377358490566037,0.33532934131736525,0.8673758865248227,0.3541024059222702,0.6901475487862923,0.6383928571428571,0.5971049457177322,0.5977653631284916,0.5134449518011162,0.2204724409448819,0.3941078376876042,0.4890141940501653,0.5692480359147026,0.8503813807940543,0.585635359116022,0.6627950543274634,0.6555868064433649,0.7707497685899414,0.7015962441314554,0.4563106796116505,0.6377358490566037,0.33532934131736525,0.8673758865248227,0.3541024059222702,0.6901475487862923,0.6383928571428571,0.5971049457177322,0.5977653631284916,0.5134449518011162,0.2204724409448819,0.3941078376876042,0.4890141940501653,0.5692480359147026,0.8503813807940543,0.585635359116022,0.6627950543274634
153,0.5801,0.5472699999999999,0.6254154947583738,0.7432891082999075,0.7138028169014085,0.42071197411003236,0.6471698113207547,0.3323353293413174,0.8680851063829788,0.4028377544725478,0.737743931461209,0.6651785714285714,0.5983112183353438,0.5837988826815642,0.49518011161846776,0.23622047244094488,0.3471372984991662,0.4468209216410655,0.5986531986531987,0.8730686485429298,0.6022099447513812,0.706444361183964,0.6254154947583738,0.7432891082999075,0.7138028169014085,0.42071197411003236,0.6471698113207547,0.3323353293413174,0.8680851063829788,0.4028377544725478,0.737743931461209,0.6651785714285714,0.5983112183353438,0.5837988826815642,0.49518011161846776,0.23622047244094488,0.3471372984991662,0.4468209216410655,0.5986531986531987,0.8730686485429298,0.6022099447513812,0.706444361183964
154,0.5774,0.54108,0.6798772692406034,0.787102746066029,0.6850704225352112,0.42394822006472493,0.6194968553459119,0.32335329341317365,0.875177304964539,0.3504009870450339,0.681104236078058,0.6160714285714286,0.6022316043425814,0.6005586592178771,0.519533231861999,0.23622047244094488,0.3624235686492496,0.49465292630760255,0.5326599326599326,0.838646587130843,0.5414364640883977,0.6804046459348071,0.6798772692406034,0.787102746066029,0.6850704225352112,0.42394822006472493,0.6194968553459119,0.32335329341317365,0.875177304964539,0.3504009870450339,0.681104236078058,0.6160714285714286,0.6022316043425814,0.6005586592178771,0.519533231861999,0.23622047244094488,0.3624235686492496,0.49465292630760255,0.5326599326599326,0.838646587130843,0.5414364640883977,0.6804046459348071
155,0.5782,0.54216,0.6647916133981079,0.7584078987966677,0.6982159624413146,0.3883495145631068,0.6364779874213836,0.3338323353293413,0.8539007092198582,0.35780382479950645,0.6796763445978106,0.6383928571428571,0.6109770808202654,0.5977653631284916,0.5286656519533232,0.25196850393700787,0.31739855475264034,0.4720979972778534,0.5582491582491582,0.8298454918834344,0.569060773480663,0.7188085425252904,0.6647916133981079,0.7584078987966677,0.6982159624413146,0.3883495145631068,0.6364779874213836,0.3338323353293413,0.8539007092198582,0.35780382479950645,0.6796763445978106,0.6383928571428571,0.6109770808202654,0.5977653631284916,0.5286656519533232,0.25196850393700787,0.31739855475264034,0.4720979972778534,0.5582491582491582,0.8298454918834344,0.569060773480663,0.7188085425252904
156,0.5824,0.54506,0.668882638711327,0.7701326751002777,0.6865727699530516,0.40129449838187703,0.6446540880503144,0.3338323353293413,0.8723404255319149,0.3541024059222702,0.6858638743455497,0.65625,0.6037394451145959,0.5893854748603352,0.49822425164890916,0.2283464566929134,0.33740967204002226,0.4759867781450515,0.5914702581369248,0.8398200664971641,0.580110497237569,0.6993255901086549,0.668882638711327,0.7701326751002777,0.6865727699530516,0.40129449838187703,0.6446540880503144,0.3338323353293413,0.8723404255319149,0.3541024059222702,0.6858638743455497,0.65625,0.6037394451145959,0.5893854748603352,0.49822425164890916,0.2283464566929134,0.33740967204002226,0.4759867781450515,0.5914702581369248,0.8398200664971641,0.580110497237569,0.6993255901086549
157,0.5829,0.5453300000000001,0.6678598823830223,0.7744523295279235,0.7215023474178404,0.4110032362459547,0.6333333333333333,0.32934131736526945,0.874468085106383,0.35903763109191855,0.6758686339838172,0.6517857142857143,0.5965018094089264,0.6033519553072626,0.5124302384576357,0.2440944881889764,0.35352973874374655,0.4594594594594595,0.5647586980920314,0.838451007236456,0.5469613259668509,0.6832146871487449,0.6678598823830223,0.7744523295279235,0.7215023474178404,0.4110032362459547,0.6333333333333333,0.32934131736526945,0.874468085106383,0.35903763109191855,0.6758686339838172,0.6517857142857143,0.5965018094089264,0.6033519553072626,0.5124302384576357,0.2440944881889764,0.35352973874374655,0.4594594594594595,0.5647586980920314,0.838451007236456,0.5469613259668509,0.6832146871487449
158,0.5802,0.54374,0.6607005880848887,0.7710583153347732,0.687699530516432,0.42718446601941745,0.6534591194968553,0.3323353293413174,0.8673758865248227,0.35903763109191855,0.6977629700142789,0.65625,0.6055488540410132,0.5810055865921788,0.49518011161846776,0.2125984251968504,0.3718732629238466,0.4664592650204161,0.5934904601571268,0.8570310972032075,0.574585635359116,0.6895841139003372,0.6607005880848887,0.7710583153347732,0.687699530516432,0.42718446601941745,0.6534591194968553,0.3323353293413174,0.8673758865248227,0.35903763109191855,0.6977629700142789,0.65625,0.6055488540410132,0.5810055865921788,0.49518011161846776,0.2125984251968504,0.3718732629238466,0.4664592650204161,0.5934904601571268,0.8570310972032075,0.574585635359116,0.6895841139003372
159,0.5762,0.53946,0.6739964203528509,0.7806232644245603,0.6694835680751173,0.40129449838187703,0.6572327044025157,0.32335329341317365,0.8695035460992908,0.35471930906847626,0.6839600190385531,0.6696428571428571,0.6170084439083233,0.6033519553072626,0.4992389649923896,0.2047244094488189,0.3602001111728738,0.49193077970056387,0.5654320987654321,0.8337570897711716,0.5414364640883977,0.6944548520044961,0.6739964203528509,0.7806232644245603,0.6694835680751173,0.40129449838187703,0.6572327044025157,0.32335329341317365,0.8695035460992908,0.35471930906847626,0.6839600190385531,0.6696428571428571,0.6170084439083233,0.6033519553072626,0.4992389649923896,0.2047244094488189,0.3602001111728738,0.49193077970056387,0.5654320987654321,0.8337570897711716,0.5414364640883977,0.6944548520044961
160,0.5831,0.54749,0.6458706213244695,0.7473002159827213,0.6905164319248827,0.4045307443365696,0.660377358490566,0.32934131736526945,0.8787234042553191,0.3775447254780999,0.709186101856259,0.6830357142857143,0.609167671893848,0.5949720670391061,0.5048198883815322,0.23622047244094488,0.3621456364647026,0.464514874586817,0.5890011223344557,0.8632896538235869,0.5524861878453039,0.7045710003746721,0.6458706213244695,0.7473002159827213,0.6905164319248827,0.4045307443365696,0.660377358490566,0.32934131736526945,0.8787234042553191,0.3775447254780999,0.709186101856259,0.6830357142857143,0.609167671893848,0.5949720670391061,0.5048198883815322,0.23622047244094488,0.3621456364647026,0.464514874586817,0.5890011223344557,0.8632896538235869,0.5524861878453039,0.7045710003746721
161,0.5791,0.54437,0.6668371260547175,0.7611848195001543,0.7064788732394366,0.3948220064724919,0.6547169811320754,0.34880239520958084,0.8730496453900709,0.364589759407773,0.6792003807710614,0.6741071428571429,0.614897466827503,0.6229050279329609,0.5159817351598174,0.2125984251968504,0.33407448582545857,0.4866809255298464,0.5631874298540965,0.8273029532564052,0.5469613259668509,0.6970775571375046,0.6668371260547175,0.7611848195001543,0.7064788732394366,0.3948220064724919,0.6547169811320754,0.34880239520958084,0.8730496453900709,0.364589759407773,0.6792003807710614,0.6741071428571429,0.614897466827503,0.6229050279329609,0.5159817351598174,0.2125984251968504,0.33407448582545857,0.4866809255298464,0.5631874298540965,0.8273029532564052,0.5469613259668509,0.6970775571375046
162,0.5814,0.5445800000000001,0.6658143697264127,0.7701326751002777,0.7008450704225352,0.4077669902912621,0.6484276729559748,0.33532934131736525,0.8794326241134752,0.34978408389882787,0.6768205616373155,0.65625,0.6145958986731002,0.6145251396648045,0.5017757483510908,0.2283464566929134,0.36464702612562533,0.4870698036165662,0.5551066217732884,0.8364952082925875,0.5414364640883977,0.6755339078306482,0.6658143697264127,0.7701326751002777,0.7008450704225352,0.4077669902912621,0.6484276729559748,0.33532934131736525,0.8794326241134752,0.34978408389882787,0.6768205616373155,0.65625,0.6145958986731002,0.6145251396648045,0.5017757483510908,0.2283464566929134,0.36464702612562533,0.4870698036165662,0.5551066217732884,0.8364952082925875,0.5414364640883977,0.6755339078306482
163,0.5732,0.54173,0.6484275121452314,0.7506942301758717,0.7149295774647887,0.4174757281553398,0.6220125786163522,0.344311377245509,0.875177304964539,0.3689080814312153,0.7034745359352689,0.65625,0.6073582629674307,0.6145251396648045,0.5469304921359716,0.25196850393700787,0.35519733185102836,0.48143107135912894,0.5281705948372615,0.8499902210052807,0.5138121546961326,0.7010116148370176,0.6484275121452314,0.7506942301758717,0.7149295774647887,0.4174757281553398,0.6220125786163522,0.344311377245509,0.875177304964539,0.3689080814312153,0.7034745359352689,0.65625,0.6073582629674307,0.6145251396648045,0.5469304921359716,0.25196850393700787,0.35519733185102836,0.48143107135912894,0.5281705948372615,0.8499902210052807,0.5138121546961326,0.7010116148370176
164,0.5854,0.54525,0.6716952186141651,0.7587164455414995,0.7061032863849765,0.40129449838187703,0.6415094339622641,0.3383233532934132,0.8716312056737588,0.3491671807526218,0.6534983341266064,0.6651785714285714,0.6230398069963812,0.6256983240223464,0.512937595129376,0.25196850393700787,0.34130072262367983,0.48590316935640676,0.582267115600449,0.8120477214942304,0.56353591160221,0.6751592356687898,0.6716952186141651,0.7587164455414995,0.7061032863849765,0.40129449838187703,0.6415094339622641,0.3383233532934132,0.8716312056737588,0.3491671807526218,0.6534983341266064,0.6651785714285714,0.6230398069963812,0.6256983240223464,0.512937595129376,0.25196850393700787,0.34130072262367983,0.48590316935640676,0.582267115600449,0.8120477214942304,0.56353591160221,0.6751592356687898
165,0.5817,0.54603,0.6499616466376885,0.7688984881209503,0.7044131455399061,0.4368932038834951,0.6415094339622641,0.3398203592814371,0.875177304964539,0.36705737199259714,0.7106139933365064,0.6696428571428571,0.5958986731001207,0.5837988826815642,0.49822425164890916,0.2204724409448819,0.38048916064480265,0.48804199883336574,0.603591470258137,0.8580089966751417,0.574585635359116,0.67740726863994,0.6499616466376885,0.7688984881209503,0.7044131455399061,0.4368932038834951,0.6415094339622641,0.3398203592814371,0.875177304964539,0.36705737199259714,0.7106139933365064,0.6696428571428571,0.5958986731001207,0.5837988826815642,0.49822425164890916,0.2204724409448819,0.38048916064480265,0.48804199883336574,0.603591470258137,0.8580089966751417,0.574585635359116,0.67740726863994
166,0.5855,0.5429,0.6865251853745845,0.7747608762727554,0.7015962441314554,0.4110032362459547,0.6352201257861635,0.3278443113772455,0.8723404255319149,0.3207896360271437,0.6520704426463588,0.65625,0.6151990349819059,0.6368715083798883,0.5210553018772197,0.2283464566929134,0.3443579766536965,0.5032082442154384,0.5432098765432098,0.8077449638177195,0.5248618784530387,0.6899587860621956,0.6865251853745845,0.7747608762727554,0.7015962441314554,0.4110032362459547,0.6352201257861635,0.3278443113772455,0.8723404255319149,0.3207896360271437,0.6520704426463588,0.65625,0.6151990349819059,0.6368715083798883,0.5210553018772197,0.2283464566929134,0.3443579766536965,0.5032082442154384,0.5432098765432098,0.8077449638177195,0.5248618784530387,0.6899587860621956
167,0.5812,0.54487,0.6783431347481462,0.7722925023141006,0.7006572769953051,0.4110032362459547,0.6421383647798742,0.3413173652694611,0.8773049645390071,0.36027143738433065,0.6739647786768206,0.6607142857142857,0.6155006031363088,0.6061452513966481,0.5078640284119736,0.23622047244094488,0.34213451917732074,0.4866809255298464,0.573063973063973,0.8306278114609819,0.5469613259668509,0.6878980891719745,0.6783431347481462,0.7722925023141006,0.7006572769953051,0.4110032362459547,0.6421383647798742,0.3413173652694611,0.8773049645390071,0.36027143738433065,0.6739647786768206,0.6607142857142857,0.6155006031363088,0.6061452513966481,0.5078640284119736,0.23622047244094488,0.34213451917732074,0.4866809255298464,0.573063973063973,0.8306278114609819,0.5469613259668509,0.6878980891719745
168,0.5779,0.54323,0.6543083610329838,0.767664301141623,0.7030985915492958,0.42718446601941745,0.6276729559748427,0.33532934131736525,0.8723404255319149,0.3633559531153609,0.709186101856259,0.6205357142857143,0.5880579010856454,0.5810055865921788,0.5053272450532724,0.23622047244094488,0.3660366870483602,0.4773478514485709,0.5912457912457912,0.8652454527674555,0.5524861878453039,0.7015736230798052,0.6543083610329838,0.767664301141623,0.7030985915492958,0.42718446601941745,0.6276729559748427,0.33532934131736525,0.8723404255319149,0.3633559531153609,0.709186101856259,0.6205357142857143,0.5880579010856454,0.5810055865921788,0.5053272450532724,0.23622047244094488,0.3660366870483602,0.4773478514485709,0.5912457912457912,0.8652454527674555,0.5524861878453039,0.7015736230798052
169,0.5929,0.54952,0.6883150089491179,0.7843258253625425,0.7049765258215962,0.3883495145631068,0.6534591194968553,0.3398203592814371,0.8829787234042553,0.3325107958050586,0.6420752022846263,0.6294642857142857,0.6167068757539204,0.6340782122905028,0.48452562151192285,0.2440944881889764,0.3157309616453585,0.5057359517791172,0.6195286195286195,0.8077449638177195,0.6132596685082873,0.6721618583739228,0.6883150089491179,0.7843258253625425,0.7049765258215962,0.3883495145631068,0.6534591194968553,0.3398203592814371,0.8829787234042553,0.3325107958050586,0.6420752022846263,0.6294642857142857,0.6167068757539204,0.6340782122905028,0.48452562151192285,0.2440944881889764,0.3157309616453585,0.5057359517791172,0.6195286195286195,0.8077449638177195,0.6132596685082873,0.6721618583739228
170,0.5635,0.53676,0.6527742265405267,0.7565566183276766,0.7029107981220657,0.44660194174757284,0.6383647798742138,0.3323353293413174,0.8723404255319149,0.3726095003084516,0.7044264635887673,0.6651785714285714,0.6197225572979493,0.5726256983240223,0.5575849822425165,0.2047244094488189,0.377153974430239,0.4713202411044138,0.4785634118967452,0.8627029141404263,0.4972375690607735,0.6972648932184339,0.6527742265405267,0.7565566183276766,0.7029107981220657,0.44660194174757284,0.6383647798742138,0.3323353293413174,0.8723404255319149,0.3726095003084516,0.7044264635887673,0.6651785714285714,0.6197225572979493,0.5726256983240223,0.5575849822425165,0.2047244094488189,0.377153974430239,0.4713202411044138,0.4785634118967452,0.8627029141404263,0.4972375690607735,0.6972648932184339
171,0.5909,0.5456799999999999,0.681922781897213,0.7682813946312866,0.68018779342723,0.4368932038834951,0.6408805031446541,0.33682634730538924,0.8624113475177305,0.34361505243676743,0.6534983341266064,0.65625,0.6058504221954162,0.6145251396648045,0.4809741248097412,0.2440944881889764,0.3471372984991662,0.4847365350962473,0.6242424242424243,0.8132212008605515,0.6022099447513812,0.6993255901086549,0.681922781897213,0.7682813946312866,0.68018779342723,0.4368932038834951,0.6408805031446541,0.33682634730538924,0.8624113475177305,0.34361505243676743,0.6534983341266064,0.65625,0.6058504221954162,0.6145251396648045,0.4809741248097412,0.2440944881889764,0.3471372984991662,0.4847365350962473,0.6242424242424243,0.8132212008605515,0.6022099447513812,0.6993255901086549
172,0.5888,0.54591,0.6745077985170034,0.7673557543967912,0.7083568075117371,0.4045307443365696,0.6283018867924528,0.3323353293413174,0.8617021276595744,0.32387415175817397,0.6634935744883389,0.6473214285714286,0.6073582629674307,0.5893854748603352,0.4926433282597666,0.2677165354330709,0.3649249583101723,0.4950418043943224,0.6049382716049383,0.822217876002347,0.5580110497237569,0.6948295241663545,0.6745077985170034,0.7673557543967912,0.7083568075117371,0.4045307443365696,0.6283018867924528,0.3323353293413174,0.8617021276595744,0.32387415175817397,0.6634935744883389,0.6473214285714286,0.6073582629674307,0.5893854748603352,0.4926433282597666,0.2677165354330709,0.3649249583101723,0.4950418043943224,0.6049382716049383,0.822217876002347,0.5580110497237569,0.6948295241663545
173,0.5718,0.54062,0.6509844029659934,0.7621104597346497,0.6792488262910799,0.4174757281553398,0.6295597484276729,0.3323353293413174,0.8680851063829788,0.36952498457742133,0.7010947168015231,0.6696428571428571,0.6052472858866104,0.5837988826815642,0.5215626585489599,0.2283464566929134,0.3499166203446359,0.4818199494458487,0.555331088664422,0.8554664580481126,0.5303867403314917,0.7116897714499812,0.6509844029659934,0.7621104597346497,0.6792488262910799,0.4174757281553398,0.6295597484276729,0.3323353293413174,0.8680851063829788,0.36952498457742133,0.7010947168015231,0.6696428571428571,0.6052472858866104,0.5837988826815642,0.5215626585489599,0.2283464566929134,0.3499166203446359,0.4818199494458487,0.555331088664422,0.8554664580481126,0.5303867403314917,0.7116897714499812
174,0.5809,0.5435399999999999,0.6668371260547175,0.7611848195001543,0.6931455399061033,0.39158576051779936,0.6389937106918239,0.3473053892215569,0.8843971631205674,0.34361505243676743,0.672536887196573,0.6830357142857143,0.6145958986731002,0.6005586592178771,0.49974632166412986,0.2440944881889764,0.3463035019455253,0.4995139023916002,0.5762065095398429,0.8280852728339527,0.5580110497237569,0.7115024353690521,0.6668371260547175,0.7611848195001543,0.6931455399061033,0.39158576051779936,0.6389937106918239,0.3473053892215569,0.8843971631205674,0.34361505243676743,0.672536887196573,0.6830357142857143,0.6145958986731002,0.6005586592178771,0.49974632166412986,0.2440944881889764,0.3463035019455253,0.4995139023916002,0.5762065095398429,0.8280852728339527,0.5580110497237569,0.7115024353690521
175,0.5772,0.54172,0.6683712605471747,0.7605677260104906,0.6965258215962441,0.4110032362459547,0.6377358490566037,0.3458083832335329,0.8787234042553191,0.34855027760641577,0.6701570680628273,0.6696428571428571,0.6188178528347407,0.6033519553072626,0.5322171486555048,0.2440944881889764,0.34380211228460256,0.49426404822088277,0.5530864197530864,0.8247604146293761,0.5248618784530387,0.6826526789059573,0.6683712605471747,0.7605677260104906,0.6965258215962441,0.4110032362459547,0.6377358490566037,0.3458083832335329,0.8787234042553191,0.34855027760641577,0.6701570680628273,0.6696428571428571,0.6188178528347407,0.6033519553072626,0.5322171486555048,0.2440944881889764,0.34380211228460256,0.49426404822088277,0.5530864197530864,0.8247604146293761,0.5248618784530387,0.6826526789059573
176,0.5769,0.54216,0.6658143697264127,0.751928417155199,0.6993427230046948,0.46601941747572817,0.640251572327044,0.3338323353293413,0.875886524822695,0.3608883405305367,0.6901475487862923,0.6696428571428571,0.6112786489746683,0.6145251396648045,0.5088787417554541,0.28346456692913385,0.3765981100611451,0.48143107135912894,0.5654320987654321,0.838451007236456,0.5580110497237569,0.6965155488947171,0.6658143697264127,0.751928417155199,0.6993427230046948,0.46601941747572817,0.640251572327044,0.3338323353293413,0.875886524822695,0.3608883405305367,0.6901475487862923,0.6696428571428571,0.6112786489746683,0.6145251396648045,0.5088787417554541,0.28346456692913385,0.3765981100611451,0.48143107135912894,0.5654320987654321,0.838451007236456,0.5580110497237569,0.6965155488947171
177,0.5818,0.54311,0.6842239836358988,0.7741437827830916,0.7115492957746479,0.3883495145631068,0.6421383647798742,0.3398203592814371,0.8702127659574468,0.3392967304133251,0.6463588767253688,0.6696428571428571,0.6218335343787696,0.6033519553072626,0.5104008117706748,0.2677165354330709,0.32795997776542524,0.5061248298658371,0.5952861952861953,0.8091140230784275,0.5966850828729282,0.6790932933683027,0.6842239836358988,0.7741437827830916,0.7115492957746479,0.3883495145631068,0.6421383647798742,0.3398203592814371,0.8702127659574468,0.3392967304133251,0.6463588767253688,0.6696428571428571,0.6218335343787696,0.6033519553072626,0.5104008117706748,0.2677165354330709,0.32795997776542524,0.5061248298658371,0.5952861952861953,0.8091140230784275,0.5966850828729282,0.6790932933683027
178,0.5799,0.5435399999999999,0.6522628483763744,0.7639617402036408,0.6884507042253522,0.3883495145631068,0.6377358490566037,0.3413173652694611,0.8808510638297873,0.3571869216533004,0.7039504997620181,0.6741071428571429,0.6079613992762364,0.6005586592178771,0.5032978183663115,0.25984251968503935,0.34741523068371316,0.48804199883336574,0.5925925925925926,0.8472521024838646,0.5966850828729282,0.7148744848257774,0.6522628483763744,0.7639617402036408,0.6884507042253522,0.3883495145631068,0.6377358490566037,0.3413173652694611,0.8808510638297873,0.3571869216533004,0.7039504997620181,0.6741071428571429,0.6079613992762364,0.6005586592178771,0.5032978183663115,0.25984251968503935,0.34741523068371316,0.48804199883336574,0.5925925925925926,0.8472521024838646,0.5966850828729282,0.7148744848257774
179,0.5686,0.53849,0.6716952186141651,0.80067880283863,0.6961502347417841,0.4077669902912621,0.630817610062893,0.3323353293413174,0.8702127659574468,0.3541024059222702,0.6944312232270348,0.6428571428571429,0.6094692400482509,0.5782122905027933,0.5367833587011669,0.2440944881889764,0.339911061700945,0.5224577095080692,0.5252525252525253,0.849599061216507,0.5082872928176796,0.6826526789059573,0.6716952186141651,0.80067880283863,0.6961502347417841,0.4077669902912621,0.630817610062893,0.3323353293413174,0.8702127659574468,0.3541024059222702,0.6944312232270348,0.6428571428571429,0.6094692400482509,0.5782122905027933,0.5367833587011669,0.2440944881889764,0.339911061700945,0.5224577095080692,0.5252525252525253,0.849599061216507,0.5082872928176796,0.6826526789059573
180,0.582,0.5464100000000001,0.6655586806443365,0.7738352360382598,0.7004694835680751,0.3948220064724919,0.6459119496855346,0.33083832335329344,0.8673758865248227,0.38741517581739665,0.6963350785340314,0.65625,0.6010253317249699,0.5921787709497207,0.49213597158802636,0.28346456692913385,0.33824346859366317,0.50009721952168,0.6206509539842873,0.8470565225894778,0.6022099447513812,0.6987635818658674,0.6655586806443365,0.7738352360382598,0.7004694835680751,0.3948220064724919,0.6459119496855346,0.33083832335329344,0.8673758865248227,0.38741517581739665,0.6963350785340314,0.65625,0.6010253317249699,0.5921787709497207,0.49213597158802636,0.28346456692913385,0.33824346859366317,0.50009721952168,0.6206509539842873,0.8470565225894778,0.6022099447513812,0.6987635818658674
181,0.5759,0.5422100000000001,0.6803886474047558,0.7892625732798519,0.7002816901408451,0.3883495145631068,0.6352201257861635,0.32335329341317365,0.8702127659574468,0.35101789019123997,0.6882436934792956,0.6517857142857143,0.6094692400482509,0.5977653631284916,0.5388127853881278,0.25196850393700787,0.34936075597554195,0.49620843865448183,0.5405162738496072,0.8419714453354196,0.5359116022099447,0.6985762457849382,0.6803886474047558,0.7892625732798519,0.7002816901408451,0.3883495145631068,0.6352201257861635,0.32335329341317365,0.8702127659574468,0.35101789019123997,0.6882436934792956,0.6517857142857143,0.6094692400482509,0.5977653631284916,0.5388127853881278,0.25196850393700787,0.34936075597554195,0.49620843865448183,0.5405162738496072,0.8419714453354196,0.5359116022099447,0.6985762457849382
182,0.577,0.5442400000000001,0.6481718230631552,0.7648873804381364,0.6858215962441314,0.459546925566343,0.670440251572327,0.33083832335329344,0.8730496453900709,0.3473164713140037,0.7077582103760114,0.6517857142857143,0.620627261761158,0.5810055865921788,0.5200405885337392,0.25984251968503935,0.4027237354085603,0.4927085358740035,0.5665544332210999,0.8527283395266967,0.5580110497237569,0.6892094417384789,0.6481718230631552,0.7648873804381364,0.6858215962441314,0.459546925566343,0.670440251572327,0.33083832335329344,0.8730496453900709,0.3473164713140037,0.7077582103760114,0.6517857142857143,0.620627261761158,0.5810055865921788,0.5200405885337392,0.25984251968503935,0.4027237354085603,0.4927085358740035,0.5665544332210999,0.8527283395266967,0.5580110497237569,0.6892094417384789
183,0.5832,0.54438,0.6829455382255177,0.7707497685899414,0.7066666666666667,0.40129449838187703,0.6257861635220126,0.3383233532934132,0.8787234042553191,0.34238124614435533,0.666825321275583,0.6339285714285714,0.5955971049457177,0.61731843575419,0.519533231861999,0.2677165354330709,0.3435241801000556,0.48726424265992613,0.5831649831649832,0.8314101310385292,0.580110497237569,0.7025103034844511,0.6829455382255177,0.7707497685899414,0.7066666666666667,0.40129449838187703,0.6257861635220126,0.3383233532934132,0.8787234042553191,0.34238124614435533,0.666825321275583,0.6339285714285714,0.5955971049457177,0.61731843575419,0.519533231861999,0.2677165354330709,0.3435241801000556,0.48726424265992613,0.5831649831649832,0.8314101310385292,0.580110497237569,0.7025103034844511
184,0.5794,0.54409,0.6632574789056507,0.7719839555692688,0.7049765258215962,0.42071197411003236,0.6427672955974842,0.3458083832335329,0.8865248226950354,0.38186304750154226,0.694907187053784,0.6696428571428571,0.6031363088057901,0.5893854748603352,0.5083713850837138,0.25984251968503935,0.35102834908282377,0.47345907058137277,0.5910213243546577,0.8544885585761783,0.580110497237569,0.6912701386286999,0.6632574789056507,0.7719839555692688,0.7049765258215962,0.42071197411003236,0.6427672955974842,0.3458083832335329,0.8865248226950354,0.38186304750154226,0.694907187053784,0.6696428571428571,0.6031363088057901,0.5893854748603352,0.5083713850837138,0.25984251968503935,0.35102834908282377,0.47345907058137277,0.5910213243546577,0.8544885585761783,0.580110497237569,0.6912701386286999
185,0.5802,0.54345,0.6757862439273843,0.7747608762727554,0.7089201877934272,0.41423948220064727,0.6396226415094339,0.3458083832335329,0.8829787234042553,0.3479333744602097,0.6692051404093289,0.6473214285714286,0.612183353437877,0.61731843575419,0.5235920852359208,0.2677165354330709,0.34741523068371316,0.4894030721368851,0.5470258136924804,0.8255427342069235,0.5303867403314917,0.692394155114275,0.6757862439273843,0.7747608762727554,0.7089201877934272,0.41423948220064727,0.6396226415094339,0.3458083832335329,0.8829787234042553,0.3479333744602097,0.6692051404093289,0.6473214285714286,0.612183353437877,0.61731843575419,0.5235920852359208,0.2677165354330709,0.34741523068371316,0.4894030721368851,0.5470258136924804,0.8255427342069235,0.5303867403314917,0.692394155114275
186,0.5799,0.5433399999999999,0.6566095627716696,0.7679728478864548,0.6987793427230047,0.459546925566343,0.640251572327044,0.3398203592814371,0.8765957446808511,0.35903763109191855,0.7025226082817706,0.65625,0.5971049457177322,0.5921787709497207,0.48756976154236426,0.2440944881889764,0.38743746525847694,0.48823643787672566,0.6053872053872054,0.8542929786817915,0.580110497237569,0.6895841139003372,0.6566095627716696,0.7679728478864548,0.6987793427230047,0.459546925566343,0.640251572327044,0.3398203592814371,0.8765957446808511,0.35903763109191855,0.7025226082817706,0.65625,0.5971049457177322,0.5921787709497207,0.48756976154236426,0.2440944881889764,0.38743746525847694,0.48823643787672566,0.6053872053872054,0.8542929786817915,0.580110497237569,0.6895841139003372
187,0.5777,0.5419799999999999,0.6665814369726413,0.7633446467139772,0.7130516431924883,0.40129449838187703,0.6213836477987421,0.3502994011976048,0.8709219858156029,0.35101789019123997,0.6925273679200381,0.65625,0.6076598311218335,0.5977653631284916,0.5449010654490106,0.25196850393700787,0.32795997776542524,0.49329185300408324,0.5510662177328844,0.833170350088011,0.5193370165745856,0.7159985013113526,0.6665814369726413,0.7633446467139772,0.7130516431924883,0.40129449838187703,0.6213836477987421,0.3502994011976048,0.8709219858156029,0.35101789019123997,0.6925273679200381,0.65625,0.6076598311218335,0.5977653631284916,0.5449010654490106,0.25196850393700787,0.32795997776542524,0.49329185300408324,0.5510662177328844,0.833170350088011,0.5193370165745856,0.7159985013113526
188,0.5777,0.54227,0.668882638711327,0.7729095958037643,0.6873239436619718,0.42718446601941745,0.6245283018867924,0.3383233532934132,0.8794326241134752,0.3621221468229488,0.6849119466920514,0.6428571428571429,0.591978287092883,0.611731843575419,0.510908168442415,0.25196850393700787,0.35714285714285715,0.48065331518568927,0.5838383838383838,0.8447095638568355,0.5580110497237569,0.6811539902585237,0.668882638711327,0.7729095958037643,0.6873239436619718,0.42718446601941745,0.6245283018867924,0.3383233532934132,0.8794326241134752,0.3621221468229488,0.6849119466920514,0.6428571428571429,0.591978287092883,0.611731843575419,0.510908168442415,0.25196850393700787,0.35714285714285715,0.48065331518568927,0.5838383838383838,0.8447095638568355,0.5580110497237569,0.6811539902585237
189,0.5827,0.54217,0.6650473024801841,0.7547053378586855,0.711737089201878,0.44336569579288027,0.6345911949685534,0.3473053892215569,0.8765957446808511,0.33066008636644045,0.6577820085673489,0.65625,0.6073582629674307,0.6229050279329609,0.5149670218163369,0.2283464566929134,0.36964980544747084,0.4921252187439238,0.6,0.8218267162135733,0.5966850828729282,0.6760959160734358,0.6650473024801841,0.7547053378586855,0.711737089201878,0.44336569579288027,0.6345911949685534,0.3473053892215569,0.8765957446808511,0.33066008636644045,0.6577820085673489,0.65625,0.6073582629674307,0.6229050279329609,0.5149670218163369,0.2283464566929134,0.36964980544747084,0.4921252187439238,0.6,0.8218267162135733,0.5966850828729282,0.6760959160734358
190,0.5721,0.5399200000000001,0.6655586806443365,0.7803147176797285,0.6925821596244132,0.4045307443365696,0.6327044025157232,0.34880239520958084,0.8638297872340426,0.36644046884639114,0.7034745359352689,0.65625,0.603437876960193,0.5921787709497207,0.5124302384576357,0.23622047244094488,0.32240133407448585,0.5030138051720785,0.5925925925925926,0.8511637003716018,0.5469613259668509,0.7098164106406893,0.6655586806443365,0.7803147176797285,0.6925821596244132,0.4045307443365696,0.6327044025157232,0.34880239520958084,0.8638297872340426,0.36644046884639114,0.7034745359352689,0.65625,0.603437876960193,0.5921787709497207,0.5124302384576357,0.23622047244094488,0.32240133407448585,0.5030138051720785,0.5925925925925926,0.8511637003716018,0.5469613259668509,0.7098164106406893
191,0.5785,0.54244,0.6824341600613654,0.7855600123418698,0.6897652582159625,0.42394822006472493,0.650314465408805,0.3458083832335329,0.8730496453900709,0.3504009870450339,0.6625416468348405,0.6741071428571429,0.6191194209891435,0.6089385474860335,0.5053272450532724,0.2677165354330709,0.3576987215119511,0.4985417071748007,0.5934904601571268,0.8274985331507921,0.56353591160221,0.681341326339453,0.6824341600613654,0.7855600123418698,0.6897652582159625,0.42394822006472493,0.650314465408805,0.3458083832335329,0.8730496453900709,0.3504009870450339,0.6625416468348405,0.6741071428571429,0.6191194209891435,0.6089385474860335,0.5053272450532724,0.2677165354330709,0.3576987215119511,0.4985417071748007,0.5934904601571268,0.8274985331507921,0.56353591160221,0.681341326339453
192,0.5786,0.5422100000000001,0.6642802352339555,0.7732181425485961,0.711737089201878,0.4368932038834951,0.6364779874213836,0.34880239520958084,0.8865248226950354,0.3362122146822949,0.6910994764397905,0.6651785714285714,0.5974065138721351,0.6284916201117319,0.5256215119228818,0.2677165354330709,0.3688160088938299,0.4952362434376823,0.5616161616161616,0.8353217289262663,0.5580110497237569,0.6925814911952042,0.6642802352339555,0.7732181425485961,0.711737089201878,0.4368932038834951,0.6364779874213836,0.34880239520958084,0.8865248226950354,0.3362122146822949,0.6910994764397905,0.6651785714285714,0.5974065138721351,0.6284916201117319,0.5256215119228818,0.2677165354330709,0.3688160088938299,0.4952362434376823,0.5616161616161616,0.8353217289262663,0.5580110497237569,0.6925814911952042
193,0.5826,0.5448999999999999,0.6706724622858604,0.7670472076519592,0.7100469483568075,0.40129449838187703,0.6465408805031446,0.3458083832335329,0.8723404255319149,0.3744602097470697,0.6701570680628273,0.6964285714285714,0.6191194209891435,0.6145251396648045,0.5032978183663115,0.2440944881889764,0.33324068927181766,0.48143107135912894,0.6033670033670033,0.826325053784471,0.574585635359116,0.7047583364556014,0.6706724622858604,0.7670472076519592,0.7100469483568075,0.40129449838187703,0.6465408805031446,0.3458083832335329,0.8723404255319149,0.3744602097470697,0.6701570680628273,0.6964285714285714,0.6191194209891435,0.6145251396648045,0.5032978183663115,0.2440944881889764,0.33324068927181766,0.48143107135912894,0.6033670033670033,0.826325053784471,0.574585635359116,0.7047583364556014
194,0.5779,0.54364,0.6607005880848887,0.7658130206726319,0.7021596244131455,0.47249190938511326,0.6490566037735849,0.344311377245509,0.8695035460992908,0.3466995681677977,0.6977629700142789,0.6607142857142857,0.626357056694813,0.5810055865921788,0.5266362252663622,0.2677165354330709,0.38299055030572543,0.49173634065720395,0.5586980920314254,0.8441228241736749,0.5359116022099447,0.6993255901086549,0.6607005880848887,0.7658130206726319,0.7021596244131455,0.47249190938511326,0.6490566037735849,0.344311377245509,0.8695035460992908,0.3466995681677977,0.6977629700142789,0.6607142857142857,0.626357056694813,0.5810055865921788,0.5266362252663622,0.2677165354330709,0.38299055030572543,0.49173634065720395,0.5586980920314254,0.8441228241736749,0.5359116022099447,0.6993255901086549
195,0.5855,0.54637,0.6762976220915367,0.7806232644245603,0.711737089201878,0.39158576051779936,0.6421383647798742,0.3532934131736527,0.8765957446808511,0.3584207279457125,0.6687291765825797,0.6785714285714286,0.6200241254523522,0.6312849162011173,0.517503805175038,0.2440944881889764,0.3362979433018344,0.5092358545595955,0.5970819304152637,0.8173283786426755,0.5524861878453039,0.6877107530910453,0.6762976220915367,0.7806232644245603,0.711737089201878,0.39158576051779936,0.6421383647798742,0.3532934131736527,0.8765957446808511,0.3584207279457125,0.6687291765825797,0.6785714285714286,0.6200241254523522,0.6312849162011173,0.517503805175038,0.2440944881889764,0.3362979433018344,0.5092358545595955,0.5970819304152637,0.8173283786426755,0.5524861878453039,0.6877107530910453
196,0.5747,0.54307,0.6509844029659934,0.7608762727553224,0.6970892018779342,0.44336569579288027,0.6572327044025157,0.35179640718562877,0.8617021276595744,0.3608883405305367,0.7068062827225131,0.65625,0.6197225572979493,0.5837988826815642,0.5342465753424658,0.2283464566929134,0.38215675375208447,0.472875753451293,0.55331088664422,0.8544885585761783,0.5248618784530387,0.7107530910453354,0.6509844029659934,0.7608762727553224,0.6970892018779342,0.44336569579288027,0.6572327044025157,0.35179640718562877,0.8617021276595744,0.3608883405305367,0.7068062827225131,0.65625,0.6197225572979493,0.5837988826815642,0.5342465753424658,0.2283464566929134,0.38215675375208447,0.472875753451293,0.55331088664422,0.8544885585761783,0.5248618784530387,0.7107530910453354
197,0.5887,0.5448500000000001,0.6957299923293275,0.7923480407281703,0.6867605633802817,0.4110032362459547,0.6635220125786163,0.35179640718562877,0.8709219858156029,0.32264034546576187,0.6420752022846263,0.65625,0.6308805790108565,0.6340782122905028,0.5007610350076104,0.25984251968503935,0.3521400778210117,0.5214855142912697,0.6085297418630752,0.8014864071973401,0.5469613259668509,0.689396777819408,0.6957299923293275,0.7923480407281703,0.6867605633802817,0.4110032362459547,0.6635220125786163,0.35179640718562877,0.8709219858156029,0.32264034546576187,0.6420752022846263,0.65625,0.6308805790108565,0.6340782122905028,0.5007610350076104,0.25984251968503935,0.3521400778210117,0.5214855142912697,0.6085297418630752,0.8014864071973401,0.5469613259668509,0.689396777819408
198,0.5791,0.54385,0.6765533111736128,0.7756865165072508,0.7245070422535211,0.4110032362459547,0.6452830188679245,0.3383233532934132,0.8723404255319149,0.3466995681677977,0.6639695383150881,0.6294642857142857,0.6209288299155609,0.6061452513966481,0.547945205479452,0.2283464566929134,0.3752084491384102,0.49718063387128136,0.534006734006734,0.8194797574809309,0.5469613259668509,0.6760959160734358,0.6765533111736128,0.7756865165072508,0.7245070422535211,0.4110032362459547,0.6452830188679245,0.3383233532934132,0.8723404255319149,0.3466995681677977,0.6639695383150881,0.6294642857142857,0.6209288299155609,0.6061452513966481,0.547945205479452,0.2283464566929134,0.3752084491384102,0.49718063387128136,0.534006734006734,0.8194797574809309,0.5469613259668509,0.6760959160734358
199,0.5869,0.54689,0.6739964203528509,0.7806232644245603,0.7047887323943662,0.4077669902912621,0.6459119496855346,0.3502994011976048,0.8680851063829788,0.3466995681677977,0.6796763445978106,0.6517857142857143,0.6133896260554885,0.6033519553072626,0.48756976154236426,0.2440944881889764,0.3565869927737632,0.49251409683064357,0.6343434343434343,0.8259338939956973,0.574585635359116,0.6807793180966654,0.6739964203528509,0.7806232644245603,0.7047887323943662,0.4077669902912621,0.6459119496855346,0.3502994011976048,0.8680851063829788,0.3466995681677977,0.6796763445978106,0.6517857142857143,0.6133896260554885,0.6033519553072626,0.48756976154236426,0.2440944881889764,0.3565869927737632,0.49251409683064357,0.6343434343434343,0.8259338939956973,0.574585635359116,0.6807793180966654
