round,global_acc,per_client_gen_acc,agg_norm,first_mom_norm,second_mom_norm,delta_mom_norm,flash_amp_new,B_layer_norm,ratio_norm,scaled_delta_norm,warmup,local_c00,local_c01,local_c02,local_c03,local_c04,local_c05,local_c06,local_c07,local_c08,local_c09,local_c10,local_c11,local_c12,local_c13,local_c14,local_c15,local_c16,local_c17,local_c18,local_c19
0,0.1609,0.1609,1.127591609954834,0.11275915056467056,0.3454383313655853,0.0,0.0,0.0,0.0,0.0,1,0.20608540015341345,0.002468373958654736,0.0024413145539906103,0.025889967637540454,0.005031446540880503,0.020958083832335328,0.6624113475177305,0.22763726095003084,0.5026178010471204,0.05803571428571429,0.08293124246079614,0.7094972067039106,0.3815322171486555,0.05511811023622047,0.029182879377431907,0.2912696869531402,0.008754208754208754,0.3536084490514375,0.049723756906077346,0.027538403896590482
1,0.1871,0.1871,1.1826977729797363,0.21256811916828156,0.3634861409664154,0.0,0.0,0.0,0.0,0.0,1,0.27691127588851955,0.07651959271829682,0.002629107981220657,0.032362459546925564,0.007547169811320755,0.02694610778443114,0.6709219858156028,0.25478099938309684,0.5273679200380771,0.0625,0.09016887816646563,0.6955307262569832,0.3663115169964485,0.05511811023622047,0.03029460811561979,0.28135329574178497,0.006060606060606061,0.4766282026207706,0.049723756906077346,0.045897339827650804
2,0.2299,0.2299,1.1644258499145508,0.29609644412994385,0.3799471855163574,0.0,0.0,0.0,0.0,0.0,1,0.43288161595499874,0.2372724467756865,0.04525821596244131,0.038834951456310676,0.010691823899371069,0.05239520958083832,0.6007092198581561,0.256631708821715,0.4797715373631604,0.08035714285714286,0.09439083232810615,0.5698324022346368,0.26382546930492135,0.08661417322834646,0.03196220122290161,0.20377211744118218,0.011896745230078564,0.7169958928222179,0.06077348066298342,0.09497939303109779
3,0.2475,0.2475,1.0851352214813232,0.3567347228527069,0.3933083415031433,0.0,0.0,0.0,0.0,0.0,1,0.4510355407824086,0.27368096266584385,0.18065727699530518,0.05501618122977346,0.021383647798742137,0.0748502994011976,0.502127659574468,0.24676125848241826,0.4350309376487387,0.09375,0.10042219541616405,0.46089385474860334,0.2054794520547945,0.10236220472440945,0.03168426903835464,0.16780089441959944,0.022895622895622896,0.7461372970858595,0.07734806629834254,0.11877107530910454
4,0.2834,0.2834,1.0521167516708374,0.3987855017185211,0.4052332937717438,0.0,0.0,0.0,0.0,0.0,1,0.43722833035029407,0.2847886454797902,0.30816901408450703,0.06796116504854369,0.10880503144654088,0.12275449101796407,0.5297872340425532,0.23442319555829735,0.4278914802475012,0.13839285714285715,0.1712907117008444,0.4692737430167598,0.26382546930492135,0.14173228346456693,0.03001667593107282,0.21135524013221854,0.09584736251402919,0.7095638568355173,0.143646408839779,0.158298988385163
5,0.3531,0.3531,0.9783132672309875,0.4230579733848572,0.4149010181427002,0.0,0.0,0.0,0.0,0.0,1,0.4062899514190744,0.31070657204566493,0.4169014084507042,0.07766990291262135,0.2610062893081761,0.20508982035928144,0.4432624113475177,0.20481184454040716,0.39267015706806285,0.2544642857142857,0.3516284680337756,0.42178770949720673,0.4977168949771689,0.2204724409448819,0.029738743746525846,0.23721563289908615,0.5234567901234568,0.6004302757676511,0.48066298342541436,0.22780067440989135
6,0.3922,0.3922,0.9572416543960571,0.4376557767391205,0.4237741231918335,0.0,0.0,0.0,0.0,0.0,1,0.40705701866530297,0.3434125269978402,0.507981220657277,0.14563106796116504,0.3352201257861635,0.29790419161676646,0.39290780141843973,0.24552745219000616,0.3831508805330795,0.35267857142857145,0.4086248492159228,0.3715083798882682,0.5555555555555556,0.29133858267716534,0.1028349082823791,0.28990861364962084,0.6437710437710438,0.5227850576960689,0.569060773480663,0.2693892843761708
7,0.4386,0.4386,0.8959031105041504,0.44187837839126587,0.43106281757354736,0.0,0.0,0.0,0.0,0.0,1,0.4323702377908463,0.35698858377044124,0.5737089201877934,0.2168284789644013,0.3767295597484277,0.344311377245509,0.474468085106383,0.3288093769278223,0.41980009519276534,0.38392857142857145,0.4442098914354644,0.44972067039106145,0.5814307458143074,0.2992125984251969,0.21539744302390218,0.3692397433404628,0.6404040404040404,0.540387248190886,0.5966850828729282,0.2973023604346197
8,0.4723,0.4723,0.8906928896903992,0.4430674612522125,0.4380528926849365,0.0,0.0,0.0,0.0,0.0,1,0.47634875990795195,0.4020364085158902,0.5793427230046948,0.30097087378640774,0.42012578616352203,0.38323353293413176,0.5617021276595745,0.391733497840839,0.48024750118990955,0.40625,0.4695416164053076,0.5558659217877095,0.5814307458143074,0.33070866141732286,0.2676486937187326,0.4460431654676259,0.5836139169472503,0.6123606493252494,0.580110497237569,0.307605844885725
9,0.4903,0.4903,0.8035776615142822,0.4354102909564972,0.4432028830051422,0.0,0.0,0.0,0.0,0.0,1,0.5302991562260292,0.44183893859919776,0.5492957746478874,0.34627831715210355,0.4509433962264151,0.3967065868263473,0.6269503546099291,0.4299814929056138,0.532603522132318,0.41517857142857145,0.4825090470446321,0.6452513966480447,0.5591070522577372,0.33070866141732286,0.2896053362979433,0.4719035582344935,0.5061728395061729,0.683942890670839,0.5524861878453039,0.33027351067815663
10,0.4999,0.4999,0.8393402695655823,0.4299403429031372,0.44889798760414124,0.0,0.0,0.0,0.0,0.0,1,0.5466632574789057,0.44153039185436593,0.5342723004694836,0.35275080906148865,0.44716981132075473,0.39820359281437123,0.6574468085106383,0.4540407156076496,0.5702046644455021,0.4375,0.48431845597104944,0.7011173184357542,0.5337392186707255,0.3464566929133858,0.311561978877154,0.46782033832393544,0.47003367003367,0.727752787013495,0.46408839779005523,0.3551892094417385
11,0.5108,0.5108,0.7771256566047668,0.42119869589805603,0.45335808396339417,0.0,0.0,0.0,0.0,0.0,1,0.5453848120685246,0.4282628818265967,0.5506103286384977,0.37216828478964403,0.4880503144654088,0.4116766467065868,0.6929078014184397,0.46946329426280076,0.5892432175154688,0.49107142857142855,0.5274427020506635,0.723463687150838,0.5388127853881278,0.3228346456692913,0.32962757087270705,0.45926502041609957,0.45364758698092034,0.723645609231371,0.46408839779005523,0.38010490820532034
12,0.5182,0.5182,0.7857783436775208,0.4141788184642792,0.4578784704208374,0.0,0.0,0.0,0.0,0.0,1,0.5397596522628484,0.4149953717988275,0.5804694835680752,0.3592233009708738,0.5182389937106918,0.3967065868263473,0.7099290780141844,0.4719309068476249,0.609709662065683,0.5089285714285714,0.5521712907117008,0.7318435754189944,0.5743277524099442,0.31496062992125984,0.33157309616453584,0.47015360684425433,0.4711560044893378,0.7252102483864659,0.47513812154696133,0.39490445859872614
13,0.5291,0.5291,0.7630825042724609,0.40646862983703613,0.4619298279285431,0.0,0.0,0.0,0.0,0.0,1,0.5279979544873434,0.39185436593643935,0.6101408450704225,0.3656957928802589,0.5522012578616352,0.39221556886227543,0.7063829787234043,0.4713140037014189,0.6201808662541647,0.53125,0.5883594692400482,0.7178770949720671,0.6118721461187214,0.2755905511811024,0.3265703168426904,0.477153412405211,0.5317620650953985,0.7279483669078819,0.5193370165745856,0.4256275758711128
14,0.5409,0.5409,0.7132418155670166,0.39579102396965027,0.46511557698249817,0.0,0.0,0.0,0.0,0.0,1,0.5210943492712861,0.3869176180191299,0.6287323943661972,0.3883495145631068,0.5773584905660377,0.4116766467065868,0.6723404255319149,0.473164713140037,0.6144693003331747,0.5714285714285714,0.6302774427020507,0.7011173184357542,0.6372399797057331,0.29133858267716534,0.3290717065036131,0.4755979000583317,0.6080808080808081,0.7201251711324076,0.574585635359116,0.4524166354439865
15,0.55,0.55,0.7168424129486084,0.38568115234375,0.4683031141757965,0.0,0.0,0.0,0.0,0.0,1,0.519560214778829,0.3983338475779081,0.6315492957746479,0.4045307443365696,0.5911949685534591,0.4296407185628742,0.6361702127659574,0.48673658235657,0.606853879105188,0.5669642857142857,0.6547044632086851,0.6508379888268156,0.6585489599188229,0.3464566929133858,0.34852695942190104,0.4736535096247326,0.6729517396184063,0.7050655192646196,0.6574585635359116,0.47283626826526787
16,0.5604,0.5604,0.6882670521736145,0.37463393807411194,0.47101154923439026,0.0,0.0,0.0,0.0,0.0,1,0.5492201482996676,0.4390620178957112,0.6155868544600939,0.43042071197411,0.5918238993710692,0.46407185628742514,0.597872340425532,0.5188155459592844,0.6073298429319371,0.5892857142857143,0.6604342581423401,0.6452513966480447,0.6681887366818874,0.3700787401574803,0.377153974430239,0.4635426793700175,0.705050505050505,0.7115196557793859,0.6906077348066298,0.48838516298239043
17,0.5676,0.5676,0.6994252800941467,0.3628256916999817,0.47384098172187805,0.0,0.0,0.0,0.0,0.0,1,0.583738174379954,0.490280777537797,0.5915492957746479,0.47896440129449835,0.5918238993710692,0.4880239520958084,0.6063829787234043,0.5354719309068476,0.6111375535459305,0.5803571428571429,0.6568154402895054,0.6340782122905028,0.6773211567732116,0.41732283464566927,0.41495275152862704,0.4549873614621816,0.7151515151515152,0.7283395266966556,0.7071823204419889,0.49868864743349567
18,0.574,0.574,0.6906071901321411,0.3528073728084564,0.4764970541000366,0.0,0.0,0.0,0.0,0.0,1,0.6182562004602403,0.5220610922554767,0.563943661971831,0.5080906148867314,0.5811320754716981,0.5134730538922155,0.6368794326241135,0.5761875385564467,0.6330318895763922,0.59375,0.6571170084439083,0.6759776536312849,0.6925418569254186,0.41732283464566927,0.44969427459699834,0.43904335990666926,0.6915824915824916,0.7566986113827499,0.6961325966850829,0.5016860247283627
19,0.583,0.583,0.693208634853363,0.34415629506111145,0.4791495203971863,0.0,0.0,0.0,0.0,0.0,1,0.6443364868320123,0.5405738969453873,0.5688262910798122,0.5242718446601942,0.5748427672955975,0.5209580838323353,0.7056737588652482,0.5983960518198643,0.6501665873393622,0.5803571428571429,0.6360072376357057,0.7067039106145251,0.6950786402841197,0.4566929133858268,0.4677598665925514,0.44273770173050747,0.6464646464646465,0.7922941521611578,0.6464088397790055,0.49906331959535405
20,0.5841,0.5841,0.6933215260505676,0.3364954888820648,0.4817627966403961,0.0,0.0,0.0,0.0,0.0,1,0.6566095627716696,0.5476704720765196,0.592112676056338,0.5048543689320388,0.5584905660377358,0.5149700598802395,0.7432624113475177,0.5983960518198643,0.6792003807710614,0.5669642857142857,0.6182147165259348,0.7430167597765364,0.6681887366818874,0.4645669291338583,0.45497498610339077,0.46120941084969863,0.6011223344556678,0.8128300410717778,0.585635359116022,0.5108654926938928
21,0.5847,0.5847,0.664715051651001,0.32788124680519104,0.48393484950065613,0.0,0.0,0.0,0.0,0.0,1,0.6517514702122219,0.5442764578833693,0.6343661971830986,0.4854368932038835,0.5415094339622641,0.5179640718562875,0.7574468085106383,0.5718692165330043,0.6920514040932889,0.5401785714285714,0.6055488540410132,0.7625698324022346,0.6575342465753424,0.4566929133858268,0.4260700389105058,0.4991250243048804,0.5802469135802469,0.8186974379033836,0.574585635359116,0.520044960659423
22,0.5942,0.5942,0.6280021071434021,0.3167770504951477,0.48558709025382996,0.0,0.0,0.0,0.0,0.0,1,0.6476604448990028,0.5356371490280778,0.6704225352112676,0.47572815533980584,0.5320754716981132,0.5044910179640718,0.7567375886524823,0.5416409623689081,0.6877677296525464,0.5401785714285714,0.5958986731001207,0.7569832402234636,0.6732623033992897,0.47244094488188976,0.39466370205669815,0.5364573206299825,0.5964085297418631,0.8151769998044202,0.580110497237569,0.5385912326714125
23,0.5964,0.5964,0.63768070936203,0.30702701210975647,0.48734304308891296,0.0,0.0,0.0,0.0,0.0,1,0.6215801585272309,0.5183585313174947,0.7010328638497653,0.4368932038834951,0.5238993710691824,0.49101796407185627,0.7460992907801418,0.5064774830351635,0.6715849595430747,0.5178571428571429,0.5958986731001207,0.7094972067039106,0.6798579401319127,0.4409448818897638,0.3593663146192329,0.5724285436515653,0.6363636363636364,0.8028554664580481,0.6022099447513812,0.5586361933308355
24,0.6025,0.6025,0.6679150462150574,0.30019181966781616,0.48947861790657043,0.0,0.0,0.006062420712123681,0.0,0.0,1,0.6110969061621069,0.5183585313174947,0.7070422535211267,0.4110032362459547,0.5308176100628931,0.5,0.7375886524822695,0.4947563232572486,0.6715849595430747,0.5446428571428571,0.5962002412545235,0.7067039106145251,0.6991374936580416,0.4409448818897638,0.3602001111728738,0.5782617149523624,0.6781144781144781,0.794836690788187,0.6353591160220995,0.5693143499437991
25,0.6132,0.6132,0.6850666999816895,0.29474934935569763,0.49181973934173584,0.0030507668706411845,0.006190431565740698,0.006062420712123681,775.5074477911761,0.004532894680286388,0,0.6251598056762976,0.5297747608762727,0.692018779342723,0.4368932038834951,0.5484276729559748,0.5104790419161677,0.7283687943262411,0.5144972239358421,0.6734888148500714,0.5535714285714286,0.6130880579010857,0.7122905027932961,0.7143581938102486,0.4251968503937008,0.38299055030572543,0.5555123468792533,0.7081930415263749,0.8007040876197927,0.6629834254143646,0.5857999250655677
26,0.6203,0.6203,0.6667409539222717,0.28781116008758545,0.4938756823539734,0.003762959013750544,0.007603847083072036,0.006062420712123681,778.3402146126283,0.004432791753433024,0,0.6443364868320123,0.5575439679111386,0.6574647887323943,0.4563106796116505,0.5628930817610063,0.5284431137724551,0.7283687943262411,0.5434916718075262,0.6887196573060448,0.5982142857142857,0.632086851628468,0.7206703910614525,0.7290715372907154,0.47244094488188976,0.4224569205113952,0.516624538207272,0.7176206509539843,0.8120477214942304,0.6795580110497238,0.596103409516673
27,0.6254,0.6254,0.6759491562843323,0.2830294966697693,0.4960273802280426,0.0040679826032766495,0.0081846247613365,0.006062420712123681,821.8748218047234,0.004267923562516437,0,0.6704167732037842,0.5809935205183585,0.632112676056338,0.4692556634304207,0.5767295597484277,0.5508982035928144,0.7269503546099291,0.5657001850709439,0.7020466444550214,0.5848214285714286,0.6510856453558505,0.7318435754189944,0.7361745306950787,0.5039370078740157,0.4402445803224013,0.49776395100136106,0.7164983164983165,0.8274985331507921,0.6906077348066298,0.5938553765455227
28,0.6243,0.6243,0.6819033026695251,0.278783917427063,0.4982295334339142,0.004152845834682206,0.008318509936936535,0.006062420712123681,802.6935452206702,0.004258664159886648,0,0.6842239836358988,0.5945695772909596,0.6169014084507042,0.4919093851132686,0.5943396226415094,0.5733532934131736,0.7453900709219858,0.5737199259716225,0.7153736316039981,0.6116071428571429,0.6652593486127865,0.7541899441340782,0.7402333840690005,0.5275590551181102,0.43802112284602557,0.5072914641259965,0.7063973063973064,0.8368863680813612,0.6685082872928176,0.5869239415511428
29,0.6242,0.6242,0.6646965742111206,0.2743189334869385,0.50016850233078,0.004355785707160345,0.008691259899420914,0.006062420712123681,793.1519224732947,0.004359110304817512,0,0.6885706980311941,0.5902499228633138,0.6272300469483568,0.49514563106796117,0.6075471698113207,0.5688622754491018,0.7595744680851064,0.5848241826033312,0.7106139933365064,0.6294642857142857,0.6776236429433052,0.770949720670391,0.741248097412481,0.5039370078740157,0.4455252918287938,0.5255687342018277,0.6967452300785634,0.8376686876589087,0.6740331491712708,0.5794304983139753
30,0.6262,0.6262,0.6495444774627686,0.26896587014198303,0.5018823742866516,0.004326479646620725,0.008603363068268042,0.006062420712123681,760.2780284908689,0.004225104454665904,0,0.6785988238302224,0.5850046282011725,0.6369953051643192,0.49514563106796117,0.620125786163522,0.5658682634730539,0.7659574468085106,0.5922270203578038,0.7110899571632556,0.6339285714285714,0.695416164053076,0.7653631284916201,0.7422628107559615,0.5433070866141733,0.45775430794886046,0.5430682481042193,0.6951739618406285,0.8306278114609819,0.6850828729281768,0.5792431622330461
31,0.6285,0.6285,0.6731030941009521,0.2646135687828064,0.5038827061653137,0.004244777152896146,0.008407452069681862,0.006062420712123681,829.3135776095013,0.00399336330046028,0,0.6673485042188698,0.5809935205183585,0.6490140845070422,0.48220064724919093,0.6226415094339622,0.5733532934131736,0.7645390070921986,0.5916101172115977,0.7106139933365064,0.6517857142857143,0.6984318455971049,0.770949720670391,0.7397260273972602,0.5275590551181102,0.4555308504724847,0.5553179078358934,0.7061728395061728,0.8265206336788579,0.6685082872928176,0.5783064818284002
32,0.6298,0.6298,0.6675025820732117,0.2598438262939453,0.5057809352874756,0.004241506951007835,0.008369507721520356,0.006062420712123681,816.8612281798407,0.0041103286064852335,0,0.6545640501150601,0.5754396791113854,0.6529577464788733,0.4692556634304207,0.6169811320754717,0.5673652694610778,0.7652482269503547,0.5761875385564467,0.7015706806282722,0.6160714285714286,0.6933051869722557,0.7569832402234636,0.7447995941146626,0.5354330708661418,0.4474708171206226,0.5757340073886836,0.7221099887766554,0.822217876002347,0.6574585635359116,0.5869239415511428
33,0.6325,0.6325,0.6796720027923584,0.2566317319869995,0.5078147053718567,0.004363713293253317,0.008576232658339126,0.006062420712123681,847.2117660204217,0.0041614935449927615,0,0.6537969828688315,0.578216599814872,0.6615962441314553,0.48220064724919093,0.6176100628930817,0.5688622754491018,0.7702127659574468,0.5576804441702653,0.695383150880533,0.6071428571428571,0.6893848009650181,0.7625698324022346,0.7483510908168443,0.5433070866141733,0.4366314619232907,0.5893447404238771,0.7313131313131314,0.8190885976921572,0.6629834254143646,0.6037841888347696
34,0.6362,0.6362,0.6745057702064514,0.2534092366695404,0.5097514986991882,0.00427143123639333,0.008363032212870762,0.006062420712123681,848.509312177797,0.0041023718103299885,0,0.6658143697264127,0.5896328293736501,0.6766197183098591,0.47896440129449835,0.6169811320754717,0.5823353293413174,0.7723404255319148,0.5508945095619988,0.6930033317467873,0.625,0.6933051869722557,0.7569832402234636,0.7625570776255708,0.5984251968503937,0.4263479710950528,0.5903169356406767,0.7434343434343434,0.822217876002347,0.7348066298342542,0.6137130011240165
35,0.6384,0.6384,0.6688830256462097,0.24935869872570038,0.511587917804718,0.004188626969689015,0.008171528871823248,0.006062420712123681,823.136252828197,0.0039987439023869914,0,0.6826898491434416,0.6118481950015427,0.6816901408450704,0.47572815533980584,0.6213836477987421,0.6017964071856288,0.7773049645390071,0.5558297347316471,0.6882436934792956,0.6294642857142857,0.6978287092882992,0.7513966480446927,0.7671232876712328,0.6299212598425197,0.4360755975541968,0.5788450320824422,0.7468013468013468,0.8257383141013104,0.7458563535911602,0.6124016485575122
36,0.6435,0.6435,0.647366464138031,0.24378547072410583,0.5131235718727112,0.003998300954737986,0.0077769259638768365,0.006062420712123681,735.2221306237956,0.0036322586351386433,0,0.6964970595755561,0.6278926257327985,0.6828169014084507,0.5048543689320388,0.6289308176100629,0.6032934131736527,0.7773049645390071,0.5761875385564467,0.6906235126130414,0.6473214285714286,0.7050663449939686,0.7541899441340782,0.7727042110603755,0.6062992125984252,0.4583101723179544,0.5572622982694925,0.7497194163860831,0.830432231566595,0.7513812154696132,0.6088422630198577
37,0.6439,0.6439,0.698562502861023,0.24180476367473602,0.5153083801269531,0.004102228659697921,0.007945307141226798,0.006062420712123681,847.067001304189,0.003955901851790674,0,0.7034006647916135,0.6331379203949399,0.6792488262910799,0.5242718446601942,0.630188679245283,0.6017964071856288,0.775177304964539,0.5940777297964219,0.6987148976677773,0.6607142857142857,0.7074788902291917,0.7541899441340782,0.7767630644342973,0.6141732283464567,0.46942745969983324,0.5514291269686953,0.7494949494949495,0.8353217289262663,0.7403314917127072,0.60828025477707
38,0.6467,0.6467,0.688817024230957,0.2398977428674698,0.517331600189209,0.004038484772946324,0.007791315002735966,0.006062420712123681,869.7569376793134,0.0037336541951785464,0,0.7039120429557658,0.6272755322431348,0.6741784037558686,0.5242718446601942,0.6383647798742138,0.6002994011976048,0.775177304964539,0.6020974706971005,0.7039504997620181,0.6741071428571429,0.7083835946924005,0.7793296089385475,0.771689497716895,0.6062992125984252,0.4688715953307393,0.5545401516624539,0.7429854096520763,0.8429493448073538,0.7403314917127072,0.6084675908579993
39,0.6458,0.6458,0.6674293875694275,0.2364480197429657,0.5190474987030029,0.0040143271458296095,0.007719154799977561,0.006062420712123681,804.7005391106038,0.003869551806165028,0,0.7036563538736896,0.6238815180499846,0.6715492957746478,0.5048543689320388,0.6333333333333333,0.5883233532934131,0.7843971631205674,0.5848241826033312,0.7139457401237506,0.6696428571428571,0.7029553679131484,0.7932960893854749,0.7666159309994927,0.5826771653543307,0.44858254585881047,0.5778728368656426,0.7349046015712682,0.8486211617445727,0.7292817679558011,0.6219557886849008
40,0.6444,0.6444,0.6996469497680664,0.23390217125415802,0.5211634039878845,0.004193018664456829,0.008030089110867902,0.006062420712123681,900.7532568830106,0.0039917940537929,0,0.7064689337765278,0.617093489663684,0.6820657276995306,0.47896440129449835,0.6415094339622641,0.5808383233532934,0.7893617021276595,0.5619987661937076,0.7287006187529748,0.65625,0.7041616405307599,0.7960893854748603,0.7656012176560122,0.5590551181102362,0.41773207337409674,0.5984833754617928,0.7274971941638608,0.8533150792098573,0.7237569060773481,0.6247658298988386
41,0.647,0.647,0.6521099209785461,0.2294899821281433,0.522635281085968,0.003955937009634292,0.007554756435490879,0.006062420712123681,778.5368850807793,0.0036896118156835066,0,0.7156737407312708,0.6223387843258253,0.6886384976525821,0.4692556634304207,0.6427672955974842,0.5868263473053892,0.8021276595744681,0.5521283158544109,0.7315564017134698,0.6339285714285714,0.7092882991556092,0.8016759776536313,0.7681380010147133,0.5669291338582677,0.4010561423012785,0.6237604510985806,0.7209876543209877,0.8531194993154704,0.7237569060773481,0.6213937804421131
42,0.647,0.647,0.6992217898368835,0.22764351963996887,0.5246954560279846,0.004234584954359487,0.00805520554876941,0.006062420712123681,899.7101548988444,0.004103690982994178,0,0.7164408079774993,0.6251157050293119,0.6850704225352112,0.45307443365695793,0.6452830188679245,0.592814371257485,0.8078014184397163,0.5533621221468229,0.7277486910994765,0.6517857142857143,0.7174306393244874,0.8128491620111732,0.7671232876712328,0.5748031496062992,0.40161200667037245,0.6323157690064165,0.7252525252525253,0.8482300019557989,0.7237569060773481,0.6140876732858749
43,0.6488,0.6488,0.6714262962341309,0.22570712864398956,0.5263652801513672,0.004135176578750767,0.007841199893864583,0.006062420712123681,796.9371276001125,0.003909121695929844,0,0.7179749424699565,0.6337550138846035,0.6867605633802817,0.44336569579288027,0.6534591194968553,0.6017964071856288,0.8148936170212766,0.5626156693399136,0.7215611613517373,0.6517857142857143,0.7243667068757539,0.8100558659217877,0.771689497716895,0.6141732283464567,0.4188438021122846,0.6295936223993778,0.7353535353535353,0.8419714453354196,0.7016574585635359,0.6120269763956538
44,0.6538,0.6538,0.7007723450660706,0.2242567390203476,0.528394341468811,0.00437082522550121,0.008256274922346736,0.006062420712123681,933.5541245506876,0.004240886598858039,0,0.7212989005369471,0.6349892008639308,0.6828169014084507,0.47572815533980584,0.6566037735849056,0.6122754491017964,0.8120567375886525,0.5706354102405923,0.7144217039504998,0.6473214285714286,0.7316043425814234,0.8016759776536313,0.7823439878234398,0.6220472440944882,0.44080044469149526,0.6200661092747424,0.7441077441077442,0.837277527870135,0.7016574585635359,0.6107156238291495
45,0.6525,0.6525,0.6403710842132568,0.2193409502506256,0.5296312570571899,0.0040865848074178365,0.007701364654018856,0.006062420712123681,746.4628862278828,0.003815258136517671,0,0.722577345947328,0.6396174020364085,0.6758685446009389,0.5016181229773463,0.6647798742138364,0.6182634730538922,0.8134751773049645,0.5860579888957433,0.7206092336982389,0.65625,0.7379372738238842,0.7960893854748603,0.7899543378995434,0.6062992125984252,0.4535853251806559,0.6039276686758701,0.7526374859708193,0.838646587130843,0.6961325966850829,0.6255151742225553
46,0.6535,0.6535,0.7159823179244995,0.2182544618844986,0.531818151473999,0.004343020870519101,0.008151037757449665,0.006062420712123681,903.1213050890783,0.00419404944023593,0,0.7228330350294042,0.6420857759950632,0.6773708920187793,0.4919093851132686,0.6635220125786163,0.6182634730538922,0.8127659574468085,0.5940777297964219,0.7244169443122322,0.6473214285714286,0.7340168878166465,0.7988826815642458,0.791476407914764,0.6377952755905512,0.4510839355197332,0.5992611316352323,0.7535353535353535,0.8449051437512224,0.6795580110497238,0.6358186586736605
47,0.6542,0.6542,0.6465317606925964,0.21373936533927917,0.5330874919891357,0.0040486272181594705,0.00758045690806372,0.006062420712123681,723.5881676334058,0.003667481807793749,0,0.7284581948350806,0.644554149953718,0.6788732394366197,0.4692556634304207,0.6559748427672956,0.6077844311377245,0.8148936170212766,0.5891425046267736,0.7229890528319848,0.6339285714285714,0.7252714113389626,0.8100558659217877,0.7889396245560629,0.6692913385826772,0.4463590883824347,0.6039276686758701,0.7472502805836139,0.8525327596323098,0.6740331491712708,0.646309479205695
48,0.6535,0.6535,0.694746196269989,0.21219788491725922,0.5349459052085876,0.004149702702892186,0.00774276407854472,0.006062420712123681,846.1287856495446,0.00390876959004402,0,0.7351061109690616,0.6482567108917001,0.6803755868544601,0.45307443365695793,0.6459119496855346,0.6017964071856288,0.8219858156028369,0.5848241826033312,0.7272727272727273,0.6473214285714286,0.715319662243667,0.8212290502793296,0.7894469812278031,0.6535433070866141,0.4357976653696498,0.6025665953723508,0.7434343434343434,0.8540973987874046,0.6740331491712708,0.6566129636568003
49,0.6562,0.6562,0.6778510808944702,0.21000857651233673,0.5365633964538574,0.00402773013291775,0.007492567685016248,0.006062420712123681,836.2339494866523,0.003785102064287646,0,0.7407312707747379,0.6584387534711509,0.6824413145539906,0.4627831715210356,0.6371069182389937,0.6092814371257484,0.825531914893617,0.5879086983343615,0.7391718229414564,0.6428571428571429,0.7095898673100121,0.8156424581005587,0.7889396245560629,0.6299212598425197,0.43468593663146193,0.6047054248493098,0.7328843995510662,0.8597692157246235,0.6629834254143646,0.6611090295991008
50,0.6602,0.6602,0.6851621270179749,0.20789934694766998,0.5382525324821472,0.004102830457230319,0.007608365673027505,0.006062420712123681,836.6241060269215,0.003929724203494649,0,0.7399642035285093,0.6535020055538414,0.6848826291079813,0.4692556634304207,0.6358490566037736,0.6032934131736527,0.8226950354609929,0.5829734731647132,0.7405997144217039,0.6383928571428571,0.7080820265379976,0.8184357541899442,0.7884322678843226,0.6377952755905512,0.4366314619232907,0.6080108885864282,0.7378226711560045,0.8660277723450029,0.6740331491712708,0.6556762832521543
51,0.6625,0.6625,0.7187114953994751,0.20774373412132263,0.5403555035591125,0.004624269628669028,0.008542020166539393,0.006062420712123681,904.7823369067291,0.004500042411336418,0,0.7409869598568141,0.6559703795124961,0.6901408450704225,0.47572815533980584,0.6471698113207547,0.6047904191616766,0.8170212765957446,0.581122763726095,0.7315564017134698,0.6473214285714286,0.7195416164053076,0.8240223463687151,0.7894469812278031,0.6141732283464567,0.43746525847693163,0.6138440598872253,0.7429854096520763,0.8656366125562293,0.6795580110497238,0.6526789059572874
52,0.6646,0.6646,0.7009420394897461,0.20649197697639465,0.5421968698501587,0.004368791038591081,0.00804273971570605,0.006062420712123681,890.4554563839129,0.003929041502298109,0,0.7427767834313475,0.6559703795124961,0.6907042253521126,0.47249190938511326,0.6635220125786163,0.6047904191616766,0.8163120567375887,0.580505860579889,0.7196573060447407,0.65625,0.7303980699638118,0.8212290502793296,0.7899543378995434,0.6377952755905512,0.4535853251806559,0.6138440598872253,0.7510662177328844,0.8670056718169372,0.6961325966850829,0.6489321843387036
53,0.6661,0.6661,0.6983540058135986,0.205661341547966,0.5439804196357727,0.004384571050477772,0.008045373544627744,0.006062420712123681,868.0633460733721,0.004166379272855875,0,0.7496803886474047,0.6609071274298056,0.6929577464788732,0.47249190938511326,0.6647798742138364,0.6152694610778443,0.8070921985815603,0.581122763726095,0.7139457401237506,0.6830357142857143,0.7361278648974668,0.8128491620111732,0.7904616945712836,0.6456692913385826,0.4566425792106726,0.614621816060665,0.7566778900112233,0.8666145120281635,0.6795580110497238,0.6440614462345448
54,0.6667,0.6667,0.6969466209411621,0.2042897790670395,0.5457223653793335,0.004206114409489284,0.007693327867739501,0.006062420712123681,863.1957628888646,0.003881569026130862,0,0.7517259013040143,0.6646096883677877,0.6895774647887324,0.47572815533980584,0.6666666666666666,0.6137724550898204,0.8056737588652483,0.5903763109191857,0.7144217039504998,0.6741071428571429,0.7346200241254524,0.8100558659217877,0.7929984779299848,0.6141732283464567,0.4571984435797665,0.6132607427571456,0.755331088664422,0.8662233522393898,0.6795580110497238,0.6448107905582615
55,0.6684,0.6684,0.7121809124946594,0.2037183940410614,0.547637403011322,0.004377458467566801,0.007978782422671363,0.006062420712123681,886.4207377786248,0.004180212609594026,0,0.7471234978266428,0.6661524220919469,0.6923943661971831,0.47572815533980584,0.6786163522012578,0.6107784431137725,0.8120567375886525,0.5934608266502159,0.7153736316039981,0.6785714285714286,0.7319059107358263,0.8184357541899442,0.791476407914764,0.6141732283464567,0.46220122290161203,0.6185105969278631,0.7485970819304153,0.8705261099159006,0.6740331491712708,0.6489321843387036
56,0.6662,0.6662,0.7317535877227783,0.20453889667987823,0.5497838854789734,0.0045561923363498305,0.008272196148926304,0.006062420712123681,943.698360073785,0.004277825487856657,0,0.7422654052671951,0.6565874730021598,0.6923943661971831,0.4919093851132686,0.6710691823899371,0.6092814371257484,0.8191489361702128,0.6033312769895126,0.723940980485483,0.6830357142857143,0.726779252110977,0.8184357541899442,0.7889396245560629,0.6062992125984252,0.46303501945525294,0.6183161578845032,0.7434343434343434,0.872873068648543,0.6795580110497238,0.656238291494942
57,0.6621,0.6621,0.6879501938819885,0.20230232179164886,0.551336944103241,0.0042547049126166825,0.007703096738394901,0.006062420712123681,850.4688258740763,0.0038584630874485314,0,0.7340833546407568,0.6433199629743906,0.6916431924882629,0.4854368932038835,0.6622641509433962,0.5973053892215568,0.8262411347517731,0.5959284392350401,0.737743931461209,0.6830357142857143,0.7255729794933655,0.8240223463687151,0.8001014713343481,0.5984251968503937,0.45608671484157864,0.6206494264048221,0.7405162738496072,0.8754156072755721,0.6740331491712708,0.6596103409516673
58,0.6605,0.6605,0.6971688270568848,0.20063601434230804,0.5529857277870178,0.004173767933116401,0.007534071229215898,0.006062420712123681,873.4458677360793,0.003908279190002519,0,0.7328049092303759,0.638691761801913,0.6901408450704225,0.49514563106796117,0.6522012578616352,0.5898203592814372,0.8304964539007093,0.6039481801357187,0.7458353165159448,0.6741071428571429,0.7186369119420989,0.8296089385474861,0.7990867579908676,0.5826771653543307,0.453029460811562,0.6233715730118607,0.7405162738496072,0.878153725796988,0.6795580110497238,0.6541775946047209
59,0.6589,0.6589,0.6934613585472107,0.19872769713401794,0.5545666217803955,0.00423429539662196,0.007621579898109309,0.006062420712123681,856.7227961971988,0.003975565138207552,0,0.7330605983124521,0.6374575748225856,0.687699530516432,0.49514563106796117,0.650314465408805,0.6002994011976048,0.8304964539007093,0.6002467612584824,0.7410756782484531,0.6696428571428571,0.7123039806996381,0.8379888268156425,0.7995941146626078,0.5590551181102362,0.44774874930516956,0.6249270853587401,0.7400673400673401,0.8805006845296304,0.6629834254143646,0.6560509554140127
60,0.6603,0.6603,0.7280709147453308,0.1990286409854889,0.556569516658783,0.004448967256741197,0.007979215369235907,0.006062420712123681,913.780910067159,0.004240554525944073,0,0.7366402454615187,0.6359148410984264,0.6944600938967136,0.46601941747572817,0.6509433962264151,0.5958083832335329,0.8312056737588652,0.6057988895743368,0.7429795335554498,0.6875,0.7225572979493365,0.8463687150837989,0.8026382546930492,0.5669291338582677,0.4499722067815453,0.6185105969278631,0.7445566778900112,0.8789360453745355,0.6629834254143646,0.6575496440614462
61,0.6628,0.6628,0.7348097562789917,0.19913464784622192,0.5586334466934204,0.004536487259106315,0.008106176079914507,0.006062420712123681,939.6173569174191,0.004225606135738013,0,0.7430324725134236,0.6451712434433817,0.6989671361502348,0.44983818770226536,0.6654088050314465,0.6062874251497006,0.8262411347517731,0.6070326958667489,0.7415516420752023,0.7098214285714286,0.7334137515078407,0.835195530726257,0.8041603247082699,0.5826771653543307,0.4563646470261256,0.6120941084969862,0.7443322109988777,0.8787404654801486,0.6850828729281768,0.6641064068939678
62,0.665,0.665,0.6891237497329712,0.19676944613456726,0.5600888729095459,0.004436013263850394,0.007906079550013694,0.006062420712123681,833.740007108787,0.004064912038796951,0,0.7466121196624904,0.6578216599814872,0.7036619718309859,0.4627831715210356,0.6698113207547169,0.6092814371257484,0.824822695035461,0.6144355336212215,0.7382198952879581,0.7053571428571429,0.7397466827503015,0.8296089385474861,0.8051750380517504,0.6299212598425197,0.4644246803779878,0.6161773284075442,0.7515151515151515,0.8689614707608058,0.6850828729281768,0.6627950543274634
63,0.6658,0.6658,0.7424481511116028,0.1969742774963379,0.5622053146362305,0.004575915763918074,0.008124773763673765,0.006062420712123681,956.7995941932346,0.004338876396911605,0,0.7494246995653285,0.6695464362850972,0.7027230046948357,0.4692556634304207,0.6754716981132075,0.6107784431137725,0.8226950354609929,0.6150524367674275,0.7358400761542123,0.7098214285714286,0.7433655006031363,0.8324022346368715,0.808726534753932,0.6220472440944882,0.4697053918843802,0.6243437682286603,0.7598204264870931,0.8660277723450029,0.6795580110497238,0.6626077182465343
64,0.6682,0.6682,0.7467154860496521,0.19710464775562286,0.5643491148948669,0.004761129030979207,0.00842157333502608,0.006062420712123681,979.9648710843904,0.004511457687784513,0,0.7476348759907951,0.6692378895402653,0.6970892018779342,0.46601941747572817,0.6836477987421383,0.6167664670658682,0.8212765957446808,0.6150524367674275,0.7301285102332222,0.6875,0.7463811821471653,0.8379888268156425,0.8153221714865551,0.6299212598425197,0.47026125625347415,0.629010305269298,0.7674523007856341,0.8597692157246235,0.6906077348066298,0.6657924316223305
65,0.6681,0.6681,0.6732292771339417,0.19316387176513672,0.565541684627533,0.00439075654703996,0.007750103242494183,0.006062420712123681,784.9129118957777,0.00393488380653888,0,0.739452825364357,0.6664609688367787,0.6907042253521126,0.48220064724919093,0.6849056603773584,0.6107784431137725,0.823404255319149,0.6224552745219001,0.7287006187529748,0.6830357142857143,0.7490952955367913,0.8268156424581006,0.8183663115169965,0.6299212598425197,0.47693162868260147,0.6305658176161774,0.7721661054994389,0.8628984940348132,0.6850828729281768,0.668415136755339
66,0.6669,0.6669,0.7119672894477844,0.19209344685077667,0.5671930909156799,0.0044146379579228555,0.007769608656818373,0.006062420712123681,871.7219365263102,0.004124889632883301,0,0.7379186908718998,0.6655353286022833,0.6895774647887324,0.49514563106796117,0.6685534591194968,0.6077844311377245,0.8283687943262411,0.6169031462060457,0.7339362208472157,0.6785714285714286,0.7424607961399277,0.8296089385474861,0.8168442415017757,0.6062992125984252,0.4741523068371317,0.6398988916974528,0.7741863075196409,0.8650498728730687,0.6850828729281768,0.6648557512176845
67,0.6666,0.6666,0.7050595283508301,0.19093169271945953,0.5687372088432312,0.004708466854523192,0.00826427830487507,0.006062420712123681,862.2377523227822,0.004506926124520131,0,0.7430324725134236,0.6599814871953101,0.6892018779342723,0.47896440129449835,0.6591194968553459,0.5958083832335329,0.8347517730496454,0.6095003084515731,0.743455497382199,0.6696428571428571,0.7288902291917974,0.8324022346368715,0.8153221714865551,0.6220472440944882,0.4672040022234575,0.6418432821310519,0.7672278338945006,0.8716995892822218,0.6740331491712708,0.6648557512176845
68,0.6671,0.6671,0.7368711233139038,0.19117170572280884,0.5706638693809509,0.004805044622151691,0.008405366998888745,0.006062420712123681,933.059927491589,0.0045072466239404465,0,0.7471234978266428,0.6649182351126196,0.6972769953051643,0.4692556634304207,0.6578616352201258,0.6032934131736527,0.8354609929078014,0.6070326958667489,0.746311280342694,0.65625,0.7129071170084439,0.8379888268156425,0.8097412480974124,0.6614173228346457,0.45692051139521955,0.6389266964806534,0.7604938271604939,0.8814785840015646,0.6685082872928176,0.6697264893218434
69,0.668,0.668,0.7295382618904114,0.1908627450466156,0.5724708437919617,0.004762505361147319,0.008304703565496376,0.006062420712123681,908.1787077301802,0.0044913944462755245,0,0.7514702122219381,0.6636840481332922,0.7023474178403756,0.4627831715210356,0.6408805031446541,0.6062874251497006,0.8361702127659575,0.6008636644046884,0.7510709186101856,0.6339285714285714,0.7005428226779252,0.8379888268156425,0.8092338914256723,0.6535433070866141,0.4499722067815453,0.641648843087692,0.7580246913580246,0.8867592411500098,0.6685082872928176,0.6734732109404271
70,0.6682,0.6682,0.7321980595588684,0.19052894413471222,0.5742880702018738,0.005147822768949022,0.00894825225063785,0.006062420712123681,905.9378315314862,0.004935014010119856,0,0.7542827921247762,0.6646096883677877,0.7049765258215962,0.47896440129449835,0.6383647798742138,0.6122754491017964,0.8333333333333334,0.6113510178901912,0.7524988100904332,0.6473214285714286,0.7020506634499397,0.8296089385474861,0.8051750380517504,0.6535433070866141,0.45608671484157864,0.6365934279603345,0.7571268237934905,0.8926266379816155,0.6574585635359116,0.6807793180966654
71,0.671,0.671,0.7374109029769897,0.19078931212425232,0.5761479735374451,0.004993994033802015,0.008652883251400704,0.006062420712123681,920.1968855364036,0.004651804080567643,0,0.7519815903860905,0.6683122493057698,0.7145539906103286,0.4919093851132686,0.6490566037735849,0.625748502994012,0.8276595744680851,0.6187538556446638,0.7477391718229415,0.6696428571428571,0.7113992762364294,0.8296089385474861,0.8056823947234906,0.6299212598425197,0.46108949416342415,0.6371767450904141,0.7616161616161616,0.8926266379816155,0.6685082872928176,0.6869614087673286
72,0.6754,0.6754,0.6658408045768738,0.18731936812400818,0.577113926410675,0.004311900263902481,0.00745856494181639,0.006062420712123681,723.6900347618507,0.0037587581347805366,0,0.7555612375351572,0.6683122493057698,0.7216901408450704,0.4854368932038835,0.6628930817610063,0.625748502994012,0.825531914893617,0.6144355336212215,0.7444074250356972,0.6696428571428571,0.7249698431845597,0.8324022346368715,0.8082191780821918,0.6377952755905512,0.4616453585325181,0.6502041609955279,0.7726150392817059,0.8830432231566595,0.712707182320442,0.6875234170101161
73,0.6753,0.6753,0.7210294008255005,0.1869165003299713,0.5787302851676941,0.004473556782414716,0.007716617359606606,0.006062420712123681,871.232978747473,0.004338570818024621,0,0.7512145231398619,0.6615242209194693,0.7273239436619718,0.4854368932038835,0.6716981132075471,0.6287425149700598,0.823404255319149,0.607649599012955,0.7448833888624464,0.6830357142857143,0.7418576598311218,0.8296089385474861,0.8077118214104515,0.6220472440944882,0.452751528627015,0.6494264048220882,0.7838383838383839,0.8773714062194407,0.7182320441988951,0.689396777819408
74,0.6769,0.6769,0.6448305249214172,0.18349258601665497,0.5794285535812378,0.004013441990594224,0.00691461845877728,0.006062420712123681,703.3164823067929,0.0037217504956905344,0,0.7478905650728714,0.6572045664918235,0.7286384976525822,0.4886731391585761,0.679874213836478,0.6287425149700598,0.8226950354609929,0.6051819864281308,0.7386958591147073,0.6964285714285714,0.7493968636911942,0.835195530726257,0.8117706747843734,0.5984251968503937,0.44357976653696496,0.6558428932529652,0.7957351290684624,0.8722863289653824,0.7182320441988951,0.6877107530910453
75,0.6762,0.6762,0.7482991814613342,0.18430233001708984,0.5813601613044739,0.004849075888828646,0.008326592735957114,0.006062420712123681,952.4312697544162,0.004844859829620785,0,0.7417540271030427,0.6568960197469916,0.7258215962441315,0.48220064724919093,0.6855345911949685,0.6272455089820359,0.8205673758865248,0.6033312769895126,0.7391718229414564,0.7008928571428571,0.7563329312424608,0.8324022346368715,0.8244545915778793,0.6377952755905512,0.44080044469149526,0.6529263076025666,0.804040404040404,0.8672012517113241,0.7292817679558011,0.6830273510678156
76,0.6745,0.6745,0.7434312701225281,0.18450263142585754,0.5832038521766663,0.004997007843966795,0.008553534567340844,0.006062420712123681,950.9137262584696,0.004728892412575241,0,0.7432881615954998,0.6578216599814872,0.7224413145539906,0.47896440129449835,0.6817610062893081,0.6302395209580839,0.8276595744680851,0.6101172115977791,0.7448833888624464,0.7053571428571429,0.758745476477684,0.8324022346368715,0.8290208016235413,0.6377952755905512,0.44469149527515284,0.6470931363017693,0.8051627384960718,0.8697437903383533,0.7182320441988951,0.6757212439115774
77,0.6721,0.6721,0.7566788196563721,0.18574541807174683,0.5851932168006897,0.005115807200958122,0.008727168882777326,0.006062420712123681,968.0467489641449,0.0048262821125821635,0,0.7471234978266428,0.6652267818574514,0.7136150234741784,0.4854368932038835,0.6748427672955974,0.6362275449101796,0.8368794326241135,0.6088834053053671,0.7448833888624464,0.7008928571428571,0.7506031363088058,0.840782122905028,0.8280060882800608,0.6377952755905512,0.4483046136742635,0.6467042582150496,0.7966329966329966,0.874046548014864,0.7016574585635359,0.6676657924316224
78,0.6705,0.6705,0.6954678893089294,0.18385711312294006,0.5863986015319824,0.004636972722132348,0.00789408199140882,0.006062420712123681,797.8718654594736,0.004113724449954318,0,0.752492968550243,0.672014810243752,0.7104225352112676,0.48220064724919093,0.6761006289308176,0.6422155688622755,0.8432624113475178,0.6187538556446638,0.746311280342694,0.6919642857142857,0.7448733413751508,0.8435754189944135,0.8315575849822425,0.6299212598425197,0.45775430794886046,0.6367878670036944,0.7813692480359147,0.8783493056913749,0.7016574585635359,0.6654177594604721
79,0.6714,0.6714,0.756969153881073,0.18503279983997345,0.5883491635322571,0.004778596357241743,0.008108260184168724,0.006062420712123681,966.3387085854678,0.00457564554590537,0,0.7581181283559192,0.6760259179265659,0.7066666666666667,0.511326860841424,0.6691823899371069,0.6407185628742516,0.8553191489361702,0.6304750154225787,0.757734412184674,0.6785714285714286,0.7391435464414958,0.8435754189944135,0.8295281582952816,0.6377952755905512,0.4708171206225681,0.6292047443126579,0.7658810325476992,0.8838255427342069,0.6961325966850829,0.6706631697264893
80,0.6741,0.6741,0.7543684840202332,0.1857728213071823,0.5902405381202698,0.005153049714986316,0.008715656966569646,0.006062420712123681,970.3060102767223,0.004955369083125901,0,0.7632319099974431,0.6803455723542117,0.7023474178403756,0.5145631067961165,0.6716981132075471,0.6467065868263473,0.8553191489361702,0.6335595311536089,0.7544026653974298,0.6875,0.741254523522316,0.840782122905028,0.821917808219178,0.6299212598425197,0.48610339077265147,0.6255104024888197,0.7519640852974186,0.8846078623117544,0.6850828729281768,0.6779692768827276
81,0.6747,0.6747,0.7637591361999512,0.18636715412139893,0.5922274589538574,0.00552011158365322,0.009305219271858733,0.006062420712123681,1011.2506241479016,0.0053067999880579125,0,0.7663001789823575,0.6849737735266893,0.7070422535211267,0.5145631067961165,0.6742138364779874,0.6511976047904192,0.8475177304964538,0.6372609500308452,0.7505949547834364,0.6964285714285714,0.741254523522316,0.8435754189944135,0.8158295281582952,0.6614173228346457,0.49082823790994995,0.6249270853587401,0.7485970819304153,0.8842167025229807,0.6685082872928176,0.6800299737729487
82,0.6777,0.6777,0.7370618581771851,0.18598558008670807,0.5938507318496704,0.005302574392938655,0.00891412603032438,0.006062420712123681,908.0902238568849,0.0048670348639406535,0,0.7703912042955766,0.6954643628509719,0.7149295774647887,0.49838187702265374,0.6742138364779874,0.6511976047904192,0.8333333333333334,0.6298581122763726,0.7420276059019515,0.6919642857142857,0.7391435464414958,0.8435754189944135,0.8117706747843734,0.6850393700787402,0.4822123401889939,0.6303713785728174,0.7537598204264871,0.8820653236847252,0.6795580110497238,0.6841513675533908
83,0.6766,0.6766,0.7594473361968994,0.18671169877052307,0.5957345366477966,0.005488111384089388,0.00919690590546223,0.006062420712123681,950.8937839444151,0.005227523715748309,0,0.7732037841984147,0.6957729095958037,0.7164319248826291,0.47572815533980584,0.6754716981132075,0.6511976047904192,0.8241134751773049,0.6175200493522517,0.7410756782484531,0.6919642857142857,0.7403498190591074,0.8324022346368715,0.8041603247082699,0.7086614173228346,0.47220678154530293,0.6391211355240132,0.7584736251402918,0.8785448855857618,0.6850828729281768,0.6830273510678156
84,0.6753,0.6753,0.7295182347297668,0.1855820119380951,0.597220778465271,0.00515524249434102,0.008617625264650184,0.006062420712123681,865.2302185839436,0.004736908308084561,0,0.7686013807210432,0.6908361616784943,0.7149295774647887,0.48220064724919093,0.680503144654088,0.6497005988023952,0.8226950354609929,0.6095003084515731,0.7425035697287006,0.6785714285714286,0.7418576598311218,0.8268156424581006,0.8077118214104515,0.7007874015748031,0.4574763757643135,0.6511763562123274,0.7652076318742985,0.8812830041071777,0.7016574585635359,0.679280629449232
85,0.6744,0.6744,0.6729357242584229,0.18071956932544708,0.5980253219604492,0.004744916258736074,0.0079210612386255,0.006062420712123681,745.2880262440691,0.004303528831606529,0,0.7668115571465098,0.6911447084233261,0.7145539906103286,0.47896440129449835,0.6811320754716981,0.6422155688622755,0.8212765957446808,0.6027143738433066,0.7420276059019515,0.6875,0.7376357056694813,0.8296089385474861,0.8122780314561137,0.6850393700787402,0.44385769872151193,0.6622593816838421,0.7719416386083052,0.8816741638959515,0.7292817679558011,0.6787186212064443
86,0.6759,0.6759,0.6578958034515381,0.17652471363544464,0.5986536741256714,0.004328737790772044,0.007218729706081742,0.006062420712123681,712.0543865429917,0.003895333939870021,0,0.7583738174379954,0.6747917309472385,0.7143661971830986,0.459546925566343,0.6836477987421383,0.6317365269461078,0.8212765957446808,0.6020974706971005,0.7477391718229415,0.65625,0.7421592279855247,0.8268156424581006,0.8158295281582952,0.6692913385826772,0.43190661478599224,0.6747034804588762,0.7831649831649832,0.8808918443184041,0.7182320441988951,0.679280629449232
87,0.6782,0.6782,0.7600189447402954,0.17699222266674042,0.6004820466041565,0.0054703427266617165,0.009094773081833684,0.006062420712123681,950.9187905909521,0.005519584839716312,0,0.7468678087445666,0.6612156741746374,0.715868544600939,0.4563106796116505,0.6937106918238993,0.625748502994012,0.8297872340425532,0.6070326958667489,0.746311280342694,0.6696428571428571,0.7569360675512666,0.8324022346368715,0.8214104515474379,0.6692913385826772,0.4388549193996665,0.6815088469764728,0.7941638608305275,0.8783493056913749,0.712707182320442,0.6804046459348071
88,0.6789,0.6789,0.745291531085968,0.1775151938199997,0.6021025776863098,0.0055842551081934,0.009259212801935535,0.006062420712123681,939.1724757945428,0.005084120999371764,0,0.7427767834313475,0.6519592718296822,0.7149295774647887,0.46601941747572817,0.6930817610062893,0.624251497005988,0.8333333333333334,0.6138186304750154,0.7501189909566873,0.6696428571428571,0.76145958986731,0.840782122905028,0.8280060882800608,0.6535433070866141,0.4546970539188438,0.6801477736729535,0.7997755331088664,0.8744377078036378,0.7182320441988951,0.6820906706631698
89,0.6813,0.6813,0.7666444182395935,0.17981144785881042,0.6039698719978333,0.005872501058151092,0.009707096716664471,0.006062420712123681,971.5113632147381,0.005589489650579227,0,0.7417540271030427,0.6451712434433817,0.7145539906103286,0.49514563106796117,0.6855345911949685,0.6227544910179641,0.8432624113475178,0.6267735965453424,0.7486910994764397,0.6741071428571429,0.7599517490952955,0.840782122905028,0.8244545915778793,0.6062992125984252,0.4735964424680378,0.6735368461987167,0.7973063973063973,0.8767846665362801,0.7237569060773481,0.6877107530910453
90,0.6843,0.6843,0.7403645515441895,0.18000183999538422,0.6054859757423401,0.005349310125647422,0.00882017118219404,0.006062420712123681,898.0897119033081,0.004789715047275476,0,0.7425210943492713,0.6448626966985498,0.7115492957746479,0.511326860841424,0.6886792452830188,0.6287425149700598,0.8446808510638298,0.6354102405922271,0.7582103760114232,0.6830357142857143,0.7635705669481303,0.8463687150837989,0.823947234906139,0.6141732283464567,0.490272373540856,0.6573984055998444,0.7919191919191919,0.8795227850576961,0.7237569060773481,0.6972648932184339
91,0.6835,0.6835,0.6415777802467346,0.17528162896633148,0.6058574914932251,0.004370504573072011,0.007201863096915897,0.006062420712123681,666.0299567437327,0.0035994977525587693,0,0.7517259013040143,0.6590558469608145,0.7064788732394366,0.5145631067961165,0.6880503144654088,0.6287425149700598,0.850354609929078,0.634793337446021,0.7558305568776773,0.6830357142857143,0.7608564535585042,0.8491620111731844,0.823947234906139,0.6220472440944882,0.49166203446359086,0.6406766478708925,0.7865319865319865,0.8820653236847252,0.7182320441988951,0.7015736230798052
92,0.6822,0.6822,0.7413014769554138,0.17551594972610474,0.6073614954948425,0.004798842573631788,0.007888143166799864,0.006062420712123681,898.1377300179557,0.004773673460016555,0,0.7568396829455383,0.6713977167540882,0.7027230046948357,0.49838187702265374,0.6918238993710691,0.6437125748502994,0.850354609929078,0.6317088217149908,0.7563065207044265,0.7008928571428571,0.7602533172496985,0.8491620111731844,0.8224251648909183,0.6299212598425197,0.4869371873262924,0.6358156717868948,0.7820426487093154,0.8867592411500098,0.7182320441988951,0.7058823529411765
93,0.682,0.682,0.7512052655220032,0.17580173909664154,0.6089681386947632,0.005390642598003369,0.008837580614519482,0.006062420712123681,949.760098010771,0.005305642534603349,0,0.767067246228586,0.687442147485344,0.7123004694835681,0.49838187702265374,0.6981132075471698,0.6497005988023952,0.8482269503546099,0.6273904996915485,0.7601142313184198,0.6830357142857143,0.76145958986731,0.8463687150837989,0.8244545915778793,0.6456692913385826,0.47804335742078935,0.6342601594400156,0.7735129068462402,0.8871504009387835,0.712707182320442,0.7100037467216186
94,0.6832,0.6832,0.7636042833328247,0.1777527630329132,0.6107084155082703,0.005609278956899294,0.009169857426660589,0.006062420712123681,992.8334958904429,0.005395199882704215,0,0.7714139606238813,0.6985498302992903,0.7228169014084507,0.4854368932038835,0.6880503144654088,0.6676646706586826,0.8453900709219858,0.6193707587908698,0.7567824845311756,0.6741071428571429,0.7506031363088058,0.8435754189944135,0.8153221714865551,0.6614173228346457,0.46553640911617566,0.6408710869142524,0.7717171717171717,0.8853901818893017,0.7016574585635359,0.7094417384788311
95,0.6814,0.6814,0.737699031829834,0.17777572572231293,0.6121087670326233,0.005536495329805917,0.00903020088360818,0.006062420712123681,883.9759830825736,0.005064511733384595,0,0.7780618767578624,0.7059549521752545,0.7299530516431925,0.47249190938511326,0.6817610062893081,0.6691616766467066,0.8432624113475178,0.6150524367674275,0.7548786292241789,0.6607142857142857,0.7421592279855247,0.8435754189944135,0.8158295281582952,0.6614173228346457,0.45525291828793774,0.650009721952168,0.7721661054994389,0.8871504009387835,0.7071823204419889,0.7079430498313976
96,0.6823,0.6823,0.740459144115448,0.17811936140060425,0.6135251522064209,0.005431360258955789,0.008838304241014009,0.006062420712123681,889.9376253993939,0.005050996262797967,0,0.780107389414472,0.7000925640234495,0.7276995305164319,0.48220064724919093,0.6691823899371069,0.6616766467065869,0.8439716312056738,0.6057988895743368,0.7601142313184198,0.6651785714285714,0.7379372738238842,0.8435754189944135,0.8148148148148148,0.6692913385826772,0.44580322401334077,0.6675092358545596,0.7753086419753087,0.8885194601994915,0.6961325966850829,0.7010116148370176
97,0.679,0.679,0.7458468079566956,0.1782115399837494,0.6149893403053284,0.005570497985486468,0.009043172699588164,0.006062420712123681,900.8980206987616,0.005240108065722585,0,0.7744822296087958,0.6911447084233261,0.7263849765258216,0.4854368932038835,0.6647798742138364,0.6541916167664671,0.8468085106382979,0.5990129549660703,0.7624940504521657,0.6428571428571429,0.7388419782870929,0.8435754189944135,0.8188736681887366,0.6456692913385826,0.4260700389105058,0.6764534318491153,0.7759820426487093,0.8938001173479366,0.6850828729281768,0.7019482952416636
98,0.6805,0.6805,0.7183045744895935,0.17647685110569,0.616108238697052,0.005226133613104878,0.008468747110132924,0.006062420712123681,838.6068192114855,0.004736199663289748,0,0.7706468933776528,0.6825053995680346,0.7177464788732394,0.47572815533980584,0.6660377358490566,0.6392215568862275,0.8460992907801419,0.5916101172115977,0.7696335078534031,0.6473214285714286,0.7409529553679132,0.8435754189944135,0.8234398782343988,0.6456692913385826,0.4163424124513619,0.6758701147190356,0.7795735129068463,0.9016233131234109,0.6906077348066298,0.7021356313225927
99,0.6815,0.6815,0.7325791120529175,0.17599360644817352,0.6173816919326782,0.005166174061089851,0.008354345105113946,0.006062420712123681,870.9745562998097,0.004806392056699152,0,0.7652774226540526,0.6676951558161062,0.7138028169014085,0.48220064724919093,0.6742138364779874,0.6392215568862275,0.8475177304964538,0.5983960518198643,0.7715373631603998,0.6517857142857143,0.7448733413751508,0.8435754189944135,0.8259766615930999,0.6456692913385826,0.4232907170650361,0.6680925529846393,0.7869809203142536,0.9053393311167612,0.6906077348066298,0.6993255901086549
100,0.6729,0.5587500000000001,1.1952931880950928,0.1995566040277481,0.6258081197738647,0.11511315165006772,0.18364974546213186,0.006062420712123681,3423.5751988551165,0.11561663755233395,0,0.7798517003323958,0.6788028386300524,0.6933333333333334,0.49514563106796117,0.6352201257861635,0.33532934131736525,0.825531914893617,0.107958050586058,0.4259876249405045,0.5848214285714286,0.6568154402895054,0.8324022346368715,0.41146626078132925,0.2677165354330709,0.4677598665925514,0.35640676647870895,0.6978675645342312,0.5922159202034031,0.6353591160220995,0.6601723491944549
101,0.6554,0.54738,1.1096620559692383,0.2375887930393219,0.6324816346168518,0.16934981123285997,0.2673318403860085,0.006062420712123681,3560.987549439653,0.16971718676929543,0,0.781385834824853,0.7118173403270596,0.652394366197183,0.5469255663430421,0.650314465408805,0.3248502994011976,0.8198581560283688,0.10610734114743985,0.43027129938124703,0.5982142857142857,0.658021712907117,0.8184357541899442,0.410958904109589,0.25984251968503935,0.5494719288493608,0.37565623177133967,0.6094276094276094,0.6012125953451986,0.5911602209944752,0.6397527163731734
102,0.6073,0.5255599999999999,0.9510533213615417,0.26151472330093384,0.6364571452140808,0.17252801856077507,0.27065037996057606,0.006062420712123681,2215.0023743475413,0.17178691834046037,0,0.7345947328049093,0.740203640851589,0.6371830985915493,0.5048543689320388,0.6484276729559748,0.3023952095808383,0.8191489361702128,0.14003701418877237,0.4869109947643979,0.59375,0.6405307599517491,0.7541899441340782,0.4226281075596144,0.23622047244094488,0.49305169538632576,0.42426599261131637,0.5389450056116722,0.6549970663015842,0.5248618784530387,0.6260771824653428
103,0.556,0.5092399999999999,0.9056207537651062,0.2724578082561493,0.6397096514701843,0.14547535659953476,0.2270534808797156,0.006062420712123681,1814.9973617613227,0.14260316592281758,0,0.6369215034518027,0.7392780006170935,0.6255399061032864,0.4368932038834951,0.6157232704402515,0.28592814371257486,0.8184397163120567,0.2282541640962369,0.6273203236554021,0.5758928571428571,0.5949939686369119,0.5977653631284916,0.4535768645357686,0.2047244094488189,0.42023346303501946,0.47034804588761425,0.47048260381593715,0.766086446313319,0.5248618784530387,0.6624203821656051
104,0.5625,0.50695,1.0204176902770996,0.2779938578605652,0.6446306109428406,0.5294223896041399,0.8200081914192434,0.006062420712123681,11335.111712655073,0.5296026897182091,0,0.7097928918435182,0.7081147793890774,0.6332394366197183,0.313915857605178,0.6094339622641509,0.28892215568862273,0.8070921985815603,0.21714990746452806,0.49214659685863876,0.5803571428571429,0.6314837153196623,0.6871508379888268,0.5017757483510908,0.2047244094488189,0.3140633685380767,0.4987361462181606,0.4004489337822671,0.6471738705261099,0.44751381215469616,0.6322592731360059
105,0.5386,0.50245,1.178704857826233,0.293108731508255,0.6521400213241577,1.3832863337399717,2.1179016574968657,0.006062420712123681,20601.599169328794,1.381930278180844,0,0.6732293531066224,0.7016352977476088,0.6621596244131456,0.2912621359223301,0.5937106918238994,0.2874251497005988,0.7872340425531915,0.2418260333127699,0.5387910518800572,0.5401785714285714,0.6224366706875754,0.6368715083798883,0.6073059360730594,0.1889763779527559,0.2973874374652585,0.5067081469959168,0.32682379349046015,0.6790533933111677,0.3867403314917127,0.6294492319220681
106,0.5328,0.5003599999999999,1.0062282085418701,0.30805277824401855,0.65662682056427,0.7628560287240194,1.1600135591633238,0.006062420712123681,9200.769097646447,0.7410212224095983,0,0.6768090002556891,0.6908361616784943,0.6738028169014084,0.23300970873786409,0.580503144654088,0.281437125748503,0.8,0.33189389265885255,0.524036173250833,0.5491071428571429,0.5838359469240049,0.6508379888268156,0.5601217656012176,0.1732283464566929,0.23151750972762647,0.5080692202994361,0.36453423120089784,0.6819870917269705,0.43646408839779005,0.5854252529037093
107,0.5076,0.49241,1.428864598274231,0.3436529338359833,0.6687777638435364,1.6769402506376356,2.503726371885612,0.006062420712123681,15914.8785268937,1.6847591074876267,0,0.6351316798772693,0.6751002776920704,0.695962441314554,0.2168284789644013,0.5679245283018868,0.26646706586826346,0.7957446808510639,0.41147439851943246,0.5573536411232747,0.5625,0.5799155609167672,0.6256983240223464,0.6062912227295789,0.1889763779527559,0.2009449694274597,0.47773672953529067,0.32727272727272727,0.703109720320751,0.40331491712707185,0.5680029973772949
108,0.5024,0.48098,1.2704756259918213,0.374769002199173,0.6774452924728394,1.4833020665430072,2.1863252394847876,0.006062420712123681,11636.508785536078,1.4533284717235229,0,0.5676297622091536,0.6322122801604443,0.6850704225352112,0.23948220064724918,0.519496855345912,0.2559880239520958,0.7879432624113475,0.41949413942011105,0.6120894811994289,0.5401785714285714,0.4924607961399276,0.5837988826815642,0.47387113140537795,0.1968503937007874,0.2387437465258477,0.41746062609371964,0.43367003367003365,0.7522002738118522,0.5303867403314917,0.5327838141626077
109,0.2671,0.26503,1.938299536705017,0.4399230480194092,0.7013649940490723,12.371401994769176,17.61392167831306,0.006062420712123681,31481.164244010633,12.416374780183741,0,0.36026591664535923,0.3443381672323357,0.252018779342723,0.11003236245954692,0.24339622641509434,0.13323353293413173,0.43049645390070923,0.4268969771745836,0.390290337934317,0.29464285714285715,0.27593486127864897,0.4022346368715084,0.24911212582445458,0.11811023622047244,0.11339633129516398,0.2210771923002139,0.16363636363636364,0.41267357715626835,0.23756906077348067,0.28643686774072685
110,0.1,0.1,nan,nan,nan,nan,nan,0.006062420712123681,nan,nan,0,0.002045512656609563,0.004319654427645789,0.0009389671361502347,0.016181229773462782,0.8805031446540881,0.20658682634730538,0.0070921985815602835,0.0030845157310302285,0.002379819133745835,0.5223214285714286,0.7062726176115802,0.013966480446927373,0.0025367833587011668,0.03937007874015748,0.0019455252918287938,0.0009721952167995333,0.0013468013468013469,0.0009778994719342852,0.08287292817679558,0.1682278006744099
111,0.1,0.1,nan,nan,nan,nan,nan,0.006062420712123681,nan,nan,0,0.002045512656609563,0.004319654427645789,0.0009389671361502347,0.016181229773462782,0.8805031446540881,0.20658682634730538,0.0070921985815602835,0.0030845157310302285,0.002379819133745835,0.5223214285714286,0.7062726176115802,0.013966480446927373,0.0025367833587011668,0.03937007874015748,0.0019455252918287938,0.0009721952167995333,0.0013468013468013469,0.0009778994719342852,0.08287292817679558,0.1682278006744099
112,0.1,0.1,nan,nan,nan,nan,nan,0.006062420712123681,nan,nan,0,0.002045512656609563,0.004319654427645789,0.0009389671361502347,0.016181229773462782,0.8805031446540881,0.20658682634730538,0.0070921985815602835,0.0030845157310302285,0.002379819133745835,0.5223214285714286,0.7062726176115802,0.013966480446927373,0.0025367833587011668,0.03937007874015748,0.0019455252918287938,0.0009721952167995333,0.0013468013468013469,0.0009778994719342852,0.08287292817679558,0.1682278006744099
113,0.1,0.1,nan,nan,nan,nan,nan,0.006062420712123681,nan,nan,0,0.002045512656609563,0.004319654427645789,0.0009389671361502347,0.016181229773462782,0.8805031446540881,0.20658682634730538,0.0070921985815602835,0.0030845157310302285,0.002379819133745835,0.5223214285714286,0.7062726176115802,0.013966480446927373,0.0025367833587011668,0.03937007874015748,0.0019455252918287938,0.0009721952167995333,0.0013468013468013469,0.0009778994719342852,0.08287292817679558,0.1682278006744099
114,0.1,0.1,nan,nan,nan,nan,nan,0.006062420712123681,nan,nan,0,0.002045512656609563,0.004319654427645789,0.0009389671361502347,0.016181229773462782,0.8805031446540881,0.20658682634730538,0.0070921985815602835,0.0030845157310302285,0.002379819133745835,0.5223214285714286,0.7062726176115802,0.013966480446927373,0.0025367833587011668,0.03937007874015748,0.0019455252918287938,0.0009721952167995333,0.0013468013468013469,0.0009778994719342852,0.08287292817679558,0.1682278006744099
115,0.1,0.1,nan,nan,nan,nan,nan,0.006062420712123681,nan,nan,0,0.002045512656609563,0.004319654427645789,0.0009389671361502347,0.016181229773462782,0.8805031446540881,0.20658682634730538,0.0070921985815602835,0.0030845157310302285,0.002379819133745835,0.5223214285714286,0.7062726176115802,0.013966480446927373,0.0025367833587011668,0.03937007874015748,0.0019455252918287938,0.0009721952167995333,0.0013468013468013469,0.0009778994719342852,0.08287292817679558,0.1682278006744099
116,0.1,0.1,nan,nan,nan,nan,nan,0.006062420712123681,nan,nan,0,0.002045512656609563,0.004319654427645789,0.0009389671361502347,0.016181229773462782,0.8805031446540881,0.20658682634730538,0.0070921985815602835,0.0030845157310302285,0.002379819133745835,0.5223214285714286,0.7062726176115802,0.013966480446927373,0.0025367833587011668,0.03937007874015748,0.0019455252918287938,0.0009721952167995333,0.0013468013468013469,0.0009778994719342852,0.08287292817679558,0.1682278006744099
117,0.1,0.1,nan,nan,nan,nan,nan,0.006062420712123681,nan,nan,0,0.002045512656609563,0.004319654427645789,0.0009389671361502347,0.016181229773462782,0.8805031446540881,0.20658682634730538,0.0070921985815602835,0.0030845157310302285,0.002379819133745835,0.5223214285714286,0.7062726176115802,0.013966480446927373,0.0025367833587011668,0.03937007874015748,0.0019455252918287938,0.0009721952167995333,0.0013468013468013469,0.0009778994719342852,0.08287292817679558,0.1682278006744099
118,0.1,0.1,nan,nan,nan,nan,nan,0.006062420712123681,nan,nan,0,0.002045512656609563,0.004319654427645789,0.0009389671361502347,0.016181229773462782,0.8805031446540881,0.20658682634730538,0.0070921985815602835,0.0030845157310302285,0.002379819133745835,0.5223214285714286,0.7062726176115802,0.013966480446927373,0.0025367833587011668,0.03937007874015748,0.0019455252918287938,0.0009721952167995333,0.0013468013468013469,0.0009778994719342852,0.08287292817679558,0.1682278006744099
119,0.1,0.1,nan,nan,nan,nan,nan,0.006062420712123681,nan,nan,0,0.002045512656609563,0.004319654427645789,0.0009389671361502347,0.016181229773462782,0.8805031446540881,0.20658682634730538,0.0070921985815602835,0.0030845157310302285,0.002379819133745835,0.5223214285714286,0.7062726176115802,0.013966480446927373,0.0025367833587011668,0.03937007874015748,0.0019455252918287938,0.0009721952167995333,0.0013468013468013469,0.0009778994719342852,0.08287292817679558,0.1682278006744099
120,0.1,0.1,nan,nan,nan,nan,nan,0.006062420712123681,nan,nan,0,0.002045512656609563,0.004319654427645789,0.0009389671361502347,0.016181229773462782,0.8805031446540881,0.20658682634730538,0.0070921985815602835,0.0030845157310302285,0.002379819133745835,0.5223214285714286,0.7062726176115802,0.013966480446927373,0.0025367833587011668,0.03937007874015748,0.0019455252918287938,0.0009721952167995333,0.0013468013468013469,0.0009778994719342852,0.08287292817679558,0.1682278006744099
121,0.1,0.1,nan,nan,nan,nan,nan,0.006062420712123681,nan,nan,0,0.002045512656609563,0.004319654427645789,0.0009389671361502347,0.016181229773462782,0.8805031446540881,0.20658682634730538,0.0070921985815602835,0.0030845157310302285,0.002379819133745835,0.5223214285714286,0.7062726176115802,0.013966480446927373,0.0025367833587011668,0.03937007874015748,0.0019455252918287938,0.0009721952167995333,0.0013468013468013469,0.0009778994719342852,0.08287292817679558,0.1682278006744099
122,0.1,0.1,nan,nan,nan,nan,nan,0.006062420712123681,nan,nan,0,0.002045512656609563,0.004319654427645789,0.0009389671361502347,0.016181229773462782,0.8805031446540881,0.20658682634730538,0.0070921985815602835,0.0030845157310302285,0.002379819133745835,0.5223214285714286,0.7062726176115802,0.013966480446927373,0.0025367833587011668,0.03937007874015748,0.0019455252918287938,0.0009721952167995333,0.0013468013468013469,0.0009778994719342852,0.08287292817679558,0.1682278006744099
123,0.1,0.1,nan,nan,nan,nan,nan,0.006062420712123681,nan,nan,0,0.002045512656609563,0.004319654427645789,0.0009389671361502347,0.016181229773462782,0.8805031446540881,0.20658682634730538,0.0070921985815602835,0.0030845157310302285,0.002379819133745835,0.5223214285714286,0.7062726176115802,0.013966480446927373,0.0025367833587011668,0.03937007874015748,0.0019455252918287938,0.0009721952167995333,0.0013468013468013469,0.0009778994719342852,0.08287292817679558,0.1682278006744099
124,0.1,0.1,nan,nan,nan,nan,nan,0.006062420712123681,nan,nan,0,0.002045512656609563,0.004319654427645789,0.0009389671361502347,0.016181229773462782,0.8805031446540881,0.20658682634730538,0.0070921985815602835,0.0030845157310302285,0.002379819133745835,0.5223214285714286,0.7062726176115802,0.013966480446927373,0.0025367833587011668,0.03937007874015748,0.0019455252918287938,0.0009721952167995333,0.0013468013468013469,0.0009778994719342852,0.08287292817679558,0.1682278006744099
125,0.1,0.1,nan,nan,nan,nan,nan,0.006062420712123681,nan,nan,0,0.002045512656609563,0.004319654427645789,0.0009389671361502347,0.016181229773462782,0.8805031446540881,0.20658682634730538,0.0070921985815602835,0.0030845157310302285,0.002379819133745835,0.5223214285714286,0.7062726176115802,0.013966480446927373,0.0025367833587011668,0.03937007874015748,0.0019455252918287938,0.0009721952167995333,0.0013468013468013469,0.0009778994719342852,0.08287292817679558,0.1682278006744099
126,0.1,0.1,nan,nan,nan,nan,nan,0.006062420712123681,nan,nan,0,0.002045512656609563,0.004319654427645789,0.0009389671361502347,0.016181229773462782,0.8805031446540881,0.20658682634730538,0.0070921985815602835,0.0030845157310302285,0.002379819133745835,0.5223214285714286,0.7062726176115802,0.013966480446927373,0.0025367833587011668,0.03937007874015748,0.0019455252918287938,0.0009721952167995333,0.0013468013468013469,0.0009778994719342852,0.08287292817679558,0.1682278006744099
127,0.1,0.1,nan,nan,nan,nan,nan,0.006062420712123681,nan,nan,0,0.002045512656609563,0.004319654427645789,0.0009389671361502347,0.016181229773462782,0.8805031446540881,0.20658682634730538,0.0070921985815602835,0.0030845157310302285,0.002379819133745835,0.5223214285714286,0.7062726176115802,0.013966480446927373,0.0025367833587011668,0.03937007874015748,0.0019455252918287938,0.0009721952167995333,0.0013468013468013469,0.0009778994719342852,0.08287292817679558,0.1682278006744099
128,0.1,0.1,nan,nan,nan,nan,nan,0.006062420712123681,nan,nan,0,0.002045512656609563,0.004319654427645789,0.0009389671361502347,0.016181229773462782,0.8805031446540881,0.20658682634730538,0.0070921985815602835,0.0030845157310302285,0.002379819133745835,0.5223214285714286,0.7062726176115802,0.013966480446927373,0.0025367833587011668,0.03937007874015748,0.0019455252918287938,0.0009721952167995333,0.0013468013468013469,0.0009778994719342852,0.08287292817679558,0.1682278006744099
129,0.1,0.1,nan,nan,nan,nan,nan,0.006062420712123681,nan,nan,0,0.002045512656609563,0.004319654427645789,0.0009389671361502347,0.016181229773462782,0.8805031446540881,0.20658682634730538,0.0070921985815602835,0.0030845157310302285,0.002379819133745835,0.5223214285714286,0.7062726176115802,0.013966480446927373,0.0025367833587011668,0.03937007874015748,0.0019455252918287938,0.0009721952167995333,0.0013468013468013469,0.0009778994719342852,0.08287292817679558,0.1682278006744099
130,0.1,0.1,nan,nan,nan,nan,nan,0.006062420712123681,nan,nan,0,0.002045512656609563,0.004319654427645789,0.0009389671361502347,0.016181229773462782,0.8805031446540881,0.20658682634730538,0.0070921985815602835,0.0030845157310302285,0.002379819133745835,0.5223214285714286,0.7062726176115802,0.013966480446927373,0.0025367833587011668,0.03937007874015748,0.0019455252918287938,0.0009721952167995333,0.0013468013468013469,0.0009778994719342852,0.08287292817679558,0.1682278006744099
131,0.1,0.1,nan,nan,nan,nan,nan,0.006062420712123681,nan,nan,0,0.002045512656609563,0.004319654427645789,0.0009389671361502347,0.016181229773462782,0.8805031446540881,0.20658682634730538,0.0070921985815602835,0.0030845157310302285,0.002379819133745835,0.5223214285714286,0.7062726176115802,0.013966480446927373,0.0025367833587011668,0.03937007874015748,0.0019455252918287938,0.0009721952167995333,0.0013468013468013469,0.0009778994719342852,0.08287292817679558,0.1682278006744099
132,0.1,0.1,nan,nan,nan,nan,nan,0.006062420712123681,nan,nan,0,0.002045512656609563,0.004319654427645789,0.0009389671361502347,0.016181229773462782,0.8805031446540881,0.20658682634730538,0.0070921985815602835,0.0030845157310302285,0.002379819133745835,0.5223214285714286,0.7062726176115802,0.013966480446927373,0.0025367833587011668,0.03937007874015748,0.0019455252918287938,0.0009721952167995333,0.0013468013468013469,0.0009778994719342852,0.08287292817679558,0.1682278006744099
133,0.1,0.1,nan,nan,nan,nan,nan,0.006062420712123681,nan,nan,0,0.002045512656609563,0.004319654427645789,0.0009389671361502347,0.016181229773462782,0.8805031446540881,0.20658682634730538,0.0070921985815602835,0.0030845157310302285,0.002379819133745835,0.5223214285714286,0.7062726176115802,0.013966480446927373,0.0025367833587011668,0.03937007874015748,0.0019455252918287938,0.0009721952167995333,0.0013468013468013469,0.0009778994719342852,0.08287292817679558,0.1682278006744099
134,0.1,0.1,nan,nan,nan,nan,nan,0.006062420712123681,nan,nan,0,0.002045512656609563,0.004319654427645789,0.0009389671361502347,0.016181229773462782,0.8805031446540881,0.20658682634730538,0.0070921985815602835,0.0030845157310302285,0.002379819133745835,0.5223214285714286,0.7062726176115802,0.013966480446927373,0.0025367833587011668,0.03937007874015748,0.0019455252918287938,0.0009721952167995333,0.0013468013468013469,0.0009778994719342852,0.08287292817679558,0.1682278006744099
135,0.1,0.1,nan,nan,nan,nan,nan,0.006062420712123681,nan,nan,0,0.002045512656609563,0.004319654427645789,0.0009389671361502347,0.016181229773462782,0.8805031446540881,0.20658682634730538,0.0070921985815602835,0.0030845157310302285,0.002379819133745835,0.5223214285714286,0.7062726176115802,0.013966480446927373,0.0025367833587011668,0.03937007874015748,0.0019455252918287938,0.0009721952167995333,0.0013468013468013469,0.0009778994719342852,0.08287292817679558,0.1682278006744099
136,0.1,0.1,nan,nan,nan,nan,nan,0.006062420712123681,nan,nan,0,0.002045512656609563,0.004319654427645789,0.0009389671361502347,0.016181229773462782,0.8805031446540881,0.20658682634730538,0.0070921985815602835,0.0030845157310302285,0.002379819133745835,0.5223214285714286,0.7062726176115802,0.013966480446927373,0.0025367833587011668,0.03937007874015748,0.0019455252918287938,0.0009721952167995333,0.0013468013468013469,0.0009778994719342852,0.08287292817679558,0.1682278006744099
137,0.1,0.1,nan,nan,nan,nan,nan,0.006062420712123681,nan,nan,0,0.002045512656609563,0.004319654427645789,0.0009389671361502347,0.016181229773462782,0.8805031446540881,0.20658682634730538,0.0070921985815602835,0.0030845157310302285,0.002379819133745835,0.5223214285714286,0.7062726176115802,0.013966480446927373,0.0025367833587011668,0.03937007874015748,0.0019455252918287938,0.0009721952167995333,0.0013468013468013469,0.0009778994719342852,0.08287292817679558,0.1682278006744099
138,0.1,0.1,nan,nan,nan,nan,nan,0.006062420712123681,nan,nan,0,0.002045512656609563,0.004319654427645789,0.0009389671361502347,0.016181229773462782,0.8805031446540881,0.20658682634730538,0.0070921985815602835,0.0030845157310302285,0.002379819133745835,0.5223214285714286,0.7062726176115802,0.013966480446927373,0.0025367833587011668,0.03937007874015748,0.0019455252918287938,0.0009721952167995333,0.0013468013468013469,0.0009778994719342852,0.08287292817679558,0.1682278006744099
139,0.1,0.1,nan,nan,nan,nan,nan,0.006062420712123681,nan,nan,0,0.002045512656609563,0.004319654427645789,0.0009389671361502347,0.016181229773462782,0.8805031446540881,0.20658682634730538,0.0070921985815602835,0.0030845157310302285,0.002379819133745835,0.5223214285714286,0.7062726176115802,0.013966480446927373,0.0025367833587011668,0.03937007874015748,0.0019455252918287938,0.0009721952167995333,0.0013468013468013469,0.0009778994719342852,0.08287292817679558,0.1682278006744099
140,0.1,0.1,nan,nan,nan,nan,nan,0.006062420712123681,nan,nan,0,0.002045512656609563,0.004319654427645789,0.0009389671361502347,0.016181229773462782,0.8805031446540881,0.20658682634730538,0.0070921985815602835,0.0030845157310302285,0.002379819133745835,0.5223214285714286,0.7062726176115802,0.013966480446927373,0.0025367833587011668,0.03937007874015748,0.0019455252918287938,0.0009721952167995333,0.0013468013468013469,0.0009778994719342852,0.08287292817679558,0.1682278006744099
141,0.1,0.1,nan,nan,nan,nan,nan,0.006062420712123681,nan,nan,0,0.002045512656609563,0.004319654427645789,0.0009389671361502347,0.016181229773462782,0.8805031446540881,0.20658682634730538,0.0070921985815602835,0.0030845157310302285,0.002379819133745835,0.5223214285714286,0.7062726176115802,0.013966480446927373,0.0025367833587011668,0.03937007874015748,0.0019455252918287938,0.0009721952167995333,0.0013468013468013469,0.0009778994719342852,0.08287292817679558,0.1682278006744099
142,0.1,0.1,nan,nan,nan,nan,nan,0.006062420712123681,nan,nan,0,0.002045512656609563,0.004319654427645789,0.0009389671361502347,0.016181229773462782,0.8805031446540881,0.20658682634730538,0.0070921985815602835,0.0030845157310302285,0.002379819133745835,0.5223214285714286,0.7062726176115802,0.013966480446927373,0.0025367833587011668,0.03937007874015748,0.0019455252918287938,0.0009721952167995333,0.0013468013468013469,0.0009778994719342852,0.08287292817679558,0.1682278006744099
143,0.1,0.1,nan,nan,nan,nan,nan,0.006062420712123681,nan,nan,0,0.002045512656609563,0.004319654427645789,0.0009389671361502347,0.016181229773462782,0.8805031446540881,0.20658682634730538,0.0070921985815602835,0.0030845157310302285,0.002379819133745835,0.5223214285714286,0.7062726176115802,0.013966480446927373,0.0025367833587011668,0.03937007874015748,0.0019455252918287938,0.0009721952167995333,0.0013468013468013469,0.0009778994719342852,0.08287292817679558,0.1682278006744099
144,0.1,0.1,nan,nan,nan,nan,nan,0.006062420712123681,nan,nan,0,0.002045512656609563,0.004319654427645789,0.0009389671361502347,0.016181229773462782,0.8805031446540881,0.20658682634730538,0.0070921985815602835,0.0030845157310302285,0.002379819133745835,0.5223214285714286,0.7062726176115802,0.013966480446927373,0.0025367833587011668,0.03937007874015748,0.0019455252918287938,0.0009721952167995333,0.0013468013468013469,0.0009778994719342852,0.08287292817679558,0.1682278006744099
145,0.1,0.1,nan,nan,nan,nan,nan,0.006062420712123681,nan,nan,0,0.002045512656609563,0.004319654427645789,0.0009389671361502347,0.016181229773462782,0.8805031446540881,0.20658682634730538,0.0070921985815602835,0.0030845157310302285,0.002379819133745835,0.5223214285714286,0.7062726176115802,0.013966480446927373,0.0025367833587011668,0.03937007874015748,0.0019455252918287938,0.0009721952167995333,0.0013468013468013469,0.0009778994719342852,0.08287292817679558,0.1682278006744099
146,0.1,0.1,nan,nan,nan,nan,nan,0.006062420712123681,nan,nan,0,0.002045512656609563,0.004319654427645789,0.0009389671361502347,0.016181229773462782,0.8805031446540881,0.20658682634730538,0.0070921985815602835,0.0030845157310302285,0.002379819133745835,0.5223214285714286,0.7062726176115802,0.013966480446927373,0.0025367833587011668,0.03937007874015748,0.0019455252918287938,0.0009721952167995333,0.0013468013468013469,0.0009778994719342852,0.08287292817679558,0.1682278006744099
147,0.1,0.1,nan,nan,nan,nan,nan,0.006062420712123681,nan,nan,0,0.002045512656609563,0.004319654427645789,0.0009389671361502347,0.016181229773462782,0.8805031446540881,0.20658682634730538,0.0070921985815602835,0.0030845157310302285,0.002379819133745835,0.5223214285714286,0.7062726176115802,0.013966480446927373,0.0025367833587011668,0.03937007874015748,0.0019455252918287938,0.0009721952167995333,0.0013468013468013469,0.0009778994719342852,0.08287292817679558,0.1682278006744099
148,0.1,0.1,nan,nan,nan,nan,nan,0.006062420712123681,nan,nan,0,0.002045512656609563,0.004319654427645789,0.0009389671361502347,0.016181229773462782,0.8805031446540881,0.20658682634730538,0.0070921985815602835,0.0030845157310302285,0.002379819133745835,0.5223214285714286,0.7062726176115802,0.013966480446927373,0.0025367833587011668,0.03937007874015748,0.0019455252918287938,0.0009721952167995333,0.0013468013468013469,0.0009778994719342852,0.08287292817679558,0.1682278006744099
149,0.1,0.1,nan,nan,nan,nan,nan,0.006062420712123681,nan,nan,0,0.002045512656609563,0.004319654427645789,0.0009389671361502347,0.016181229773462782,0.8805031446540881,0.20658682634730538,0.0070921985815602835,0.0030845157310302285,0.002379819133745835,0.5223214285714286,0.7062726176115802,0.013966480446927373,0.0025367833587011668,0.03937007874015748,0.0019455252918287938,0.0009721952167995333,0.0013468013468013469,0.0009778994719342852,0.08287292817679558,0.1682278006744099
150,0.1,0.1,nan,nan,nan,nan,nan,0.006062420712123681,nan,nan,0,0.002045512656609563,0.004319654427645789,0.0009389671361502347,0.016181229773462782,0.8805031446540881,0.20658682634730538,0.0070921985815602835,0.0030845157310302285,0.002379819133745835,0.5223214285714286,0.7062726176115802,0.013966480446927373,0.0025367833587011668,0.03937007874015748,0.0019455252918287938,0.0009721952167995333,0.0013468013468013469,0.0009778994719342852,0.08287292817679558,0.1682278006744099
151,0.1,0.1,nan,nan,nan,nan,nan,0.006062420712123681,nan,nan,0,0.002045512656609563,0.004319654427645789,0.0009389671361502347,0.016181229773462782,0.8805031446540881,0.20658682634730538,0.0070921985815602835,0.0030845157310302285,0.002379819133745835,0.5223214285714286,0.7062726176115802,0.013966480446927373,0.0025367833587011668,0.03937007874015748,0.0019455252918287938,0.0009721952167995333,0.0013468013468013469,0.0009778994719342852,0.08287292817679558,0.1682278006744099
152,0.1,0.1,nan,nan,nan,nan,nan,0.006062420712123681,nan,nan,0,0.002045512656609563,0.004319654427645789,0.0009389671361502347,0.016181229773462782,0.8805031446540881,0.20658682634730538,0.0070921985815602835,0.0030845157310302285,0.002379819133745835,0.5223214285714286,0.7062726176115802,0.013966480446927373,0.0025367833587011668,0.03937007874015748,0.0019455252918287938,0.0009721952167995333,0.0013468013468013469,0.0009778994719342852,0.08287292817679558,0.1682278006744099
153,0.1,0.1,nan,nan,nan,nan,nan,0.006062420712123681,nan,nan,0,0.002045512656609563,0.004319654427645789,0.0009389671361502347,0.016181229773462782,0.8805031446540881,0.20658682634730538,0.0070921985815602835,0.0030845157310302285,0.002379819133745835,0.5223214285714286,0.7062726176115802,0.013966480446927373,0.0025367833587011668,0.03937007874015748,0.0019455252918287938,0.0009721952167995333,0.0013468013468013469,0.0009778994719342852,0.08287292817679558,0.1682278006744099
154,0.1,0.1,nan,nan,nan,nan,nan,0.006062420712123681,nan,nan,0,0.002045512656609563,0.004319654427645789,0.0009389671361502347,0.016181229773462782,0.8805031446540881,0.20658682634730538,0.0070921985815602835,0.0030845157310302285,0.002379819133745835,0.5223214285714286,0.7062726176115802,0.013966480446927373,0.0025367833587011668,0.03937007874015748,0.0019455252918287938,0.0009721952167995333,0.0013468013468013469,0.0009778994719342852,0.08287292817679558,0.1682278006744099
155,0.1,0.1,nan,nan,nan,nan,nan,0.006062420712123681,nan,nan,0,0.002045512656609563,0.004319654427645789,0.0009389671361502347,0.016181229773462782,0.8805031446540881,0.20658682634730538,0.0070921985815602835,0.0030845157310302285,0.002379819133745835,0.5223214285714286,0.7062726176115802,0.013966480446927373,0.0025367833587011668,0.03937007874015748,0.0019455252918287938,0.0009721952167995333,0.0013468013468013469,0.0009778994719342852,0.08287292817679558,0.1682278006744099
156,0.1,0.1,nan,nan,nan,nan,nan,0.006062420712123681,nan,nan,0,0.002045512656609563,0.004319654427645789,0.0009389671361502347,0.016181229773462782,0.8805031446540881,0.20658682634730538,0.0070921985815602835,0.0030845157310302285,0.002379819133745835,0.5223214285714286,0.7062726176115802,0.013966480446927373,0.0025367833587011668,0.03937007874015748,0.0019455252918287938,0.0009721952167995333,0.0013468013468013469,0.0009778994719342852,0.08287292817679558,0.1682278006744099
157,0.1,0.1,nan,nan,nan,nan,nan,0.006062420712123681,nan,nan,0,0.002045512656609563,0.004319654427645789,0.0009389671361502347,0.016181229773462782,0.8805031446540881,0.20658682634730538,0.0070921985815602835,0.0030845157310302285,0.002379819133745835,0.5223214285714286,0.7062726176115802,0.013966480446927373,0.0025367833587011668,0.03937007874015748,0.0019455252918287938,0.0009721952167995333,0.0013468013468013469,0.0009778994719342852,0.08287292817679558,0.1682278006744099
158,0.1,0.1,nan,nan,nan,nan,nan,0.006062420712123681,nan,nan,0,0.002045512656609563,0.004319654427645789,0.0009389671361502347,0.016181229773462782,0.8805031446540881,0.20658682634730538,0.0070921985815602835,0.0030845157310302285,0.002379819133745835,0.5223214285714286,0.7062726176115802,0.013966480446927373,0.0025367833587011668,0.03937007874015748,0.0019455252918287938,0.0009721952167995333,0.0013468013468013469,0.0009778994719342852,0.08287292817679558,0.1682278006744099
159,0.1,0.1,nan,nan,nan,nan,nan,0.006062420712123681,nan,nan,0,0.002045512656609563,0.004319654427645789,0.0009389671361502347,0.016181229773462782,0.8805031446540881,0.20658682634730538,0.0070921985815602835,0.0030845157310302285,0.002379819133745835,0.5223214285714286,0.7062726176115802,0.013966480446927373,0.0025367833587011668,0.03937007874015748,0.0019455252918287938,0.0009721952167995333,0.0013468013468013469,0.0009778994719342852,0.08287292817679558,0.1682278006744099
160,0.1,0.1,nan,nan,nan,nan,nan,0.006062420712123681,nan,nan,0,0.002045512656609563,0.004319654427645789,0.0009389671361502347,0.016181229773462782,0.8805031446540881,0.20658682634730538,0.0070921985815602835,0.0030845157310302285,0.002379819133745835,0.5223214285714286,0.7062726176115802,0.013966480446927373,0.0025367833587011668,0.03937007874015748,0.0019455252918287938,0.0009721952167995333,0.0013468013468013469,0.0009778994719342852,0.08287292817679558,0.1682278006744099
161,0.1,0.1,nan,nan,nan,nan,nan,0.006062420712123681,nan,nan,0,0.002045512656609563,0.004319654427645789,0.0009389671361502347,0.016181229773462782,0.8805031446540881,0.20658682634730538,0.0070921985815602835,0.0030845157310302285,0.002379819133745835,0.5223214285714286,0.7062726176115802,0.013966480446927373,0.0025367833587011668,0.03937007874015748,0.0019455252918287938,0.0009721952167995333,0.0013468013468013469,0.0009778994719342852,0.08287292817679558,0.1682278006744099
162,0.1,0.1,nan,nan,nan,nan,nan,0.006062420712123681,nan,nan,0,0.002045512656609563,0.004319654427645789,0.0009389671361502347,0.016181229773462782,0.8805031446540881,0.20658682634730538,0.0070921985815602835,0.0030845157310302285,0.002379819133745835,0.5223214285714286,0.7062726176115802,0.013966480446927373,0.0025367833587011668,0.03937007874015748,0.0019455252918287938,0.0009721952167995333,0.0013468013468013469,0.0009778994719342852,0.08287292817679558,0.1682278006744099
163,0.1,0.1,nan,nan,nan,nan,nan,0.006062420712123681,nan,nan,0,0.002045512656609563,0.004319654427645789,0.0009389671361502347,0.016181229773462782,0.8805031446540881,0.20658682634730538,0.0070921985815602835,0.0030845157310302285,0.002379819133745835,0.5223214285714286,0.7062726176115802,0.013966480446927373,0.0025367833587011668,0.03937007874015748,0.0019455252918287938,0.0009721952167995333,0.0013468013468013469,0.0009778994719342852,0.08287292817679558,0.1682278006744099
164,0.1,0.1,nan,nan,nan,nan,nan,0.006062420712123681,nan,nan,0,0.002045512656609563,0.004319654427645789,0.0009389671361502347,0.016181229773462782,0.8805031446540881,0.20658682634730538,0.0070921985815602835,0.0030845157310302285,0.002379819133745835,0.5223214285714286,0.7062726176115802,0.013966480446927373,0.0025367833587011668,0.03937007874015748,0.0019455252918287938,0.0009721952167995333,0.0013468013468013469,0.0009778994719342852,0.08287292817679558,0.1682278006744099
165,0.1,0.1,nan,nan,nan,nan,nan,0.006062420712123681,nan,nan,0,0.002045512656609563,0.004319654427645789,0.0009389671361502347,0.016181229773462782,0.8805031446540881,0.20658682634730538,0.0070921985815602835,0.0030845157310302285,0.002379819133745835,0.5223214285714286,0.7062726176115802,0.013966480446927373,0.0025367833587011668,0.03937007874015748,0.0019455252918287938,0.0009721952167995333,0.0013468013468013469,0.0009778994719342852,0.08287292817679558,0.1682278006744099
166,0.1,0.1,nan,nan,nan,nan,nan,0.006062420712123681,nan,nan,0,0.002045512656609563,0.004319654427645789,0.0009389671361502347,0.016181229773462782,0.8805031446540881,0.20658682634730538,0.0070921985815602835,0.0030845157310302285,0.002379819133745835,0.5223214285714286,0.7062726176115802,0.013966480446927373,0.0025367833587011668,0.03937007874015748,0.0019455252918287938,0.0009721952167995333,0.0013468013468013469,0.0009778994719342852,0.08287292817679558,0.1682278006744099
167,0.1,0.1,nan,nan,nan,nan,nan,0.006062420712123681,nan,nan,0,0.002045512656609563,0.004319654427645789,0.0009389671361502347,0.016181229773462782,0.8805031446540881,0.20658682634730538,0.0070921985815602835,0.0030845157310302285,0.002379819133745835,0.5223214285714286,0.7062726176115802,0.013966480446927373,0.0025367833587011668,0.03937007874015748,0.0019455252918287938,0.0009721952167995333,0.0013468013468013469,0.0009778994719342852,0.08287292817679558,0.1682278006744099
168,0.1,0.1,nan,nan,nan,nan,nan,0.006062420712123681,nan,nan,0,0.002045512656609563,0.004319654427645789,0.0009389671361502347,0.016181229773462782,0.8805031446540881,0.20658682634730538,0.0070921985815602835,0.0030845157310302285,0.002379819133745835,0.5223214285714286,0.7062726176115802,0.013966480446927373,0.0025367833587011668,0.03937007874015748,0.0019455252918287938,0.0009721952167995333,0.0013468013468013469,0.0009778994719342852,0.08287292817679558,0.1682278006744099
169,0.1,0.1,nan,nan,nan,nan,nan,0.006062420712123681,nan,nan,0,0.002045512656609563,0.004319654427645789,0.0009389671361502347,0.016181229773462782,0.8805031446540881,0.20658682634730538,0.0070921985815602835,0.0030845157310302285,0.002379819133745835,0.5223214285714286,0.7062726176115802,0.013966480446927373,0.0025367833587011668,0.03937007874015748,0.0019455252918287938,0.0009721952167995333,0.0013468013468013469,0.0009778994719342852,0.08287292817679558,0.1682278006744099
170,0.1,0.1,nan,nan,nan,nan,nan,0.006062420712123681,nan,nan,0,0.002045512656609563,0.004319654427645789,0.0009389671361502347,0.016181229773462782,0.8805031446540881,0.20658682634730538,0.0070921985815602835,0.0030845157310302285,0.002379819133745835,0.5223214285714286,0.7062726176115802,0.013966480446927373,0.0025367833587011668,0.03937007874015748,0.0019455252918287938,0.0009721952167995333,0.0013468013468013469,0.0009778994719342852,0.08287292817679558,0.1682278006744099
171,0.1,0.1,nan,nan,nan,nan,nan,0.006062420712123681,nan,nan,0,0.002045512656609563,0.004319654427645789,0.0009389671361502347,0.016181229773462782,0.8805031446540881,0.20658682634730538,0.0070921985815602835,0.0030845157310302285,0.002379819133745835,0.5223214285714286,0.7062726176115802,0.013966480446927373,0.0025367833587011668,0.03937007874015748,0.0019455252918287938,0.0009721952167995333,0.0013468013468013469,0.0009778994719342852,0.08287292817679558,0.1682278006744099
172,0.1,0.1,nan,nan,nan,nan,nan,0.006062420712123681,nan,nan,0,0.002045512656609563,0.004319654427645789,0.0009389671361502347,0.016181229773462782,0.8805031446540881,0.20658682634730538,0.0070921985815602835,0.0030845157310302285,0.002379819133745835,0.5223214285714286,0.7062726176115802,0.013966480446927373,0.0025367833587011668,0.03937007874015748,0.0019455252918287938,0.0009721952167995333,0.0013468013468013469,0.0009778994719342852,0.08287292817679558,0.1682278006744099
173,0.1,0.1,nan,nan,nan,nan,nan,0.006062420712123681,nan,nan,0,0.002045512656609563,0.004319654427645789,0.0009389671361502347,0.016181229773462782,0.8805031446540881,0.20658682634730538,0.0070921985815602835,0.0030845157310302285,0.002379819133745835,0.5223214285714286,0.7062726176115802,0.013966480446927373,0.0025367833587011668,0.03937007874015748,0.0019455252918287938,0.0009721952167995333,0.0013468013468013469,0.0009778994719342852,0.08287292817679558,0.1682278006744099
174,0.1,0.1,nan,nan,nan,nan,nan,0.006062420712123681,nan,nan,0,0.002045512656609563,0.004319654427645789,0.0009389671361502347,0.016181229773462782,0.8805031446540881,0.20658682634730538,0.0070921985815602835,0.0030845157310302285,0.002379819133745835,0.5223214285714286,0.7062726176115802,0.013966480446927373,0.0025367833587011668,0.03937007874015748,0.0019455252918287938,0.0009721952167995333,0.0013468013468013469,0.0009778994719342852,0.08287292817679558,0.1682278006744099
175,0.1,0.1,nan,nan,nan,nan,nan,0.006062420712123681,nan,nan,0,0.002045512656609563,0.004319654427645789,0.0009389671361502347,0.016181229773462782,0.8805031446540881,0.20658682634730538,0.0070921985815602835,0.0030845157310302285,0.002379819133745835,0.5223214285714286,0.7062726176115802,0.013966480446927373,0.0025367833587011668,0.03937007874015748,0.0019455252918287938,0.0009721952167995333,0.0013468013468013469,0.0009778994719342852,0.08287292817679558,0.1682278006744099
176,0.1,0.1,nan,nan,nan,nan,nan,0.006062420712123681,nan,nan,0,0.002045512656609563,0.004319654427645789,0.0009389671361502347,0.016181229773462782,0.8805031446540881,0.20658682634730538,0.0070921985815602835,0.0030845157310302285,0.002379819133745835,0.5223214285714286,0.7062726176115802,0.013966480446927373,0.0025367833587011668,0.03937007874015748,0.0019455252918287938,0.0009721952167995333,0.0013468013468013469,0.0009778994719342852,0.08287292817679558,0.1682278006744099
177,0.1,0.1,nan,nan,nan,nan,nan,0.006062420712123681,nan,nan,0,0.002045512656609563,0.004319654427645789,0.0009389671361502347,0.016181229773462782,0.8805031446540881,0.20658682634730538,0.0070921985815602835,0.0030845157310302285,0.002379819133745835,0.5223214285714286,0.7062726176115802,0.013966480446927373,0.0025367833587011668,0.03937007874015748,0.0019455252918287938,0.0009721952167995333,0.0013468013468013469,0.0009778994719342852,0.08287292817679558,0.1682278006744099
178,0.1,0.1,nan,nan,nan,nan,nan,0.006062420712123681,nan,nan,0,0.002045512656609563,0.004319654427645789,0.0009389671361502347,0.016181229773462782,0.8805031446540881,0.20658682634730538,0.0070921985815602835,0.0030845157310302285,0.002379819133745835,0.5223214285714286,0.7062726176115802,0.013966480446927373,0.0025367833587011668,0.03937007874015748,0.0019455252918287938,0.0009721952167995333,0.0013468013468013469,0.0009778994719342852,0.08287292817679558,0.1682278006744099
179,0.1,0.1,nan,nan,nan,nan,nan,0.006062420712123681,nan,nan,0,0.002045512656609563,0.004319654427645789,0.0009389671361502347,0.016181229773462782,0.8805031446540881,0.20658682634730538,0.0070921985815602835,0.0030845157310302285,0.002379819133745835,0.5223214285714286,0.7062726176115802,0.013966480446927373,0.0025367833587011668,0.03937007874015748,0.0019455252918287938,0.0009721952167995333,0.0013468013468013469,0.0009778994719342852,0.08287292817679558,0.1682278006744099
180,0.1,0.1,nan,nan,nan,nan,nan,0.006062420712123681,nan,nan,0,0.002045512656609563,0.004319654427645789,0.0009389671361502347,0.016181229773462782,0.8805031446540881,0.20658682634730538,0.0070921985815602835,0.0030845157310302285,0.002379819133745835,0.5223214285714286,0.7062726176115802,0.013966480446927373,0.0025367833587011668,0.03937007874015748,0.0019455252918287938,0.0009721952167995333,0.0013468013468013469,0.0009778994719342852,0.08287292817679558,0.1682278006744099
181,0.1,0.1,nan,nan,nan,nan,nan,0.006062420712123681,nan,nan,0,0.002045512656609563,0.004319654427645789,0.0009389671361502347,0.016181229773462782,0.8805031446540881,0.20658682634730538,0.0070921985815602835,0.0030845157310302285,0.002379819133745835,0.5223214285714286,0.7062726176115802,0.013966480446927373,0.0025367833587011668,0.03937007874015748,0.0019455252918287938,0.0009721952167995333,0.0013468013468013469,0.0009778994719342852,0.08287292817679558,0.1682278006744099
182,0.1,0.1,nan,nan,nan,nan,nan,0.006062420712123681,nan,nan,0,0.002045512656609563,0.004319654427645789,0.0009389671361502347,0.016181229773462782,0.8805031446540881,0.20658682634730538,0.0070921985815602835,0.0030845157310302285,0.002379819133745835,0.5223214285714286,0.7062726176115802,0.013966480446927373,0.0025367833587011668,0.03937007874015748,0.0019455252918287938,0.0009721952167995333,0.0013468013468013469,0.0009778994719342852,0.08287292817679558,0.1682278006744099
183,0.1,0.1,nan,nan,nan,nan,nan,0.006062420712123681,nan,nan,0,0.002045512656609563,0.004319654427645789,0.0009389671361502347,0.016181229773462782,0.8805031446540881,0.20658682634730538,0.0070921985815602835,0.0030845157310302285,0.002379819133745835,0.5223214285714286,0.7062726176115802,0.013966480446927373,0.0025367833587011668,0.03937007874015748,0.0019455252918287938,0.0009721952167995333,0.0013468013468013469,0.0009778994719342852,0.08287292817679558,0.1682278006744099
184,0.1,0.1,nan,nan,nan,nan,nan,0.006062420712123681,nan,nan,0,0.002045512656609563,0.004319654427645789,0.0009389671361502347,0.016181229773462782,0.8805031446540881,0.20658682634730538,0.0070921985815602835,0.0030845157310302285,0.002379819133745835,0.5223214285714286,0.7062726176115802,0.013966480446927373,0.0025367833587011668,0.03937007874015748,0.0019455252918287938,0.0009721952167995333,0.0013468013468013469,0.0009778994719342852,0.08287292817679558,0.1682278006744099
185,0.1,0.1,nan,nan,nan,nan,nan,0.006062420712123681,nan,nan,0,0.002045512656609563,0.004319654427645789,0.0009389671361502347,0.016181229773462782,0.8805031446540881,0.20658682634730538,0.0070921985815602835,0.0030845157310302285,0.002379819133745835,0.5223214285714286,0.7062726176115802,0.013966480446927373,0.0025367833587011668,0.03937007874015748,0.0019455252918287938,0.0009721952167995333,0.0013468013468013469,0.0009778994719342852,0.08287292817679558,0.1682278006744099
186,0.1,0.1,nan,nan,nan,nan,nan,0.006062420712123681,nan,nan,0,0.002045512656609563,0.004319654427645789,0.0009389671361502347,0.016181229773462782,0.8805031446540881,0.20658682634730538,0.0070921985815602835,0.0030845157310302285,0.002379819133745835,0.5223214285714286,0.7062726176115802,0.013966480446927373,0.0025367833587011668,0.03937007874015748,0.0019455252918287938,0.0009721952167995333,0.0013468013468013469,0.0009778994719342852,0.08287292817679558,0.1682278006744099
187,0.1,0.1,nan,nan,nan,nan,nan,0.006062420712123681,nan,nan,0,0.002045512656609563,0.004319654427645789,0.0009389671361502347,0.016181229773462782,0.8805031446540881,0.20658682634730538,0.0070921985815602835,0.0030845157310302285,0.002379819133745835,0.5223214285714286,0.7062726176115802,0.013966480446927373,0.0025367833587011668,0.03937007874015748,0.0019455252918287938,0.0009721952167995333,0.0013468013468013469,0.0009778994719342852,0.08287292817679558,0.1682278006744099
188,0.1,0.1,nan,nan,nan,nan,nan,0.006062420712123681,nan,nan,0,0.002045512656609563,0.004319654427645789,0.0009389671361502347,0.016181229773462782,0.8805031446540881,0.20658682634730538,0.0070921985815602835,0.0030845157310302285,0.002379819133745835,0.5223214285714286,0.7062726176115802,0.013966480446927373,0.0025367833587011668,0.03937007874015748,0.0019455252918287938,0.0009721952167995333,0.0013468013468013469,0.0009778994719342852,0.08287292817679558,0.1682278006744099
189,0.1,0.1,nan,nan,nan,nan,nan,0.006062420712123681,nan,nan,0,0.002045512656609563,0.004319654427645789,0.0009389671361502347,0.016181229773462782,0.8805031446540881,0.20658682634730538,0.0070921985815602835,0.0030845157310302285,0.002379819133745835,0.5223214285714286,0.7062726176115802,0.013966480446927373,0.0025367833587011668,0.03937007874015748,0.0019455252918287938,0.0009721952167995333,0.0013468013468013469,0.0009778994719342852,0.08287292817679558,0.1682278006744099
190,0.1,0.1,nan,nan,nan,nan,nan,0.006062420712123681,nan,nan,0,0.002045512656609563,0.004319654427645789,0.0009389671361502347,0.016181229773462782,0.8805031446540881,0.20658682634730538,0.0070921985815602835,0.0030845157310302285,0.002379819133745835,0.5223214285714286,0.7062726176115802,0.013966480446927373,0.0025367833587011668,0.03937007874015748,0.0019455252918287938,0.0009721952167995333,0.0013468013468013469,0.0009778994719342852,0.08287292817679558,0.1682278006744099
191,0.1,0.1,nan,nan,nan,nan,nan,0.006062420712123681,nan,nan,0,0.002045512656609563,0.004319654427645789,0.0009389671361502347,0.016181229773462782,0.8805031446540881,0.20658682634730538,0.0070921985815602835,0.0030845157310302285,0.002379819133745835,0.5223214285714286,0.7062726176115802,0.013966480446927373,0.0025367833587011668,0.03937007874015748,0.0019455252918287938,0.0009721952167995333,0.0013468013468013469,0.0009778994719342852,0.08287292817679558,0.1682278006744099
192,0.1,0.1,nan,nan,nan,nan,nan,0.006062420712123681,nan,nan,0,0.002045512656609563,0.004319654427645789,0.0009389671361502347,0.016181229773462782,0.8805031446540881,0.20658682634730538,0.0070921985815602835,0.0030845157310302285,0.002379819133745835,0.5223214285714286,0.7062726176115802,0.013966480446927373,0.0025367833587011668,0.03937007874015748,0.0019455252918287938,0.0009721952167995333,0.0013468013468013469,0.0009778994719342852,0.08287292817679558,0.1682278006744099
193,0.1,0.1,nan,nan,nan,nan,nan,0.006062420712123681,nan,nan,0,0.002045512656609563,0.004319654427645789,0.0009389671361502347,0.016181229773462782,0.8805031446540881,0.20658682634730538,0.0070921985815602835,0.0030845157310302285,0.002379819133745835,0.5223214285714286,0.7062726176115802,0.013966480446927373,0.0025367833587011668,0.03937007874015748,0.0019455252918287938,0.0009721952167995333,0.0013468013468013469,0.0009778994719342852,0.08287292817679558,0.1682278006744099
194,0.1,0.1,nan,nan,nan,nan,nan,0.006062420712123681,nan,nan,0,0.002045512656609563,0.004319654427645789,0.0009389671361502347,0.016181229773462782,0.8805031446540881,0.20658682634730538,0.0070921985815602835,0.0030845157310302285,0.002379819133745835,0.5223214285714286,0.7062726176115802,0.013966480446927373,0.0025367833587011668,0.03937007874015748,0.0019455252918287938,0.0009721952167995333,0.0013468013468013469,0.0009778994719342852,0.08287292817679558,0.1682278006744099
195,0.1,0.1,nan,nan,nan,nan,nan,0.006062420712123681,nan,nan,0,0.002045512656609563,0.004319654427645789,0.0009389671361502347,0.016181229773462782,0.8805031446540881,0.20658682634730538,0.0070921985815602835,0.0030845157310302285,0.002379819133745835,0.5223214285714286,0.7062726176115802,0.013966480446927373,0.0025367833587011668,0.03937007874015748,0.0019455252918287938,0.0009721952167995333,0.0013468013468013469,0.0009778994719342852,0.08287292817679558,0.1682278006744099
196,0.1,0.1,nan,nan,nan,nan,nan,0.006062420712123681,nan,nan,0,0.002045512656609563,0.004319654427645789,0.0009389671361502347,0.016181229773462782,0.8805031446540881,0.20658682634730538,0.0070921985815602835,0.0030845157310302285,0.002379819133745835,0.5223214285714286,0.7062726176115802,0.013966480446927373,0.0025367833587011668,0.03937007874015748,0.0019455252918287938,0.0009721952167995333,0.0013468013468013469,0.0009778994719342852,0.08287292817679558,0.1682278006744099
197,0.1,0.1,nan,nan,nan,nan,nan,0.006062420712123681,nan,nan,0,0.002045512656609563,0.004319654427645789,0.0009389671361502347,0.016181229773462782,0.8805031446540881,0.20658682634730538,0.0070921985815602835,0.0030845157310302285,0.002379819133745835,0.5223214285714286,0.7062726176115802,0.013966480446927373,0.0025367833587011668,0.03937007874015748,0.0019455252918287938,0.0009721952167995333,0.0013468013468013469,0.0009778994719342852,0.08287292817679558,0.1682278006744099
198,0.1,0.1,nan,nan,nan,nan,nan,0.006062420712123681,nan,nan,0,0.002045512656609563,0.004319654427645789,0.0009389671361502347,0.016181229773462782,0.8805031446540881,0.20658682634730538,0.0070921985815602835,0.0030845157310302285,0.002379819133745835,0.5223214285714286,0.7062726176115802,0.013966480446927373,0.0025367833587011668,0.03937007874015748,0.0019455252918287938,0.0009721952167995333,0.0013468013468013469,0.0009778994719342852,0.08287292817679558,0.1682278006744099
199,0.1,0.1,nan,nan,nan,nan,nan,0.006062420712123681,nan,nan,0,0.002045512656609563,0.004319654427645789,0.0009389671361502347,0.016181229773462782,0.8805031446540881,0.20658682634730538,0.0070921985815602835,0.0030845157310302285,0.002379819133745835,0.5223214285714286,0.7062726176115802,0.013966480446927373,0.0025367833587011668,0.03937007874015748,0.0019455252918287938,0.0009721952167995333,0.0013468013468013469,0.0009778994719342852,0.08287292817679558,0.1682278006744099
