round,global_acc,local_c00,local_c01,local_c02,local_c03,local_c04,local_c05,local_c06,local_c07,local_c08,local_c09,local_c10,local_c11,local_c12,local_c13,local_c14,local_c15,local_c16,local_c17,local_c18,local_c19,hybrid_c00,hybrid_c01,hybrid_c02,hybrid_c03,hybrid_c04,hybrid_c05,hybrid_c06,hybrid_c07,hybrid_c08,hybrid_c09,hybrid_c10,hybrid_c11,hybrid_c12,hybrid_c13,hybrid_c14,hybrid_c15,hybrid_c16,hybrid_c17,hybrid_c18,hybrid_c19
0,0.2058,0.3909486064945027,0.17679728478864548,0.002629107981220657,0.03559870550161812,0.009433962264150943,0.03143712574850299,0.5397163120567375,0.28007402837754475,0.5049976201808662,0.05803571428571429,0.10132689987937274,0.5921787709497207,0.267376966007103,0.07874015748031496,0.033351862145636464,0.19113357962278826,0.00718294051627385,0.6428711128495991,0.049723756906077346,0.07662045710003747,0.3909486064945027,0.17679728478864548,0.002629107981220657,0.03559870550161812,0.009433962264150943,0.03143712574850299,0.5397163120567375,0.28007402837754475,0.5049976201808662,0.05803571428571429,0.10132689987937274,0.5921787709497207,0.267376966007103,0.07874015748031496,0.033351862145636464,0.19113357962278826,0.00718294051627385,0.6428711128495991,0.049723756906077346,0.07662045710003747
1,0.2348,0.452825364356942,0.24313483492749152,0.048450704225352116,0.042071197411003236,0.016352201257861635,0.04640718562874251,0.5581560283687943,0.28809376927822333,0.5059495478343646,0.07589285714285714,0.1097708082026538,0.553072625698324,0.243531202435312,0.09448818897637795,0.03474152306837132,0.18121718841143303,0.013019079685746353,0.7570897711715235,0.06077348066298342,0.106219557886849,0.452825364356942,0.24313483492749152,0.048450704225352116,0.042071197411003236,0.016352201257861635,0.04640718562874251,0.5581560283687943,0.28809376927822333,0.5059495478343646,0.07589285714285714,0.1097708082026538,0.553072625698324,0.243531202435312,0.09448818897637795,0.03474152306837132,0.18121718841143303,0.013019079685746353,0.7570897711715235,0.06077348066298342,0.106219557886849
2,0.299,0.4786499616466377,0.29836470225239126,0.29427230046948355,0.061488673139158574,0.055345911949685536,0.13323353293413173,0.549645390070922,0.2646514497223936,0.48786292241789625,0.12053571428571429,0.1390229191797346,0.5195530726256983,0.28209030948756975,0.16535433070866143,0.033073929961089495,0.2504374878475598,0.10617283950617284,0.7547428124388813,0.18232044198895028,0.19445485200449605,0.4786499616466377,0.29836470225239126,0.29427230046948355,0.061488673139158574,0.055345911949685536,0.13323353293413173,0.549645390070922,0.2646514497223936,0.48786292241789625,0.12053571428571429,0.1390229191797346,0.5195530726256983,0.28209030948756975,0.16535433070866143,0.033073929961089495,0.2504374878475598,0.10617283950617284,0.7547428124388813,0.18232044198895028,0.19445485200449605
3,0.3479,0.4740475581692662,0.2986732489972231,0.28676056338028166,0.07119741100323625,0.18364779874213835,0.17964071856287425,0.6290780141843971,0.27760641579272055,0.5606853879105188,0.20089285714285715,0.28287092882991555,0.6256983240223464,0.4363267376966007,0.1889763779527559,0.03557531962201223,0.30740812755201247,0.2830527497194164,0.7492665753960492,0.287292817679558,0.25271637317347323,0.4740475581692662,0.2986732489972231,0.28676056338028166,0.07119741100323625,0.18364779874213835,0.17964071856287425,0.6290780141843971,0.27760641579272055,0.5606853879105188,0.20089285714285715,0.28287092882991555,0.6256983240223464,0.4363267376966007,0.1889763779527559,0.03557531962201223,0.30740812755201247,0.2830527497194164,0.7492665753960492,0.287292817679558,0.25271637317347323
4,0.3973,0.5349015597034007,0.3878432582536254,0.3507981220657277,0.08414239482200647,0.2893081761006289,0.2904191616766467,0.6085106382978723,0.2782233189389266,0.5654450261780105,0.2544642857142857,0.364897466827503,0.6312849162011173,0.4759005580923389,0.30708661417322836,0.039744302390216785,0.3342407155356796,0.3685746352413019,0.7453549775083121,0.3701657458563536,0.3081678531285125,0.5349015597034007,0.3878432582536254,0.3507981220657277,0.08414239482200647,0.2893081761006289,0.2904191616766467,0.6085106382978723,0.2782233189389266,0.5654450261780105,0.2544642857142857,0.364897466827503,0.6312849162011173,0.4759005580923389,0.30708661417322836,0.039744302390216785,0.3342407155356796,0.3685746352413019,0.7453549775083121,0.3701657458563536,0.3081678531285125
5,0.4394,0.551009971874201,0.40512187596420857,0.47380281690140846,0.11326860841423948,0.3132075471698113,0.30988023952095806,0.6602836879432624,0.2936458975940777,0.5797239409804855,0.32142857142857145,0.38027744270205066,0.6536312849162011,0.49213597158802636,0.31496062992125984,0.06670372429127293,0.45654287380906083,0.39595959595959596,0.7539604928613338,0.4419889502762431,0.3523791682278007,0.551009971874201,0.40512187596420857,0.47380281690140846,0.11326860841423948,0.3132075471698113,0.30988023952095806,0.6602836879432624,0.2936458975940777,0.5797239409804855,0.32142857142857145,0.38027744270205066,0.6536312849162011,0.49213597158802636,0.31496062992125984,0.06670372429127293,0.45654287380906083,0.39595959595959596,0.7539604928613338,0.4419889502762431,0.3523791682278007
6,0.4663,0.586295065200716,0.4464671397716754,0.5083568075117371,0.19093851132686085,0.34276729559748426,0.36826347305389223,0.6524822695035462,0.3553362122146823,0.5801999048072346,0.3482142857142857,0.4218938480096502,0.6675977653631285,0.5591070522577372,0.3464566929133858,0.13424124513618677,0.4081275520124441,0.4644219977553311,0.7703892039898298,0.4861878453038674,0.33289621581116524,0.586295065200716,0.4464671397716754,0.5083568075117371,0.19093851132686085,0.34276729559748426,0.36826347305389223,0.6524822695035462,0.3553362122146823,0.5801999048072346,0.3482142857142857,0.4218938480096502,0.6675977653631285,0.5591070522577372,0.3464566929133858,0.13424124513618677,0.4081275520124441,0.4644219977553311,0.7703892039898298,0.4861878453038674,0.33289621581116524
7,0.5001,0.6018920992073639,0.4942918852206109,0.5791549295774648,0.2686084142394822,0.35094339622641507,0.3907185628742515,0.7198581560283688,0.40653917334978407,0.5944788196097096,0.40625,0.40952955367913146,0.7011173184357542,0.5418569254185692,0.3779527559055118,0.2215119510839355,0.483375461792728,0.4264870931537598,0.7752787013495013,0.48066298342541436,0.3692394155114275,0.6018920992073639,0.4942918852206109,0.5791549295774648,0.2686084142394822,0.35094339622641507,0.3907185628742515,0.7198581560283688,0.40653917334978407,0.5944788196097096,0.40625,0.40952955367913146,0.7011173184357542,0.5418569254185692,0.3779527559055118,0.2215119510839355,0.483375461792728,0.4264870931537598,0.7752787013495013,0.48066298342541436,0.3692394155114275
8,0.5175,0.6080286371771926,0.497994446158593,0.596056338028169,0.32362459546925565,0.41446540880503147,0.405688622754491,0.6808510638297872,0.43368291178285007,0.603998096144693,0.44642857142857145,0.47889022919179736,0.6759776536312849,0.5743277524099442,0.3543307086614173,0.2367982212340189,0.4689869725840949,0.5169472502805836,0.7813416780754938,0.5027624309392266,0.3887223679280629,0.6080286371771926,0.497994446158593,0.596056338028169,0.32362459546925565,0.41446540880503147,0.405688622754491,0.6808510638297872,0.43368291178285007,0.603998096144693,0.44642857142857145,0.47889022919179736,0.6759776536312849,0.5743277524099442,0.3543307086614173,0.2367982212340189,0.4689869725840949,0.5169472502805836,0.7813416780754938,0.5027624309392266,0.3887223679280629
9,0.5398,0.6220915366913833,0.5239123727244678,0.575962441314554,0.36893203883495146,0.48742138364779874,0.45209580838323354,0.7106382978723405,0.47378161628624305,0.6287482151356497,0.5044642857142857,0.5277442702050663,0.7178770949720671,0.58701166920345,0.3858267716535433,0.29210672595886605,0.4557651176356212,0.5171717171717172,0.7965969098376687,0.5027624309392266,0.43124765829898837,0.6220915366913833,0.5239123727244678,0.575962441314554,0.36893203883495146,0.48742138364779874,0.45209580838323354,0.7106382978723405,0.47378161628624305,0.6287482151356497,0.5044642857142857,0.5277442702050663,0.7178770949720671,0.58701166920345,0.3858267716535433,0.29210672595886605,0.4557651176356212,0.5171717171717172,0.7965969098376687,0.5027624309392266,0.43124765829898837
10,0.5471,0.628228074661212,0.5174328910829991,0.5984976525821596,0.3592233009708738,0.5037735849056604,0.45209580838323354,0.6907801418439716,0.47501542257865514,0.6335078534031413,0.5,0.5548854041013269,0.7206703910614525,0.595636732623034,0.3858267716535433,0.28349082823790994,0.4623760451098581,0.5454545454545454,0.8022687267748876,0.5193370165745856,0.4436118396403147,0.628228074661212,0.5174328910829991,0.5984976525821596,0.3592233009708738,0.5037735849056604,0.45209580838323354,0.6907801418439716,0.47501542257865514,0.6335078534031413,0.5,0.5548854041013269,0.7206703910614525,0.595636732623034,0.3858267716535433,0.28349082823790994,0.4623760451098581,0.5454545454545454,0.8022687267748876,0.5193370165745856,0.4436118396403147
11,0.552,0.6277166964970595,0.5121875964208578,0.6148356807511737,0.3818770226537217,0.49245283018867925,0.44610778443113774,0.7333333333333333,0.47501542257865514,0.6482627320323655,0.5267857142857143,0.5376960193003619,0.7486033519553073,0.6093353627600203,0.3779527559055118,0.28543635352973873,0.48726424265992613,0.531986531986532,0.8143946802268727,0.5193370165745856,0.4477332334207568,0.6277166964970595,0.5121875964208578,0.6148356807511737,0.3818770226537217,0.49245283018867925,0.44610778443113774,0.7333333333333333,0.47501542257865514,0.6482627320323655,0.5267857142857143,0.5376960193003619,0.7486033519553073,0.6093353627600203,0.3779527559055118,0.28543635352973873,0.48726424265992613,0.531986531986532,0.8143946802268727,0.5193370165745856,0.4477332334207568
12,0.5702,0.6471490667348504,0.5461277383523604,0.6255399061032864,0.42394822006472493,0.5622641509433962,0.49700598802395207,0.7297872340425532,0.5070943861813695,0.6496906235126131,0.5669642857142857,0.5928829915560917,0.7374301675977654,0.6270928462709284,0.4015748031496063,0.33046136742634796,0.48220882753256855,0.5654320987654321,0.8095051828672013,0.5359116022099447,0.4745222929936306,0.6471490667348504,0.5461277383523604,0.6255399061032864,0.42394822006472493,0.5622641509433962,0.49700598802395207,0.7297872340425532,0.5070943861813695,0.6496906235126131,0.5669642857142857,0.5928829915560917,0.7374301675977654,0.6270928462709284,0.4015748031496063,0.33046136742634796,0.48220882753256855,0.5654320987654321,0.8095051828672013,0.5359116022099447,0.4745222929936306
13,0.5798,0.6376885706980312,0.539031163221228,0.6283568075117371,0.40129449838187703,0.5610062893081761,0.49251497005988026,0.74822695035461,0.49537322640345466,0.6630176106615897,0.5669642857142857,0.6016284680337757,0.7681564245810056,0.6529680365296804,0.4251968503937008,0.31461923290717064,0.5150690258603927,0.6017957351290685,0.8108742421279093,0.585635359116022,0.49662795054327463,0.6376885706980312,0.539031163221228,0.6283568075117371,0.40129449838187703,0.5610062893081761,0.49251497005988026,0.74822695035461,0.49537322640345466,0.6630176106615897,0.5669642857142857,0.6016284680337757,0.7681564245810056,0.6529680365296804,0.4251968503937008,0.31461923290717064,0.5150690258603927,0.6017957351290685,0.8108742421279093,0.585635359116022,0.49662795054327463
14,0.5832,0.6683712605471747,0.5791422400493674,0.5819718309859155,0.4045307443365696,0.60062893081761,0.5419161676646707,0.7148936170212766,0.49413942011104256,0.6530223702998572,0.59375,0.6360072376357057,0.7402234636871509,0.6656519533231862,0.4881889763779528,0.31267370761534186,0.4890141940501653,0.6338945005611673,0.8255427342069235,0.56353591160221,0.4872611464968153,0.6683712605471747,0.5791422400493674,0.5819718309859155,0.4045307443365696,0.60062893081761,0.5419161676646707,0.7148936170212766,0.49413942011104256,0.6530223702998572,0.59375,0.6360072376357057,0.7402234636871509,0.6656519533231862,0.4881889763779528,0.31267370761534186,0.4890141940501653,0.6338945005611673,0.8255427342069235,0.56353591160221,0.4872611464968153
15,0.5972,0.6693940168754794,0.5806849737735267,0.6448826291079812,0.43042071197411,0.5660377358490566,0.5299401197604791,0.7290780141843972,0.5077112893275756,0.6673012851023322,0.5848214285714286,0.6200241254523522,0.7486033519553073,0.6595636732623034,0.47244094488188976,0.33824346859366317,0.5358740034999028,0.6365881032547699,0.8183062781146098,0.5966850828729282,0.5176095916073435,0.6693940168754794,0.5806849737735267,0.6448826291079812,0.43042071197411,0.5660377358490566,0.5299401197604791,0.7290780141843972,0.5077112893275756,0.6673012851023322,0.5848214285714286,0.6200241254523522,0.7486033519553073,0.6595636732623034,0.47244094488188976,0.33824346859366317,0.5358740034999028,0.6365881032547699,0.8183062781146098,0.5966850828729282,0.5176095916073435
16,0.6035,0.6594221426745078,0.5584696081456341,0.6377464788732394,0.47249190938511326,0.5660377358490566,0.5164670658682635,0.7411347517730497,0.5619987661937076,0.695383150880533,0.6026785714285714,0.6366103739445115,0.7569832402234636,0.665144596651446,0.4645669291338583,0.4188438021122846,0.5014582928251993,0.6264870931537598,0.8286720125171132,0.5966850828729282,0.5550768077931809,0.6594221426745078,0.5584696081456341,0.6377464788732394,0.47249190938511326,0.5660377358490566,0.5164670658682635,0.7411347517730497,0.5619987661937076,0.695383150880533,0.6026785714285714,0.6366103739445115,0.7569832402234636,0.665144596651446,0.4645669291338583,0.4188438021122846,0.5014582928251993,0.6264870931537598,0.8286720125171132,0.5966850828729282,0.5550768077931809
17,0.6012,0.6770646893377653,0.5791422400493674,0.6140845070422535,0.45307443365695793,0.5729559748427673,0.5239520958083832,0.7397163120567376,0.5508945095619988,0.694907187053784,0.625,0.6348009650180941,0.7681564245810056,0.6686960933536276,0.49606299212598426,0.4002223457476376,0.48434765700952753,0.6365881032547699,0.8374731077645218,0.585635359116022,0.5414012738853503,0.6770646893377653,0.5791422400493674,0.6140845070422535,0.45307443365695793,0.5729559748427673,0.5239520958083832,0.7397163120567376,0.5508945095619988,0.694907187053784,0.625,0.6348009650180941,0.7681564245810056,0.6686960933536276,0.49606299212598426,0.4002223457476376,0.48434765700952753,0.6365881032547699,0.8374731077645218,0.585635359116022,0.5414012738853503
18,0.62,0.6982868831500895,0.6078370873187288,0.6454460093896713,0.4854368932038835,0.6125786163522012,0.5583832335329342,0.7439716312056738,0.5718692165330043,0.6930033317467873,0.6383928571428571,0.6664656212303981,0.7737430167597765,0.6834094368340944,0.5433070866141733,0.4332962757087271,0.5152634649037526,0.641077441077441,0.8177195384314493,0.6408839779005525,0.5498313975271637,0.6982868831500895,0.6078370873187288,0.6454460093896713,0.4854368932038835,0.6125786163522012,0.5583832335329342,0.7439716312056738,0.5718692165330043,0.6930033317467873,0.6383928571428571,0.6664656212303981,0.7737430167597765,0.6834094368340944,0.5433070866141733,0.4332962757087271,0.5152634649037526,0.641077441077441,0.8177195384314493,0.6408839779005525,0.5498313975271637
19,0.6255,0.6931731015085656,0.5958037642702869,0.6743661971830985,0.4627831715210356,0.6251572327044025,0.5494011976047904,0.7709219858156028,0.5589142504626774,0.6968110423607806,0.625,0.6727985524728589,0.7849162011173184,0.7016742770167428,0.5354330708661418,0.3941078376876042,0.5405405405405406,0.6621773288439955,0.8302366516722081,0.6574585635359116,0.5573248407643312,0.6931731015085656,0.5958037642702869,0.6743661971830985,0.4627831715210356,0.6251572327044025,0.5494011976047904,0.7709219858156028,0.5589142504626774,0.6968110423607806,0.625,0.6727985524728589,0.7849162011173184,0.7016742770167428,0.5354330708661418,0.3941078376876042,0.5405405405405406,0.6621773288439955,0.8302366516722081,0.6574585635359116,0.5573248407643312
20,0.6311,0.6885706980311941,0.6007405121875964,0.6538967136150234,0.47572815533980584,0.6566037735849056,0.561377245508982,0.7702127659574468,0.5866748920419494,0.7087101380295098,0.6473214285714286,0.6969240048250904,0.776536312849162,0.6960933536276002,0.5433070866141733,0.4394107837687604,0.5142912696869532,0.6615039281705949,0.8327791902992372,0.6629834254143646,0.5773698014237543,0.6885706980311941,0.6007405121875964,0.6538967136150234,0.47572815533980584,0.6566037735849056,0.561377245508982,0.7702127659574468,0.5866748920419494,0.7087101380295098,0.6473214285714286,0.6969240048250904,0.776536312849162,0.6960933536276002,0.5433070866141733,0.4394107837687604,0.5142912696869532,0.6615039281705949,0.8327791902992372,0.6629834254143646,0.5773698014237543
21,0.6409,0.6990539503963181,0.6149336624498611,0.656150234741784,0.4919093851132686,0.6566037735849056,0.5823353293413174,0.7595744680851064,0.6051819864281308,0.695383150880533,0.6428571428571429,0.695416164053076,0.7737430167597765,0.730593607305936,0.5826771653543307,0.4672040022234575,0.5343184911530235,0.6974186307519641,0.8239780950518286,0.7071823204419889,0.5545147995503934,0.6990539503963181,0.6149336624498611,0.656150234741784,0.4919093851132686,0.6566037735849056,0.5823353293413174,0.7595744680851064,0.6051819864281308,0.695383150880533,0.6428571428571429,0.695416164053076,0.7737430167597765,0.730593607305936,0.5826771653543307,0.4672040022234575,0.5343184911530235,0.6974186307519641,0.8239780950518286,0.7071823204419889,0.5545147995503934
22,0.6413,0.7090258245972897,0.6183276766430115,0.6886384976525821,0.47896440129449835,0.6452830188679245,0.5988023952095808,0.7680851063829788,0.5897594077729796,0.7077582103760114,0.6383928571428571,0.6914957780458384,0.770949720670391,0.7265347539320142,0.5511811023622047,0.4366314619232907,0.5440404433210189,0.6920314253647587,0.8312145511441423,0.6961325966850829,0.5642562757587112,0.7090258245972897,0.6183276766430115,0.6886384976525821,0.47896440129449835,0.6452830188679245,0.5988023952095808,0.7680851063829788,0.5897594077729796,0.7077582103760114,0.6383928571428571,0.6914957780458384,0.770949720670391,0.7265347539320142,0.5511811023622047,0.4366314619232907,0.5440404433210189,0.6920314253647587,0.8312145511441423,0.6961325966850829,0.5642562757587112
23,0.6418,0.7287138839171567,0.6454797901882136,0.668169014084507,0.47896440129449835,0.6389937106918239,0.5958083832335329,0.7723404255319148,0.5903763109191857,0.7168015230842456,0.6339285714285714,0.6821471652593486,0.7653631284916201,0.7133434804667681,0.5826771653543307,0.44469149527515284,0.5362628815866226,0.6783389450056116,0.8472521024838646,0.6629834254143646,0.5813038591232671,0.7287138839171567,0.6454797901882136,0.668169014084507,0.47896440129449835,0.6389937106918239,0.5958083832335329,0.7723404255319148,0.5903763109191857,0.7168015230842456,0.6339285714285714,0.6821471652593486,0.7653631284916201,0.7133434804667681,0.5826771653543307,0.44469149527515284,0.5362628815866226,0.6783389450056116,0.8472521024838646,0.6629834254143646,0.5813038591232671
24,0.6476,0.713372538992585,0.6260413452638075,0.6392488262910798,0.5275080906148867,0.6628930817610063,0.5853293413173652,0.7702127659574468,0.6224552745219001,0.7282246549262256,0.6383928571428571,0.7032569360675512,0.776536312849162,0.7356671740233384,0.5433070866141733,0.4961089494163424,0.5164300991639121,0.6996632996632997,0.8462742030119303,0.6961325966850829,0.6004121393780442,0.713372538992585,0.6260413452638075,0.6392488262910798,0.5275080906148867,0.6628930817610063,0.5853293413173652,0.7702127659574468,0.6224552745219001,0.7282246549262256,0.6383928571428571,0.7032569360675512,0.776536312849162,0.7356671740233384,0.5433070866141733,0.4961089494163424,0.5164300991639121,0.6996632996632997,0.8462742030119303,0.6961325966850829,0.6004121393780442
25,0.6541,0.734339043722833,0.6605985806849738,0.6993427230046948,0.47896440129449835,0.6251572327044025,0.6032934131736527,0.7858156028368795,0.5959284392350401,0.7153736316039981,0.6294642857142857,0.6779252110977081,0.7793296089385475,0.7219685438863521,0.5984251968503937,0.4508060033351862,0.5634843476570095,0.6868686868686869,0.8458830432231567,0.6795580110497238,0.5685650056200824,0.734339043722833,0.6605985806849738,0.6993427230046948,0.47896440129449835,0.6251572327044025,0.6032934131736527,0.7858156028368795,0.5959284392350401,0.7153736316039981,0.6294642857142857,0.6779252110977081,0.7793296089385475,0.7219685438863521,0.5984251968503937,0.4508060033351862,0.5634843476570095,0.6868686868686869,0.8458830432231567,0.6795580110497238,0.5685650056200824
26,0.6528,0.7207875223727946,0.6383832150570812,0.6595305164319248,0.5566343042071198,0.6515723270440251,0.594311377245509,0.7695035460992907,0.6267735965453424,0.7110899571632556,0.6428571428571429,0.7014475271411339,0.7737430167597765,0.7341451040081177,0.5984251968503937,0.4991662034463591,0.5502624927085359,0.7124579124579125,0.8452963035399961,0.712707182320442,0.5872986137130011,0.7207875223727946,0.6383832150570812,0.6595305164319248,0.5566343042071198,0.6515723270440251,0.594311377245509,0.7695035460992907,0.6267735965453424,0.7110899571632556,0.6428571428571429,0.7014475271411339,0.7737430167597765,0.7341451040081177,0.5984251968503937,0.4991662034463591,0.5502624927085359,0.7124579124579125,0.8452963035399961,0.712707182320442,0.5872986137130011
27,0.6601,0.7182306315520327,0.6331379203949399,0.6882629107981221,0.4886731391585761,0.6610062893081761,0.5883233532934131,0.7971631205673759,0.5879086983343615,0.7263207996192289,0.6339285714285714,0.7026537997587454,0.7960893854748603,0.730593607305936,0.5984251968503937,0.4357976653696498,0.5875947890336379,0.704601571268238,0.8490123215333464,0.6961325966850829,0.60828025477707,0.7182306315520327,0.6331379203949399,0.6882629107981221,0.4886731391585761,0.6610062893081761,0.5883233532934131,0.7971631205673759,0.5879086983343615,0.7263207996192289,0.6339285714285714,0.7026537997587454,0.7960893854748603,0.730593607305936,0.5984251968503937,0.4357976653696498,0.5875947890336379,0.704601571268238,0.8490123215333464,0.6961325966850829,0.60828025477707
28,0.6604,0.7297366402454615,0.6590558469608145,0.683943661971831,0.49838187702265374,0.6610062893081761,0.6122754491017964,0.7836879432624113,0.5977791486736582,0.7310804378867206,0.6160714285714286,0.7083835946924005,0.776536312849162,0.7442922374429224,0.5984251968503937,0.45219566425792107,0.5650398600038887,0.7196408529741863,0.8492079014277333,0.7182320441988951,0.6094042712626452,0.7297366402454615,0.6590558469608145,0.683943661971831,0.49838187702265374,0.6610062893081761,0.6122754491017964,0.7836879432624113,0.5977791486736582,0.7310804378867206,0.6160714285714286,0.7083835946924005,0.776536312849162,0.7442922374429224,0.5984251968503937,0.45219566425792107,0.5650398600038887,0.7196408529741863,0.8492079014277333,0.7182320441988951,0.6094042712626452
29,0.6698,0.7366402454615187,0.6633755013884604,0.7153051643192488,0.517799352750809,0.6823899371069182,0.6122754491017964,0.7907801418439716,0.6008636644046884,0.7158495954307472,0.6294642857142857,0.715319662243667,0.7597765363128491,0.7498731608320649,0.6220472440944882,0.46942745969983324,0.5794283492125218,0.7234567901234568,0.8447095638568355,0.7182320441988951,0.6030348445110528,0.7366402454615187,0.6633755013884604,0.7153051643192488,0.517799352750809,0.6823899371069182,0.6122754491017964,0.7907801418439716,0.6008636644046884,0.7158495954307472,0.6294642857142857,0.715319662243667,0.7597765363128491,0.7498731608320649,0.6220472440944882,0.46942745969983324,0.5794283492125218,0.7234567901234568,0.8447095638568355,0.7182320441988951,0.6030348445110528
30,0.6675,0.7353618000511378,0.6686207960506017,0.6969014084507043,0.5825242718446602,0.6685534591194968,0.6152694610778443,0.7950354609929078,0.6354102405922271,0.7077582103760114,0.625,0.7104945717732207,0.7905027932960894,0.7508878741755454,0.6299212598425197,0.5261256253474152,0.5796227882558818,0.7221099887766554,0.8437316643849012,0.7569060773480663,0.5957287373548146,0.7353618000511378,0.6686207960506017,0.6969014084507043,0.5825242718446602,0.6685534591194968,0.6152694610778443,0.7950354609929078,0.6354102405922271,0.7077582103760114,0.625,0.7104945717732207,0.7905027932960894,0.7508878741755454,0.6299212598425197,0.5261256253474152,0.5796227882558818,0.7221099887766554,0.8437316643849012,0.7569060773480663,0.5957287373548146
31,0.6628,0.7340833546407568,0.6538105522986732,0.6738028169014084,0.5533980582524272,0.6578616352201258,0.6062874251497006,0.7950354609929078,0.6329426280074029,0.7391718229414564,0.6339285714285714,0.7095898673100121,0.7821229050279329,0.7625570776255708,0.5511811023622047,0.500277932184547,0.5403461014971807,0.7194163860830527,0.8644631331899081,0.712707182320442,0.6320719370550768,0.7340833546407568,0.6538105522986732,0.6738028169014084,0.5533980582524272,0.6578616352201258,0.6062874251497006,0.7950354609929078,0.6329426280074029,0.7391718229414564,0.6339285714285714,0.7095898673100121,0.7821229050279329,0.7625570776255708,0.5511811023622047,0.500277932184547,0.5403461014971807,0.7194163860830527,0.8644631331899081,0.712707182320442,0.6320719370550768
32,0.6639,0.736895934543595,0.668003702560938,0.6649765258215963,0.5566343042071198,0.6490566037735849,0.6107784431137725,0.7659574468085106,0.6372609500308452,0.7206092336982389,0.6517857142857143,0.7132086851628469,0.7569832402234636,0.7493658041603247,0.5984251968503937,0.5125069483046136,0.5640676647870893,0.7539842873176207,0.8550752982593389,0.7458563535911602,0.616335706257025,0.736895934543595,0.668003702560938,0.6649765258215963,0.5566343042071198,0.6490566037735849,0.6107784431137725,0.7659574468085106,0.6372609500308452,0.7206092336982389,0.6517857142857143,0.7132086851628469,0.7569832402234636,0.7493658041603247,0.5984251968503937,0.5125069483046136,0.5640676647870893,0.7539842873176207,0.8550752982593389,0.7458563535911602,0.616335706257025
33,0.6724,0.7453336742521094,0.6741746374575748,0.6923943661971831,0.5566343042071198,0.6748427672955974,0.6137724550898204,0.8021276595744681,0.6335595311536089,0.7215611613517373,0.6696428571428571,0.7195416164053076,0.7877094972067039,0.7706747843734145,0.6299212598425197,0.5252918287937743,0.5747618121718842,0.7301907968574636,0.8566399374144338,0.712707182320442,0.5964780816785313,0.7453336742521094,0.6741746374575748,0.6923943661971831,0.5566343042071198,0.6748427672955974,0.6137724550898204,0.8021276595744681,0.6335595311536089,0.7215611613517373,0.6696428571428571,0.7195416164053076,0.7877094972067039,0.7706747843734145,0.6299212598425197,0.5252918287937743,0.5747618121718842,0.7301907968574636,0.8566399374144338,0.712707182320442,0.5964780816785313
34,0.6718,0.7455893633341857,0.6664609688367787,0.7070422535211267,0.5242718446601942,0.6748427672955974,0.6167664670658682,0.7957446808510639,0.6199876619370759,0.7410756782484531,0.6473214285714286,0.7168275030156815,0.7932960893854749,0.7605276509386099,0.5826771653543307,0.47581989994441354,0.5772895197355629,0.7212121212121212,0.8636808136123606,0.7182320441988951,0.6436867740726864,0.7455893633341857,0.6664609688367787,0.7070422535211267,0.5242718446601942,0.6748427672955974,0.6167664670658682,0.7957446808510639,0.6199876619370759,0.7410756782484531,0.6473214285714286,0.7168275030156815,0.7932960893854749,0.7605276509386099,0.5826771653543307,0.47581989994441354,0.5772895197355629,0.7212121212121212,0.8636808136123606,0.7182320441988951,0.6436867740726864
35,0.6723,0.734339043722833,0.6516507250848503,0.6923943661971831,0.5436893203883495,0.6547169811320754,0.5913173652694611,0.7829787234042553,0.6384947563232573,0.7296525464064731,0.6383928571428571,0.712605548854041,0.7653631284916201,0.7620497209538305,0.6141732283464567,0.5086158977209561,0.5819560567762007,0.7506172839506173,0.8597692157246235,0.7182320441988951,0.6230798051704758,0.734339043722833,0.6516507250848503,0.6923943661971831,0.5436893203883495,0.6547169811320754,0.5913173652694611,0.7829787234042553,0.6384947563232573,0.7296525464064731,0.6383928571428571,0.712605548854041,0.7653631284916201,0.7620497209538305,0.6141732283464567,0.5086158977209561,0.5819560567762007,0.7506172839506173,0.8597692157246235,0.7182320441988951,0.6230798051704758
36,0.6771,0.7614420864229098,0.6877506942301759,0.6948356807511737,0.5339805825242718,0.6911949685534591,0.6362275449101796,0.8099290780141843,0.6323257248611968,0.7382198952879581,0.6785714285714286,0.7273823884197829,0.7905027932960894,0.7732115677321156,0.6377952755905512,0.49221789883268485,0.5907058137273965,0.7252525252525253,0.8603559554077841,0.7182320441988951,0.6285125515174222,0.7614420864229098,0.6877506942301759,0.6948356807511737,0.5339805825242718,0.6911949685534591,0.6362275449101796,0.8099290780141843,0.6323257248611968,0.7382198952879581,0.6785714285714286,0.7273823884197829,0.7905027932960894,0.7732115677321156,0.6377952755905512,0.49221789883268485,0.5907058137273965,0.7252525252525253,0.8603559554077841,0.7182320441988951,0.6285125515174222
37,0.6744,0.7404755816926617,0.668003702560938,0.6984037558685446,0.5631067961165048,0.6628930817610063,0.625748502994012,0.7815602836879433,0.6594694632942628,0.7306044740599714,0.6741071428571429,0.71562123039807,0.7877094972067039,0.7732115677321156,0.6062992125984252,0.5277932184546971,0.587400349990278,0.762962962962963,0.8548797183649521,0.7292817679558011,0.6303859123267141,0.7404755816926617,0.668003702560938,0.6984037558685446,0.5631067961165048,0.6628930817610063,0.625748502994012,0.7815602836879433,0.6594694632942628,0.7306044740599714,0.6741071428571429,0.71562123039807,0.7877094972067039,0.7732115677321156,0.6062992125984252,0.5277932184546971,0.587400349990278,0.762962962962963,0.8548797183649521,0.7292817679558011,0.6303859123267141
38,0.6792,0.7427767834313475,0.6710891700092564,0.7010328638497653,0.5469255663430421,0.6811320754716981,0.6272455089820359,0.8056737588652483,0.6483652066625539,0.7372679676344598,0.65625,0.71562123039807,0.7877094972067039,0.7777777777777778,0.6377952755905512,0.5175097276264592,0.6159828893641843,0.7497194163860831,0.8521415998435361,0.7403314917127072,0.6208317721993256,0.7427767834313475,0.6710891700092564,0.7010328638497653,0.5469255663430421,0.6811320754716981,0.6272455089820359,0.8056737588652483,0.6483652066625539,0.7372679676344598,0.65625,0.71562123039807,0.7877094972067039,0.7777777777777778,0.6377952755905512,0.5175097276264592,0.6159828893641843,0.7497194163860831,0.8521415998435361,0.7403314917127072,0.6208317721993256
39,0.6817,0.7512145231398619,0.6769515581610615,0.7036619718309859,0.5825242718446602,0.6981132075471698,0.6422155688622755,0.8113475177304964,0.6508328192473781,0.7358400761542123,0.6785714285714286,0.7331121833534379,0.7988826815642458,0.7813292744799594,0.6141732283464567,0.5302946081156198,0.5796227882558818,0.7470258136924803,0.8587913162526892,0.7348066298342542,0.6446234544773324,0.7512145231398619,0.6769515581610615,0.7036619718309859,0.5825242718446602,0.6981132075471698,0.6422155688622755,0.8113475177304964,0.6508328192473781,0.7358400761542123,0.6785714285714286,0.7331121833534379,0.7988826815642458,0.7813292744799594,0.6141732283464567,0.5302946081156198,0.5796227882558818,0.7470258136924803,0.8587913162526892,0.7348066298342542,0.6446234544773324
40,0.6763,0.7563283047813858,0.6747917309472385,0.7074178403755869,0.517799352750809,0.6672955974842767,0.6302395209580839,0.798581560283688,0.621221468229488,0.7458353165159448,0.6607142857142857,0.721049457177322,0.8100558659217877,0.7848807711821411,0.6062992125984252,0.46386881600889385,0.5932335212910752,0.7578002244668911,0.8744377078036378,0.7458563535911602,0.6204571000374672,0.7563283047813858,0.6747917309472385,0.7074178403755869,0.517799352750809,0.6672955974842767,0.6302395209580839,0.798581560283688,0.621221468229488,0.7458353165159448,0.6607142857142857,0.721049457177322,0.8100558659217877,0.7848807711821411,0.6062992125984252,0.46386881600889385,0.5932335212910752,0.7578002244668911,0.8744377078036378,0.7458563535911602,0.6204571000374672
41,0.6805,0.7522372794681668,0.6769515581610615,0.715868544600939,0.5501618122977346,0.6911949685534591,0.6452095808383234,0.8070921985815603,0.662553979025293,0.7353641123274631,0.6785714285714286,0.7322074788902292,0.8016759776536313,0.7798072044647387,0.6062992125984252,0.5230683713173986,0.6004277658953918,0.7396184062850729,0.8654410326618424,0.7182320441988951,0.61521168977145,0.7522372794681668,0.6769515581610615,0.715868544600939,0.5501618122977346,0.6911949685534591,0.6452095808383234,0.8070921985815603,0.662553979025293,0.7353641123274631,0.6785714285714286,0.7322074788902292,0.8016759776536313,0.7798072044647387,0.6062992125984252,0.5230683713173986,0.6004277658953918,0.7396184062850729,0.8654410326618424,0.7182320441988951,0.61521168977145
42,0.6852,0.739452825364357,0.6676951558161062,0.7376525821596244,0.5857605177993528,0.7018867924528301,0.6467065868263473,0.8106382978723404,0.6576187538556446,0.7267967634459781,0.6785714285714286,0.7427623642943305,0.7932960893854749,0.7874175545408422,0.6299212598425197,0.5486381322957199,0.610344157106747,0.7474747474747475,0.8515548601603755,0.7292817679558011,0.6316972648932184,0.739452825364357,0.6676951558161062,0.7376525821596244,0.5857605177993528,0.7018867924528301,0.6467065868263473,0.8106382978723404,0.6576187538556446,0.7267967634459781,0.6785714285714286,0.7427623642943305,0.7932960893854749,0.7874175545408422,0.6299212598425197,0.5486381322957199,0.610344157106747,0.7474747474747475,0.8515548601603755,0.7292817679558011,0.6316972648932184
43,0.6824,0.7734594732804909,0.7000925640234495,0.6848826291079813,0.5728155339805825,0.6823899371069182,0.6616766467065869,0.7964539007092198,0.6650215916101172,0.7410756782484531,0.6741071428571429,0.7367310012062727,0.8044692737430168,0.7853881278538812,0.6377952755905512,0.5361311839911062,0.5784561539957224,0.7611672278338945,0.8683747310776452,0.7458563535911602,0.6384413638066692,0.7734594732804909,0.7000925640234495,0.6848826291079813,0.5728155339805825,0.6823899371069182,0.6616766467065869,0.7964539007092198,0.6650215916101172,0.7410756782484531,0.6741071428571429,0.7367310012062727,0.8044692737430168,0.7853881278538812,0.6377952755905512,0.5361311839911062,0.5784561539957224,0.7611672278338945,0.8683747310776452,0.7458563535911602,0.6384413638066692
44,0.6855,0.7627205318332907,0.6902190681888306,0.7061032863849765,0.5307443365695793,0.680503144654088,0.6526946107784432,0.8262411347517731,0.6452806909315237,0.752022846263684,0.6651785714285714,0.7294933655006032,0.7960893854748603,0.7929984779299848,0.6456692913385826,0.5055586436909394,0.6233715730118607,0.7524130190796857,0.8685703109720321,0.7403314917127072,0.6581116523042337,0.7627205318332907,0.6902190681888306,0.7061032863849765,0.5307443365695793,0.680503144654088,0.6526946107784432,0.8262411347517731,0.6452806909315237,0.752022846263684,0.6651785714285714,0.7294933655006032,0.7960893854748603,0.7929984779299848,0.6456692913385826,0.5055586436909394,0.6233715730118607,0.7524130190796857,0.8685703109720321,0.7403314917127072,0.6581116523042337
45,0.6871,0.7581181283559192,0.6843566800370257,0.6974647887323944,0.5922330097087378,0.6962264150943396,0.6541916167664671,0.7907801418439716,0.6613201727328809,0.7534507377439315,0.6785714285714286,0.7406513872135102,0.7960893854748603,0.7884322678843226,0.6377952755905512,0.5366870483602001,0.5829282519930002,0.7654320987654321,0.8689614707608058,0.7458563535911602,0.6616710378418883,0.7581181283559192,0.6843566800370257,0.6974647887323944,0.5922330097087378,0.6962264150943396,0.6541916167664671,0.7907801418439716,0.6613201727328809,0.7534507377439315,0.6785714285714286,0.7406513872135102,0.7960893854748603,0.7884322678843226,0.6377952755905512,0.5366870483602001,0.5829282519930002,0.7654320987654321,0.8689614707608058,0.7458563535911602,0.6616710378418883
46,0.6902,0.7673229353106622,0.6997840172786177,0.7014084507042253,0.5566343042071198,0.6918238993710691,0.6497005988023952,0.8276595744680851,0.649599012954966,0.7386958591147073,0.6651785714285714,0.7388419782870929,0.8016759776536313,0.791476407914764,0.6456692913385826,0.5236242356864925,0.639510013610733,0.7571268237934905,0.861725014668492,0.7403314917127072,0.641251405020607,0.7673229353106622,0.6997840172786177,0.7014084507042253,0.5566343042071198,0.6918238993710691,0.6497005988023952,0.8276595744680851,0.649599012954966,0.7386958591147073,0.6651785714285714,0.7388419782870929,0.8016759776536313,0.791476407914764,0.6456692913385826,0.5236242356864925,0.639510013610733,0.7571268237934905,0.861725014668492,0.7403314917127072,0.641251405020607
47,0.6859,0.7601636410125288,0.675717371181734,0.6927699530516432,0.5889967637540453,0.6754716981132075,0.6422155688622755,0.8163120567375887,0.6687230104873535,0.7610661589719181,0.6741071428571429,0.7273823884197829,0.8044692737430168,0.7975646879756468,0.6299212598425197,0.5330739299610895,0.6194827921446626,0.7611672278338945,0.8662233522393898,0.7348066298342542,0.6553016110902959,0.7601636410125288,0.675717371181734,0.6927699530516432,0.5889967637540453,0.6754716981132075,0.6422155688622755,0.8163120567375887,0.6687230104873535,0.7610661589719181,0.6741071428571429,0.7273823884197829,0.8044692737430168,0.7975646879756468,0.6299212598425197,0.5330739299610895,0.6194827921446626,0.7611672278338945,0.8662233522393898,0.7348066298342542,0.6553016110902959
48,0.69,0.7760163641012529,0.7071891391545819,0.7169953051643192,0.5760517799352751,0.6874213836477987,0.655688622754491,0.8184397163120567,0.6458975940777298,0.7524988100904332,0.6651785714285714,0.7361278648974668,0.8016759776536313,0.7940131912734653,0.6456692913385826,0.5144524735964424,0.6101497180633871,0.7497194163860831,0.8758067670643458,0.7458563535911602,0.6607343574372424,0.7760163641012529,0.7071891391545819,0.7169953051643192,0.5760517799352751,0.6874213836477987,0.655688622754491,0.8184397163120567,0.6458975940777298,0.7524988100904332,0.6651785714285714,0.7361278648974668,0.8016759776536313,0.7940131912734653,0.6456692913385826,0.5144524735964424,0.6101497180633871,0.7497194163860831,0.8758067670643458,0.7458563535911602,0.6607343574372424
49,0.6926,0.7519815903860905,0.6772601049058933,0.72,0.598705501618123,0.6955974842767295,0.6437125748502994,0.823404255319149,0.6699568167797656,0.7501189909566873,0.6741071428571429,0.7364294330518697,0.8044692737430168,0.793505834601725,0.5984251968503937,0.5486381322957199,0.6385378183939335,0.7665544332210998,0.8630940739292001,0.7403314917127072,0.6596103409516673,0.7519815903860905,0.6772601049058933,0.72,0.598705501618123,0.6955974842767295,0.6437125748502994,0.823404255319149,0.6699568167797656,0.7501189909566873,0.6741071428571429,0.7364294330518697,0.8044692737430168,0.793505834601725,0.5984251968503937,0.5486381322957199,0.6385378183939335,0.7665544332210998,0.8630940739292001,0.7403314917127072,0.6596103409516673
50,0.6961,0.7847097928918435,0.7189139154581919,0.7252582159624413,0.5566343042071198,0.7025157232704402,0.6856287425149701,0.826950354609929,0.6502159161011721,0.7563065207044265,0.6964285714285714,0.7433655006031363,0.8156424581005587,0.7950279046169457,0.6456692913385826,0.5158421345191774,0.6082053276297881,0.7551066217732885,0.8734598083317034,0.7182320441988951,0.6539902585237917,0.7847097928918435,0.7189139154581919,0.7252582159624413,0.5566343042071198,0.7025157232704402,0.6856287425149701,0.826950354609929,0.6502159161011721,0.7563065207044265,0.6964285714285714,0.7433655006031363,0.8156424581005587,0.7950279046169457,0.6456692913385826,0.5158421345191774,0.6082053276297881,0.7551066217732885,0.8734598083317034,0.7182320441988951,0.6539902585237917
51,0.6912,0.7668115571465098,0.6868250539956804,0.7184976525821596,0.5631067961165048,0.6811320754716981,0.655688622754491,0.8056737588652483,0.6384947563232573,0.7486910994764397,0.6651785714285714,0.7406513872135102,0.7849162011173184,0.7975646879756468,0.6220472440944882,0.5102834908282379,0.6272603538790589,0.7919191919191919,0.8720907490709955,0.7458563535911602,0.667291120269764,0.7668115571465098,0.6868250539956804,0.7184976525821596,0.5631067961165048,0.6811320754716981,0.655688622754491,0.8056737588652483,0.6384947563232573,0.7486910994764397,0.6651785714285714,0.7406513872135102,0.7849162011173184,0.7975646879756468,0.6220472440944882,0.5102834908282379,0.6272603538790589,0.7919191919191919,0.8720907490709955,0.7458563535911602,0.667291120269764
52,0.6953,0.7729480951163386,0.7059549521752545,0.7295774647887324,0.6181229773462783,0.689937106918239,0.6796407185628742,0.8304964539007093,0.674892041949414,0.7439314612089482,0.6785714285714286,0.729794933655006,0.8072625698324022,0.7995941146626078,0.6456692913385826,0.5617009449694275,0.6187050359712231,0.767003367003367,0.8673968316057109,0.7348066298342542,0.656238291494942,0.7729480951163386,0.7059549521752545,0.7295774647887324,0.6181229773462783,0.689937106918239,0.6796407185628742,0.8304964539007093,0.674892041949414,0.7439314612089482,0.6785714285714286,0.729794933655006,0.8072625698324022,0.7995941146626078,0.6456692913385826,0.5617009449694275,0.6187050359712231,0.767003367003367,0.8673968316057109,0.7348066298342542,0.656238291494942
53,0.6967,0.785476860138072,0.7145942610305461,0.7183098591549296,0.5566343042071198,0.7182389937106918,0.6781437125748503,0.8290780141843972,0.649599012954966,0.7439314612089482,0.6696428571428571,0.7436670687575392,0.7988826815642458,0.8112633181126332,0.6614173228346457,0.5150083379655364,0.6474820143884892,0.7777777777777778,0.8625073342460395,0.7569060773480663,0.6579243162233046,0.785476860138072,0.7145942610305461,0.7183098591549296,0.5566343042071198,0.7182389937106918,0.6781437125748503,0.8290780141843972,0.649599012954966,0.7439314612089482,0.6696428571428571,0.7436670687575392,0.7988826815642458,0.8112633181126332,0.6614173228346457,0.5150083379655364,0.6474820143884892,0.7777777777777778,0.8625073342460395,0.7569060773480663,0.6579243162233046
54,0.693,0.7693684479672718,0.6818883060783709,0.7149295774647887,0.6181229773462783,0.6861635220125786,0.6601796407185628,0.8354609929078014,0.6798272671190623,0.7558305568776773,0.7098214285714286,0.7409529553679132,0.8072625698324022,0.8127853881278538,0.6062992125984252,0.5555864369093941,0.6340657203966557,0.7694725028058361,0.8734598083317034,0.7513812154696132,0.6519295616335706,0.7693684479672718,0.6818883060783709,0.7149295774647887,0.6181229773462783,0.6861635220125786,0.6601796407185628,0.8354609929078014,0.6798272671190623,0.7558305568776773,0.7098214285714286,0.7409529553679132,0.8072625698324022,0.8127853881278538,0.6062992125984252,0.5555864369093941,0.6340657203966557,0.7694725028058361,0.8734598083317034,0.7513812154696132,0.6519295616335706
55,0.6956,0.7706468933776528,0.6902190681888306,0.7357746478873239,0.5954692556634305,0.6981132075471698,0.6766467065868264,0.8312056737588652,0.6718075262183837,0.7524988100904332,0.71875,0.741254523522316,0.8156424581005587,0.8203957382039574,0.6456692913385826,0.5441912173429683,0.6379545012638538,0.7780022446689113,0.8705261099159006,0.7569060773480663,0.6635443986511802,0.7706468933776528,0.6902190681888306,0.7357746478873239,0.5954692556634305,0.6981132075471698,0.6766467065868264,0.8312056737588652,0.6718075262183837,0.7524988100904332,0.71875,0.741254523522316,0.8156424581005587,0.8203957382039574,0.6456692913385826,0.5441912173429683,0.6379545012638538,0.7780022446689113,0.8705261099159006,0.7569060773480663,0.6635443986511802
56,0.6917,0.770902582459729,0.6899105214439988,0.7299530516431925,0.6051779935275081,0.6968553459119496,0.6721556886227545,0.8326241134751773,0.661937075879087,0.7596382674916706,0.6919642857142857,0.7430639324487334,0.8072625698324022,0.8138001014713343,0.6299212598425197,0.5314063368538077,0.6430099163912113,0.7728395061728395,0.8627029141404263,0.7569060773480663,0.6618583739228175,0.770902582459729,0.6899105214439988,0.7299530516431925,0.6051779935275081,0.6968553459119496,0.6721556886227545,0.8326241134751773,0.661937075879087,0.7596382674916706,0.6919642857142857,0.7430639324487334,0.8072625698324022,0.8138001014713343,0.6299212598425197,0.5314063368538077,0.6430099163912113,0.7728395061728395,0.8627029141404263,0.7569060773480663,0.6618583739228175
57,0.694,0.7798517003323958,0.7037951249614317,0.7147417840375587,0.6116504854368932,0.6880503144654088,0.6751497005988024,0.8276595744680851,0.6742751388032079,0.746311280342694,0.6741071428571429,0.735524728588661,0.7960893854748603,0.8138001014713343,0.6141732283464567,0.5533629794330184,0.6424265992611317,0.7874298540965208,0.8767846665362801,0.7458563535911602,0.6476208317721993,0.7798517003323958,0.7037951249614317,0.7147417840375587,0.6116504854368932,0.6880503144654088,0.6751497005988024,0.8276595744680851,0.6742751388032079,0.746311280342694,0.6741071428571429,0.735524728588661,0.7960893854748603,0.8138001014713343,0.6141732283464567,0.5533629794330184,0.6424265992611317,0.7874298540965208,0.8767846665362801,0.7458563535911602,0.6476208317721993
58,0.6973,0.7836870365635388,0.7099660598580685,0.7265727699530516,0.5922330097087378,0.6930817610062893,0.687125748502994,0.8468085106382979,0.6607032695866749,0.7629700142789148,0.6785714285714286,0.7367310012062727,0.8156424581005587,0.8224251648909183,0.6614173228346457,0.5403001667593107,0.6433987944779311,0.7674523007856341,0.8713084294934481,0.7624309392265194,0.6641064068939678,0.7836870365635388,0.7099660598580685,0.7265727699530516,0.5922330097087378,0.6930817610062893,0.687125748502994,0.8468085106382979,0.6607032695866749,0.7629700142789148,0.6785714285714286,0.7367310012062727,0.8156424581005587,0.8224251648909183,0.6614173228346457,0.5403001667593107,0.6433987944779311,0.7674523007856341,0.8713084294934481,0.7624309392265194,0.6641064068939678
59,0.6977,0.7783175658399386,0.7004011107682814,0.7539906103286385,0.5631067961165048,0.7037735849056603,0.6826347305389222,0.8425531914893617,0.6354102405922271,0.7515468824369348,0.6875,0.7457780458383595,0.8100558659217877,0.8138001014713343,0.6377952755905512,0.5061145080600333,0.6467042582150496,0.7784511784511785,0.8742421279092509,0.7458563535911602,0.6637317347321094,0.7783175658399386,0.7004011107682814,0.7539906103286385,0.5631067961165048,0.7037735849056603,0.6826347305389222,0.8425531914893617,0.6354102405922271,0.7515468824369348,0.6875,0.7457780458383595,0.8100558659217877,0.8138001014713343,0.6377952755905512,0.5061145080600333,0.6467042582150496,0.7784511784511785,0.8742421279092509,0.7458563535911602,0.6637317347321094
60,0.6968,0.7785732549220148,0.6957729095958037,0.7363380281690141,0.5598705501618123,0.7044025157232704,0.6751497005988024,0.8283687943262411,0.6378778531770513,0.7529747739171823,0.7008928571428571,0.7635705669481303,0.7905027932960894,0.8127853881278538,0.6220472440944882,0.5058365758754864,0.6375656231771339,0.7950617283950617,0.8797183649520829,0.7569060773480663,0.6612963656800299,0.7785732549220148,0.6957729095958037,0.7363380281690141,0.5598705501618123,0.7044025157232704,0.6751497005988024,0.8283687943262411,0.6378778531770513,0.7529747739171823,0.7008928571428571,0.7635705669481303,0.7905027932960894,0.8127853881278538,0.6220472440944882,0.5058365758754864,0.6375656231771339,0.7950617283950617,0.8797183649520829,0.7569060773480663,0.6612963656800299
61,0.6999,0.7772948095116339,0.6991669237889541,0.7389671361502348,0.6019417475728155,0.7031446540880503,0.6901197604790419,0.8411347517730496,0.6656384947563233,0.752022846263684,0.6830357142857143,0.7509047044632087,0.8044692737430168,0.8203957382039574,0.6299212598425197,0.5516953863257366,0.6253159634454598,0.7782267115600449,0.8720907490709955,0.7513812154696132,0.6575496440614462,0.7772948095116339,0.6991669237889541,0.7389671361502348,0.6019417475728155,0.7031446540880503,0.6901197604790419,0.8411347517730496,0.6656384947563233,0.752022846263684,0.6830357142857143,0.7509047044632087,0.8044692737430168,0.8203957382039574,0.6299212598425197,0.5516953863257366,0.6253159634454598,0.7782267115600449,0.8720907490709955,0.7513812154696132,0.6575496440614462
62,0.6992,0.7857325492201483,0.7136686207960506,0.7171830985915493,0.5728155339805825,0.6974842767295597,0.6916167664670658,0.8312056737588652,0.649599012954966,0.7567824845311756,0.6741071428571429,0.7463811821471653,0.8100558659217877,0.8112633181126332,0.6377952755905512,0.5305725403001668,0.637371184133774,0.7791245791245791,0.8785448855857618,0.7513812154696132,0.6790932933683027,0.7857325492201483,0.7136686207960506,0.7171830985915493,0.5728155339805825,0.6974842767295597,0.6916167664670658,0.8312056737588652,0.649599012954966,0.7567824845311756,0.6741071428571429,0.7463811821471653,0.8100558659217877,0.8112633181126332,0.6377952755905512,0.5305725403001668,0.637371184133774,0.7791245791245791,0.8785448855857618,0.7513812154696132,0.6790932933683027
63,0.703,0.7795960112503196,0.7047207651959272,0.7538028169014085,0.6181229773462783,0.7132075471698113,0.6961077844311377,0.8432624113475178,0.6600863664404688,0.7501189909566873,0.6830357142857143,0.7515078407720145,0.8128491620111732,0.8107559614408929,0.6614173228346457,0.5436353529738743,0.6292047443126579,0.7723905723905724,0.8703305300215138,0.7348066298342542,0.675346571749719,0.7795960112503196,0.7047207651959272,0.7538028169014085,0.6181229773462783,0.7132075471698113,0.6961077844311377,0.8432624113475178,0.6600863664404688,0.7501189909566873,0.6830357142857143,0.7515078407720145,0.8128491620111732,0.8107559614408929,0.6614173228346457,0.5436353529738743,0.6292047443126579,0.7723905723905724,0.8703305300215138,0.7348066298342542,0.675346571749719
64,0.7007,0.7785732549220148,0.7028694847269361,0.7500469483568075,0.5825242718446602,0.690566037735849,0.6721556886227545,0.824822695035461,0.6526835286859963,0.7620180866254165,0.6875,0.738238841978287,0.7960893854748603,0.8041603247082699,0.6456692913385826,0.5275152862701501,0.6348434765700953,0.7795735129068463,0.8857813416780755,0.7348066298342542,0.6775946047208692,0.7785732549220148,0.7028694847269361,0.7500469483568075,0.5825242718446602,0.690566037735849,0.6721556886227545,0.824822695035461,0.6526835286859963,0.7620180866254165,0.6875,0.738238841978287,0.7960893854748603,0.8041603247082699,0.6456692913385826,0.5275152862701501,0.6348434765700953,0.7795735129068463,0.8857813416780755,0.7348066298342542,0.6775946047208692
65,0.699,0.783942725645615,0.7025609379821043,0.7215023474178404,0.6213592233009708,0.6880503144654088,0.6901197604790419,0.8390070921985816,0.6810610734114744,0.7734412184673964,0.6785714285714286,0.7391435464414958,0.8156424581005587,0.8183663115169965,0.6377952755905512,0.566147859922179,0.6085942057165079,0.7773288439955106,0.8826520633678858,0.7458563535911602,0.6850880479580367,0.783942725645615,0.7025609379821043,0.7215023474178404,0.6213592233009708,0.6880503144654088,0.6901197604790419,0.8390070921985816,0.6810610734114744,0.7734412184673964,0.6785714285714286,0.7391435464414958,0.8156424581005587,0.8183663115169965,0.6377952755905512,0.566147859922179,0.6085942057165079,0.7773288439955106,0.8826520633678858,0.7458563535911602,0.6850880479580367
66,0.7034,0.7732037841984147,0.7062634989200864,0.744225352112676,0.5922330097087378,0.710691823899371,0.6961077844311377,0.8382978723404255,0.6631708821714991,0.7601142313184198,0.6830357142857143,0.7512062726176115,0.8100558659217877,0.8234398782343988,0.6456692913385826,0.5450250138966092,0.6397044526540929,0.7831649831649832,0.8705261099159006,0.7624309392265194,0.6849007118771075,0.7732037841984147,0.7062634989200864,0.744225352112676,0.5922330097087378,0.710691823899371,0.6961077844311377,0.8382978723404255,0.6631708821714991,0.7601142313184198,0.6830357142857143,0.7512062726176115,0.8100558659217877,0.8234398782343988,0.6456692913385826,0.5450250138966092,0.6397044526540929,0.7831649831649832,0.8705261099159006,0.7624309392265194,0.6849007118771075
67,0.6928,0.7732037841984147,0.6966985498302993,0.7149295774647887,0.598705501618123,0.6867924528301886,0.6781437125748503,0.8460992907801419,0.6705737199259716,0.7648738695859115,0.6651785714285714,0.7310012062726177,0.8128491620111732,0.8178589548452562,0.6220472440944882,0.5597554196775987,0.6515652342990472,0.7721661054994389,0.874046548014864,0.7569060773480663,0.6702884975646309,0.7732037841984147,0.6966985498302993,0.7149295774647887,0.598705501618123,0.6867924528301886,0.6781437125748503,0.8460992907801419,0.6705737199259716,0.7648738695859115,0.6651785714285714,0.7310012062726177,0.8128491620111732,0.8178589548452562,0.6220472440944882,0.5597554196775987,0.6515652342990472,0.7721661054994389,0.874046548014864,0.7569060773480663,0.6702884975646309
68,0.7024,0.7806187675786244,0.705029311940759,0.7340845070422535,0.5792880258899676,0.6993710691823899,0.6856287425149701,0.850354609929078,0.6434299814929056,0.7758210376011423,0.6741071428571429,0.7451749095295537,0.8296089385474861,0.808726534753932,0.6456692913385826,0.5236242356864925,0.6529263076025666,0.7694725028058361,0.8818697437903383,0.7513812154696132,0.6895841139003372,0.7806187675786244,0.705029311940759,0.7340845070422535,0.5792880258899676,0.6993710691823899,0.6856287425149701,0.850354609929078,0.6434299814929056,0.7758210376011423,0.6741071428571429,0.7451749095295537,0.8296089385474861,0.808726534753932,0.6456692913385826,0.5236242356864925,0.6529263076025666,0.7694725028058361,0.8818697437903383,0.7513812154696132,0.6895841139003372
69,0.7014,0.8000511378164152,0.7352668929342795,0.7169953051643192,0.5825242718446602,0.6937106918238993,0.7095808383233533,0.8312056737588652,0.6637877853177051,0.7572584483579248,0.6651785714285714,0.744270205066345,0.8128491620111732,0.8107559614408929,0.6771653543307087,0.557254030016676,0.631149134746257,0.7784511784511785,0.8832388030510464,0.7513812154696132,0.6779692768827276,0.8000511378164152,0.7352668929342795,0.7169953051643192,0.5825242718446602,0.6937106918238993,0.7095808383233533,0.8312056737588652,0.6637877853177051,0.7572584483579248,0.6651785714285714,0.744270205066345,0.8128491620111732,0.8107559614408929,0.6771653543307087,0.557254030016676,0.631149134746257,0.7784511784511785,0.8832388030510464,0.7513812154696132,0.6779692768827276
70,0.7049,0.767067246228586,0.701326751002777,0.7372769953051643,0.5792880258899676,0.6962264150943396,0.6916167664670658,0.850354609929078,0.6428130783466995,0.760590195145169,0.6651785714285714,0.7430639324487334,0.8156424581005587,0.8198883815322171,0.6141732283464567,0.5258476931628683,0.6671203577678397,0.7887766554433221,0.8760023469587327,0.7624309392265194,0.681341326339453,0.767067246228586,0.701326751002777,0.7372769953051643,0.5792880258899676,0.6962264150943396,0.6916167664670658,0.850354609929078,0.6428130783466995,0.760590195145169,0.6651785714285714,0.7430639324487334,0.8156424581005587,0.8198883815322171,0.6141732283464567,0.5258476931628683,0.6671203577678397,0.7887766554433221,0.8760023469587327,0.7624309392265194,0.681341326339453
71,0.7032,0.7864996164663769,0.7182968219685283,0.7316431924882629,0.6084142394822006,0.7169811320754716,0.7170658682634731,0.8482269503546099,0.6674892041949414,0.7701094716801523,0.6875,0.7635705669481303,0.8268156424581006,0.8056823947234906,0.6299212598425197,0.5603112840466926,0.6220104997083414,0.755331088664422,0.8871504009387835,0.7403314917127072,0.6863994005245411,0.7864996164663769,0.7182968219685283,0.7316431924882629,0.6084142394822006,0.7169811320754716,0.7170658682634731,0.8482269503546099,0.6674892041949414,0.7701094716801523,0.6875,0.7635705669481303,0.8268156424581006,0.8056823947234906,0.6299212598425197,0.5603112840466926,0.6220104997083414,0.755331088664422,0.8871504009387835,0.7403314917127072,0.6863994005245411
72,0.6997,0.7716696497059575,0.6991669237889541,0.7211267605633803,0.5663430420711975,0.6817610062893081,0.6691616766467066,0.8333333333333334,0.6428130783466995,0.7724892908138982,0.65625,0.7427623642943305,0.8044692737430168,0.8143074581430746,0.5905511811023622,0.5239021678710395,0.6560373322963251,0.7930415263748597,0.8855857617836886,0.7569060773480663,0.7075683776695392,0.7716696497059575,0.6991669237889541,0.7211267605633803,0.5663430420711975,0.6817610062893081,0.6691616766467066,0.8333333333333334,0.6428130783466995,0.7724892908138982,0.65625,0.7427623642943305,0.8044692737430168,0.8143074581430746,0.5905511811023622,0.5239021678710395,0.6560373322963251,0.7930415263748597,0.8855857617836886,0.7569060773480663,0.7075683776695392
73,0.7062,0.7880337509588341,0.7192224622030238,0.7436619718309859,0.6213592233009708,0.7056603773584905,0.7035928143712575,0.8482269503546099,0.6705737199259716,0.7691575440266539,0.6875,0.758443908323281,0.8296089385474861,0.8234398782343988,0.6299212598425197,0.5628126737076153,0.6323157690064165,0.7822671156004489,0.8779581459026012,0.7292817679558011,0.6907081303859123,0.7880337509588341,0.7192224622030238,0.7436619718309859,0.6213592233009708,0.7056603773584905,0.7035928143712575,0.8482269503546099,0.6705737199259716,0.7691575440266539,0.6875,0.758443908323281,0.8296089385474861,0.8234398782343988,0.6299212598425197,0.5628126737076153,0.6323157690064165,0.7822671156004489,0.8779581459026012,0.7292817679558011,0.6907081303859123
74,0.7026,0.7908463308616722,0.7247763036099969,0.7459154929577465,0.5922330097087378,0.6924528301886792,0.6916167664670658,0.8439716312056738,0.6477483035163479,0.7672536887196573,0.6651785714285714,0.7521109770808203,0.8268156424581006,0.8117706747843734,0.6377952755905512,0.537520844913841,0.6496208438654482,0.769023569023569,0.8826520633678858,0.7292817679558011,0.706444361183964,0.7908463308616722,0.7247763036099969,0.7459154929577465,0.5922330097087378,0.6924528301886792,0.6916167664670658,0.8439716312056738,0.6477483035163479,0.7672536887196573,0.6651785714285714,0.7521109770808203,0.8268156424581006,0.8117706747843734,0.6377952755905512,0.537520844913841,0.6496208438654482,0.769023569023569,0.8826520633678858,0.7292817679558011,0.706444361183964
75,0.6964,0.757862439273843,0.6760259179265659,0.7378403755868544,0.5857605177993528,0.6893081761006289,0.6811377245508982,0.8446808510638298,0.6650215916101172,0.7672536887196573,0.6875,0.7521109770808203,0.8240223463687151,0.8214104515474379,0.6062992125984252,0.5430794886047804,0.641648843087692,0.7838383838383839,0.8914531586152944,0.7458563535911602,0.6955788684900712,0.757862439273843,0.6760259179265659,0.7378403755868544,0.5857605177993528,0.6893081761006289,0.6811377245508982,0.8446808510638298,0.6650215916101172,0.7672536887196573,0.6875,0.7521109770808203,0.8240223463687151,0.8214104515474379,0.6062992125984252,0.5430794886047804,0.641648843087692,0.7838383838383839,0.8914531586152944,0.7458563535911602,0.6955788684900712
76,0.7048,0.7862439273843007,0.7235421166306696,0.7395305164319249,0.6084142394822006,0.7081761006289308,0.7170658682634731,0.8347517730496454,0.6736582356570019,0.7648738695859115,0.6741071428571429,0.7638721351025332,0.8072625698324022,0.8290208016235413,0.6220472440944882,0.5672595886603669,0.6218160606649815,0.7881032547699215,0.8760023469587327,0.7679558011049724,0.7038216560509554,0.7862439273843007,0.7235421166306696,0.7395305164319249,0.6084142394822006,0.7081761006289308,0.7170658682634731,0.8347517730496454,0.6736582356570019,0.7648738695859115,0.6741071428571429,0.7638721351025332,0.8072625698324022,0.8290208016235413,0.6220472440944882,0.5672595886603669,0.6218160606649815,0.7881032547699215,0.8760023469587327,0.7679558011049724,0.7038216560509554
77,0.6967,0.7867553055484531,0.7164455414995372,0.7143661971830986,0.5922330097087378,0.6937106918238993,0.6811377245508982,0.8319148936170213,0.6502159161011721,0.7515468824369348,0.6651785714285714,0.7623642943305187,0.8044692737430168,0.8122780314561137,0.6141732283464567,0.5250138966092274,0.6735368461987167,0.7914702581369248,0.886368081361236,0.7513812154696132,0.6815286624203821,0.7867553055484531,0.7164455414995372,0.7143661971830986,0.5922330097087378,0.6937106918238993,0.6811377245508982,0.8319148936170213,0.6502159161011721,0.7515468824369348,0.6651785714285714,0.7623642943305187,0.8044692737430168,0.8122780314561137,0.6141732283464567,0.5250138966092274,0.6735368461987167,0.7914702581369248,0.886368081361236,0.7513812154696132,0.6815286624203821
78,0.6974,0.7882894400409103,0.7152113545202098,0.7196244131455399,0.6019417475728155,0.6880503144654088,0.6901197604790419,0.8439716312056738,0.6644046884639112,0.7667777248929082,0.6919642857142857,0.7566344993968637,0.8268156424581006,0.8158295281582952,0.6062992125984252,0.5519733185102835,0.6325102080497764,0.7735129068462402,0.8973205554469,0.7458563535911602,0.6950168602472836,0.7882894400409103,0.7152113545202098,0.7196244131455399,0.6019417475728155,0.6880503144654088,0.6901197604790419,0.8439716312056738,0.6644046884639112,0.7667777248929082,0.6919642857142857,0.7566344993968637,0.8268156424581006,0.8158295281582952,0.6062992125984252,0.5519733185102835,0.6325102080497764,0.7735129068462402,0.8973205554469,0.7458563535911602,0.6950168602472836
79,0.7012,0.7744822296087958,0.6988583770441222,0.7470422535211267,0.5663430420711975,0.6924528301886792,0.6781437125748503,0.8539007092198582,0.6378778531770513,0.7724892908138982,0.6651785714285714,0.75,0.8324022346368715,0.8310502283105022,0.6062992125984252,0.5127848804891606,0.6675092358545596,0.7887766554433221,0.8955603363974184,0.7569060773480663,0.7038216560509554,0.7744822296087958,0.6988583770441222,0.7470422535211267,0.5663430420711975,0.6924528301886792,0.6781437125748503,0.8539007092198582,0.6378778531770513,0.7724892908138982,0.6651785714285714,0.75,0.8324022346368715,0.8310502283105022,0.6062992125984252,0.5127848804891606,0.6675092358545596,0.7887766554433221,0.8955603363974184,0.7569060773480663,0.7038216560509554
80,0.7006,0.7757606750191767,0.6963900030854675,0.7085446009389671,0.6116504854368932,0.6874213836477987,0.6841317365269461,0.8595744680851064,0.6847624922887107,0.7782008567348881,0.6875,0.7524125452352232,0.835195530726257,0.8290208016235413,0.5984251968503937,0.5719844357976653,0.6455376239548901,0.7764309764309765,0.8943868570310972,0.7679558011049724,0.7021356313225927,0.7757606750191767,0.6963900030854675,0.7085446009389671,0.6116504854368932,0.6874213836477987,0.6841317365269461,0.8595744680851064,0.6847624922887107,0.7782008567348881,0.6875,0.7524125452352232,0.835195530726257,0.8290208016235413,0.5984251968503937,0.5719844357976653,0.6455376239548901,0.7764309764309765,0.8943868570310972,0.7679558011049724,0.7021356313225927
81,0.706,0.7818972129890054,0.7102746066029003,0.751737089201878,0.6148867313915858,0.6943396226415094,0.7035928143712575,0.849645390070922,0.67550894509562,0.763445978105664,0.6785714285714286,0.747285886610374,0.8072625698324022,0.8305428716387621,0.6535433070866141,0.5453029460811561,0.6573984055998444,0.7995510662177329,0.8806962644240172,0.7790055248618785,0.6948295241663545,0.7818972129890054,0.7102746066029003,0.751737089201878,0.6148867313915858,0.6943396226415094,0.7035928143712575,0.849645390070922,0.67550894509562,0.763445978105664,0.6785714285714286,0.747285886610374,0.8072625698324022,0.8305428716387621,0.6535433070866141,0.5453029460811561,0.6573984055998444,0.7995510662177329,0.8806962644240172,0.7790055248618785,0.6948295241663545
82,0.7073,0.798517003323958,0.7297130515273064,0.7369014084507042,0.6019417475728155,0.7075471698113207,0.7125748502994012,0.8425531914893617,0.6841455891425047,0.7553545930509281,0.7053571428571429,0.7741254523522316,0.8128491620111732,0.8234398782343988,0.6220472440944882,0.5783768760422457,0.6356212327435349,0.7910213243546577,0.8857813416780755,0.7569060773480663,0.683402023229674,0.798517003323958,0.7297130515273064,0.7369014084507042,0.6019417475728155,0.7075471698113207,0.7125748502994012,0.8425531914893617,0.6841455891425047,0.7553545930509281,0.7053571428571429,0.7741254523522316,0.8128491620111732,0.8234398782343988,0.6220472440944882,0.5783768760422457,0.6356212327435349,0.7910213243546577,0.8857813416780755,0.7569060773480663,0.683402023229674
83,0.7041,0.7844541038097673,0.7078062326442456,0.7586854460093897,0.6245954692556634,0.6893081761006289,0.7050898203592815,0.8453900709219858,0.674892041949414,0.7615421227986673,0.6919642857142857,0.7436670687575392,0.8240223463687151,0.8214104515474379,0.6535433070866141,0.5583657587548638,0.6713980167217577,0.7968574635241302,0.8867592411500098,0.7513812154696132,0.6789059572873736,0.7844541038097673,0.7078062326442456,0.7586854460093897,0.6245954692556634,0.6893081761006289,0.7050898203592815,0.8453900709219858,0.674892041949414,0.7615421227986673,0.6919642857142857,0.7436670687575392,0.8240223463687151,0.8214104515474379,0.6535433070866141,0.5583657587548638,0.6713980167217577,0.7968574635241302,0.8867592411500098,0.7513812154696132,0.6789059572873736
84,0.7025,0.7908463308616722,0.7173711817340327,0.7337089201877934,0.56957928802589,0.6937106918238993,0.6991017964071856,0.8546099290780141,0.649599012954966,0.774869109947644,0.6919642857142857,0.7524125452352232,0.8296089385474861,0.8259766615930999,0.6141732283464567,0.5239021678710395,0.6397044526540929,0.7831649831649832,0.8998630940739292,0.7513812154696132,0.7137504683402023,0.7908463308616722,0.7173711817340327,0.7337089201877934,0.56957928802589,0.6937106918238993,0.6991017964071856,0.8546099290780141,0.649599012954966,0.774869109947644,0.6919642857142857,0.7524125452352232,0.8296089385474861,0.8259766615930999,0.6141732283464567,0.5239021678710395,0.6397044526540929,0.7831649831649832,0.8998630940739292,0.7513812154696132,0.7137504683402023
85,0.7048,0.7857325492201483,0.7198395556926874,0.7498591549295774,0.5889967637540453,0.710691823899371,0.7155688622754491,0.8333333333333334,0.6563849475632326,0.7601142313184198,0.6785714285714286,0.7708082026537998,0.8044692737430168,0.8163368848300355,0.6062992125984252,0.5361311839911062,0.6519541123857671,0.7968574635241302,0.8877371406219441,0.7624309392265194,0.7156238291494942,0.7857325492201483,0.7198395556926874,0.7498591549295774,0.5889967637540453,0.710691823899371,0.7155688622754491,0.8333333333333334,0.6563849475632326,0.7601142313184198,0.6785714285714286,0.7708082026537998,0.8044692737430168,0.8163368848300355,0.6062992125984252,0.5361311839911062,0.6519541123857671,0.7968574635241302,0.8877371406219441,0.7624309392265194,0.7156238291494942
86,0.7061,0.7946816670928152,0.7223079296513422,0.7361502347417841,0.6116504854368932,0.7025157232704402,0.7125748502994012,0.8489361702127659,0.6730413325107958,0.7620180866254165,0.6919642857142857,0.7650784077201448,0.8296089385474861,0.8254693049213597,0.6220472440944882,0.5630906058921623,0.6400933307408128,0.7894500561167228,0.8906708390377469,0.7624309392265194,0.7071937055076808,0.7946816670928152,0.7223079296513422,0.7361502347417841,0.6116504854368932,0.7025157232704402,0.7125748502994012,0.8489361702127659,0.6730413325107958,0.7620180866254165,0.6919642857142857,0.7650784077201448,0.8296089385474861,0.8254693049213597,0.6220472440944882,0.5630906058921623,0.6400933307408128,0.7894500561167228,0.8906708390377469,0.7624309392265194,0.7071937055076808
87,0.7012,0.7962158015852723,0.7324899722307929,0.744037558685446,0.5533980582524272,0.7031446540880503,0.7095808383233533,0.8446808510638298,0.649599012954966,0.7629700142789148,0.6696428571428571,0.7632689987937273,0.8296089385474861,0.8153221714865551,0.6692913385826772,0.5147304057809894,0.6743146023721563,0.7961840628507295,0.8898885194601995,0.7624309392265194,0.7002622705133008,0.7962158015852723,0.7324899722307929,0.744037558685446,0.5533980582524272,0.7031446540880503,0.7095808383233533,0.8446808510638298,0.649599012954966,0.7629700142789148,0.6696428571428571,0.7632689987937273,0.8296089385474861,0.8153221714865551,0.6692913385826772,0.5147304057809894,0.6743146023721563,0.7961840628507295,0.8898885194601995,0.7624309392265194,0.7002622705133008
88,0.7032,0.7908463308616722,0.7124344338167232,0.7297652582159624,0.5631067961165048,0.6918238993710691,0.6976047904191617,0.8446808510638298,0.6421961752004935,0.7682056163731557,0.6785714285714286,0.7563329312424608,0.8184357541899442,0.8290208016235413,0.6062992125984252,0.5169538632573653,0.6702313824615983,0.805611672278339,0.8914531586152944,0.7679558011049724,0.7028849756463095,0.7908463308616722,0.7124344338167232,0.7297652582159624,0.5631067961165048,0.6918238993710691,0.6976047904191617,0.8446808510638298,0.6421961752004935,0.7682056163731557,0.6785714285714286,0.7563329312424608,0.8184357541899442,0.8290208016235413,0.6062992125984252,0.5169538632573653,0.6702313824615983,0.805611672278339,0.8914531586152944,0.7679558011049724,0.7028849756463095
89,0.7038,0.7877780618767579,0.714902807775378,0.7346478873239437,0.5825242718446602,0.6836477987421383,0.6811377245508982,0.8439716312056738,0.6674892041949414,0.774869109947644,0.6651785714285714,0.7454764776839565,0.8212290502793296,0.8168442415017757,0.6456692913385826,0.547248471372985,0.6568150884697648,0.7937149270482604,0.8998630940739292,0.7569060773480663,0.7113150992881229,0.7877780618767579,0.714902807775378,0.7346478873239437,0.5825242718446602,0.6836477987421383,0.6811377245508982,0.8439716312056738,0.6674892041949414,0.774869109947644,0.6651785714285714,0.7454764776839565,0.8212290502793296,0.8168442415017757,0.6456692913385826,0.547248471372985,0.6568150884697648,0.7937149270482604,0.8998630940739292,0.7569060773480663,0.7113150992881229
90,0.7053,0.7916133981079008,0.7161369947547054,0.7491079812206572,0.5954692556634305,0.6792452830188679,0.6931137724550899,0.851063829787234,0.6471314003701419,0.7677296525464065,0.6696428571428571,0.7445717732207479,0.8184357541899442,0.8259766615930999,0.6377952755905512,0.5314063368538077,0.6653704063776006,0.807631874298541,0.8945824369254841,0.7624309392265194,0.6910828025477707,0.7916133981079008,0.7161369947547054,0.7491079812206572,0.5954692556634305,0.6792452830188679,0.6931137724550899,0.851063829787234,0.6471314003701419,0.7677296525464065,0.6696428571428571,0.7445717732207479,0.8184357541899442,0.8259766615930999,0.6377952755905512,0.5314063368538077,0.6653704063776006,0.807631874298541,0.8945824369254841,0.7624309392265194,0.6910828025477707
91,0.7065,0.80107389414472,0.7346497994446158,0.7292018779342723,0.5857605177993528,0.6981132075471698,0.7245508982035929,0.8468085106382979,0.6656384947563233,0.7677296525464065,0.6830357142857143,0.7575392038600723,0.8324022346368715,0.8310502283105022,0.6456692913385826,0.5519733185102835,0.6614816255104025,0.7934904601571269,0.8877371406219441,0.7569060773480663,0.6946421880854252,0.80107389414472,0.7346497994446158,0.7292018779342723,0.5857605177993528,0.6981132075471698,0.7245508982035929,0.8468085106382979,0.6656384947563233,0.7677296525464065,0.6830357142857143,0.7575392038600723,0.8324022346368715,0.8310502283105022,0.6456692913385826,0.5519733185102835,0.6614816255104025,0.7934904601571269,0.8877371406219441,0.7569060773480663,0.6946421880854252
92,0.7051,0.783942725645615,0.7087318728787412,0.7237558685446009,0.5922330097087378,0.7150943396226415,0.6991017964071856,0.8446808510638298,0.6705737199259716,0.7724892908138982,0.7008928571428571,0.7699034981905911,0.8184357541899442,0.8259766615930999,0.5826771653543307,0.5611450806003335,0.6680925529846393,0.7934904601571269,0.8848034422061412,0.7900552486187845,0.7141251405020607,0.783942725645615,0.7087318728787412,0.7237558685446009,0.5922330097087378,0.7150943396226415,0.6991017964071856,0.8446808510638298,0.6705737199259716,0.7724892908138982,0.7008928571428571,0.7699034981905911,0.8184357541899442,0.8259766615930999,0.5826771653543307,0.5611450806003335,0.6680925529846393,0.7934904601571269,0.8848034422061412,0.7900552486187845,0.7141251405020607
93,0.7049,0.7875223727946816,0.7204566491823511,0.739906103286385,0.6051779935275081,0.7283018867924528,0.7020958083832335,0.8446808510638298,0.6576187538556446,0.7677296525464065,0.7098214285714286,0.7747285886610374,0.8268156424581006,0.8168442415017757,0.6299212598425197,0.5497498610339078,0.6502041609955279,0.7865319865319865,0.8871504009387835,0.7569060773480663,0.7148744848257774,0.7875223727946816,0.7204566491823511,0.739906103286385,0.6051779935275081,0.7283018867924528,0.7020958083832335,0.8446808510638298,0.6576187538556446,0.7677296525464065,0.7098214285714286,0.7747285886610374,0.8268156424581006,0.8168442415017757,0.6299212598425197,0.5497498610339078,0.6502041609955279,0.7865319865319865,0.8871504009387835,0.7569060773480663,0.7148744848257774
94,0.7037,0.7711582715418052,0.7034865782165998,0.723943661971831,0.6181229773462783,0.6924528301886792,0.6766467065868264,0.8652482269503546,0.6816779765576805,0.7701094716801523,0.6919642857142857,0.7593486127864898,0.8324022346368715,0.8305428716387621,0.5905511811023622,0.58532518065592,0.6527318685592067,0.7874298540965208,0.8977117152356737,0.7734806629834254,0.7109404271262645,0.7711582715418052,0.7034865782165998,0.723943661971831,0.6181229773462783,0.6924528301886792,0.6766467065868264,0.8652482269503546,0.6816779765576805,0.7701094716801523,0.6919642857142857,0.7593486127864898,0.8324022346368715,0.8305428716387621,0.5905511811023622,0.58532518065592,0.6527318685592067,0.7874298540965208,0.8977117152356737,0.7734806629834254,0.7109404271262645
95,0.7083,0.8015852723088724,0.738352360382598,0.7461032863849765,0.6051779935275081,0.7069182389937106,0.7095808383233533,0.8546099290780141,0.6520666255397902,0.7548786292241789,0.6830357142857143,0.755729794933655,0.8268156424581006,0.8229325215626585,0.6614173228346457,0.5511395219566426,0.6694536262881586,0.7921436588103254,0.8947780168198709,0.7790055248618785,0.6877107530910453,0.8015852723088724,0.738352360382598,0.7461032863849765,0.6051779935275081,0.7069182389937106,0.7095808383233533,0.8546099290780141,0.6520666255397902,0.7548786292241789,0.6830357142857143,0.755729794933655,0.8268156424581006,0.8229325215626585,0.6614173228346457,0.5511395219566426,0.6694536262881586,0.7921436588103254,0.8947780168198709,0.7790055248618785,0.6877107530910453
96,0.7075,0.7898235745333674,0.7210737426720149,0.7312676056338028,0.5728155339805825,0.720125786163522,0.7050898203592815,0.8609929078014185,0.6415792720542874,0.7705854355069015,0.6875,0.7744270205066345,0.8240223463687151,0.8417047184170472,0.6062992125984252,0.528627015008338,0.6686758701147191,0.8035914702581369,0.8877371406219441,0.7624309392265194,0.7062570251030349,0.7898235745333674,0.7210737426720149,0.7312676056338028,0.5728155339805825,0.720125786163522,0.7050898203592815,0.8609929078014185,0.6415792720542874,0.7705854355069015,0.6875,0.7744270205066345,0.8240223463687151,0.8417047184170472,0.6062992125984252,0.528627015008338,0.6686758701147191,0.8035914702581369,0.8877371406219441,0.7624309392265194,0.7062570251030349
97,0.7043,0.7870109946305293,0.7062634989200864,0.7414084507042253,0.5760517799352751,0.7056603773584905,0.6856287425149701,0.851063829787234,0.6471314003701419,0.7624940504521657,0.6830357142857143,0.7662846803377563,0.8212290502793296,0.8305428716387621,0.6220472440944882,0.5294608115619789,0.6721757728951974,0.8161616161616162,0.8922354781928418,0.7679558011049724,0.691457474709629,0.7870109946305293,0.7062634989200864,0.7414084507042253,0.5760517799352751,0.7056603773584905,0.6856287425149701,0.851063829787234,0.6471314003701419,0.7624940504521657,0.6830357142857143,0.7662846803377563,0.8212290502793296,0.8305428716387621,0.6220472440944882,0.5294608115619789,0.6721757728951974,0.8161616161616162,0.8922354781928418,0.7679558011049724,0.691457474709629
98,0.707,0.80107389414472,0.7235421166306696,0.739906103286385,0.6084142394822006,0.7081761006289308,0.6931137724550899,0.8546099290780141,0.6631708821714991,0.7729652546406474,0.6696428571428571,0.7620627261761158,0.8212290502793296,0.8234398782343988,0.6220472440944882,0.5575319622012229,0.6430099163912113,0.7780022446689113,0.8981028750244475,0.7569060773480663,0.710378418883477,0.80107389414472,0.7235421166306696,0.739906103286385,0.6084142394822006,0.7081761006289308,0.6931137724550899,0.8546099290780141,0.6631708821714991,0.7729652546406474,0.6696428571428571,0.7620627261761158,0.8212290502793296,0.8234398782343988,0.6220472440944882,0.5575319622012229,0.6430099163912113,0.7780022446689113,0.8981028750244475,0.7569060773480663,0.710378418883477
99,0.7061,0.7885451291229865,0.7164455414995372,0.7192488262910798,0.5825242718446602,0.6842767295597484,0.6826347305389222,0.8645390070921986,0.6446637877853177,0.7782008567348881,0.6741071428571429,0.7409529553679132,0.8268156424581006,0.8259766615930999,0.6220472440944882,0.5186214563646471,0.6754812366323157,0.7815937149270482,0.9000586739683161,0.7403314917127072,0.7216185837392282,0.7885451291229865,0.7164455414995372,0.7192488262910798,0.5825242718446602,0.6842767295597484,0.6826347305389222,0.8645390070921986,0.6446637877853177,0.7782008567348881,0.6741071428571429,0.7409529553679132,0.8268156424581006,0.8259766615930999,0.6220472440944882,0.5186214563646471,0.6754812366323157,0.7815937149270482,0.9000586739683161,0.7403314917127072,0.7216185837392282
100,0.6173,0.7115827154180516,0.7917309472385067,0.6784976525821597,0.540453074433657,0.6616352201257861,0.3158682634730539,0.8212765957446808,0.18877236273904996,0.5521180390290338,0.6160714285714286,0.6239445114595898,0.6424581005586593,0.4079147640791476,0.2125984251968504,0.5364091161756531,0.4526540929418627,0.5663299663299664,0.716800312927831,0.580110497237569,0.6397527163731734,0.7115827154180516,0.7917309472385067,0.6784976525821597,0.540453074433657,0.6616352201257861,0.3158682634730539,0.8212765957446808,0.8272671190623072,0.5521180390290338,0.6160714285714286,0.6239445114595898,0.6424581005586593,0.8274987316083207,0.6692913385826772,0.5364091161756531,0.4526540929418627,0.5663299663299664,0.716800312927831,0.580110497237569,0.6397527163731734
101,0.6279,0.7246228586039376,0.7772292502314101,0.6907042253521126,0.47249190938511326,0.6534591194968553,0.3203592814371258,0.8397163120567376,0.20172732880937694,0.5763921941932413,0.59375,0.6242460796139928,0.6815642458100558,0.4211060375443937,0.23622047244094488,0.45219566425792107,0.42640482208827535,0.6118967452300785,0.7308820653236847,0.6132596685082873,0.6560509554140127,0.7246228586039376,0.7772292502314101,0.6907042253521126,0.47249190938511326,0.6534591194968553,0.3203592814371258,0.8397163120567376,0.20172732880937694,0.5763921941932413,0.59375,0.6242460796139928,0.6815642458100558,0.7691527143581938,0.8031496062992126,0.45219566425792107,0.42640482208827535,0.6118967452300785,0.7308820653236847,0.6132596685082873,0.6560509554140127
102,0.6108,0.6913832779340322,0.7673557543967912,0.7153051643192488,0.3818770226537217,0.6735849056603773,0.3263473053892216,0.8475177304964538,0.24922887106724245,0.6130414088529271,0.6339285714285714,0.6287696019300362,0.6508379888268156,0.4292237442922374,0.2283464566929134,0.37131739855475265,0.4160995527902003,0.6145903479236813,0.7637394875806767,0.5911602209944752,0.6686024728362683,0.6913832779340322,0.7673557543967912,0.7153051643192488,0.3818770226537217,0.6735849056603773,0.3263473053892216,0.8475177304964538,0.24922887106724245,0.6130414088529271,0.6339285714285714,0.6287696019300362,0.6508379888268156,0.4292237442922374,0.8188976377952756,0.37131739855475265,0.4160995527902003,0.6145903479236813,0.7637394875806767,0.5911602209944752,0.6686024728362683
103,0.6017,0.6640245461518793,0.7605677260104906,0.724131455399061,0.3786407766990291,0.6522012578616352,0.3278443113772455,0.8567375886524823,0.3078346699568168,0.6482627320323655,0.6160714285714286,0.603437876960193,0.6061452513966481,0.4383561643835616,0.2047244094488189,0.3735408560311284,0.4131829671398017,0.6143658810325477,0.8102875024447487,0.5966850828729282,0.6581116523042337,0.6640245461518793,0.7605677260104906,0.724131455399061,0.3786407766990291,0.6522012578616352,0.3278443113772455,0.8567375886524823,0.3078346699568168,0.6482627320323655,0.6160714285714286,0.603437876960193,0.6061452513966481,0.4383561643835616,0.8661417322834646,0.3735408560311284,0.4131829671398017,0.6143658810325477,0.8102875024447487,0.5966850828729282,0.6581116523042337
104,0.5922,0.6573766300178983,0.7618019129898179,0.7218779342723005,0.343042071197411,0.6698113207547169,0.31736526946107785,0.849645390070922,0.34608266502159163,0.6515944788196097,0.6339285714285714,0.6136911942098915,0.5893854748603352,0.44190766108574325,0.2204724409448819,0.3310172317954419,0.42096052887419794,0.5950617283950618,0.8220222961079601,0.569060773480663,0.6564256275758711,0.6573766300178983,0.7618019129898179,0.7218779342723005,0.343042071197411,0.6698113207547169,0.31736526946107785,0.849645390070922,0.34608266502159163,0.6515944788196097,0.6339285714285714,0.6136911942098915,0.5893854748603352,0.44190766108574325,0.8110236220472441,0.3310172317954419,0.42096052887419794,0.5950617283950618,0.8220222961079601,0.569060773480663,0.6564256275758711
105,0.5882,0.6522628483763744,0.7722925023141006,0.7143661971830986,0.32362459546925565,0.6691823899371069,0.33083832335329344,0.8609929078014185,0.3337446020974707,0.6587339362208472,0.6428571428571429,0.6158021712907117,0.5977653631284916,0.45408422120750885,0.2440944881889764,0.29961089494163423,0.4431265798172273,0.580695847362514,0.8136123606493253,0.574585635359116,0.644248782315474,0.6522628483763744,0.7722925023141006,0.7143661971830986,0.32362459546925565,0.6691823899371069,0.33083832335329344,0.8609929078014185,0.3337446020974707,0.6587339362208472,0.6428571428571429,0.6158021712907117,0.5977653631284916,0.45408422120750885,0.2440944881889764,0.29961089494163423,0.4431265798172273,0.580695847362514,0.8136123606493253,0.574585635359116,0.644248782315474
106,0.594,0.6755305548453081,0.7741437827830916,0.7128638497652582,0.3300970873786408,0.6616352201257861,0.3158682634730539,0.8539007092198582,0.36397285626156695,0.6496906235126131,0.625,0.6124849215922799,0.6229050279329609,0.4535768645357686,0.25196850393700787,0.3093385214007782,0.4497375072914641,0.5961840628507296,0.8042245257187561,0.585635359116022,0.6661671037841889,0.6755305548453081,0.7741437827830916,0.7128638497652582,0.3300970873786408,0.6616352201257861,0.3158682634730539,0.8539007092198582,0.36397285626156695,0.6496906235126131,0.625,0.6124849215922799,0.6229050279329609,0.4535768645357686,0.25196850393700787,0.3093385214007782,0.4497375072914641,0.5961840628507296,0.8042245257187561,0.585635359116022,0.6661671037841889
107,0.5906,0.6599335208386602,0.7837087318728787,0.703849765258216,0.31715210355987056,0.6628930817610063,0.32934131736526945,0.8460992907801419,0.3633559531153609,0.6663493574488338,0.6205357142857143,0.6094692400482509,0.5810055865921788,0.4550989345509893,0.2204724409448819,0.2812673707615342,0.44857087303130466,0.61324354657688,0.8257383141013104,0.6022099447513812,0.6609216935181716,0.6599335208386602,0.7837087318728787,0.703849765258216,0.31715210355987056,0.6628930817610063,0.32934131736526945,0.8460992907801419,0.3633559531153609,0.6663493574488338,0.6205357142857143,0.6094692400482509,0.5810055865921788,0.4550989345509893,0.2204724409448819,0.2812673707615342,0.44857087303130466,0.61324354657688,0.8257383141013104,0.6022099447513812,0.6609216935181716
108,0.5834,0.6811557146509845,0.80067880283863,0.7162441314553991,0.32362459546925565,0.6515723270440251,0.31736526946107785,0.849645390070922,0.3608883405305367,0.6558781532603523,0.6383928571428571,0.6158021712907117,0.6368715083798883,0.4840182648401826,0.23622047244094488,0.273207337409672,0.47015360684425433,0.5429854096520763,0.8073538040289459,0.5359116022099447,0.6597976770325965,0.6811557146509845,0.80067880283863,0.7162441314553991,0.32362459546925565,0.6515723270440251,0.31736526946107785,0.849645390070922,0.3608883405305367,0.6558781532603523,0.6383928571428571,0.6158021712907117,0.6368715083798883,0.4840182648401826,0.23622047244094488,0.273207337409672,0.47015360684425433,0.5429854096520763,0.8073538040289459,0.5359116022099447,0.6597976770325965
109,0.5873,0.6341089235489644,0.757790805307004,0.711737089201878,0.3365695792880259,0.6654088050314465,0.31736526946107785,0.8539007092198582,0.3763109191856878,0.6882436934792956,0.6294642857142857,0.6142943305186972,0.6033519553072626,0.46473871131405375,0.2283464566929134,0.32518065591995554,0.43651565234299045,0.5937149270482603,0.837277527870135,0.569060773480663,0.679280629449232,0.6341089235489644,0.757790805307004,0.711737089201878,0.3365695792880259,0.6654088050314465,0.31736526946107785,0.8539007092198582,0.3763109191856878,0.6882436934792956,0.6294642857142857,0.6142943305186972,0.6033519553072626,0.46473871131405375,0.2283464566929134,0.32518065591995554,0.43651565234299045,0.5937149270482603,0.837277527870135,0.569060773480663,0.679280629449232
110,0.5776,0.6507287138839172,0.7627275532243135,0.7215023474178404,0.2977346278317152,0.6654088050314465,0.3248502994011976,0.8524822695035461,0.3824799506477483,0.681104236078058,0.6383928571428571,0.6254523522316043,0.61731843575419,0.502283105022831,0.2204724409448819,0.2818232351306281,0.44409877503402684,0.5331088664421998,0.8302366516722081,0.5303867403314917,0.7036343199700262,0.6507287138839172,0.7627275532243135,0.7215023474178404,0.2977346278317152,0.6654088050314465,0.3248502994011976,0.8524822695035461,0.3824799506477483,0.681104236078058,0.6383928571428571,0.6254523522316043,0.61731843575419,0.502283105022831,0.2204724409448819,0.2818232351306281,0.44409877503402684,0.5331088664421998,0.8302366516722081,0.5303867403314917,0.7036343199700262
111,0.5892,0.6842239836358988,0.7923480407281703,0.7049765258215962,0.3300970873786408,0.6358490566037736,0.3008982035928144,0.8659574468085106,0.3849475632325725,0.6573060447405997,0.6205357142857143,0.5962002412545235,0.6312849162011173,0.4642313546423135,0.2283464566929134,0.29849916620344635,0.46276492319657786,0.5858585858585859,0.8192841775865441,0.5580110497237569,0.6491195204196328,0.6842239836358988,0.7923480407281703,0.7049765258215962,0.3300970873786408,0.6358490566037736,0.3008982035928144,0.8659574468085106,0.3849475632325725,0.6573060447405997,0.6205357142857143,0.5962002412545235,0.6312849162011173,0.4642313546423135,0.2283464566929134,0.29849916620344635,0.46276492319657786,0.5858585858585859,0.8192841775865441,0.5580110497237569,0.6491195204196328
112,0.587,0.6778317565839939,0.7898796667695156,0.6989671361502348,0.3559870550161812,0.6779874213836478,0.3338323353293413,0.8574468085106383,0.35903763109191855,0.6554021894336031,0.6339285714285714,0.6363088057901085,0.6201117318435754,0.4885844748858447,0.23622047244094488,0.3157309616453585,0.46859809449737505,0.5425364758698092,0.8126344611773909,0.56353591160221,0.6631697264893218,0.6778317565839939,0.7898796667695156,0.6989671361502348,0.3559870550161812,0.6779874213836478,0.3338323353293413,0.8574468085106383,0.35903763109191855,0.6554021894336031,0.6339285714285714,0.6363088057901085,0.6201117318435754,0.4885844748858447,0.23622047244094488,0.3157309616453585,0.46859809449737505,0.5425364758698092,0.8126344611773909,0.56353591160221,0.6631697264893218
113,0.5873,0.6525185374584506,0.7806232644245603,0.7169953051643192,0.36245954692556637,0.6716981132075471,0.32934131736526945,0.8489361702127659,0.3701418877236274,0.6601618277010948,0.6339285714285714,0.626357056694813,0.6061452513966481,0.4895991882293252,0.2283464566929134,0.321011673151751,0.4540151662453821,0.5602693602693603,0.8257383141013104,0.574585635359116,0.6633570625702511,0.6525185374584506,0.7806232644245603,0.7169953051643192,0.36245954692556637,0.6716981132075471,0.32934131736526945,0.8489361702127659,0.3701418877236274,0.6601618277010948,0.6339285714285714,0.626357056694813,0.6061452513966481,0.4895991882293252,0.2283464566929134,0.321011673151751,0.4540151662453821,0.5602693602693603,0.8257383141013104,0.574585635359116,0.6633570625702511
114,0.6014,0.7049347992840705,0.7824745448935514,0.71981220657277,0.3300970873786408,0.6534591194968553,0.3323353293413174,0.8581560283687943,0.33806292412091304,0.6135173726796763,0.6294642857142857,0.632388419782871,0.659217877094972,0.4728564180618975,0.2440944881889764,0.2907170650361312,0.46859809449737505,0.5856341189674523,0.7836886368081362,0.580110497237569,0.6671037841888348,0.7049347992840705,0.7824745448935514,0.71981220657277,0.3300970873786408,0.6534591194968553,0.3323353293413174,0.8581560283687943,0.33806292412091304,0.6135173726796763,0.6294642857142857,0.632388419782871,0.659217877094972,0.4728564180618975,0.2440944881889764,0.2907170650361312,0.46859809449737505,0.5856341189674523,0.7836886368081362,0.580110497237569,0.6671037841888348
115,0.5959,0.6860138072104321,0.7738352360382598,0.6980281690140845,0.343042071197411,0.6685534591194968,0.33083832335329344,0.849645390070922,0.3528685996298581,0.6273203236554021,0.6339285714285714,0.643848009650181,0.6396648044692738,0.4987316083206494,0.23622047244094488,0.3087826570316843,0.4654870698036166,0.5631874298540965,0.7832974770193624,0.5303867403314917,0.6740352191832147,0.6860138072104321,0.7738352360382598,0.6980281690140845,0.343042071197411,0.6685534591194968,0.33083832335329344,0.849645390070922,0.3528685996298581,0.6273203236554021,0.6339285714285714,0.643848009650181,0.6396648044692738,0.4987316083206494,0.23622047244094488,0.3087826570316843,0.4654870698036166,0.5631874298540965,0.7832974770193624,0.5303867403314917,0.6740352191832147
116,0.5853,0.645359243160317,0.759642085775995,0.7186854460093897,0.34951456310679613,0.6729559748427673,0.34281437125748504,0.8624113475177305,0.351634793337446,0.6801523084245598,0.625,0.6290711700844391,0.611731843575419,0.4946727549467275,0.25984251968503935,0.3229571984435798,0.4579039471125802,0.5378226711560045,0.8269117934676316,0.56353591160221,0.6878980891719745,0.645359243160317,0.759642085775995,0.7186854460093897,0.34951456310679613,0.6729559748427673,0.34281437125748504,0.8624113475177305,0.351634793337446,0.6801523084245598,0.625,0.6290711700844391,0.611731843575419,0.4946727549467275,0.25984251968503935,0.3229571984435798,0.4579039471125802,0.5378226711560045,0.8269117934676316,0.56353591160221,0.6878980891719745
117,0.5907,0.6630017898235745,0.7685899413761185,0.7104225352112676,0.3365695792880259,0.6779874213836478,0.3383233532934132,0.8475177304964538,0.36397285626156695,0.666825321275583,0.6473214285714286,0.6360072376357057,0.6061452513966481,0.49518011161846776,0.23622047244094488,0.32128960533629797,0.4689869725840949,0.5836139169472503,0.8108742421279093,0.5911602209944752,0.6790932933683027,0.6630017898235745,0.7685899413761185,0.7104225352112676,0.3365695792880259,0.6779874213836478,0.3383233532934132,0.8475177304964538,0.36397285626156695,0.666825321275583,0.6473214285714286,0.6360072376357057,0.6061452513966481,0.49518011161846776,0.23622047244094488,0.32128960533629797,0.4689869725840949,0.5836139169472503,0.8108742421279093,0.5911602209944752,0.6790932933683027
118,0.593,0.6791102019943749,0.7679728478864548,0.708169014084507,0.3818770226537217,0.6616352201257861,0.3383233532934132,0.8539007092198582,0.3553362122146823,0.6449309852451214,0.65625,0.6393244873341375,0.6396648044692738,0.49822425164890916,0.2440944881889764,0.34741523068371316,0.4540151662453821,0.5564534231200898,0.7999217680422452,0.580110497237569,0.6832146871487449,0.6791102019943749,0.7679728478864548,0.708169014084507,0.3818770226537217,0.6616352201257861,0.3383233532934132,0.8539007092198582,0.3553362122146823,0.6449309852451214,0.65625,0.6393244873341375,0.6396648044692738,0.49822425164890916,0.2440944881889764,0.34741523068371316,0.4540151662453821,0.5564534231200898,0.7999217680422452,0.580110497237569,0.6832146871487449
119,0.5866,0.6525185374584506,0.7763036099969145,0.712112676056338,0.3592233009708738,0.6710691823899371,0.3248502994011976,0.8574468085106383,0.3565700185070944,0.6901475487862923,0.6339285714285714,0.6173100120627262,0.5865921787709497,0.4657534246575342,0.2204724409448819,0.3193440800444691,0.48804199883336574,0.5993265993265994,0.8362996283982007,0.6077348066298343,0.6777819408017984,0.6525185374584506,0.7763036099969145,0.712112676056338,0.3592233009708738,0.6710691823899371,0.3248502994011976,0.8574468085106383,0.3565700185070944,0.6901475487862923,0.6339285714285714,0.6173100120627262,0.5865921787709497,0.4657534246575342,0.2204724409448819,0.3193440800444691,0.48804199883336574,0.5993265993265994,0.8362996283982007,0.6077348066298343,0.6777819408017984
120,0.5889,0.6397340833546408,0.7608762727553224,0.723943661971831,0.39158576051779936,0.6742138364779874,0.3502994011976048,0.8624113475177305,0.3849475632325725,0.6815801999048072,0.65625,0.6369119420989143,0.5893854748603352,0.5048198883815322,0.2047244094488189,0.3546414674819344,0.4310713591289131,0.5503928170594837,0.8306278114609819,0.580110497237569,0.6875234170101161,0.6397340833546408,0.7608762727553224,0.723943661971831,0.39158576051779936,0.6742138364779874,0.3502994011976048,0.8624113475177305,0.3849475632325725,0.6815801999048072,0.65625,0.6369119420989143,0.5893854748603352,0.5048198883815322,0.2047244094488189,0.3546414674819344,0.4310713591289131,0.5503928170594837,0.8306278114609819,0.580110497237569,0.6875234170101161
121,0.5889,0.6752748657632319,0.7972847886454798,0.6989671361502348,0.343042071197411,0.6515723270440251,0.3248502994011976,0.8567375886524823,0.37075879086983343,0.6620656830080914,0.6205357142857143,0.6191194209891435,0.6061452513966481,0.4840182648401826,0.2283464566929134,0.31739855475264034,0.477153412405211,0.5542087542087543,0.8143946802268727,0.569060773480663,0.6770325964780817,0.6752748657632319,0.7972847886454798,0.6989671361502348,0.343042071197411,0.6515723270440251,0.3248502994011976,0.8567375886524823,0.37075879086983343,0.6620656830080914,0.6205357142857143,0.6191194209891435,0.6061452513966481,0.4840182648401826,0.2283464566929134,0.31739855475264034,0.477153412405211,0.5542087542087543,0.8143946802268727,0.569060773480663,0.6770325964780817
122,0.5887,0.6770646893377653,0.7874112928108609,0.6933333333333334,0.3559870550161812,0.6484276729559748,0.3188622754491018,0.8588652482269503,0.3633559531153609,0.6501665873393622,0.6116071428571429,0.6182147165259348,0.6145251396648045,0.48300355149670215,0.25196850393700787,0.3415786548082268,0.45673731285242075,0.5762065095398429,0.8261294738900841,0.6022099447513812,0.6644810790558262,0.6770646893377653,0.7874112928108609,0.6933333333333334,0.3559870550161812,0.6484276729559748,0.3188622754491018,0.8588652482269503,0.3633559531153609,0.6501665873393622,0.6116071428571429,0.6182147165259348,0.6145251396648045,0.48300355149670215,0.25196850393700787,0.3415786548082268,0.45673731285242075,0.5762065095398429,0.8261294738900841,0.6022099447513812,0.6644810790558262
123,0.5881,0.6693940168754794,0.7744523295279235,0.7154929577464789,0.3268608414239482,0.6754716981132075,0.33682634730538924,0.8489361702127659,0.38433066008636646,0.6544502617801047,0.6473214285714286,0.643546441495778,0.6229050279329609,0.5083713850837138,0.2440944881889764,0.3262923846581434,0.4699591678008944,0.5452300785634119,0.8100919225503618,0.5469613259668509,0.6860247283626827,0.6693940168754794,0.7744523295279235,0.7154929577464789,0.3268608414239482,0.6754716981132075,0.33682634730538924,0.8489361702127659,0.38433066008636646,0.6544502617801047,0.6473214285714286,0.643546441495778,0.6229050279329609,0.5083713850837138,0.2440944881889764,0.3262923846581434,0.4699591678008944,0.5452300785634119,0.8100919225503618,0.5469613259668509,0.6860247283626827
124,0.6033,0.6844796727179749,0.7738352360382598,0.7139906103286385,0.3883495145631068,0.6874213836477987,0.3398203592814371,0.8553191489361702,0.3417643429981493,0.6187529747739172,0.6339285714285714,0.6556091676718938,0.6508379888268156,0.4764079147640791,0.2283464566929134,0.34769316286826013,0.4629593622399378,0.6154882154882155,0.7926853119499315,0.6187845303867403,0.6474334956912702,0.6844796727179749,0.7738352360382598,0.7139906103286385,0.3883495145631068,0.6874213836477987,0.3398203592814371,0.8553191489361702,0.3417643429981493,0.6187529747739172,0.6339285714285714,0.6556091676718938,0.6508379888268156,0.4764079147640791,0.2283464566929134,0.34769316286826013,0.4629593622399378,0.6154882154882155,0.7926853119499315,0.6187845303867403,0.6474334956912702
125,0.5904,0.6706724622858604,0.775377969762419,0.7342723004694836,0.3559870550161812,0.6786163522012578,0.33682634730538924,0.8574468085106383,0.34238124614435533,0.646834840552118,0.6339285714285714,0.6372135102533173,0.6201117318435754,0.5246067985794013,0.2440944881889764,0.32323513062812675,0.47345907058137277,0.5364758698092031,0.8149814199100333,0.5469613259668509,0.6605470213563133,0.6706724622858604,0.775377969762419,0.7342723004694836,0.3559870550161812,0.6786163522012578,0.33682634730538924,0.8574468085106383,0.34238124614435533,0.646834840552118,0.6339285714285714,0.6372135102533173,0.6201117318435754,0.5246067985794013,0.2440944881889764,0.32323513062812675,0.47345907058137277,0.5364758698092031,0.8149814199100333,0.5469613259668509,0.6605470213563133
126,0.5956,0.6893377652774226,0.7763036099969145,0.7224413145539906,0.3559870550161812,0.6672955974842767,0.3323353293413174,0.8524822695035461,0.3553362122146823,0.629700142789148,0.6383928571428571,0.6396260554885405,0.6480446927374302,0.4987316083206494,0.25196850393700787,0.3079488604780434,0.46859809449737505,0.5762065095398429,0.783884216702523,0.6132596685082873,0.6745972274260023,0.6893377652774226,0.7763036099969145,0.7224413145539906,0.3559870550161812,0.6672955974842767,0.3323353293413174,0.8524822695035461,0.3553362122146823,0.629700142789148,0.6383928571428571,0.6396260554885405,0.6480446927374302,0.4987316083206494,0.25196850393700787,0.3079488604780434,0.46859809449737505,0.5762065095398429,0.783884216702523,0.6132596685082873,0.6745972274260023
127,0.5906,0.6394783942725646,0.763653193458809,0.703849765258216,0.4077669902912621,0.6773584905660377,0.34281437125748504,0.850354609929078,0.378778531770512,0.6939552594002856,0.6473214285714286,0.6384197828709288,0.5893854748603352,0.48604769152714355,0.2440944881889764,0.36353529738743745,0.4534318491153024,0.5854096520763188,0.8341482495599453,0.6022099447513812,0.6849007118771075,0.6394783942725646,0.763653193458809,0.703849765258216,0.4077669902912621,0.6773584905660377,0.34281437125748504,0.850354609929078,0.378778531770512,0.6939552594002856,0.6473214285714286,0.6384197828709288,0.5893854748603352,0.48604769152714355,0.2440944881889764,0.36353529738743745,0.4534318491153024,0.5854096520763188,0.8341482495599453,0.6022099447513812,0.6849007118771075
128,0.5911,0.6860138072104321,0.7803147176797285,0.7092957746478873,0.3883495145631068,0.6597484276729559,0.32934131736526945,0.851063829787234,0.351634793337446,0.6449309852451214,0.6116071428571429,0.6429433051869723,0.6284916201117319,0.5093860984271943,0.23622047244094488,0.33740967204002226,0.4878475597900058,0.5411896745230078,0.8061803246626247,0.5911602209944752,0.6751592356687898,0.6860138072104321,0.7803147176797285,0.7092957746478873,0.3883495145631068,0.6597484276729559,0.32934131736526945,0.851063829787234,0.351634793337446,0.6449309852451214,0.6116071428571429,0.6429433051869723,0.6284916201117319,0.5093860984271943,0.23622047244094488,0.33740967204002226,0.4878475597900058,0.5411896745230078,0.8061803246626247,0.5911602209944752,0.6751592356687898
129,0.5928,0.6732293531066224,0.7827830916383832,0.7136150234741784,0.3786407766990291,0.660377358490566,0.33532934131736525,0.8524822695035461,0.36952498457742133,0.6687291765825797,0.6339285714285714,0.6296743063932448,0.6145251396648045,0.4987316083206494,0.2440944881889764,0.3329627570872707,0.47929224188216996,0.5676767676767677,0.8149814199100333,0.5966850828729282,0.6745972274260023,0.6732293531066224,0.7827830916383832,0.7136150234741784,0.3786407766990291,0.660377358490566,0.33532934131736525,0.8524822695035461,0.36952498457742133,0.6687291765825797,0.6339285714285714,0.6296743063932448,0.6145251396648045,0.4987316083206494,0.2440944881889764,0.3329627570872707,0.47929224188216996,0.5676767676767677,0.8149814199100333,0.5966850828729282,0.6745972274260023
130,0.5957,0.6801329583226796,0.7744523295279235,0.7177464788732394,0.42718446601941745,0.6672955974842767,0.32934131736526945,0.8687943262411347,0.3207896360271437,0.6463588767253688,0.6205357142857143,0.6302774427020507,0.6452513966480447,0.48756976154236426,0.23622047244094488,0.38465814341300725,0.48240326657592847,0.5750841750841751,0.8120477214942304,0.585635359116022,0.6646684151367553,0.6801329583226796,0.7744523295279235,0.7177464788732394,0.42718446601941745,0.6672955974842767,0.32934131736526945,0.8687943262411347,0.3207896360271437,0.6463588767253688,0.6205357142857143,0.6302774427020507,0.6452513966480447,0.48756976154236426,0.23622047244094488,0.38465814341300725,0.48240326657592847,0.5750841750841751,0.8120477214942304,0.585635359116022,0.6646684151367553
131,0.5991,0.6982868831500895,0.78895402653502,0.7064788732394366,0.3656957928802589,0.6691823899371069,0.3458083832335329,0.8524822695035461,0.3504009870450339,0.629700142789148,0.6160714285714286,0.6486731001206273,0.6480446927374302,0.5012683916793506,0.23622047244094488,0.31906614785992216,0.47637565623177136,0.5643097643097643,0.786622335223939,0.56353591160221,0.6708505058074186,0.6982868831500895,0.78895402653502,0.7064788732394366,0.3656957928802589,0.6691823899371069,0.3458083832335329,0.8524822695035461,0.3504009870450339,0.629700142789148,0.6160714285714286,0.6486731001206273,0.6480446927374302,0.5012683916793506,0.23622047244094488,0.31906614785992216,0.47637565623177136,0.5643097643097643,0.786622335223939,0.56353591160221,0.6708505058074186
132,0.5954,0.6913832779340322,0.7803147176797285,0.7068544600938967,0.343042071197411,0.6660377358490566,0.3398203592814371,0.8638297872340426,0.35101789019123997,0.6301761066158972,0.6071428571428571,0.6498793727382388,0.6508379888268156,0.519533231861999,0.23622047244094488,0.30739299610894943,0.47462570484153216,0.5445566778900113,0.7870134950127127,0.574585635359116,0.6702884975646309,0.6913832779340322,0.7803147176797285,0.7068544600938967,0.343042071197411,0.6660377358490566,0.3398203592814371,0.8638297872340426,0.35101789019123997,0.6301761066158972,0.6071428571428571,0.6498793727382388,0.6508379888268156,0.519533231861999,0.23622047244094488,0.30739299610894943,0.47462570484153216,0.5445566778900113,0.7870134950127127,0.574585635359116,0.6702884975646309
133,0.5923,0.650473024801841,0.7787719839555692,0.71981220657277,0.39805825242718446,0.6811320754716981,0.3458083832335329,0.8624113475177305,0.3658235657001851,0.6801523084245598,0.6116071428571429,0.6338962605548853,0.6033519553072626,0.49213597158802636,0.23622047244094488,0.3576987215119511,0.48512541318296715,0.5757575757575758,0.829063172305887,0.5911602209944752,0.6566129636568003,0.650473024801841,0.7787719839555692,0.71981220657277,0.39805825242718446,0.6811320754716981,0.3458083832335329,0.8624113475177305,0.3658235657001851,0.6801523084245598,0.6116071428571429,0.6338962605548853,0.6033519553072626,0.49213597158802636,0.23622047244094488,0.3576987215119511,0.48512541318296715,0.5757575757575758,0.829063172305887,0.5911602209944752,0.6566129636568003
134,0.6026,0.7018665302991562,0.7698241283554459,0.7179342723004695,0.3592233009708738,0.6811320754716981,0.34281437125748504,0.8581560283687943,0.3466995681677977,0.6106615897191814,0.6339285714285714,0.6601326899879373,0.6620111731843575,0.5104008117706748,0.25196850393700787,0.33824346859366317,0.4744312657981723,0.557351290684624,0.7645218071582242,0.569060773480663,0.6618583739228175,0.7018665302991562,0.7698241283554459,0.7179342723004695,0.3592233009708738,0.6811320754716981,0.34281437125748504,0.8581560283687943,0.3466995681677977,0.6106615897191814,0.6339285714285714,0.6601326899879373,0.6620111731843575,0.5104008117706748,0.25196850393700787,0.33824346859366317,0.4744312657981723,0.557351290684624,0.7645218071582242,0.569060773480663,0.6618583739228175
135,0.5923,0.6732293531066224,0.779389077445233,0.7237558685446009,0.37540453074433655,0.6584905660377358,0.32934131736526945,0.8588652482269503,0.39358420727945714,0.6701570680628273,0.6339285714285714,0.6281664656212304,0.6033519553072626,0.48756976154236426,0.2283464566929134,0.34213451917732074,0.475014582928252,0.5961840628507296,0.8347349892431059,0.6187845303867403,0.6629823904083927,0.6732293531066224,0.779389077445233,0.7237558685446009,0.37540453074433655,0.6584905660377358,0.32934131736526945,0.8588652482269503,0.39358420727945714,0.6701570680628273,0.6339285714285714,0.6281664656212304,0.6033519553072626,0.48756976154236426,0.2283464566929134,0.34213451917732074,0.475014582928252,0.5961840628507296,0.8347349892431059,0.6187845303867403,0.6629823904083927
136,0.6033,0.7026335975453848,0.7667386609071274,0.7269483568075117,0.3883495145631068,0.6811320754716981,0.34880239520958084,0.8546099290780141,0.3405305367057372,0.609709662065683,0.6428571428571429,0.658021712907117,0.664804469273743,0.5048198883815322,0.23622047244094488,0.34936075597554195,0.4841532179661676,0.5506172839506173,0.7748875415607276,0.569060773480663,0.6596103409516673,0.7026335975453848,0.7667386609071274,0.7269483568075117,0.3883495145631068,0.6811320754716981,0.34880239520958084,0.8546099290780141,0.3405305367057372,0.609709662065683,0.6428571428571429,0.658021712907117,0.664804469273743,0.5048198883815322,0.23622047244094488,0.34936075597554195,0.4841532179661676,0.5506172839506173,0.7748875415607276,0.569060773480663,0.6596103409516673
137,0.5845,0.6686269496292508,0.7858685590867016,0.7072300469483568,0.3883495145631068,0.6509433962264151,0.3338323353293413,0.8673758865248227,0.3633559531153609,0.6720609233698239,0.6116071428571429,0.6245476477683957,0.611731843575419,0.5205479452054794,0.2440944881889764,0.3226792662590328,0.4952362434376823,0.5328843995510663,0.8325836104048504,0.574585635359116,0.6644810790558262,0.6686269496292508,0.7858685590867016,0.7072300469483568,0.3883495145631068,0.6509433962264151,0.3338323353293413,0.8673758865248227,0.3633559531153609,0.6720609233698239,0.6116071428571429,0.6245476477683957,0.611731843575419,0.5205479452054794,0.2440944881889764,0.3226792662590328,0.4952362434376823,0.5328843995510663,0.8325836104048504,0.574585635359116,0.6644810790558262
138,0.5963,0.6852467399642035,0.7621104597346497,0.7393427230046948,0.3656957928802589,0.6654088050314465,0.344311377245509,0.8439716312056738,0.3528685996298581,0.623988576868158,0.6339285714285714,0.6592279855247286,0.6396648044692738,0.5372907153729072,0.2755905511811024,0.31989994441356306,0.47073692397433403,0.5162738496071829,0.772931742616859,0.5414364640883977,0.6865867366054702,0.6852467399642035,0.7621104597346497,0.7393427230046948,0.3656957928802589,0.6654088050314465,0.344311377245509,0.8439716312056738,0.3528685996298581,0.623988576868158,0.6339285714285714,0.6592279855247286,0.6396648044692738,0.5372907153729072,0.2755905511811024,0.31989994441356306,0.47073692397433403,0.5162738496071829,0.772931742616859,0.5414364640883977,0.6865867366054702
139,0.6045,0.6832012273075939,0.767664301141623,0.7188732394366197,0.39158576051779936,0.6691823899371069,0.33682634730538924,0.8638297872340426,0.33806292412091304,0.6530223702998572,0.6160714285714286,0.6423401688781665,0.6508379888268156,0.48300355149670215,0.23622047244094488,0.3549193996664814,0.5006805366517597,0.5892255892255892,0.7997261881478585,0.585635359116022,0.6766579243162233,0.6832012273075939,0.767664301141623,0.7188732394366197,0.39158576051779936,0.6691823899371069,0.33682634730538924,0.8638297872340426,0.33806292412091304,0.6530223702998572,0.6160714285714286,0.6423401688781665,0.6508379888268156,0.48300355149670215,0.23622047244094488,0.3549193996664814,0.5006805366517597,0.5892255892255892,0.7997261881478585,0.585635359116022,0.6766579243162233
140,0.5928,0.6632574789056507,0.775377969762419,0.7136150234741784,0.3948220064724919,0.6566037735849056,0.3473053892215569,0.8645390070921986,0.35225169648365207,0.6877677296525464,0.6116071428571429,0.623642943305187,0.6145251396648045,0.4972095383054287,0.2440944881889764,0.3435241801000556,0.48259770561928833,0.5741863075196408,0.8359084686094269,0.5911602209944752,0.6927688272761334,0.6632574789056507,0.775377969762419,0.7136150234741784,0.3948220064724919,0.6566037735849056,0.3473053892215569,0.8645390070921986,0.35225169648365207,0.6877677296525464,0.6116071428571429,0.623642943305187,0.6145251396648045,0.4972095383054287,0.2440944881889764,0.3435241801000556,0.48259770561928833,0.5741863075196408,0.8359084686094269,0.5911602209944752,0.6927688272761334
141,0.5933,0.6809000255689082,0.7735266892934279,0.7053521126760564,0.3786407766990291,0.6452830188679245,0.34880239520958084,0.875177304964539,0.32942628007402835,0.6577820085673489,0.6071428571428571,0.6420386007237636,0.6452513966480447,0.5251141552511416,0.2283464566929134,0.3549193996664814,0.4855142912696869,0.5277216610549944,0.8055935849794641,0.5524861878453039,0.6789059572873736,0.6809000255689082,0.7735266892934279,0.7053521126760564,0.3786407766990291,0.6452830188679245,0.34880239520958084,0.875177304964539,0.32942628007402835,0.6577820085673489,0.6071428571428571,0.6420386007237636,0.6452513966480447,0.5251141552511416,0.2283464566929134,0.3549193996664814,0.4855142912696869,0.5277216610549944,0.8055935849794641,0.5524861878453039,0.6789059572873736
142,0.5973,0.6788545129122986,0.7834001851280469,0.7216901408450704,0.4401294498381877,0.6364779874213836,0.3278443113772455,0.8595744680851064,0.34855027760641577,0.6625416468348405,0.6160714285714286,0.6185162846803377,0.61731843575419,0.4840182648401826,0.2283464566929134,0.36853807670928296,0.49756951195800114,0.5925925925925926,0.8179151183258361,0.5966850828729282,0.6701011614837018,0.6788545129122986,0.7834001851280469,0.7216901408450704,0.4401294498381877,0.6364779874213836,0.3278443113772455,0.8595744680851064,0.34855027760641577,0.6625416468348405,0.6160714285714286,0.6185162846803377,0.61731843575419,0.4840182648401826,0.2283464566929134,0.36853807670928296,0.49756951195800114,0.5925925925925926,0.8179151183258361,0.5966850828729282,0.6701011614837018
143,0.5976,0.6972641268217847,0.7741437827830916,0.7254460093896714,0.4110032362459547,0.6767295597484276,0.3458083832335329,0.8531914893617021,0.32634176434299816,0.6396953831508805,0.625,0.6652593486127865,0.6536312849162011,0.5185185185185185,0.25196850393700787,0.35908838243468594,0.49251409683064357,0.5281705948372615,0.7819284177586544,0.5359116022099447,0.6944548520044961,0.6972641268217847,0.7741437827830916,0.7254460093896714,0.4110032362459547,0.6767295597484276,0.3458083832335329,0.8531914893617021,0.32634176434299816,0.6396953831508805,0.625,0.6652593486127865,0.6536312849162011,0.5185185185185185,0.25196850393700787,0.35908838243468594,0.49251409683064357,0.5281705948372615,0.7819284177586544,0.5359116022099447,0.6944548520044961
144,0.6026,0.6832012273075939,0.7695155816106141,0.7205633802816901,0.4077669902912621,0.6616352201257861,0.3338323353293413,0.8404255319148937,0.32942628007402835,0.6444550214183722,0.6517857142857143,0.6411338962605548,0.6424581005586593,0.48604769152714355,0.2440944881889764,0.34213451917732074,0.49698619482792145,0.6112233445566779,0.8044201056131429,0.5580110497237569,0.6978269014612214,0.6832012273075939,0.7695155816106141,0.7205633802816901,0.4077669902912621,0.6616352201257861,0.3338323353293413,0.8404255319148937,0.32942628007402835,0.6444550214183722,0.6517857142857143,0.6411338962605548,0.6424581005586593,0.48604769152714355,0.2440944881889764,0.34213451917732074,0.49698619482792145,0.6112233445566779,0.8044201056131429,0.5580110497237569,0.6978269014612214
145,0.5874,0.6619790334952698,0.7642702869484727,0.7175586854460094,0.4045307443365696,0.6635220125786163,0.3562874251497006,0.849645390070922,0.3621221468229488,0.6777724892908139,0.625,0.6474668275030157,0.6145251396648045,0.5083713850837138,0.2677165354330709,0.3613118399110617,0.4516818977250632,0.5548821548821549,0.8308233913553686,0.5580110497237569,0.6920194829524167,0.6619790334952698,0.7642702869484727,0.7175586854460094,0.4045307443365696,0.6635220125786163,0.3562874251497006,0.849645390070922,0.3621221468229488,0.6777724892908139,0.625,0.6474668275030157,0.6145251396648045,0.5083713850837138,0.2677165354330709,0.3613118399110617,0.4516818977250632,0.5548821548821549,0.8308233913553686,0.5580110497237569,0.6920194829524167
146,0.596,0.709537202761442,0.7985189756248071,0.7004694835680751,0.4045307443365696,0.6672955974842767,0.33682634730538924,0.8602836879432624,0.3146206045650833,0.6201808662541647,0.6160714285714286,0.6565138721351025,0.6480446927374302,0.504312531709792,0.23622047244094488,0.36631461923290715,0.5164300991639121,0.5569023569023569,0.7897516135341287,0.5414364640883977,0.6504308729861371,0.709537202761442,0.7985189756248071,0.7004694835680751,0.4045307443365696,0.6672955974842767,0.33682634730538924,0.8602836879432624,0.3146206045650833,0.6201808662541647,0.6160714285714286,0.6565138721351025,0.6480446927374302,0.504312531709792,0.23622047244094488,0.36631461923290715,0.5164300991639121,0.5569023569023569,0.7897516135341287,0.5414364640883977,0.6504308729861371
147,0.5965,0.6607005880848887,0.7525455106448627,0.7190610328638498,0.4336569579288026,0.6597484276729559,0.344311377245509,0.8524822695035461,0.35471930906847626,0.6692051404093289,0.6116071428571429,0.6456574185765983,0.6201117318435754,0.5093860984271943,0.2440944881889764,0.3540856031128405,0.4615982889364184,0.5717171717171717,0.8190885976921572,0.580110497237569,0.703446983889097,0.6607005880848887,0.7525455106448627,0.7190610328638498,0.4336569579288026,0.6597484276729559,0.344311377245509,0.8524822695035461,0.35471930906847626,0.6692051404093289,0.6116071428571429,0.6456574185765983,0.6201117318435754,0.5093860984271943,0.2440944881889764,0.3540856031128405,0.4615982889364184,0.5717171717171717,0.8190885976921572,0.580110497237569,0.703446983889097
148,0.5995,0.6734850421886985,0.7682813946312866,0.7044131455399061,0.42718446601941745,0.6522012578616352,0.3383233532934132,0.8695035460992908,0.32757557063541026,0.6539742979533556,0.6428571428571429,0.6444511459589868,0.6368715083798883,0.5027904616945713,0.23622047244094488,0.39105058365758755,0.4913474625704842,0.5591470258136925,0.8093096029728144,0.569060773480663,0.6676657924316224,0.6734850421886985,0.7682813946312866,0.7044131455399061,0.42718446601941745,0.6522012578616352,0.3383233532934132,0.8695035460992908,0.32757557063541026,0.6539742979533556,0.6428571428571429,0.6444511459589868,0.6368715083798883,0.5027904616945713,0.23622047244094488,0.39105058365758755,0.4913474625704842,0.5591470258136925,0.8093096029728144,0.569060773480663,0.6676657924316224
149,0.5996,0.6926617233444132,0.7772292502314101,0.7034741784037559,0.37540453074433655,0.6515723270440251,0.34281437125748504,0.8609929078014185,0.35101789019123997,0.6377915278438838,0.6205357142857143,0.6387213510253317,0.6536312849162011,0.4916286149162861,0.25984251968503935,0.3235130628126737,0.4719035582344935,0.6069584736251403,0.8014864071973401,0.6132596685082873,0.6794679655301611,0.6926617233444132,0.7772292502314101,0.7034741784037559,0.37540453074433655,0.6515723270440251,0.34281437125748504,0.8609929078014185,0.35101789019123997,0.6377915278438838,0.6205357142857143,0.6387213510253317,0.6536312849162011,0.4916286149162861,0.25984251968503935,0.3235130628126737,0.4719035582344935,0.6069584736251403,0.8014864071973401,0.6132596685082873,0.6794679655301611
150,0.5839,0.667604193300946,0.7750694230175872,0.7134272300469483,0.3948220064724919,0.6446540880503144,0.3398203592814371,0.8687943262411347,0.3584207279457125,0.6677772489290814,0.5982142857142857,0.6354041013268998,0.6256983240223464,0.5276509386098427,0.2440944881889764,0.3576987215119511,0.5034026832587983,0.5360269360269361,0.8251515744181498,0.5524861878453039,0.6862120644436118,0.667604193300946,0.7750694230175872,0.7134272300469483,0.3948220064724919,0.6446540880503144,0.3398203592814371,0.8687943262411347,0.3584207279457125,0.6677772489290814,0.5982142857142857,0.6354041013268998,0.6256983240223464,0.5276509386098427,0.2440944881889764,0.3576987215119511,0.5034026832587983,0.5360269360269361,0.8251515744181498,0.5524861878453039,0.6862120644436118
151,0.611,0.6952186141651752,0.763653193458809,0.7089201877934272,0.42718446601941745,0.6635220125786163,0.35179640718562877,0.8617021276595744,0.3288093769278223,0.6197049024274155,0.625,0.6519903498190591,0.6620111731843575,0.48452562151192285,0.25196850393700787,0.35881045025013897,0.4878475597900058,0.6121212121212121,0.781146098181107,0.6187845303867403,0.6860247283626827,0.6952186141651752,0.763653193458809,0.7089201877934272,0.42718446601941745,0.6635220125786163,0.35179640718562877,0.8617021276595744,0.3288093769278223,0.6197049024274155,0.625,0.6519903498190591,0.6620111731843575,0.48452562151192285,0.25196850393700787,0.35881045025013897,0.4878475597900058,0.6121212121212121,0.781146098181107,0.6187845303867403,0.6860247283626827
152,0.5813,0.6548197391971363,0.7645788336933045,0.6972769953051643,0.42071197411003236,0.6509433962264151,0.3473053892215569,0.8794326241134752,0.378778531770512,0.6996668253212756,0.6294642857142857,0.6251507840772015,0.611731843575419,0.5073566717402334,0.23622047244094488,0.3668704836020011,0.495819560567762,0.5382716049382716,0.8499902210052807,0.5469613259668509,0.6826526789059573,0.6548197391971363,0.7645788336933045,0.6972769953051643,0.42071197411003236,0.6509433962264151,0.3473053892215569,0.8794326241134752,0.378778531770512,0.6996668253212756,0.6294642857142857,0.6251507840772015,0.611731843575419,0.5073566717402334,0.23622047244094488,0.3668704836020011,0.495819560567762,0.5382716049382716,0.8499902210052807,0.5469613259668509,0.6826526789059573
153,0.595,0.6665814369726413,0.7624190064794817,0.7124882629107981,0.4174757281553398,0.6597484276729559,0.3458083832335329,0.8652482269503546,0.35780382479950645,0.6696811042360781,0.6473214285714286,0.6486731001206273,0.6368715083798883,0.5220700152207002,0.2440944881889764,0.3546414674819344,0.48006999805560957,0.5362514029180696,0.8192841775865441,0.5414364640883977,0.6982015736230798,0.6665814369726413,0.7624190064794817,0.7124882629107981,0.4174757281553398,0.6597484276729559,0.3458083832335329,0.8652482269503546,0.35780382479950645,0.6696811042360781,0.6473214285714286,0.6486731001206273,0.6368715083798883,0.5220700152207002,0.2440944881889764,0.3546414674819344,0.48006999805560957,0.5362514029180696,0.8192841775865441,0.5414364640883977,0.6982015736230798
154,0.5992,0.6982868831500895,0.7738352360382598,0.7260093896713615,0.44660194174757284,0.6660377358490566,0.3323353293413174,0.8531914893617021,0.32634176434299816,0.6330318895763922,0.6428571428571429,0.6661640530759951,0.6536312849162011,0.5286656519533232,0.25196850393700787,0.36353529738743745,0.4944584872642427,0.5218855218855218,0.7776256600821435,0.5193370165745856,0.6918321468714874,0.6982868831500895,0.7738352360382598,0.7260093896713615,0.44660194174757284,0.6660377358490566,0.3323353293413174,0.8531914893617021,0.32634176434299816,0.6330318895763922,0.6428571428571429,0.6661640530759951,0.6536312849162011,0.5286656519533232,0.25196850393700787,0.36353529738743745,0.4944584872642427,0.5218855218855218,0.7776256600821435,0.5193370165745856,0.6918321468714874
155,0.5884,0.64919457939146,0.7704412218451095,0.7301408450704225,0.42394822006472493,0.6779874213836478,0.3413173652694611,0.8524822695035461,0.36644046884639114,0.7025226082817706,0.6607142857142857,0.6574185765983113,0.61731843575419,0.5240994419076611,0.25196850393700787,0.35158421345191776,0.4748201438848921,0.5591470258136925,0.8390377469196166,0.574585635359116,0.7083177219932559,0.64919457939146,0.7704412218451095,0.7301408450704225,0.42394822006472493,0.6779874213836478,0.3413173652694611,0.8524822695035461,0.36644046884639114,0.7025226082817706,0.6607142857142857,0.6574185765983113,0.61731843575419,0.5240994419076611,0.25196850393700787,0.35158421345191776,0.4748201438848921,0.5591470258136925,0.8390377469196166,0.574585635359116,0.7083177219932559
156,0.6116,0.7123497826642803,0.7904967602591793,0.7213145539906103,0.39158576051779936,0.6716981132075471,0.3413173652694611,0.8581560283687943,0.3207896360271437,0.5992384578772013,0.6383928571428571,0.6631483715319663,0.6620111731843575,0.4835109081684424,0.25984251968503935,0.32518065591995554,0.5045693175189578,0.6074074074074074,0.766086446313319,0.6077348066298343,0.6457474709629074,0.7123497826642803,0.7904967602591793,0.7213145539906103,0.39158576051779936,0.6716981132075471,0.3413173652694611,0.8581560283687943,0.3207896360271437,0.5992384578772013,0.6383928571428571,0.6631483715319663,0.6620111731843575,0.4835109081684424,0.25984251968503935,0.32518065591995554,0.5045693175189578,0.6074074074074074,0.766086446313319,0.6077348066298343,0.6457474709629074
157,0.5873,0.6630017898235745,0.7688984881209503,0.6871361502347418,0.44336569579288027,0.6641509433962264,0.3383233532934132,0.8624113475177305,0.3473164713140037,0.6920514040932889,0.6205357142857143,0.649577804583836,0.6256983240223464,0.549974632166413,0.25984251968503935,0.37937743190661477,0.493680731090803,0.5041526374859708,0.837277527870135,0.5248618784530387,0.7218059198201574,0.6630017898235745,0.7688984881209503,0.6871361502347418,0.44336569579288027,0.6641509433962264,0.3383233532934132,0.8624113475177305,0.3473164713140037,0.6920514040932889,0.6205357142857143,0.649577804583836,0.6256983240223464,0.549974632166413,0.25984251968503935,0.37937743190661477,0.493680731090803,0.5041526374859708,0.837277527870135,0.5248618784530387,0.7218059198201574
158,0.6047,0.685758118128356,0.759642085775995,0.7072300469483568,0.44660194174757284,0.6522012578616352,0.3263473053892216,0.8602836879432624,0.31153608883405304,0.6425511661113755,0.625,0.6393244873341375,0.6508379888268156,0.4961948249619482,0.2677165354330709,0.3985547526403558,0.48570873031304684,0.5838383838383838,0.7964013299432818,0.574585635359116,0.6811539902585237,0.685758118128356,0.759642085775995,0.7072300469483568,0.44660194174757284,0.6522012578616352,0.3263473053892216,0.8602836879432624,0.31153608883405304,0.6425511661113755,0.625,0.6393244873341375,0.6508379888268156,0.4961948249619482,0.2677165354330709,0.3985547526403558,0.48570873031304684,0.5838383838383838,0.7964013299432818,0.574585635359116,0.6811539902585237
159,0.6065,0.7039120429557658,0.763653193458809,0.7021596244131455,0.4045307443365696,0.6742138364779874,0.3473053892215569,0.8645390070921986,0.3325107958050586,0.626844359828653,0.6428571428571429,0.6752110977080821,0.6731843575418994,0.5251141552511416,0.25984251968503935,0.34380211228460256,0.48823643787672566,0.5611672278338945,0.7782123997653041,0.5580110497237569,0.6918321468714874,0.7039120429557658,0.763653193458809,0.7021596244131455,0.4045307443365696,0.6742138364779874,0.3473053892215569,0.8645390070921986,0.3325107958050586,0.626844359828653,0.6428571428571429,0.6752110977080821,0.6731843575418994,0.5251141552511416,0.25984251968503935,0.34380211228460256,0.48823643787672566,0.5611672278338945,0.7782123997653041,0.5580110497237569,0.6918321468714874
160,0.5901,0.668882638711327,0.7864856525763653,0.7072300469483568,0.459546925566343,0.6635220125786163,0.3278443113772455,0.8645390070921986,0.3405305367057372,0.6696811042360781,0.6473214285714286,0.635102533172497,0.6145251396648045,0.5027904616945713,0.2677165354330709,0.36075597554196775,0.5172078553373517,0.5818181818181818,0.8230001955798943,0.585635359116022,0.6671037841888348,0.668882638711327,0.7864856525763653,0.7072300469483568,0.459546925566343,0.6635220125786163,0.3278443113772455,0.8645390070921986,0.3405305367057372,0.6696811042360781,0.6473214285714286,0.635102533172497,0.6145251396648045,0.5027904616945713,0.2677165354330709,0.36075597554196775,0.5172078553373517,0.5818181818181818,0.8230001955798943,0.585635359116022,0.6671037841888348
161,0.5906,0.6389670161084122,0.751928417155199,0.7230046948356808,0.4336569579288026,0.6691823899371069,0.3532934131736527,0.8574468085106383,0.3738433066008637,0.6977629700142789,0.6473214285714286,0.6372135102533173,0.611731843575419,0.4972095383054287,0.25984251968503935,0.36548082267926624,0.47326463153801285,0.5995510662177329,0.8378642675532956,0.585635359116022,0.6968902210565755,0.6389670161084122,0.751928417155199,0.7230046948356808,0.4336569579288026,0.6691823899371069,0.3532934131736527,0.8574468085106383,0.3738433066008637,0.6977629700142789,0.6473214285714286,0.6372135102533173,0.611731843575419,0.4972095383054287,0.25984251968503935,0.36548082267926624,0.47326463153801285,0.5995510662177329,0.8378642675532956,0.585635359116022,0.6968902210565755
162,0.6051,0.7223216568652518,0.781240357914224,0.6985915492957746,0.4368932038834951,0.6823899371069182,0.3473053892215569,0.8468085106382979,0.2911782850092535,0.5916230366492147,0.6294642857142857,0.6788299155609168,0.664804469273743,0.5215626585489599,0.2677165354330709,0.35881045025013897,0.5090414155162356,0.5488215488215489,0.7563074515939762,0.5469613259668509,0.6967028849756464,0.7223216568652518,0.781240357914224,0.6985915492957746,0.4368932038834951,0.6823899371069182,0.3473053892215569,0.8468085106382979,0.2911782850092535,0.5916230366492147,0.6294642857142857,0.6788299155609168,0.664804469273743,0.5215626585489599,0.2677165354330709,0.35881045025013897,0.5090414155162356,0.5488215488215489,0.7563074515939762,0.5469613259668509,0.6967028849756464
163,0.5862,0.6476604448990028,0.7608762727553224,0.7183098591549296,0.3948220064724919,0.6584905660377358,0.33682634730538924,0.8680851063829788,0.3800123380629241,0.7029985721085198,0.6205357142857143,0.6296743063932448,0.6145251396648045,0.5068493150684932,0.28346456692913385,0.35269594219010564,0.48279214466264825,0.5717171717171717,0.8402112262859378,0.569060773480663,0.696328212813788,0.6476604448990028,0.7608762727553224,0.7183098591549296,0.3948220064724919,0.6584905660377358,0.33682634730538924,0.8680851063829788,0.3800123380629241,0.7029985721085198,0.6205357142857143,0.6296743063932448,0.6145251396648045,0.5068493150684932,0.28346456692913385,0.35269594219010564,0.48279214466264825,0.5717171717171717,0.8402112262859378,0.569060773480663,0.696328212813788
164,0.6034,0.6964970595755561,0.7834001851280469,0.7092957746478873,0.44660194174757284,0.6408805031446541,0.3338323353293413,0.8609929078014185,0.3220234423195558,0.6401713469776297,0.6026785714285714,0.6429433051869723,0.6564245810055865,0.5053272450532724,0.2440944881889764,0.3649249583101723,0.5043748784755979,0.5728395061728395,0.7891648738509681,0.56353591160221,0.6832146871487449,0.6964970595755561,0.7834001851280469,0.7092957746478873,0.44660194174757284,0.6408805031446541,0.3338323353293413,0.8609929078014185,0.3220234423195558,0.6401713469776297,0.6026785714285714,0.6429433051869723,0.6564245810055865,0.5053272450532724,0.2440944881889764,0.3649249583101723,0.5043748784755979,0.5728395061728395,0.7891648738509681,0.56353591160221,0.6832146871487449
165,0.5934,0.6604448990028126,0.7590249922863314,0.7077934272300469,0.44336569579288027,0.6641509433962264,0.3473053892215569,0.8567375886524823,0.33991363355953114,0.6787244169443122,0.6339285714285714,0.6423401688781665,0.6145251396648045,0.5027904616945713,0.2677165354330709,0.37882156753752083,0.48804199883336574,0.5824915824915825,0.8312145511441423,0.569060773480663,0.6957662045710004,0.6604448990028126,0.7590249922863314,0.7077934272300469,0.44336569579288027,0.6641509433962264,0.3473053892215569,0.8567375886524823,0.33991363355953114,0.6787244169443122,0.6339285714285714,0.6423401688781665,0.6145251396648045,0.5027904616945713,0.2677165354330709,0.37882156753752083,0.48804199883336574,0.5824915824915825,0.8312145511441423,0.569060773480663,0.6957662045710004
166,0.6062,0.692406034262337,0.7763036099969145,0.7115492957746479,0.44660194174757284,0.6767295597484276,0.344311377245509,0.8546099290780141,0.3325107958050586,0.6392194193241314,0.6383928571428571,0.6586248492159228,0.6340782122905028,0.4901065449010654,0.2677165354330709,0.3702056698165648,0.502041609955279,0.5867564534231201,0.7876002346958733,0.580110497237569,0.6847133757961783,0.692406034262337,0.7763036099969145,0.7115492957746479,0.44660194174757284,0.6767295597484276,0.344311377245509,0.8546099290780141,0.3325107958050586,0.6392194193241314,0.6383928571428571,0.6586248492159228,0.6340782122905028,0.4901065449010654,0.2677165354330709,0.3702056698165648,0.502041609955279,0.5867564534231201,0.7876002346958733,0.580110497237569,0.6847133757961783
167,0.5976,0.6693940168754794,0.7503856834310398,0.7216901408450704,0.4336569579288026,0.6754716981132075,0.3502994011976048,0.8624113475177305,0.3312769895126465,0.6563541170871013,0.625,0.6544028950542823,0.6396648044692738,0.5185185185185185,0.25984251968503935,0.3688160088938299,0.472875753451293,0.5481481481481482,0.8024643066692744,0.5359116022099447,0.6912701386286999,0.6693940168754794,0.7503856834310398,0.7216901408450704,0.4336569579288026,0.6754716981132075,0.3502994011976048,0.8624113475177305,0.3312769895126465,0.6563541170871013,0.625,0.6544028950542823,0.6396648044692738,0.5185185185185185,0.25984251968503935,0.3688160088938299,0.472875753451293,0.5481481481481482,0.8024643066692744,0.5359116022099447,0.6912701386286999
168,0.5959,0.6934287905906418,0.792965134217834,0.6912676056338029,0.4563106796116505,0.6716981132075471,0.34281437125748504,0.8574468085106383,0.32634176434299816,0.6458829128986197,0.6205357142857143,0.6525934861278649,0.6396648044692738,0.5078640284119736,0.25984251968503935,0.35630906058921624,0.5393739062803811,0.5456790123456791,0.7991394484646979,0.5580110497237569,0.6918321468714874,0.6934287905906418,0.792965134217834,0.6912676056338029,0.4563106796116505,0.6716981132075471,0.34281437125748504,0.8574468085106383,0.32634176434299816,0.6458829128986197,0.6205357142857143,0.6525934861278649,0.6396648044692738,0.5078640284119736,0.25984251968503935,0.35630906058921624,0.5393739062803811,0.5456790123456791,0.7991394484646979,0.5580110497237569,0.6918321468714874
169,0.5927,0.650473024801841,0.7534711508793582,0.7153051643192488,0.4336569579288026,0.6547169811320754,0.3458083832335329,0.8631205673758865,0.3596545342381246,0.6910994764397905,0.6383928571428571,0.6215319662243667,0.61731843575419,0.49670218163368846,0.2677165354330709,0.37048360200111174,0.49718063387128136,0.582716049382716,0.830432231566595,0.56353591160221,0.6847133757961783,0.650473024801841,0.7534711508793582,0.7153051643192488,0.4336569579288026,0.6547169811320754,0.3458083832335329,0.8631205673758865,0.3596545342381246,0.6910994764397905,0.6383928571428571,0.6215319662243667,0.61731843575419,0.49670218163368846,0.2677165354330709,0.37048360200111174,0.49718063387128136,0.582716049382716,0.830432231566595,0.56353591160221,0.6847133757961783
170,0.5998,0.6913832779340322,0.7695155816106141,0.7068544600938967,0.44336569579288027,0.6729559748427673,0.344311377245509,0.8695035460992908,0.3232572486119679,0.6420752022846263,0.6428571428571429,0.6510856453558505,0.6424581005586593,0.5185185185185185,0.25984251968503935,0.3916064480266815,0.5047637565623178,0.5488215488215489,0.7889692939565812,0.5248618784530387,0.6850880479580367,0.6913832779340322,0.7695155816106141,0.7068544600938967,0.44336569579288027,0.6729559748427673,0.344311377245509,0.8695035460992908,0.3232572486119679,0.6420752022846263,0.6428571428571429,0.6510856453558505,0.6424581005586593,0.5185185185185185,0.25984251968503935,0.3916064480266815,0.5047637565623178,0.5488215488215489,0.7889692939565812,0.5248618784530387,0.6850880479580367
171,0.5966,0.6798772692406034,0.7719839555692688,0.704037558685446,0.4336569579288026,0.6459119496855346,0.32934131736526945,0.8645390070921986,0.35101789019123997,0.6711089957163255,0.6428571428571429,0.6299758745476478,0.6229050279329609,0.5164890918315576,0.2440944881889764,0.37604224569205114,0.5002916585650399,0.5797979797979798,0.8100919225503618,0.5580110497237569,0.6719745222929936,0.6798772692406034,0.7719839555692688,0.704037558685446,0.4336569579288026,0.6459119496855346,0.32934131736526945,0.8645390070921986,0.35101789019123997,0.6711089957163255,0.6428571428571429,0.6299758745476478,0.6229050279329609,0.5164890918315576,0.2440944881889764,0.37604224569205114,0.5002916585650399,0.5797979797979798,0.8100919225503618,0.5580110497237569,0.6719745222929936
172,0.5957,0.7113270263359754,0.80067880283863,0.6963380281690141,0.42718446601941745,0.6635220125786163,0.3413173652694611,0.8567375886524823,0.3195558297347316,0.6139933365064255,0.6383928571428571,0.6453558504221955,0.6452513966480447,0.4987316083206494,0.25984251968503935,0.34574763757643134,0.5471514680147773,0.5750841750841751,0.778407979659691,0.5469613259668509,0.6657924316223305,0.7113270263359754,0.80067880283863,0.6963380281690141,0.42718446601941745,0.6635220125786163,0.3413173652694611,0.8567375886524823,0.3195558297347316,0.6139933365064255,0.6383928571428571,0.6453558504221955,0.6452513966480447,0.4987316083206494,0.25984251968503935,0.34574763757643134,0.5471514680147773,0.5750841750841751,0.778407979659691,0.5469613259668509,0.6657924316223305
173,0.5974,0.680644336486832,0.7704412218451095,0.7177464788732394,0.42394822006472493,0.6698113207547169,0.3562874251497006,0.850354609929078,0.32942628007402835,0.6601618277010948,0.6294642857142857,0.6525934861278649,0.6312849162011173,0.512937595129376,0.23622047244094488,0.3754863813229572,0.5026249270853588,0.5643097643097643,0.7969880696264424,0.5469613259668509,0.6959535406519296,0.680644336486832,0.7704412218451095,0.7177464788732394,0.42394822006472493,0.6698113207547169,0.3562874251497006,0.850354609929078,0.32942628007402835,0.6601618277010948,0.6294642857142857,0.6525934861278649,0.6312849162011173,0.512937595129376,0.23622047244094488,0.3754863813229572,0.5026249270853588,0.5643097643097643,0.7969880696264424,0.5469613259668509,0.6959535406519296
174,0.596,0.6642802352339555,0.7735266892934279,0.6953990610328639,0.43042071197411,0.6515723270440251,0.3398203592814371,0.8553191489361702,0.3750771128932758,0.6777724892908139,0.6428571428571429,0.6284680337756333,0.6089385474860335,0.4911212582445459,0.2440944881889764,0.36770428015564205,0.5032082442154384,0.6044893378226711,0.816741638959515,0.5911602209944752,0.67740726863994,0.6642802352339555,0.7735266892934279,0.6953990610328639,0.43042071197411,0.6515723270440251,0.3398203592814371,0.8553191489361702,0.3750771128932758,0.6777724892908139,0.6428571428571429,0.6284680337756333,0.6089385474860335,0.4911212582445459,0.2440944881889764,0.36770428015564205,0.5032082442154384,0.6044893378226711,0.816741638959515,0.5911602209944752,0.67740726863994
175,0.5947,0.6696497059575556,0.7661215674174637,0.711737089201878,0.4045307443365696,0.6540880503144654,0.34880239520958084,0.8546099290780141,0.37199259716224553,0.6830080913850547,0.6473214285714286,0.6299758745476478,0.6256983240223464,0.4901065449010654,0.23622047244094488,0.3657587548638132,0.4927085358740035,0.6107744107744107,0.8247604146293761,0.569060773480663,0.6933308355189209,0.6696497059575556,0.7661215674174637,0.711737089201878,0.4045307443365696,0.6540880503144654,0.34880239520958084,0.8546099290780141,0.37199259716224553,0.6830080913850547,0.6473214285714286,0.6299758745476478,0.6256983240223464,0.4901065449010654,0.23622047244094488,0.3657587548638132,0.4927085358740035,0.6107744107744107,0.8247604146293761,0.569060773480663,0.6933308355189209
176,0.5946,0.6765533111736128,0.7698241283554459,0.6944600938967136,0.44660194174757284,0.6635220125786163,0.3532934131736527,0.8588652482269503,0.3584207279457125,0.6701570680628273,0.625,0.6372135102533173,0.6284916201117319,0.5048198883815322,0.23622047244094488,0.3779877709838799,0.5002916585650399,0.5869809203142536,0.8118521415998435,0.574585635359116,0.6989509179467965,0.6765533111736128,0.7698241283554459,0.6944600938967136,0.44660194174757284,0.6635220125786163,0.3532934131736527,0.8588652482269503,0.3584207279457125,0.6701570680628273,0.625,0.6372135102533173,0.6284916201117319,0.5048198883815322,0.23622047244094488,0.3779877709838799,0.5002916585650399,0.5869809203142536,0.8118521415998435,0.574585635359116,0.6989509179467965
177,0.5901,0.6801329583226796,0.7809318111693921,0.6927699530516432,0.3851132686084142,0.6660377358490566,0.3473053892215569,0.8539007092198582,0.3528685996298581,0.6596858638743456,0.6294642857142857,0.6423401688781665,0.6256983240223464,0.48909183155758496,0.28346456692913385,0.33073929961089493,0.4956251215244021,0.5957351290684624,0.8145902601212596,0.580110497237569,0.6980142375421506,0.6801329583226796,0.7809318111693921,0.6927699530516432,0.3851132686084142,0.6660377358490566,0.3473053892215569,0.8539007092198582,0.3528685996298581,0.6596858638743456,0.6294642857142857,0.6423401688781665,0.6256983240223464,0.48909183155758496,0.28346456692913385,0.33073929961089493,0.4956251215244021,0.5957351290684624,0.8145902601212596,0.580110497237569,0.6980142375421506
178,0.5929,0.6801329583226796,0.7796976241900648,0.7034741784037559,0.4110032362459547,0.670440251572327,0.35778443113772457,0.8609929078014185,0.3701418877236274,0.6663493574488338,0.6205357142857143,0.6501809408926418,0.6368715083798883,0.5210553018772197,0.25984251968503935,0.3460255697609783,0.4897919502236049,0.582267115600449,0.8087228632896538,0.569060773480663,0.6820906706631698,0.6801329583226796,0.7796976241900648,0.7034741784037559,0.4110032362459547,0.670440251572327,0.35778443113772457,0.8609929078014185,0.3701418877236274,0.6663493574488338,0.6205357142857143,0.6501809408926418,0.6368715083798883,0.5210553018772197,0.25984251968503935,0.3460255697609783,0.4897919502236049,0.582267115600449,0.8087228632896538,0.569060773480663,0.6820906706631698
179,0.6066,0.6918946560981846,0.7658130206726319,0.7194366197183099,0.44336569579288027,0.6559748427672956,0.34880239520958084,0.8659574468085106,0.3269586674892042,0.629700142789148,0.6339285714285714,0.6393244873341375,0.6536312849162011,0.4728564180618975,0.28346456692913385,0.37242912729294053,0.4831810227493681,0.613692480359147,0.7905339331116761,0.585635359116022,0.6796553016110903,0.6918946560981846,0.7658130206726319,0.7194366197183099,0.44336569579288027,0.6559748427672956,0.34880239520958084,0.8659574468085106,0.3269586674892042,0.629700142789148,0.6339285714285714,0.6393244873341375,0.6536312849162011,0.4728564180618975,0.28346456692913385,0.37242912729294053,0.4831810227493681,0.613692480359147,0.7905339331116761,0.585635359116022,0.6796553016110903
180,0.5918,0.6872922526208131,0.7837087318728787,0.6837558685446009,0.42071197411003236,0.6761006289308176,0.3413173652694611,0.8574468085106383,0.33559531153608885,0.6515944788196097,0.6205357142857143,0.6559107358262968,0.6312849162011173,0.4855403348554033,0.25984251968503935,0.3560311284046693,0.5341240521096636,0.5975308641975309,0.8032466262468219,0.5966850828729282,0.6852753840389659,0.6872922526208131,0.7837087318728787,0.6837558685446009,0.42071197411003236,0.6761006289308176,0.3413173652694611,0.8574468085106383,0.33559531153608885,0.6515944788196097,0.6205357142857143,0.6559107358262968,0.6312849162011173,0.4855403348554033,0.25984251968503935,0.3560311284046693,0.5341240521096636,0.5975308641975309,0.8032466262468219,0.5966850828729282,0.6852753840389659
181,0.5846,0.6762976220915367,0.7698241283554459,0.6974647887323944,0.39805825242718446,0.660377358490566,0.3473053892215569,0.8602836879432624,0.3726095003084516,0.6882436934792956,0.6294642857142857,0.6525934861278649,0.6368715083798883,0.5403348554033486,0.23622047244094488,0.3349082823790995,0.5139023916002333,0.5198653198653199,0.8175239585370624,0.5138121546961326,0.7120644436118396,0.6762976220915367,0.7698241283554459,0.6974647887323944,0.39805825242718446,0.660377358490566,0.3473053892215569,0.8602836879432624,0.3726095003084516,0.6882436934792956,0.6294642857142857,0.6525934861278649,0.6368715083798883,0.5403348554033486,0.23622047244094488,0.3349082823790995,0.5139023916002333,0.5198653198653199,0.8175239585370624,0.5138121546961326,0.7120644436118396
182,0.5961,0.6796215801585272,0.7790805307004011,0.6972769953051643,0.44336569579288027,0.6685534591194968,0.35479041916167664,0.849645390070922,0.32942628007402835,0.6658733936220848,0.6428571428571429,0.6537997587454765,0.6368715083798883,0.5210553018772197,0.2677165354330709,0.3715953307392996,0.4944584872642427,0.5699214365881032,0.8036377860355955,0.5580110497237569,0.7070063694267515,0.6796215801585272,0.7790805307004011,0.6972769953051643,0.44336569579288027,0.6685534591194968,0.35479041916167664,0.849645390070922,0.32942628007402835,0.6658733936220848,0.6428571428571429,0.6537997587454765,0.6368715083798883,0.5210553018772197,0.2677165354330709,0.3715953307392996,0.4944584872642427,0.5699214365881032,0.8036377860355955,0.5580110497237569,0.7070063694267515
183,0.6085,0.7177192533878803,0.7840172786177105,0.6916431924882629,0.44660194174757284,0.6622641509433962,0.3383233532934132,0.8602836879432624,0.29919802590993216,0.603998096144693,0.6205357142857143,0.6574185765983113,0.6843575418994413,0.4789446981227803,0.25196850393700787,0.36436909394107836,0.5086525374295159,0.6145903479236813,0.7535693330725601,0.5911602209944752,0.6847133757961783,0.7177192533878803,0.7840172786177105,0.6916431924882629,0.44660194174757284,0.6622641509433962,0.3383233532934132,0.8602836879432624,0.29919802590993216,0.603998096144693,0.6205357142857143,0.6574185765983113,0.6843575418994413,0.4789446981227803,0.25196850393700787,0.36436909394107836,0.5086525374295159,0.6145903479236813,0.7535693330725601,0.5911602209944752,0.6847133757961783
184,0.5927,0.6826898491434416,0.7729095958037643,0.7030985915492958,0.47572815533980584,0.6572327044025157,0.33682634730538924,0.875177304964539,0.3269586674892042,0.6792003807710614,0.6071428571428571,0.6354041013268998,0.6452513966480447,0.5185185185185185,0.25196850393700787,0.41356309060589214,0.4897919502236049,0.5425364758698092,0.8194797574809309,0.5248618784530387,0.6925814911952042,0.6826898491434416,0.7729095958037643,0.7030985915492958,0.47572815533980584,0.6572327044025157,0.33682634730538924,0.875177304964539,0.3269586674892042,0.6792003807710614,0.6071428571428571,0.6354041013268998,0.6452513966480447,0.5185185185185185,0.25196850393700787,0.41356309060589214,0.4897919502236049,0.5425364758698092,0.8194797574809309,0.5248618784530387,0.6925814911952042
185,0.5934,0.6908718997698798,0.7796976241900648,0.6978403755868544,0.45307443365695793,0.6716981132075471,0.3473053892215569,0.8560283687943262,0.3220234423195558,0.6501665873393622,0.6205357142857143,0.661037394451146,0.6452513966480447,0.5119228817858955,0.2440944881889764,0.3707615341856587,0.5139023916002333,0.5744107744107744,0.7897516135341287,0.5580110497237569,0.6849007118771075,0.6908718997698798,0.7796976241900648,0.6978403755868544,0.45307443365695793,0.6716981132075471,0.3473053892215569,0.8560283687943262,0.3220234423195558,0.6501665873393622,0.6205357142857143,0.661037394451146,0.6452513966480447,0.5119228817858955,0.2440944881889764,0.3707615341856587,0.5139023916002333,0.5744107744107744,0.7897516135341287,0.5580110497237569,0.6849007118771075
186,0.6009,0.6832012273075939,0.7719839555692688,0.7094835680751174,0.44660194174757284,0.6641509433962264,0.34281437125748504,0.8695035460992908,0.3170882171499075,0.6625416468348405,0.6160714285714286,0.6405307599517491,0.6452513966480447,0.480466768138001,0.23622047244094488,0.367982212340189,0.514680147773673,0.5961840628507296,0.8026598865636613,0.5911602209944752,0.6822780067440989,0.6832012273075939,0.7719839555692688,0.7094835680751174,0.44660194174757284,0.6641509433962264,0.34281437125748504,0.8695035460992908,0.3170882171499075,0.6625416468348405,0.6160714285714286,0.6405307599517491,0.6452513966480447,0.480466768138001,0.23622047244094488,0.367982212340189,0.514680147773673,0.5961840628507296,0.8026598865636613,0.5911602209944752,0.6822780067440989
187,0.5835,0.6650473024801841,0.7726010490589325,0.7062910798122066,0.4401294498381877,0.6528301886792452,0.33532934131736525,0.85177304964539,0.36644046884639114,0.7006187529747739,0.6607142857142857,0.6423401688781665,0.61731843575419,0.5388127853881278,0.2283464566929134,0.3649249583101723,0.5154579039471126,0.5234567901234568,0.8359084686094269,0.5082872928176796,0.7199325590108655,0.6650473024801841,0.7726010490589325,0.7062910798122066,0.4401294498381877,0.6528301886792452,0.33532934131736525,0.85177304964539,0.36644046884639114,0.7006187529747739,0.6607142857142857,0.6423401688781665,0.61731843575419,0.5388127853881278,0.2283464566929134,0.3649249583101723,0.5154579039471126,0.5234567901234568,0.8359084686094269,0.5082872928176796,0.7199325590108655
188,0.5983,0.6977755049859371,0.7840172786177105,0.6831924882629108,0.4627831715210356,0.6597484276729559,0.33083832335329344,0.849645390070922,0.3257248611967921,0.6463588767253688,0.625,0.6474668275030157,0.6480446927374302,0.5220700152207002,0.2125984251968504,0.3993885491939967,0.5107913669064749,0.5618406285072952,0.7991394484646979,0.569060773480663,0.6819033345822405,0.6977755049859371,0.7840172786177105,0.6831924882629108,0.4627831715210356,0.6597484276729559,0.33083832335329344,0.849645390070922,0.3257248611967921,0.6463588767253688,0.625,0.6474668275030157,0.6480446927374302,0.5220700152207002,0.2125984251968504,0.3993885491939967,0.5107913669064749,0.5618406285072952,0.7991394484646979,0.569060773480663,0.6819033345822405
189,0.5968,0.6964970595755561,0.767664301141623,0.7194366197183099,0.3851132686084142,0.6685534591194968,0.3502994011976048,0.8468085106382979,0.3183220234423196,0.6244645406949072,0.6071428571428571,0.6682750301568154,0.6480446927374302,0.5535261288685946,0.25984251968503935,0.3274041133963313,0.48434765700952753,0.5156004489337823,0.7688245648347349,0.5248618784530387,0.6938928437617085,0.6964970595755561,0.767664301141623,0.7194366197183099,0.3851132686084142,0.6685534591194968,0.3502994011976048,0.8468085106382979,0.3183220234423196,0.6244645406949072,0.6071428571428571,0.6682750301568154,0.6480446927374302,0.5535261288685946,0.25984251968503935,0.3274041133963313,0.48434765700952753,0.5156004489337823,0.7688245648347349,0.5248618784530387,0.6938928437617085
190,0.5976,0.6849910508821273,0.7695155816106141,0.7089201877934272,0.39158576051779936,0.6597484276729559,0.3398203592814371,0.8716312056737588,0.34855027760641577,0.6649214659685864,0.6071428571428571,0.6369119420989143,0.6340782122905028,0.4789446981227803,0.25196850393700787,0.3471372984991662,0.5310130274159051,0.5820426487093153,0.8141991003324858,0.6077348066298343,0.695391532409142,0.6849910508821273,0.7695155816106141,0.7089201877934272,0.39158576051779936,0.6597484276729559,0.3398203592814371,0.8716312056737588,0.34855027760641577,0.6649214659685864,0.6071428571428571,0.6369119420989143,0.6340782122905028,0.4789446981227803,0.25196850393700787,0.3471372984991662,0.5310130274159051,0.5820426487093153,0.8141991003324858,0.6077348066298343,0.695391532409142
191,0.5932,0.6640245461518793,0.7593335390311632,0.7384037558685446,0.41423948220064727,0.670440251572327,0.3473053892215569,0.851063829787234,0.3362122146822949,0.6696811042360781,0.6339285714285714,0.6480699638118215,0.6368715083798883,0.5408422120750888,0.2992125984251969,0.34380211228460256,0.4831810227493681,0.538047138047138,0.8059847447682378,0.5303867403314917,0.7088797302360434,0.6640245461518793,0.7593335390311632,0.7384037558685446,0.41423948220064727,0.670440251572327,0.3473053892215569,0.851063829787234,0.3362122146822949,0.6696811042360781,0.6339285714285714,0.6480699638118215,0.6368715083798883,0.5408422120750888,0.2992125984251969,0.34380211228460256,0.4831810227493681,0.538047138047138,0.8059847447682378,0.5303867403314917,0.7088797302360434
192,0.6015,0.6947072360010228,0.7827830916383832,0.6852582159624413,0.44660194174757284,0.650314465408805,0.33532934131736525,0.8624113475177305,0.3300431832202344,0.6487386958591147,0.625,0.6338962605548853,0.6564245810055865,0.5007610350076104,0.2677165354330709,0.3738187882156754,0.5277075636787867,0.5957351290684624,0.8032466262468219,0.56353591160221,0.6880854252529037,0.6947072360010228,0.7827830916383832,0.6852582159624413,0.44660194174757284,0.650314465408805,0.33532934131736525,0.8624113475177305,0.3300431832202344,0.6487386958591147,0.625,0.6338962605548853,0.6564245810055865,0.5007610350076104,0.2677165354330709,0.3738187882156754,0.5277075636787867,0.5957351290684624,0.8032466262468219,0.56353591160221,0.6880854252529037
193,0.5988,0.680644336486832,0.7722925023141006,0.692206572769953,0.40129449838187703,0.6534591194968553,0.33532934131736525,0.8652482269503546,0.3596545342381246,0.672536887196573,0.6473214285714286,0.6335946924004825,0.6424581005586593,0.5114155251141552,0.2755905511811024,0.35519733185102836,0.49329185300408324,0.5829405162738496,0.8069626442401721,0.580110497237569,0.7021356313225927,0.680644336486832,0.7722925023141006,0.692206572769953,0.40129449838187703,0.6534591194968553,0.33532934131736525,0.8652482269503546,0.3596545342381246,0.672536887196573,0.6473214285714286,0.6335946924004825,0.6424581005586593,0.5114155251141552,0.2755905511811024,0.35519733185102836,0.49329185300408324,0.5829405162738496,0.8069626442401721,0.580110497237569,0.7021356313225927
194,0.5844,0.6658143697264127,0.7716754088244369,0.7100469483568075,0.44660194174757284,0.650314465408805,0.3413173652694611,0.8695035460992908,0.33867982726711904,0.6839600190385531,0.6026785714285714,0.6420386007237636,0.6201117318435754,0.5306950786402841,0.2677165354330709,0.37882156753752083,0.5035971223021583,0.5337822671156004,0.8235869352630549,0.5193370165745856,0.6863994005245411,0.6658143697264127,0.7716754088244369,0.7100469483568075,0.44660194174757284,0.650314465408805,0.3413173652694611,0.8695035460992908,0.33867982726711904,0.6839600190385531,0.6026785714285714,0.6420386007237636,0.6201117318435754,0.5306950786402841,0.2677165354330709,0.37882156753752083,0.5035971223021583,0.5337822671156004,0.8235869352630549,0.5193370165745856,0.6863994005245411
195,0.6012,0.6931731015085656,0.7747608762727554,0.704037558685446,0.4110032362459547,0.6509433962264151,0.3398203592814371,0.8609929078014185,0.3312769895126465,0.6534983341266064,0.6339285714285714,0.6296743063932448,0.6340782122905028,0.4865550481988838,0.2677165354330709,0.3529738743746526,0.5197355629010305,0.6069584736251403,0.8048112654019167,0.6022099447513812,0.6931434994379918,0.6931731015085656,0.7747608762727554,0.704037558685446,0.4110032362459547,0.6509433962264151,0.3398203592814371,0.8609929078014185,0.3312769895126465,0.6534983341266064,0.6339285714285714,0.6296743063932448,0.6340782122905028,0.4865550481988838,0.2677165354330709,0.3529738743746526,0.5197355629010305,0.6069584736251403,0.8048112654019167,0.6022099447513812,0.6931434994379918
196,0.5906,0.6890820761953464,0.7722925023141006,0.7156807511737089,0.41423948220064727,0.6484276729559748,0.34281437125748504,0.8588652482269503,0.30104873534855026,0.6615897191813422,0.625,0.6507840772014475,0.6284916201117319,0.5535261288685946,0.2677165354330709,0.3746525847693163,0.5032082442154384,0.518294051627385,0.7926853119499315,0.5303867403314917,0.7002622705133008,0.6890820761953464,0.7722925023141006,0.7156807511737089,0.41423948220064727,0.6484276729559748,0.34281437125748504,0.8588652482269503,0.30104873534855026,0.6615897191813422,0.625,0.6507840772014475,0.6284916201117319,0.5535261288685946,0.2677165354330709,0.3746525847693163,0.5032082442154384,0.518294051627385,0.7926853119499315,0.5303867403314917,0.7002622705133008
197,0.5964,0.6530299156226029,0.7537796976241901,0.7171830985915493,0.4045307443365696,0.670440251572327,0.34281437125748504,0.8666666666666667,0.3417643429981493,0.7006187529747739,0.6517857142857143,0.6396260554885405,0.6201117318435754,0.5038051750380518,0.2677165354330709,0.37048360200111174,0.497958390044721,0.611672278338945,0.8333659299823978,0.569060773480663,0.7060696890221057,0.6530299156226029,0.7537796976241901,0.7171830985915493,0.4045307443365696,0.670440251572327,0.34281437125748504,0.8666666666666667,0.3417643429981493,0.7006187529747739,0.6517857142857143,0.6396260554885405,0.6201117318435754,0.5038051750380518,0.2677165354330709,0.37048360200111174,0.497958390044721,0.611672278338945,0.8333659299823978,0.569060773480663,0.7060696890221057
198,0.5961,0.6737407312707747,0.771366862079605,0.6987793427230047,0.39805825242718446,0.660377358490566,0.344311377245509,0.8716312056737588,0.3288093769278223,0.6853879105188005,0.6205357142857143,0.6396260554885405,0.6256983240223464,0.5134449518011162,0.2677165354330709,0.37242912729294053,0.5119580011666343,0.5892255892255892,0.8214355564247995,0.5524861878453039,0.7010116148370176,0.6737407312707747,0.771366862079605,0.6987793427230047,0.39805825242718446,0.660377358490566,0.344311377245509,0.8716312056737588,0.3288093769278223,0.6853879105188005,0.6205357142857143,0.6396260554885405,0.6256983240223464,0.5134449518011162,0.2677165354330709,0.37242912729294053,0.5119580011666343,0.5892255892255892,0.8214355564247995,0.5524861878453039,0.7010116148370176
199,0.6048,0.6875479417028892,0.7621104597346497,0.6950234741784037,0.4627831715210356,0.6578616352201258,0.34281437125748504,0.8567375886524823,0.33189389265885255,0.6501665873393622,0.625,0.6420386007237636,0.6368715083798883,0.4916286149162861,0.2440944881889764,0.38299055030572543,0.49718063387128136,0.6195286195286195,0.8022687267748876,0.5966850828729282,0.6925814911952042,0.6875479417028892,0.7621104597346497,0.6950234741784037,0.4627831715210356,0.6578616352201258,0.34281437125748504,0.8567375886524823,0.33189389265885255,0.6501665873393622,0.625,0.6420386007237636,0.6368715083798883,0.4916286149162861,0.2440944881889764,0.38299055030572543,0.49718063387128136,0.6195286195286195,0.8022687267748876,0.5966850828729282,0.6925814911952042
