round,global_acc,per_client_gen_acc,agg_norm,first_mom_norm,second_mom_norm,delta_mom_norm,flash_amp_new,B_layer_norm,ratio_norm,scaled_delta_norm,warmup,local_c00,local_c01,local_c02,local_c03,local_c04,local_c05,local_c06,local_c07,local_c08,local_c09,local_c10,local_c11,local_c12,local_c13,local_c14,local_c15,local_c16,local_c17,local_c18,local_c19
0,0.1612,0.1612,1.124780297279358,0.11247803270816803,0.3453466594219208,0.0,0.0,0.0,0.0,0.0,1,0.20685246739964203,0.002468373958654736,0.0024413145539906103,0.025889967637540454,0.005031446540880503,0.020958083832335328,0.6609929078014184,0.22887106724244294,0.5030937648738696,0.05803571428571429,0.08353437876960193,0.7094972067039106,0.38102486047691525,0.05511811023622047,0.029182879377431907,0.29068636982306045,0.008754208754208754,0.35556424799530606,0.049723756906077346,0.02772573997751967
1,0.1848,0.1848,1.1807502508163452,0.21207962930202484,0.36333659291267395,0.0,0.0,0.0,0.0,0.0,1,0.2692406034262337,0.06541190990435052,0.002629107981220657,0.032362459546925564,0.007547169811320755,0.02694610778443114,0.6702127659574468,0.25354719309068474,0.5259400285578296,0.05803571428571429,0.09047044632086852,0.6955307262569832,0.3663115169964485,0.05511811023622047,0.030572540300166758,0.28174217382850475,0.005836139169472503,0.4621552904361432,0.04419889502762431,0.04252529037092544
2,0.2289,0.2289,1.1632111072540283,0.2956530749797821,0.3797683119773865,0.0,0.0,0.0,0.0,0.0,1,0.42623369982101766,0.2261647639617402,0.04338028169014085,0.032362459546925564,0.010691823899371069,0.05089820359281437,0.6212765957446809,0.25848241826033314,0.4892908138981437,0.08035714285714286,0.09499396863691194,0.5810055865921788,0.2795535261288686,0.08661417322834646,0.032240133407448586,0.21077192300213882,0.011447811447811448,0.7105417563074516,0.06077348066298342,0.09404271262645185
3,0.2495,0.2495,1.0824071168899536,0.3562967777252197,0.3930620551109314,0.0,0.0,0.0,0.0,0.0,1,0.4500127844541038,0.273372415921012,0.17652582159624414,0.05177993527508091,0.018867924528301886,0.07335329341317365,0.524113475177305,0.2486119679210364,0.4435982865302237,0.09821428571428571,0.09921592279855247,0.4720670391061452,0.21359715880263824,0.10236220472440945,0.03085047248471373,0.17693952945751507,0.02154882154882155,0.7445726579307648,0.07734806629834254,0.11502435369052079
4,0.2814,0.2814,1.0486277341842651,0.398495078086853,0.40490615367889404,0.0,0.0,0.0,0.0,0.0,1,0.43850677576067504,0.28694847269361307,0.3096713615023474,0.05825242718446602,0.09874213836477988,0.12275449101796407,0.5553191489361702,0.23565700185070945,0.4364588291289862,0.12946428571428573,0.1652593486127865,0.49441340782122906,0.26078132927447994,0.14173228346456693,0.03001667593107282,0.2241882169939724,0.07564534231200898,0.7105417563074516,0.1270718232044199,0.1538029224428625
5,0.3577,0.3577,0.9789975881576538,0.4229978919029236,0.4146008789539337,0.0,0.0,0.0,0.0,0.0,1,0.4131935566351317,0.32058006788028387,0.42741784037558683,0.07766990291262135,0.2509433962264151,0.20059880239520958,0.5092198581560283,0.20789636027143737,0.39838172298905283,0.25,0.3347406513872135,0.44692737430167595,0.487062404870624,0.2204724409448819,0.03196220122290161,0.26638148940307216,0.46936026936026937,0.6149031879522785,0.4585635359116022,0.221431247658299
6,0.3955,0.3955,0.9621683359146118,0.4379427433013916,0.4235949218273163,0.0,0.0,0.0,0.0,0.0,1,0.405778573254922,0.3434125269978402,0.5230046948356808,0.15210355987055016,0.32578616352201256,0.29191616766467066,0.4482269503546099,0.2418260333127699,0.3936220847215612,0.36160714285714285,0.3986731001206273,0.4134078212290503,0.5606291222729579,0.29133858267716534,0.10311284046692606,0.3181022749368073,0.6215488215488215,0.5265010756894192,0.5580110497237569,0.2703259647808168
7,0.4392,0.4392,0.8875935077667236,0.4416196942329407,0.43071624636650085,0.0,0.0,0.0,0.0,0.0,1,0.428023523395551,0.35668003702560935,0.5761502347417841,0.22330097087378642,0.36163522012578614,0.33532934131736525,0.4929078014184397,0.31893892658852563,0.4264635887672537,0.375,0.430940892641737,0.4581005586592179,0.5885337392186707,0.2992125984251969,0.20705947748749307,0.38673925724285435,0.631425364758698,0.5401916682964991,0.5911602209944752,0.30161109029599104
8,0.474,0.474,0.882343053817749,0.4424930810928345,0.4375461935997009,0.0,0.0,0.0,0.0,0.0,1,0.4789056507287139,0.4075902499228633,0.5710798122065728,0.31715210355987056,0.4006289308176101,0.3907185628742515,0.5560283687943263,0.391733497840839,0.4783436458829129,0.4017857142857143,0.4499396863691194,0.5698324022346368,0.5910705225773719,0.33070866141732286,0.2695942190105614,0.44254326268714755,0.5946127946127946,0.6106004302757676,0.5966850828729282,0.3207193705507681
9,0.4936,0.4936,0.8451484441757202,0.4383275806903839,0.4434804916381836,0.0,0.0,0.0,0.0,0.0,1,0.5244183073382767,0.4347423634680654,0.5509859154929577,0.343042071197411,0.42327044025157234,0.3847305389221557,0.6226950354609929,0.446020974706971,0.5373631603998096,0.42857142857142855,0.4589867310012063,0.6368715083798883,0.5697615423642821,0.31496062992125984,0.3065591995553085,0.47073692397433403,0.5169472502805836,0.6843340504596127,0.5469613259668509,0.3313975271637317
10,0.5045,0.5045,0.840455174446106,0.43350255489349365,0.449190229177475,0.0,0.0,0.0,0.0,0.0,1,0.5466632574789057,0.4412218451095341,0.5451643192488262,0.3818770226537217,0.4408805031446541,0.39820359281437123,0.6659574468085107,0.47624922887106724,0.5592574964302713,0.41964285714285715,0.47255729794933654,0.6843575418994413,0.5337392186707255,0.3464566929133858,0.34018899388549195,0.46198716702313825,0.46936026936026937,0.7254058282808528,0.4696132596685083,0.35275384038965907
11,0.5101,0.5101,0.8088820576667786,0.4274628758430481,0.45419928431510925,0.0,0.0,0.0,0.0,0.0,1,0.5517770391204295,0.43998765813020674,0.5569953051643193,0.3883495145631068,0.4742138364779874,0.40718562874251496,0.6943262411347517,0.4873534855027761,0.5835316515944788,0.4732142857142857,0.5135705669481303,0.7094972067039106,0.5367833587011669,0.3543307086614173,0.3499166203446359,0.46276492319657786,0.4540965207631874,0.7347936632114219,0.47513812154696133,0.3761708505058074
12,0.5221,0.5221,0.7962261438369751,0.42141881585121155,0.45888322591781616,0.0,0.0,0.0,0.0,0.0,1,0.5389925850166198,0.41653810552298676,0.5874178403755869,0.3656957928802589,0.5270440251572327,0.39820359281437123,0.700709219858156,0.499691548426897,0.6006663493574488,0.5178571428571429,0.5600120627261761,0.7178770949720671,0.5707762557077626,0.30708661417322836,0.35797665369649806,0.4697647287575345,0.48035914702581367,0.7257969880696264,0.4861878453038674,0.39527913076058446
13,0.5344,0.5344,0.7469933032989502,0.4123077392578125,0.4626532793045044,0.0,0.0,0.0,0.0,0.0,1,0.5203272820250575,0.3875347115087936,0.6011267605633803,0.3656957928802589,0.5553459119496855,0.39221556886227543,0.6907801418439716,0.5027760641579272,0.6178010471204188,0.5625,0.6001206272617612,0.6983240223463687,0.604261796042618,0.30708661417322836,0.35269594219010564,0.47676453431849114,0.5288439955106622,0.7205163309211813,0.5580110497237569,0.42899962532783814
14,0.542,0.542,0.7140885591506958,0.4018833041191101,0.4658399224281311,0.0,0.0,0.0,0.0,0.0,1,0.5129122986448479,0.3835236038259796,0.5907981220657277,0.3851132686084142,0.5773584905660377,0.3937125748502994,0.6602836879432624,0.5058605798889574,0.6173250832936696,0.5982142857142857,0.6372135102533173,0.6815642458100558,0.6321664129883308,0.2992125984251969,0.34574763757643134,0.460431654676259,0.6002244668911335,0.7124975552513202,0.6022099447513812,0.4559760209816411
15,0.5519,0.5519,0.7384543418884277,0.3922789692878723,0.46935051679611206,0.0,0.0,0.0,0.0,0.0,1,0.527486576323191,0.39956803455723544,0.5909859154929578,0.3948220064724919,0.6,0.4101796407185629,0.6283687943262412,0.5157310302282542,0.6201808662541647,0.5982142857142857,0.6589264173703256,0.6703910614525139,0.6443429731100964,0.31496062992125984,0.35797665369649806,0.4518763367684231,0.6464646464646465,0.7099550166242911,0.6519337016574586,0.47508430123641815
16,0.5628,0.5628,0.6406614184379578,0.37569859623908997,0.47137191891670227,0.0,0.0,0.0,0.0,0.0,1,0.5637944259780108,0.4517124344338167,0.5887323943661972,0.4401294498381877,0.6213836477987421,0.4655688622754491,0.6283687943262412,0.5293028994447871,0.6206568300809139,0.6071428571428571,0.6737032569360676,0.664804469273743,0.6641298833079655,0.3937007874015748,0.37687604224569204,0.4510985805949835,0.6769921436588103,0.716800312927831,0.6629834254143646,0.4788310228550019
17,0.5772,0.5772,0.6963577270507812,0.36360660195350647,0.47415053844451904,0.0,0.0,0.0,0.0,0.0,1,0.6011250319611353,0.5121875964208578,0.5923004694835681,0.4692556634304207,0.6144654088050314,0.48952095808383234,0.6453900709219859,0.5434916718075262,0.6225606853879105,0.6205357142857143,0.669481302774427,0.6703910614525139,0.6808726534753932,0.44881889763779526,0.38993885491939967,0.4602372156328991,0.6846240179573513,0.7369450420496773,0.6850828729281768,0.4795803671787186
18,0.5822,0.5822,0.7144163250923157,0.3547210693359375,0.47715243697166443,0.0,0.0,0.0,0.0,0.0,1,0.6223472257734595,0.5322431348349275,0.591737089201878,0.47896440129449835,0.5911949685534591,0.49700598802395207,0.6787234042553192,0.566933991363356,0.6363636363636364,0.6160714285714286,0.6583232810615199,0.6955307262569832,0.6879756468797564,0.49606299212598426,0.4121734296831573,0.4615982889364184,0.6693602693602694,0.7676510854684139,0.6685082872928176,0.4810790558261521
19,0.5827,0.5827,0.7013995051383972,0.34626445174217224,0.4799138605594635,0.0,0.0,0.0,0.0,0.0,1,0.6328304781385835,0.5242209194692996,0.5988732394366197,0.5016181229773463,0.5641509433962264,0.48353293413173654,0.7269503546099291,0.5928439235040098,0.6596858638743456,0.5982142857142857,0.6390229191797346,0.7346368715083799,0.6884830035514967,0.4881889763779528,0.4396887159533074,0.46801477736729535,0.6320987654320988,0.8007040876197927,0.6132596685082873,0.4885724990633196
20,0.5864,0.5864,0.6668943166732788,0.3367459774017334,0.48214274644851685,0.0,0.0,0.0,0.0,0.0,1,0.6228586039376118,0.5044739278000617,0.612206572769953,0.49514563106796117,0.5509433962264151,0.46107784431137727,0.7574468085106383,0.5934608266502159,0.6858638743455497,0.5580357142857143,0.620627261761158,0.7541899441340782,0.6727549467275494,0.44881889763779526,0.4494163424124514,0.47676453431849114,0.593939393939394,0.8214355564247995,0.5966850828729282,0.5127388535031847
21,0.5841,0.5841,0.6548055410385132,0.3267728388309479,0.4841742515563965,0.0,0.0,0.0,0.0,0.0,1,0.6098184607517259,0.4896636840481333,0.6415023474178404,0.4919093851132686,0.530188679245283,0.4535928143712575,0.7780141843971631,0.5885256014805675,0.7025226082817706,0.5357142857142857,0.5992159227985525,0.776536312849162,0.663115169964485,0.4251968503937008,0.433852140077821,0.502041609955279,0.5802469135802469,0.8292587522002738,0.56353591160221,0.5445859872611465
22,0.5869,0.5869,0.6902070045471191,0.3188203275203705,0.4866665303707123,0.0,0.0,0.0,0.0,0.0,1,0.6093070825875735,0.49151496451712434,0.663661971830986,0.4627831715210356,0.5226415094339623,0.4655688622754491,0.775886524822695,0.5502776064157927,0.7082341742027606,0.53125,0.5910735826296744,0.7737430167597765,0.6656519533231862,0.4251968503937008,0.4074485825458588,0.5212910752479097,0.5865319865319866,0.8341482495599453,0.5580110497237569,0.5595728737354815
23,0.5946,0.5946,0.6777001023292542,0.3123292922973633,0.48894646763801575,0.0,0.0,0.0,0.0,0.0,1,0.6215801585272309,0.5171243443381672,0.6815023474178403,0.4401294498381877,0.5232704402515723,0.47904191616766467,0.7730496453900709,0.526218383713757,0.7120418848167539,0.5044642857142857,0.5943908323281062,0.7625698324022346,0.6829020801623541,0.4566929133858268,0.3779877709838799,0.5424849309741396,0.6154882154882155,0.8339526696655584,0.6022099447513812,0.5695016860247284
24,0.6031,0.6031,0.6801475286483765,0.3065617084503174,0.49122700095176697,0.0,0.0,0.006251697269685703,0.0,0.0,1,0.6463819994886219,0.5513730330145017,0.6820657276995306,0.4174757281553398,0.5283018867924528,0.49550898203592814,0.7723404255319148,0.512646514497224,0.6996668253212756,0.5267857142857143,0.6001206272617612,0.7597765363128491,0.702181633688483,0.4645669291338583,0.35825458588104503,0.5514291269686953,0.6534231200897868,0.8327791902992372,0.6464088397790055,0.5760584488572499
25,0.6138,0.6138,0.6725050210952759,0.300955593585968,0.49336957931518555,0.002980161664383262,0.006028206000279113,0.006251697269685703,745.6027680690493,0.004430059064757641,0,0.6630017898235745,0.5797593335390312,0.68018779342723,0.4077669902912621,0.5452830188679245,0.5224550898203593,0.7624113475177305,0.5015422578655151,0.6920514040932889,0.5491071428571429,0.6194209891435465,0.7597765363128491,0.7184170471841704,0.4881889763779528,0.3568649249583102,0.5545401516624539,0.6866442199775533,0.8284764326227264,0.6740331491712708,0.5784938179093293
26,0.6213,0.6213,0.6600871086120605,0.2948697805404663,0.4953146278858185,0.0035424120742676246,0.007137432336736582,0.006251697269685703,714.1947842524353,0.004242236238457451,0,0.6650473024801841,0.5813020672631903,0.6644131455399062,0.44336569579288027,0.5723270440251572,0.5374251497005988,0.7531914893617021,0.5169648365206663,0.6934792955735364,0.6026785714285714,0.6420386007237636,0.7569832402234636,0.7229832572298326,0.5118110236220472,0.3968871595330739,0.5459848337546179,0.714253647586981,0.8231957754742812,0.6850828729281768,0.5886099662795055
27,0.6268,0.6268,0.6521092057228088,0.28771328926086426,0.4971274137496948,0.00399581186120657,0.00802166624624766,0.006251697269685703,706.7402246424447,0.00436265159830265,0,0.6502173357197648,0.5677260104905894,0.6486384976525822,0.47249190938511326,0.6062893081761006,0.5224550898203593,0.7460992907801418,0.5441085749537322,0.6906235126130414,0.625,0.6715922798552473,0.7597765363128491,0.7290715372907154,0.5196850393700787,0.4377431906614786,0.537429515846782,0.7301907968574636,0.8153725796988069,0.6850828729281768,0.5955414012738853
28,0.6285,0.6285,0.6618493795394897,0.28191283345222473,0.49904385209083557,0.0041274805914651835,0.008254237251806879,0.006251697269685703,727.9954936535736,0.004212220787397952,0,0.6318077218102787,0.5461277383523604,0.6364319248826291,0.5242718446601942,0.6226415094339622,0.5089820359281437,0.7397163120567376,0.580505860579889,0.6858638743455497,0.6428571428571429,0.6848612786489746,0.7346368715083799,0.7376966007102993,0.5039370078740157,0.47192884936075596,0.5317907835893447,0.7402918069584736,0.8132212008605515,0.6740331491712708,0.5959160734357437
29,0.6294,0.6294,0.655430257320404,0.27545303106307983,0.5008494257926941,0.004163584961001934,0.008296482464686217,0.006251697269685703,750.0374757730681,0.004185124385569582,0,0.6246484275121452,0.5266892934279543,0.6373708920187794,0.5372168284789643,0.6327044025157232,0.48353293413173654,0.7453900709219858,0.5928439235040098,0.6839600190385531,0.6339285714285714,0.6930036188178529,0.729050279329609,0.7417554540842212,0.49606299212598426,0.49777654252362424,0.5405405405405406,0.7378226711560045,0.8171327987482887,0.6906077348066298,0.590108654926939
30,0.6287,0.6287,0.6808152794837952,0.2718629837036133,0.5029680132865906,0.004273468834364435,0.008479642996576947,0.006251697269685703,805.9771866580547,0.00421166236294988,0,0.6279723855791358,0.5254551064486269,0.6413145539906103,0.5533980582524272,0.630817610062893,0.4940119760479042,0.7574468085106383,0.6008636644046884,0.6910994764397905,0.6339285714285714,0.695416164053076,0.7402234636871509,0.7422628107559615,0.4881889763779528,0.49694274596998333,0.558428932529652,0.7274971941638608,0.8237825151574418,0.6850828729281768,0.5887973023604346
31,0.6314,0.6314,0.6485425233840942,0.2662007808685303,0.5046316981315613,0.0042488986321091845,0.008403149264197546,0.006251697269685703,733.9747589045252,0.0040326376518800425,0,0.6341089235489644,0.5331687750694231,0.6567136150234741,0.5145631067961165,0.6276729559748427,0.5044910179640718,0.7702127659574468,0.5774213448488588,0.7020466444550214,0.6294642857142857,0.6875753920386007,0.7541899441340782,0.73921867072552,0.48031496062992124,0.47026125625347415,0.5780672759090025,0.714253647586981,0.8314101310385292,0.6906077348066298,0.6007868115399025
32,0.6349,0.6349,0.692814826965332,0.2626365125179291,0.5068594813346863,0.004604008788771247,0.009065517053401514,0.006251697269685703,820.7621426538788,0.004599231703693294,0,0.646637688570698,0.5492132058006788,0.671924882629108,0.49514563106796117,0.6270440251572327,0.5059880239520959,0.7780141843971631,0.5595311536088834,0.709662065683008,0.6160714285714286,0.6830518697225573,0.7625698324022346,0.745814307458143,0.5039370078740157,0.4369093941078377,0.5877892280769978,0.7102132435465769,0.834343829454332,0.6961325966850829,0.6090295991007868
33,0.636,0.636,0.6834477782249451,0.2591816186904907,0.5089287161827087,0.004422524696594539,0.00867282927249372,0.006251697269685703,829.9956701050785,0.0042813365765472814,0,0.6594221426745078,0.5655661832767664,0.6869483568075118,0.48220064724919093,0.6276729559748427,0.5269461077844312,0.7872340425531915,0.5447254780999383,0.7168015230842456,0.6116071428571429,0.6752110977080821,0.770949720670391,0.7493658041603247,0.5196850393700787,0.4182879377431907,0.5848726424265993,0.7099887766554434,0.8388421670252298,0.6685082872928176,0.6180217309853878
34,0.6386,0.6386,0.6227800846099854,0.25197386741638184,0.5101930499076843,0.004074904015599793,0.007971360362461256,0.006251697269685703,659.878245365562,0.003852686731268031,0,0.6668371260547175,0.5840789879666769,0.6895774647887324,0.49838187702265374,0.6163522012578616,0.5389221556886228,0.7851063829787234,0.5459592843923504,0.7215611613517373,0.6026785714285714,0.6712907117008444,0.7793296089385475,0.7549467275494672,0.5354330708661418,0.4138410227904391,0.5770950806922029,0.7173961840628508,0.8353217289262663,0.6685082872928176,0.6236418134132634
35,0.6409,0.6409,0.6683349013328552,0.24796448647975922,0.5120162963867188,0.00409338170111287,0.007979048092513659,0.006251697269685703,780.2287420877939,0.00392133787561604,0,0.6785988238302224,0.5991977784634372,0.6828169014084507,0.5275080906148867,0.6088050314465409,0.5464071856287425,0.7773049645390071,0.5564466378778532,0.7225130890052356,0.6071428571428571,0.6706875753920386,0.770949720670391,0.76103500761035,0.5433070866141733,0.43746525847693163,0.568928640871087,0.7290684624017957,0.8394289067083904,0.6740331491712708,0.6260771824653428
36,0.6424,0.6424,0.666839063167572,0.24391765892505646,0.5137954950332642,0.004232174859425444,0.008221079827343821,0.006251697269685703,773.4740584775859,0.004062404327108764,0,0.6878036307849655,0.605368713360074,0.6741784037558686,0.5339805825242718,0.60062893081761,0.5479041916167665,0.7702127659574468,0.5638494756323257,0.7220371251784864,0.625,0.6740048250904704,0.7625698324022346,0.7742262810755961,0.5433070866141733,0.4455252918287938,0.5551234687925335,0.7470258136924803,0.8429493448073538,0.6740331491712708,0.6303859123267141
37,0.6444,0.6444,0.6804140210151672,0.24088720977306366,0.5157281756401062,0.00431493044424013,0.008350484157158515,0.006251697269685703,831.1299256439172,0.004203411807763469,0,0.6847353618000511,0.6001234186979327,0.6546478873239436,0.5436893203883495,0.610691823899371,0.5538922155688623,0.7652482269503547,0.581122763726095,0.7248929081389814,0.6294642857142857,0.6821471652593486,0.7625698324022346,0.7787924911212583,0.5354330708661418,0.45414118954974986,0.5518180050554151,0.7526374859708193,0.8451007236456093,0.6906077348066298,0.6345073061071562
38,0.648,0.648,0.684863805770874,0.23890791833400726,0.5176932215690613,0.0042508147046397705,0.008195238587812926,0.006251697269685703,822.3880580901708,0.003960334762384312,0,0.680644336486832,0.5908670163529774,0.6446948356807511,0.5436893203883495,0.6245283018867924,0.5419161676646707,0.7865248226950354,0.5909932140653917,0.7315564017134698,0.6383928571428571,0.6942098914354644,0.7905027932960894,0.7818366311516997,0.5118110236220472,0.4672040022234575,0.5586233715730119,0.7492704826038159,0.8517504400547624,0.6906077348066298,0.6333832896215811
39,0.6487,0.6487,0.6945080161094666,0.23756012320518494,0.5197591185569763,0.004344895767858834,0.00834338874352991,0.006251697269685703,877.0383582904976,0.004119166437606857,0,0.6732293531066224,0.5819191607528541,0.6398122065727699,0.5275080906148867,0.650314465408805,0.5449101796407185,0.8028368794326242,0.5872917951881554,0.7420276059019515,0.6517857142857143,0.7035585042219542,0.8016759776536313,0.7889396245560629,0.49606299212598426,0.45886603668704834,0.5732062998250048,0.7396184062850729,0.8521415998435361,0.6906077348066298,0.6408767328587486
40,0.6498,0.6498,0.6794777512550354,0.23497478663921356,0.5215985178947449,0.004205039498803634,0.008046405328020007,0.006251697269685703,801.2557421750752,0.003976274009871439,0,0.6711838404500128,0.5825362542425178,0.6544600938967137,0.4854368932038835,0.6515723270440251,0.5538922155688623,0.8148936170212766,0.5761875385564467,0.7458353165159448,0.65625,0.706875753920386,0.8044692737430168,0.7843734145104008,0.5118110236220472,0.43802112284602557,0.6037332296325102,0.7308641975308642,0.8519460199491492,0.6850828729281768,0.6395653802922443
41,0.6528,0.6528,0.635034441947937,0.2287270426750183,0.522854745388031,0.003936031755791988,0.007513593778512935,0.006251697269685703,695.6370483484276,0.003633669970612172,0,0.6750191766811557,0.5853131749460043,0.6783098591549296,0.44983818770226536,0.6522012578616352,0.5673652694610778,0.8191489361702128,0.553979025293029,0.7439314612089482,0.6473214285714286,0.7098914354644149,0.8156424581005587,0.7828513444951801,0.5275590551181102,0.4077265147304058,0.6276492319657787,0.7207631874298541,0.8435360844905144,0.6519337016574586,0.6390033720494567
42,0.6544,0.6544,0.6947041153907776,0.2265862226486206,0.5248517990112305,0.004096572929581077,0.007790356403237459,0.006251697269685703,826.1602608785855,0.003993889837063614,0,0.6801329583226796,0.5998148719531009,0.7085446009389671,0.42071197411003236,0.6559748427672956,0.5703592814371258,0.824822695035461,0.5391733497840839,0.7282246549262256,0.6294642857142857,0.7092882991556092,0.8156424581005587,0.7833587011669203,0.5275590551181102,0.38715953307393,0.6474820143884892,0.7230078563411897,0.8319968707216898,0.6740331491712708,0.6335706257025103
43,0.6586,0.6586,0.6979047060012817,0.22454215586185455,0.5268637537956238,0.00435366995719345,0.008247715297533171,0.006251697269685703,869.4622780478961,0.004201014872043033,0,0.6901048325236513,0.6081456340635606,0.7226291079812207,0.4174757281553398,0.6528301886792452,0.5718562874251497,0.8127659574468085,0.5385564466378778,0.7229890528319848,0.6383928571428571,0.7062726176115802,0.8072625698324022,0.7864028411973617,0.5354330708661418,0.39188438021122846,0.6443709896947307,0.7315375982042649,0.833170350088011,0.6464088397790055,0.6311352566504309
44,0.658,0.658,0.6999648809432983,0.22347155213356018,0.5288752913475037,0.004518437913196728,0.008527361035661953,0.006251697269685703,848.9352233332521,0.004294502377868853,0,0.700332395806699,0.615242209194693,0.7230046948356808,0.44660194174757284,0.650314465408805,0.5688622754491018,0.8028368794326242,0.5595311536088834,0.7182294145644931,0.6205357142857143,0.7014475271411339,0.8016759776536313,0.7884322678843226,0.5748031496062992,0.4207893274041134,0.6292047443126579,0.7418630751964085,0.8407979659690984,0.6519337016574586,0.6285125515174222
45,0.6578,0.6578,0.6832443475723267,0.221930593252182,0.5306413769721985,0.004357909211222858,0.00819708435043563,0.006251697269685703,832.2406608713477,0.004016655932115889,0,0.702889286627461,0.6186362233878433,0.7153051643192488,0.47896440129449835,0.6459119496855346,0.5703592814371258,0.7907801418439716,0.5885256014805675,0.7182294145644931,0.625,0.7065741857659831,0.7849162011173184,0.7864028411973617,0.5511811023622047,0.45858810450250137,0.5910946918141162,0.7488215488215488,0.8464697829063172,0.6353591160220995,0.6320719370550768
46,0.6571,0.6571,0.6710032224655151,0.2190869003534317,0.5322282314300537,0.004143385796784258,0.0077703796471394575,0.006251697269685703,823.715806516358,0.003877543984475577,0,0.7067246228586039,0.6167849429188522,0.7046009389671362,0.5016181229773463,0.6477987421383647,0.5763473053892215,0.7900709219858156,0.6070326958667489,0.7225130890052356,0.6339285714285714,0.7150180940892642,0.7877094972067039,0.786910197869102,0.5590551181102362,0.48443579766536965,0.56251215244021,0.7485970819304153,0.8525327596323098,0.6519337016574586,0.6390033720494567
47,0.6593,0.6593,0.6602243185043335,0.21538729965686798,0.5336601734161377,0.004048332464762448,0.00757178609152087,0.006251697269685703,775.0529697680228,0.0037919207544152823,0,0.7087701355152135,0.6174020364085159,0.6948356807511737,0.5275080906148867,0.660377358490566,0.5778443113772455,0.7858156028368795,0.6187538556446638,0.7168015230842456,0.65625,0.7285886610373945,0.7793296089385475,0.7879249112125825,0.5590551181102362,0.49082823790994995,0.5518180050554151,0.7564534231200898,0.8568355173088207,0.6574585635359116,0.6470588235294118
48,0.6602,0.6602,0.7120094299316406,0.21450448036193848,0.5357376933097839,0.004352124609007833,0.008108475822092034,0.006251697269685703,873.8595930576045,0.004183214834662065,0,0.7008437739708514,0.617093489663684,0.6852582159624413,0.511326860841424,0.6660377358490566,0.5838323353293413,0.7851063829787234,0.6156693399136336,0.7258448357924798,0.6696428571428571,0.7424607961399277,0.776536312849162,0.7995941146626078,0.5669291338582677,0.48249027237354086,0.5594011277464515,0.762962962962963,0.8576178368863681,0.6464088397790055,0.6509928812289247
49,0.6654,0.6654,0.7139186859130859,0.21399962902069092,0.5378117561340332,0.004387819420247338,0.008143510920641155,0.006251697269685703,884.1448275303601,0.004091874484943827,0,0.6993096394783943,0.6124652884912064,0.6848826291079813,0.49838187702265374,0.6748427672955974,0.5793413173652695,0.7907801418439716,0.6051819864281308,0.7391718229414564,0.6830357142857143,0.7466827503015682,0.7960893854748603,0.8077118214104515,0.5590551181102362,0.46108949416342415,0.58312269103636,0.7696969696969697,0.8587913162526892,0.6629834254143646,0.6549269389284376
50,0.6658,0.6658,0.7033676505088806,0.21337564289569855,0.5397186875343323,0.004246270029280605,0.007853011421971602,0.006251697269685703,848.0664940931161,0.003838196631576078,0,0.692406034262337,0.603517432891083,0.691830985915493,0.4919093851132686,0.6761006289308176,0.5823353293413174,0.8092198581560284,0.5909932140653917,0.7405997144217039,0.6741071428571429,0.7478890229191797,0.8212290502793296,0.8082191780821918,0.5039370078740157,0.44469149527515284,0.6113163523235465,0.7683501683501683,0.8576178368863681,0.6685082872928176,0.6577369801423755
51,0.6685,0.6685,0.7043189406394958,0.2127039134502411,0.5416123867034912,0.004212988554590773,0.007764269039609939,0.006251697269685703,854.92659334747,0.003999338817083326,0,0.6921503451802608,0.6078370873187288,0.7010328638497653,0.459546925566343,0.679874213836478,0.5703592814371258,0.8148936170212766,0.5743368291178285,0.7401237505949548,0.6473214285714286,0.7430639324487334,0.8044692737430168,0.8041603247082699,0.5196850393700787,0.4232907170650361,0.6338712813532957,0.762962962962963,0.8535106591042441,0.6685082872928176,0.6556762832521543
52,0.6693,0.6693,0.721417248249054,0.21241217851638794,0.5437048673629761,0.00428645668278994,0.007869319588682077,0.006251697269685703,895.3761479290993,0.004057796893996071,0,0.6970084377397086,0.6136994754705338,0.7106103286384976,0.44983818770226536,0.6773584905660377,0.5748502994011976,0.8170212765957446,0.5607649599012955,0.743455497382199,0.6428571428571429,0.7358262967430639,0.8044692737430168,0.7975646879756468,0.5354330708661418,0.405780989438577,0.6507874781256077,0.7600448933782267,0.8560531977312732,0.6850828729281768,0.6538029224428625
53,0.6678,0.6678,0.7218588590621948,0.21170362830162048,0.5457744002342224,0.004307035569268872,0.007877171219837399,0.006251697269685703,909.7963898693744,0.004024175669321588,0,0.704167732037842,0.6241900647948164,0.7134272300469483,0.44336569579288027,0.6710691823899371,0.5838323353293413,0.8219858156028369,0.5743368291178285,0.7405997144217039,0.6473214285714286,0.726779252110977,0.8128491620111732,0.7940131912734653,0.5275590551181102,0.41161756531406335,0.6535096247326463,0.7510662177328844,0.8566399374144338,0.6795580110497238,0.650243536905208
54,0.666,0.666,0.6942688822746277,0.20966985821723938,0.5474587678909302,0.0045215501248857285,0.008244102181597197,0.006251697269685703,830.1858720189392,0.00438856611057248,0,0.7136282280746612,0.6371490280777538,0.7085446009389671,0.46601941747572817,0.6628930817610063,0.6017964071856288,0.8297872340425532,0.5909932140653917,0.7405997144217039,0.6383928571428571,0.724065138721351,0.8128491620111732,0.7853881278538812,0.5433070866141733,0.4280155642023346,0.6433987944779311,0.7418630751964085,0.861920594562879,0.6740331491712708,0.6504308729861371
55,0.6621,0.6621,0.6897161602973938,0.20669926702976227,0.5490637421607971,0.004315926159596689,0.00784622913454099,0.006251697269685703,823.6394055942659,0.004106336768275292,0,0.7182306315520327,0.6420857759950632,0.700093896713615,0.49514563106796117,0.6553459119496855,0.5973053892215568,0.8276595744680851,0.6107341147439852,0.7429795335554498,0.6428571428571429,0.7186369119420989,0.8044692737430168,0.7884322678843226,0.5590551181102362,0.4558087826570317,0.6356212327435349,0.7384960718294051,0.861920594562879,0.6795580110497238,0.6498688647433496
56,0.6642,0.6642,0.7190186977386475,0.20552685856819153,0.5510228872299194,0.004494725065575483,0.00814228027415721,0.006251697269685703,872.9002182185676,0.00430996086640193,0,0.7279468166709282,0.6491823511261956,0.6875117370892019,0.49838187702265374,0.6566037735849056,0.5838323353293413,0.8290780141843972,0.6169031462060457,0.7382198952879581,0.6473214285714286,0.7144149577804584,0.7988826815642458,0.7909690512430239,0.5511811023622047,0.4741523068371317,0.6235660120552207,0.741638608305275,0.8634852337179738,0.6519337016574586,0.6500562008242787
57,0.665,0.665,0.7187972068786621,0.2052147388458252,0.5529526472091675,0.004518674964570389,0.008157150231767335,0.006251697269685703,899.6018715864842,0.004131142023159292,0,0.7297366402454615,0.6513421783400185,0.6856338028169014,0.5080906148867314,0.6559748427672956,0.5958083832335329,0.8276595744680851,0.6169031462060457,0.7344121846739647,0.65625,0.715319662243667,0.8100558659217877,0.7950279046169457,0.5354330708661418,0.47192884936075596,0.6198716702313825,0.7508417508417509,0.8642675532955212,0.6629834254143646,0.6449981266391908
58,0.6658,0.6658,0.73415207862854,0.20501132309436798,0.5550575852394104,0.004565217588385646,0.008209972689105739,0.006251697269685703,913.9625215416695,0.004273280894358883,0,0.7345947328049093,0.650416538105523,0.6944600938967136,0.47572815533980584,0.6584905660377358,0.6092814371257484,0.8290780141843972,0.6064157927205429,0.732032365540219,0.6428571428571429,0.721049457177322,0.8184357541899442,0.7955352612886859,0.5669291338582677,0.45692051139521955,0.6257048415321796,0.7589225589225589,0.8644631331899081,0.6574585635359116,0.650243536905208
59,0.6685,0.6685,0.6711890697479248,0.201680526137352,0.5563388466835022,0.004159843647388383,0.007463760461238129,0.006251697269685703,758.8569048295783,0.0037601520876077597,0,0.7386857581181283,0.6497994446158593,0.7111737089201878,0.45307443365695793,0.6591194968553459,0.6122754491017964,0.8333333333333334,0.581739666872301,0.7301285102332222,0.65625,0.7252714113389626,0.8240223463687151,0.8011161846778285,0.5905511811023622,0.43357420789327406,0.643593233521291,0.7683501683501683,0.8625073342460395,0.6629834254143646,0.643312101910828
60,0.6704,0.6704,0.7227121591567993,0.20101889967918396,0.5582480430603027,0.004326907286610352,0.007737009257882713,0.006251697269685703,895.6974956919094,0.004125036453899158,0,0.7376630017898236,0.6525763653193459,0.7207511737089202,0.4336569579288026,0.6584905660377358,0.6122754491017964,0.8290780141843972,0.5731030228254164,0.7344121846739647,0.65625,0.7252714113389626,0.835195530726257,0.8102486047691527,0.6220472440944882,0.4196775986659255,0.6527318685592067,0.7723905723905724,0.8654410326618424,0.6629834254143646,0.639378044211315
61,0.671,0.671,0.7071987986564636,0.19903796911239624,0.5599337816238403,0.0042808042943853885,0.007631567993628304,0.006251697269685703,834.2217035813434,0.003980653757002465,0,0.731782152902071,0.6513421783400185,0.7222535211267606,0.42718446601941745,0.6622641509433962,0.6122754491017964,0.8375886524822695,0.5706354102405923,0.737743931461209,0.6651785714285714,0.7234620024125452,0.835195530726257,0.8163368848300355,0.6220472440944882,0.415230683713174,0.6575928446432043,0.7741863075196409,0.8685703109720321,0.6906077348066298,0.6421880854252529
62,0.6731,0.6731,0.7155433297157288,0.197617769241333,0.5617032647132874,0.004700975594496235,0.00835427105064249,0.006251697269685703,862.6918877679618,0.004556484814183259,0,0.7294809511633853,0.6473310706572045,0.7226291079812207,0.45307443365695793,0.6641509433962264,0.6122754491017964,0.8404255319148937,0.5761875385564467,0.7420276059019515,0.6741071428571429,0.7195416164053076,0.840782122905028,0.8168442415017757,0.6456692913385826,0.4291272929405225,0.6502041609955279,0.775084175084175,0.8656366125562293,0.6850828729281768,0.6554889471712252
63,0.6729,0.6729,0.6824691295623779,0.1952672153711319,0.5630391836166382,0.004428237150519787,0.007850938869398721,0.006251697269685703,786.1927288802772,0.004067240145578335,0,0.7246228586039376,0.6442456032088861,0.7136150234741784,0.47896440129449835,0.6691823899371069,0.6167664670658682,0.8368794326241135,0.6125848241826033,0.7491670633031889,0.6830357142857143,0.7225572979493365,0.8296089385474861,0.8107559614408929,0.6299212598425197,0.45858810450250137,0.6400933307408128,0.7708193041526374,0.8640719734011344,0.6961325966850829,0.6702884975646309
64,0.6745,0.6745,0.7182654142379761,0.19496697187423706,0.5648026466369629,0.004706430142659375,0.00831814798080853,0.006251697269685703,880.8123070545766,0.004418249524442485,0,0.7202761442086423,0.6417772292502314,0.7059154929577465,0.5016181229773463,0.670440251572327,0.6092814371257484,0.8368794326241135,0.634793337446021,0.7524988100904332,0.6830357142857143,0.7264776839565742,0.8296089385474861,0.8153221714865551,0.6062992125984252,0.4919399666481378,0.6280381100524985,0.7665544332210998,0.8636808136123606,0.6795580110497238,0.6798426376920195
65,0.6746,0.6746,0.7016268372535706,0.1936028152704239,0.56633460521698,0.004411228666783359,0.007775356246947535,0.006251697269685703,828.5726959329463,0.00404991701797878,0,0.7164408079774993,0.638691761801913,0.6978403755868544,0.5242718446601942,0.6735849056603773,0.5973053892215568,0.8276595744680851,0.6403454657618753,0.7510709186101856,0.6875,0.7346200241254524,0.8240223463687151,0.8138001014713343,0.6062992125984252,0.5211228460255698,0.6142329379739452,0.7656565656565657,0.8666145120281635,0.6629834254143646,0.6845260397152492
66,0.6738,0.6738,0.6931755542755127,0.1912284642457962,0.5677432417869568,0.004321298743025041,0.007597978183349981,0.006251697269685703,797.1333930800854,0.004013916801481435,0,0.7253899258501662,0.6420857759950632,0.6907042253521126,0.5436893203883495,0.679874213836478,0.6137724550898204,0.8304964539007093,0.6428130783466995,0.7467872441694431,0.6964285714285714,0.7409529553679132,0.8240223463687151,0.8072044647387113,0.6377952755905512,0.5252918287937743,0.6155940112774645,0.7602693602693603,0.8672012517113241,0.6629834254143646,0.6830273510678156
67,0.6738,0.6738,0.6713997721672058,0.18843112885951996,0.568873405456543,0.004156552703959592,0.007293817651710999,0.006251697269685703,732.337247873478,0.0038947477809488673,0,0.7294809511633853,0.6476396174020365,0.6860093896713615,0.5339805825242718,0.680503144654088,0.6272455089820359,0.8312056737588652,0.6465144972239358,0.7510709186101856,0.6964285714285714,0.7451749095295537,0.8156424581005587,0.802130898021309,0.6220472440944882,0.5172317954419122,0.620843865448182,0.7620650953984287,0.8752200273811852,0.6685082872928176,0.6830273510678156
68,0.6705,0.6705,0.7307881116867065,0.18829727172851562,0.5707198977470398,0.004415753209048861,0.00772363044639498,0.006251697269685703,874.7075954993807,0.004260816975009037,0,0.7322935310662235,0.6485652576365319,0.6831924882629108,0.5145631067961165,0.6874213836477987,0.6302395209580839,0.8276595744680851,0.6471314003701419,0.7501189909566873,0.6741071428571429,0.7430639324487334,0.8184357541899442,0.8051750380517504,0.6141732283464567,0.5177876598110062,0.6150106941473847,0.7607182940516274,0.8795227850576961,0.6685082872928176,0.6841513675533908
69,0.6703,0.6703,0.6969749927520752,0.1863119751214981,0.5721203684806824,0.004431844493162668,0.007732833688865915,0.006251697269685703,789.7805019084411,0.0042185405949090975,0,0.7379186908718998,0.6615242209194693,0.6890140845070423,0.49838187702265374,0.689937106918239,0.6362275449101796,0.8283687943262411,0.6452806909315237,0.7472632079961923,0.6741071428571429,0.7493968636911942,0.8379888268156425,0.808726534753932,0.6220472440944882,0.5116731517509727,0.6202605483181023,0.757351290684624,0.8765890866418932,0.6850828729281768,0.6734732109404271
70,0.6702,0.6702,0.7367945909500122,0.1871994137763977,0.5740010142326355,0.005140403706909003,0.008939816764965363,0.006251697269685703,888.3162056044689,0.005039309607119786,0,0.7453336742521094,0.6621413144091329,0.7008450704225352,0.511326860841424,0.6842767295597484,0.6422155688622755,0.8312056737588652,0.6354102405922271,0.7429795335554498,0.6785714285714286,0.747285886610374,0.8435754189944135,0.8072044647387113,0.6062992125984252,0.5005558643690939,0.6272603538790589,0.7627384960718294,0.8744377078036378,0.6961325966850829,0.6719745222929936
71,0.672,0.672,0.6928473711013794,0.18603858351707458,0.5753110647201538,0.0047157069029585925,0.008182572210805036,0.006251697269685703,779.2417659797775,0.004266351408882239,0,0.7450779851700332,0.660290033940142,0.7132394366197183,0.49514563106796117,0.680503144654088,0.6347305389221557,0.8319148936170213,0.6317088217149908,0.7429795335554498,0.6830357142857143,0.7478890229191797,0.8435754189944135,0.8127853881278538,0.6062992125984252,0.4866592551417454,0.6315380128329768,0.7708193041526374,0.8695482104439664,0.7182320441988951,0.6702884975646309
72,0.6743,0.6743,0.7425520420074463,0.18700800836086273,0.5772234201431274,0.004902321007600671,0.008478247052648267,0.006251697269685703,911.7945615082655,0.00461853904999929,0,0.7484019432370238,0.6609071274298056,0.7250704225352113,0.5016181229773463,0.6767295597484276,0.6511976047904192,0.8361702127659575,0.6224552745219001,0.7396477867682056,0.6696428571428571,0.746984318455971,0.8379888268156425,0.817351598173516,0.5905511811023622,0.4886047804335742,0.637371184133774,0.7795735129068463,0.8652454527674555,0.7237569060773481,0.6697264893218434
73,0.6769,0.6769,0.7370821833610535,0.18744072318077087,0.5790404677391052,0.004712146453738016,0.008123823622350224,0.006251697269685703,898.3368920734272,0.00433116412732195,0,0.747379186908719,0.6605985806849738,0.7252582159624413,0.4919093851132686,0.6685534591194968,0.657185628742515,0.8304964539007093,0.6181369524984578,0.7410756782484531,0.65625,0.7430639324487334,0.8435754189944135,0.8234398782343988,0.5748031496062992,0.47581989994441354,0.6381489403072137,0.7867564534231201,0.8670056718169372,0.7237569060773481,0.67740726863994
74,0.6772,0.6772,0.7080219984054565,0.18733234703540802,0.5804721713066101,0.004683637189110946,0.008054791648216755,0.006251697269685703,834.8343386252733,0.004363421961674751,0,0.7420097161851189,0.6516507250848503,0.7228169014084507,0.4854368932038835,0.6654088050314465,0.6526946107784432,0.8290780141843972,0.6119679210363973,0.7482151356496907,0.6651785714285714,0.7460796139927623,0.8519553072625698,0.8259766615930999,0.5511811023622047,0.4697053918843802,0.637371184133774,0.794388327721661,0.8718951691766087,0.712707182320442,0.6884600974147621
75,0.6779,0.6779,0.7270514965057373,0.18613025546073914,0.5821207165718079,0.004988454266004403,0.00855475397158198,0.006251697269685703,869.9372849499088,0.0048098788309857456,0,0.7399642035285093,0.6473310706572045,0.7196244131455399,0.49514563106796117,0.680503144654088,0.6422155688622755,0.8347517730496454,0.6107341147439852,0.7501189909566873,0.6651785714285714,0.7490952955367913,0.8575418994413407,0.8280060882800608,0.5590551181102362,0.45858810450250137,0.6365934279603345,0.7941638608305275,0.8738509681204772,0.7071823204419889,0.6961408767328587
76,0.6802,0.6802,0.7491839528083801,0.1869000345468521,0.5840279459953308,0.004865240320082409,0.008316252844648278,0.006251697269685703,911.2575951010577,0.004482036450995418,0,0.7509588340577857,0.6550447392780007,0.7154929577464789,0.4886731391585761,0.6949685534591195,0.6467065868263473,0.8312056737588652,0.6039481801357187,0.7510709186101856,0.6607142857142857,0.7503015681544029,0.8491620111731844,0.8320649416539827,0.5590551181102362,0.45858810450250137,0.635232354656815,0.7941638608305275,0.8703305300215138,0.712707182320442,0.6968902210565755
77,0.6778,0.6778,0.7458904981613159,0.1869506686925888,0.5858679413795471,0.005080724611751166,0.008657355860686368,0.006251697269685703,904.6312768579145,0.004823668102077388,0,0.7509588340577857,0.6541190990435051,0.7085446009389671,0.49838187702265374,0.6861635220125786,0.6482035928143712,0.8347517730496454,0.607649599012955,0.7534507377439315,0.6383928571428571,0.7518094089264173,0.840782122905028,0.8300355149670218,0.5511811023622047,0.471650917176209,0.6327046470931363,0.7890011223344556,0.8726774887541561,0.7016574585635359,0.695391532409142
78,0.6759,0.6759,0.6987298727035522,0.1846221536397934,0.5871039628982544,0.004536158959665557,0.007713192302447281,0.006251697269685703,792.394705947965,0.004057266991495102,0,0.7440552288417285,0.6525763653193459,0.7077934272300469,0.5016181229773463,0.6830188679245283,0.657185628742515,0.8390070921985816,0.6236890808143122,0.7486910994764397,0.6517857142857143,0.7487937273823885,0.8268156424581006,0.8249619482496194,0.5590551181102362,0.4883268482490272,0.6328990861364963,0.7811447811447811,0.8726774887541561,0.7016574585635359,0.6871487448482577
79,0.6728,0.6728,0.7286890149116516,0.183349147439003,0.5886884331703186,0.004740330994673817,0.00803870438697358,0.006251697269685703,860.3828679218504,0.004572104632121775,0,0.7412426489388904,0.650416538105523,0.7017840375586855,0.5436893203883495,0.6836477987421383,0.6511976047904192,0.8468085106382979,0.6415792720542874,0.7439314612089482,0.6785714285714286,0.7524125452352232,0.8296089385474861,0.821917808219178,0.5905511811023622,0.5147304057809894,0.6278436710091386,0.7732884399551067,0.8679835712888715,0.7071823204419889,0.6847133757961783
80,0.6714,0.6714,0.7393453121185303,0.18356749415397644,0.5903853178024292,0.004823423249496544,0.008156143049712912,0.006251697269685703,891.190791912635,0.004608201220612333,0,0.7450779851700332,0.6507250848503549,0.699906103286385,0.5469255663430421,0.6817610062893081,0.6362275449101796,0.8475177304964538,0.6465144972239358,0.7486910994764397,0.6830357142857143,0.7512062726176115,0.8240223463687151,0.8178589548452562,0.6062992125984252,0.5261256253474152,0.6223993777950613,0.7663299663299663,0.8679835712888715,0.6906077348066298,0.6860247283626827
81,0.6721,0.6721,0.7655355930328369,0.18457749485969543,0.5923932194709778,0.005281077624771292,0.008899794354710493,0.006251697269685703,938.3641220057449,0.005081021565501064,0,0.747379186908719,0.652267818574514,0.7046009389671362,0.5566343042071198,0.6779874213836478,0.6362275449101796,0.8439716312056738,0.6440468846391116,0.752022846263684,0.6964285714285714,0.747285886610374,0.8240223463687151,0.8163368848300355,0.6062992125984252,0.5252918287937743,0.6255104024888197,0.7591470258136925,0.8716995892822218,0.6906077348066298,0.6811539902585237
82,0.6714,0.6714,0.758331835269928,0.18553276360034943,0.5942820310592651,0.0054130857165875694,0.00909331280662939,0.006251697269685703,966.4111799469307,0.005090540195511794,0,0.7455893633341857,0.6525763653193459,0.7134272300469483,0.5469255663430421,0.6723270440251572,0.6407185628742516,0.8432624113475178,0.6440468846391116,0.7505949547834364,0.6830357142857143,0.741254523522316,0.8379888268156425,0.821917808219178,0.6062992125984252,0.5097276264591439,0.6362045498736146,0.7611672278338945,0.8785448855857618,0.6850828729281768,0.6759085799925065
83,0.6718,0.6718,0.6840160489082336,0.18326452374458313,0.5952463746070862,0.004540448466183269,0.0076150542117347534,0.006251697269685703,738.9488152795351,0.003976855071310484,0,0.7514702122219381,0.6553532860228325,0.7186854460093897,0.5210355987055016,0.6748427672955974,0.6482035928143712,0.8468085106382979,0.6199876619370759,0.757734412184674,0.6741071428571429,0.7451749095295537,0.8463687150837989,0.8224251648909183,0.5984251968503937,0.4877709838799333,0.6474820143884892,0.7672278338945006,0.8853901818893017,0.6906077348066298,0.6766579243162233
84,0.6745,0.6745,0.7284830808639526,0.18299491703510284,0.5967260599136353,0.0048371967533232555,0.008092664981048638,0.006251697269685703,849.8054757490802,0.004670569727131465,0,0.757862439273843,0.6618327676643011,0.7258215962441315,0.5016181229773463,0.6786163522012578,0.6586826347305389,0.8446808510638298,0.6045650832819247,0.7529747739171823,0.6651785714285714,0.7509047044632087,0.840782122905028,0.8203957382039574,0.5905511811023622,0.46470261256253476,0.6554540151662454,0.7777777777777778,0.8857813416780755,0.6795580110497238,0.6736605470213564
85,0.6728,0.6728,0.71583491563797,0.18136237561702728,0.5980345010757446,0.004624592303598904,0.007720076715604983,0.006251697269685703,822.0049120062082,0.00420559654644404,0,0.761697775504986,0.6695464362850972,0.7209389671361502,0.4563106796116505,0.6842767295597484,0.6721556886227545,0.8347517730496454,0.5922270203578038,0.7524988100904332,0.6741071428571429,0.7611580217129071,0.835195530726257,0.8193810248604769,0.6062992125984252,0.4494163424124514,0.662453820727202,0.7887766554433221,0.8846078623117544,0.7016574585635359,0.6759085799925065
86,0.6756,0.6756,0.7241103649139404,0.18006722629070282,0.5994265675544739,0.0048885270050228555,0.00814175665965904,0.006251697269685703,862.0852481995917,0.004708589766692449,0,0.7583738174379954,0.6713977167540882,0.711924882629108,0.4692556634304207,0.6886792452830188,0.655688622754491,0.8276595744680851,0.594694632942628,0.7496430271299381,0.6785714285714286,0.7653799758745476,0.8212290502793296,0.8214104515474379,0.5905511811023622,0.4502501389660923,0.662648259770562,0.7970819304152638,0.8828476432622726,0.712707182320442,0.6807793180966654
87,0.6801,0.6801,0.7329404950141907,0.18001064658164978,0.6009085178375244,0.005024288262486239,0.008347262272574228,0.006251697269685703,878.2196514885914,0.004814109983465896,0,0.7611863973408336,0.6766430114162295,0.7064788732394366,0.47249190938511326,0.6911949685534591,0.6601796407185628,0.8262411347517731,0.6020974706971005,0.7534507377439315,0.6741071428571429,0.7662846803377563,0.8212290502793296,0.8224251648909183,0.5826771653543307,0.4608115619788771,0.6577872836865643,0.8006734006734006,0.8832388030510464,0.7182320441988951,0.6835893593106033
88,0.6832,0.6832,0.7576928734779358,0.1806449294090271,0.6026782989501953,0.005401476096845181,0.008947606873128322,0.006251697269685703,932.8241199373236,0.005190925736859045,0,0.7593965737663002,0.675717371181734,0.7027230046948357,0.49514563106796117,0.6855345911949685,0.6661676646706587,0.824822695035461,0.6125848241826033,0.7553545930509281,0.6785714285714286,0.7653799758745476,0.8128491620111732,0.8209030948756976,0.6141732283464567,0.4744302390216787,0.6552595761228854,0.8002244668911336,0.8846078623117544,0.6961325966850829,0.6927688272761334
89,0.6848,0.6848,0.7530360221862793,0.18144579231739044,0.6043670773506165,0.005372450478596538,0.008874698806068244,0.006251697269685703,907.315692084681,0.005003978871188387,0,0.7604193300946049,0.675717371181734,0.7034741784037559,0.5210355987055016,0.6886792452830188,0.6691616766467066,0.8319148936170213,0.6267735965453424,0.7624940504521657,0.6607142857142857,0.7641737032569361,0.8240223463687151,0.8209030948756976,0.6220472440944882,0.49166203446359086,0.6402877697841727,0.792368125701459,0.885194601994915,0.7016574585635359,0.6998875983514425
90,0.6847,0.6847,0.7723366618156433,0.1834050714969635,0.6062771677970886,0.00559531714096099,0.009213778218038605,0.006251697269685703,949.710735683039,0.005399390923683346,0,0.7583738174379954,0.6766430114162295,0.7062910798122066,0.5275080906148867,0.6861635220125786,0.6661676646706587,0.8382978723404255,0.6477483035163479,0.7639219419324131,0.6651785714285714,0.7623642943305187,0.840782122905028,0.8244545915778793,0.6456692913385826,0.5105614230127848,0.6282325490958585,0.7836139169472502,0.8855857617836886,0.712707182320442,0.6991382540277258
91,0.6843,0.6843,0.7260602116584778,0.18207670748233795,0.6075919270515442,0.005181231253520883,0.008513473516848117,0.006251697269685703,822.5194007166969,0.004618469167660539,0,0.7609307082587573,0.6763344646713977,0.7177464788732394,0.5436893203883495,0.679874213836478,0.6676646706586826,0.8425531914893617,0.6384947563232573,0.7582103760114232,0.65625,0.7551266586248492,0.8379888268156425,0.8259766615930999,0.6456692913385826,0.5141745414118954,0.633287964223216,0.7784511784511785,0.8844122824173675,0.6906077348066298,0.6968902210565755
92,0.685,0.685,0.7473429441452026,0.18257008492946625,0.6091480851173401,0.005282560756779015,0.008657833869564802,0.006251697269685703,894.5358092217235,0.005025971621664626,0,0.7570953720276145,0.6692378895402653,0.7329577464788732,0.5339805825242718,0.670440251572327,0.6511976047904192,0.8524822695035461,0.6403454657618753,0.7563065207044265,0.6517857142857143,0.746984318455971,0.8268156424581006,0.821917808219178,0.6535433070866141,0.5036131183991106,0.6408710869142524,0.7694725028058361,0.8808918443184041,0.6906077348066298,0.6899587860621956
93,0.6839,0.6839,0.7622465491294861,0.18166345357894897,0.6108691096305847,0.005456168680569827,0.008917215454566717,0.006251697269685703,933.3794796784043,0.005243948319331116,0,0.7484019432370238,0.6559703795124961,0.7446009389671362,0.540453074433657,0.660377358490566,0.6497005988023952,0.8560283687943262,0.6384947563232573,0.7553545930509281,0.6651785714285714,0.7424607961399277,0.8296089385474861,0.8229325215626585,0.6377952755905512,0.500277932184547,0.6523429904724869,0.7679012345679013,0.8861725014668492,0.6740331491712708,0.6835893593106033
94,0.6826,0.6826,0.7743619084358215,0.18234045803546906,0.6127200722694397,0.005691502989446446,0.009273776835097097,0.006251697269685703,957.0124757733561,0.005414120750915655,0,0.7404755816926617,0.6460968836778772,0.7446009389671362,0.5275080906148867,0.6610062893081761,0.6452095808383234,0.8553191489361702,0.6391116594694632,0.7572584483579248,0.6651785714285714,0.744270205066345,0.8324022346368715,0.8183663115169965,0.6377952755905512,0.4955530850472485,0.6597316741201633,0.7676767676767676,0.889106199882652,0.6740331491712708,0.6798426376920195
95,0.6839,0.6839,0.735150933265686,0.18191367387771606,0.6140651702880859,0.005664942455127796,0.009210312547001213,0.006251697269685703,872.999147861292,0.005228420211670934,0,0.7432881615954998,0.6454797901882136,0.7344600938967136,0.5210355987055016,0.6679245283018868,0.6482035928143712,0.8602836879432624,0.6391116594694632,0.7582103760114232,0.6651785714285714,0.753015681544029,0.8268156424581006,0.8209030948756976,0.6456692913385826,0.4944413563090606,0.6659537235076803,0.7710437710437711,0.8883238803051047,0.7016574585635359,0.6824653428250281
96,0.6848,0.6848,0.7678771018981934,0.18183216452598572,0.6157935261726379,0.00580680119721846,0.009414497641133088,0.006251697269685703,935.1955439398539,0.005535998215656019,0,0.7455893633341857,0.6565874730021598,0.7254460093896714,0.517799352750809,0.6842767295597484,0.6586826347305389,0.8531914893617021,0.6440468846391116,0.7620180866254165,0.6785714285714286,0.7569360675512666,0.8268156424581006,0.8203957382039574,0.6456692913385826,0.49332962757087273,0.6620649426404822,0.782716049382716,0.8848034422061412,0.7182320441988951,0.6920194829524167
97,0.6851,0.6851,0.7565163969993591,0.1823364794254303,0.6173595190048218,0.005553103547161325,0.008980380145353635,0.006251697269685703,906.3424518569566,0.005225402071614168,0,0.7476348759907951,0.6661524220919469,0.7173708920187793,0.5242718446601942,0.6943396226415094,0.6706586826347305,0.8460992907801419,0.6428130783466995,0.7658257972394098,0.6964285714285714,0.7635705669481303,0.835195530726257,0.8148148148148148,0.6299212598425197,0.5025013896609227,0.6610927474236826,0.7800224466891134,0.8808918443184041,0.7292817679558011,0.7000749344323717
98,0.6836,0.6836,0.7765733599662781,0.18204738199710846,0.6191543340682983,0.005676727398509399,0.009153733331619698,0.006251697269685703,976.1759762169496,0.0054048353833400595,0,0.7555612375351572,0.668003702560938,0.7077934272300469,0.5275080906148867,0.6893081761006289,0.6706586826347305,0.8468085106382979,0.6428130783466995,0.7734412184673964,0.7053571428571429,0.7665862484921593,0.8240223463687151,0.8138001014713343,0.6299212598425197,0.5075041689827682,0.6572039665564845,0.7764309764309765,0.8791316252689223,0.7292817679558011,0.7075683776695392
99,0.6846,0.6846,0.7529804110527039,0.18171392381191254,0.620635449886322,0.005415188117520411,0.008711195795720278,0.006251697269685703,891.307855836338,0.005082887409009677,0,0.759140884684224,0.6704720765195927,0.7062910798122066,0.5145631067961165,0.6842767295597484,0.6751497005988024,0.8446808510638298,0.6440468846391116,0.7715373631603998,0.7008928571428571,0.758745476477684,0.8240223463687151,0.8112633181126332,0.5984251968503937,0.5247359644246804,0.6533151856892864,0.7757575757575758,0.8795227850576961,0.7071823204419889,0.7081303859123267
100,0.6854,0.6854,0.7134116291999817,0.179587259888649,0.6216318011283875,0.005305943460110639,0.008521799642252047,0.006251697269685703,819.6869655320044,0.005015487324223545,0,0.7540271030427,0.6710891700092564,0.7066666666666667,0.5145631067961165,0.6679245283018868,0.6631736526946108,0.8453900709219858,0.6384947563232573,0.7658257972394098,0.6964285714285714,0.7536188178528347,0.8268156424581006,0.8168442415017757,0.5826771653543307,0.5236242356864925,0.6573984055998444,0.784736251402918,0.876980246430667,0.7016574585635359,0.7062570251030349
101,0.6849,0.6849,0.673964262008667,0.175022691488266,0.6221769452095032,0.004969756598710909,0.007974872364766555,0.006251697269685703,701.1244535911754,0.004609728930789113,0,0.7530043467143953,0.672014810243752,0.7156807511737089,0.517799352750809,0.660377358490566,0.6452095808383234,0.849645390070922,0.6384947563232573,0.7582103760114232,0.6875,0.746984318455971,0.8268156424581006,0.8259766615930999,0.6062992125984252,0.5122290161200667,0.6581761617732841,0.7885521885521886,0.8789360453745355,0.7182320441988951,0.7017609591607343
102,0.6841,0.6841,0.7759507894515991,0.17584331333637238,0.6239022612571716,0.005789645777651497,0.009264882104929418,0.006251697269685703,986.4732175250732,0.005733606345422482,0,0.757862439273843,0.6735575439679111,0.7237558685446009,0.4854368932038835,0.6528301886792452,0.6467065868263473,0.8560283687943262,0.6273904996915485,0.7582103760114232,0.6741071428571429,0.73854041013269,0.8240223463687151,0.8269913749365804,0.6141732283464567,0.4980544747081712,0.6538985028193661,0.7901234567901234,0.8875415607275572,0.712707182320442,0.6998875983514425
103,0.6839,0.6839,0.7730588316917419,0.176664799451828,0.6255698800086975,0.006008092526319654,0.009588862660037624,0.006251697269685703,964.4800048766496,0.0057799879321168025,0,0.7570953720276145,0.6729404504782475,0.7316431924882629,0.4854368932038835,0.6528301886792452,0.6302395209580839,0.8581560283687943,0.621221468229488,0.760590195145169,0.6696428571428571,0.7352231604342582,0.8268156424581006,0.8249619482496194,0.6141732283464567,0.49221789883268485,0.6513707952556873,0.7856341189674523,0.8975161353412869,0.7237569060773481,0.703446983889097
104,0.6835,0.6835,0.7850175499916077,0.17824111878871918,0.6273650527000427,0.005888898803782418,0.00937177963427185,0.006251697269685703,955.802799465271,0.005566569354267492,0,0.7581181283559192,0.673866090712743,0.7393427230046948,0.49838187702265374,0.6534591194968553,0.6452095808383234,0.8546099290780141,0.6261566933991364,0.7653498334126606,0.6696428571428571,0.7303980699638118,0.8268156424581006,0.8214104515474379,0.6377952755905512,0.4886047804335742,0.6432043554345712,0.7811447811447811,0.9026012125953452,0.6961325966850829,0.7066316972648932
105,0.683,0.683,0.7199206948280334,0.17688460648059845,0.6283581256866455,0.005266949156611543,0.008368763255205722,0.006251697269685703,804.3411424801172,0.004753561345582384,0,0.761697775504986,0.6744831842024067,0.7382159624413146,0.49838187702265374,0.6572327044025157,0.6452095808383234,0.8524822695035461,0.6310919185687847,0.763445978105664,0.6696428571428571,0.7346200241254524,0.8268156424581006,0.8153221714865551,0.6456692913385826,0.49416342412451364,0.6369823060470543,0.7791245791245791,0.9074907099550166,0.6961325966850829,0.7038216560509554
106,0.6824,0.6824,0.7773509621620178,0.17719312012195587,0.6300224661827087,0.005910758119613087,0.009366953533951774,0.006251697269685703,959.0414884167523,0.005803534110963564,0,0.7660444899002813,0.6735575439679111,0.7338967136150235,0.517799352750809,0.6591194968553459,0.657185628742515,0.8475177304964538,0.6317088217149908,0.763445978105664,0.6651785714285714,0.7430639324487334,0.8240223463687151,0.8148148148148148,0.6377952755905512,0.49499722067815455,0.6408710869142524,0.784736251402918,0.9092509290044983,0.6961325966850829,0.6985762457849382
107,0.6821,0.6821,0.7576905488967896,0.17820072174072266,0.6314269304275513,0.005742520293544891,0.00908013245049933,0.006251697269685703,923.7439511639524,0.005463261436535596,0,0.7678343134748147,0.681579759333539,0.7286384976525822,0.5275080906148867,0.6566037735849056,0.6676646706586826,0.8411347517730496,0.6403454657618753,0.7677296525464065,0.6473214285714286,0.7457780458383595,0.835195530726257,0.8198883815322171,0.6535433070866141,0.49777654252362424,0.6424265992611317,0.7876543209876543,0.905534911011148,0.7016574585635359,0.695391532409142
108,0.6808,0.6808,0.7183980345726013,0.17576605081558228,0.6323558688163757,0.005052363260674167,0.007977131829718565,0.006251697269685703,813.8238677240913,0.004600032493278707,0,0.7680900025568909,0.6846652267818575,0.7194366197183099,0.5436893203883495,0.6666666666666666,0.6616766467065869,0.8489361702127659,0.6421961752004935,0.7743931461208948,0.6428571428571429,0.7481905910735827,0.8324022346368715,0.8209030948756976,0.6614173228346457,0.4961089494163424,0.6486486486486487,0.7881032547699215,0.8996675141795424,0.7016574585635359,0.7000749344323717
109,0.6845,0.6845,0.7610619068145752,0.17652395367622375,0.6337723135948181,0.005394803640770706,0.008498801105894271,0.006251697269685703,910.8662070790368,0.0053680257425528935,0,0.7701355152135004,0.6886763344646714,0.7085446009389671,0.5307443365695793,0.6748427672955974,0.6616766467065869,0.8531914893617021,0.6421961752004935,0.7696335078534031,0.6651785714285714,0.7503015681544029,0.8324022346368715,0.8209030948756976,0.6220472440944882,0.49861033907726515,0.658370600816644,0.7903479236812571,0.8924310580872287,0.7016574585635359,0.7036343199700262
110,0.6847,0.6847,0.7389093637466431,0.17418469488620758,0.6349098682403564,0.00713965532641102,0.01122746427283375,0.006251697269685703,866.3523581279745,0.007154986139860024,0,0.7701355152135004,0.6926874421474853,0.7021596244131455,0.5339805825242718,0.6779874213836478,0.6766467065868264,0.8602836879432624,0.6372609500308452,0.7715373631603998,0.6651785714285714,0.758443908323281,0.8240223463687151,0.8224251648909183,0.6141732283464567,0.4911061700944969,0.664787089247521,0.7912457912457912,0.8855857617836886,0.6961325966850829,0.7073810415886099
111,0.6868,0.6868,0.6791780591011047,0.17098106443881989,0.6353678703308105,0.005423242394321535,0.008522181346934292,0.006251697269685703,704.9124956280144,0.004630671214429524,0,0.7698798261314241,0.6920703486578217,0.7059154929577465,0.5210355987055016,0.6823899371069182,0.6811377245508982,0.8588652482269503,0.6273904996915485,0.7667777248929082,0.65625,0.7593486127864898,0.8268156424581006,0.823947234906139,0.6377952755905512,0.48554752640355753,0.6710091386350379,0.7916947250280584,0.8818697437903383,0.712707182320442,0.7090670663169727
112,0.6869,0.6869,0.7472487092018127,0.17138659954071045,0.6365839838981628,0.005556712886096878,0.008715264226248845,0.006251697269685703,883.0612030758547,0.005386054837457153,0,0.7701355152135004,0.6831224930576982,0.7064788732394366,0.5372168284789643,0.689937106918239,0.6796407185628742,0.8609929078014185,0.6391116594694632,0.763445978105664,0.6785714285714286,0.7677925211097708,0.8296089385474861,0.8259766615930999,0.6535433070866141,0.5008337965536409,0.658370600816644,0.7914702581369248,0.8836299628398201,0.7292817679558011,0.7075683776695392
113,0.686,0.686,0.7931997179985046,0.17407265305519104,0.638340413570404,0.0062956935470225425,0.009847169697695423,0.006251697269685703,995.1215395728094,0.006232286456966271,0,0.768345691638967,0.6840481332921937,0.711737089201878,0.5501618122977346,0.6937106918238993,0.6931137724550899,0.8609929078014185,0.64898210980876,0.760590195145169,0.7053571428571429,0.7696019300361882,0.8324022346368715,0.8259766615930999,0.6535433070866141,0.5113952195664258,0.6443709896947307,0.7833894500561167,0.8867592411500098,0.7182320441988951,0.7070063694267515
114,0.6844,0.6844,0.7390876412391663,0.17373594641685486,0.6394264101982117,0.006071093312052481,0.009479767254091661,0.006251697269685703,860.3469931337831,0.005718008229846048,0,0.7678343134748147,0.6818883060783709,0.7179342723004695,0.5533980582524272,0.7,0.6751497005988024,0.8595744680851064,0.6520666255397902,0.7620180866254165,0.7098214285714286,0.7711097708082026,0.8435754189944135,0.8224251648909183,0.6456692913385826,0.5155642023346303,0.6350379156134551,0.7773288439955106,0.8914531586152944,0.6961325966850829,0.6985762457849382
115,0.6845,0.6845,0.7753233909606934,0.17499367892742157,0.6409280896186829,0.006509571175894455,0.01014065481970303,0.006251697269685703,962.2044892295702,0.006367170035841235,0,0.7675786243927384,0.6760259179265659,0.7237558685446009,0.5598705501618123,0.6987421383647798,0.6631736526946108,0.8567375886524823,0.6465144972239358,0.7653498334126606,0.7008928571428571,0.7717129071170085,0.8463687150837989,0.8178589548452562,0.6535433070866141,0.5069483046136742,0.6360101108302547,0.7741863075196409,0.8961470760805789,0.6850828729281768,0.6976395653802923
116,0.6825,0.6825,0.7120351195335388,0.17319843173027039,0.6416781544685364,0.005623619562936232,0.008750288964756695,0.006251697269685703,774.7195711560048,0.004885851553841932,0,0.7678343134748147,0.6729404504782475,0.732206572769953,0.5372168284789643,0.6886792452830188,0.6586826347305389,0.8546099290780141,0.6391116594694632,0.7639219419324131,0.6964285714285714,0.7689987937273823,0.835195530726257,0.8188736681887366,0.6535433070866141,0.49221789883268485,0.6445654287380906,0.7791245791245791,0.8973205554469,0.6740331491712708,0.6884600974147621
117,0.6842,0.6842,0.7147814631462097,0.17162226140499115,0.6424503326416016,0.004957442516656528,0.007704468029885683,0.006251697269685703,803.8593624280911,0.00460667567317376,0,0.7655331117361288,0.6664609688367787,0.7406572769953051,0.5210355987055016,0.6874213836477987,0.6661676646706587,0.8531914893617021,0.6292412091301666,0.7615421227986673,0.6919642857142857,0.7705066344993968,0.8324022346368715,0.8203957382039574,0.6299212598425197,0.4785992217898833,0.6544818199494459,0.7896745230078563,0.8975161353412869,0.6906077348066298,0.687336080929187
118,0.687,0.687,0.76993328332901,0.1732066571712494,0.6438500881195068,0.0055223779854718874,0.00856381674937207,0.006251697269685703,956.0938492529667,0.005603970494675791,0,0.7706468933776528,0.6741746374575748,0.7444131455399061,0.5275080906148867,0.689937106918239,0.6751497005988024,0.8560283687943262,0.6292412091301666,0.7620180866254165,0.7008928571428571,0.7680940892641737,0.8324022346368715,0.8224251648909183,0.6299212598425197,0.46053362979433016,0.6612871864670425,0.7977553310886645,0.8955603363974184,0.7016574585635359,0.6927688272761334
119,0.6886,0.6886,0.7837537527084351,0.17412401735782623,0.6453993320465088,0.006109115800114086,0.009450993367787904,0.006251697269685703,940.2954285199675,0.00608988839913165,0,0.7706468933776528,0.6766430114162295,0.7459154929577465,0.5145631067961165,0.6880503144654088,0.6781437125748503,0.8595744680851064,0.6267735965453424,0.7620180866254165,0.6741071428571429,0.767189384800965,0.8296089385474861,0.8300355149670218,0.6299212598425197,0.46553640911617566,0.66673147968112,0.8044893378226712,0.8898885194601995,0.712707182320442,0.6972648932184339
120,0.6912,0.6912,0.7741498351097107,0.1748538464307785,0.646813690662384,0.006208549481460088,0.009583850373881259,0.006251697269685703,942.2952001627252,0.00595936108228228,0,0.7765277422654052,0.689601974699167,0.7406572769953051,0.5016181229773463,0.6867924528301886,0.687125748502994,0.8624113475177305,0.6236890808143122,0.7624940504521657,0.7053571428571429,0.7629674306393245,0.8240223463687151,0.8280060882800608,0.6456692913385826,0.46859366314619233,0.6696480653315185,0.8049382716049382,0.8889106199882653,0.7071823204419889,0.7004496065942301
121,0.6905,0.6905,0.7640519738197327,0.17556139826774597,0.6480910181999207,0.0060924997658238006,0.009386202543242256,0.006251697269685703,915.0384821146031,0.005808230766477057,0,0.7742265405267195,0.6991669237889541,0.7331455399061033,0.47896440129449835,0.6849056603773584,0.6976047904191617,0.8638297872340426,0.6169031462060457,0.760590195145169,0.6919642857142857,0.7611580217129071,0.8240223463687151,0.8264840182648402,0.6692913385826772,0.4633129516397999,0.6766478708924752,0.8051627384960718,0.885194601994915,0.712707182320442,0.7071937055076808
122,0.6891,0.6891,0.7035514116287231,0.17281031608581543,0.6486691236495972,0.005227455088801493,0.008046334508612035,0.006251697269685703,761.1464024958259,0.00474924747603886,0,0.7714139606238813,0.701326751002777,0.7260093896713615,0.5080906148867314,0.6767295597484276,0.6961077844311377,0.8595744680851064,0.6187538556446638,0.7648738695859115,0.6875,0.7548250904704463,0.8212290502793296,0.8264840182648402,0.6614173228346457,0.4680377987770984,0.6750923585455959,0.8024691358024691,0.8832388030510464,0.7182320441988951,0.7150618209067067
123,0.6882,0.6882,0.7554808855056763,0.17278452217578888,0.6498242616653442,0.005592932404167956,0.008593613873362113,0.006251697269685703,897.6202883783758,0.0055777646273489495,0,0.7650217335719764,0.6963900030854675,0.7153051643192488,0.5242718446601942,0.6786163522012578,0.6946107784431138,0.8546099290780141,0.6304750154225787,0.7624940504521657,0.6830357142857143,0.7569360675512666,0.8184357541899442,0.8274987316083207,0.6535433070866141,0.48082267926625905,0.6653704063776006,0.8002244668911336,0.882260903579112,0.6906077348066298,0.7238666167103784
124,0.6856,0.6856,0.7578021883964539,0.17258650064468384,0.6509926319122314,0.005954445051452899,0.009132687640946319,0.006251697269685703,879.2113642062938,0.005845938627266626,0,0.767067246228586,0.6957729095958037,0.7100469483568075,0.540453074433657,0.670440251572327,0.6901197604790419,0.8482269503546099,0.6434299814929056,0.7691575440266539,0.7008928571428571,0.7566344993968637,0.8184357541899442,0.8229325215626585,0.6535433070866141,0.5,0.6513707952556873,0.7968574635241302,0.8873459808331704,0.7016574585635359,0.7270513300861746
125,0.6835,0.6835,0.7030820846557617,0.17012785375118256,0.6515341401100159,0.005406414476938619,0.008285259183568709,0.006251697269685703,763.9860378055683,0.005040306810081076,0,0.7614420864229098,0.687442147485344,0.7102347417840376,0.5598705501618123,0.6660377358490566,0.6781437125748503,0.8482269503546099,0.6539173349784084,0.7648738695859115,0.7142857142857143,0.7512062726176115,0.8156424581005587,0.8249619482496194,0.6377952755905512,0.5083379655364091,0.6486486486486487,0.8006734006734006,0.8867592411500098,0.7237569060773481,0.7268639940052454
126,0.6828,0.6828,0.7545037865638733,0.17085015773773193,0.6526443362236023,0.005788871735139681,0.008856302142208713,0.006251697269685703,855.6788477185574,0.005731314178324838,0,0.761697775504986,0.679728478864548,0.7183098591549296,0.5728155339805825,0.660377358490566,0.6631736526946108,0.8489361702127659,0.6477483035163479,0.7624940504521657,0.7098214285714286,0.7496984318455971,0.8212290502793296,0.8244545915778793,0.6299212598425197,0.5066703724291273,0.6519541123857671,0.8013468013468014,0.8871504009387835,0.7237569060773481,0.7173098538778568
127,0.684,0.684,0.7895901203155518,0.17284303903579712,0.6541556715965271,0.00676960797752499,0.010332823588366956,0.006251697269685703,1003.496291100974,0.006802249821962806,0,0.7639989772436717,0.6760259179265659,0.7258215962441315,0.5436893203883495,0.6572327044025157,0.6631736526946108,0.8453900709219858,0.6514497223935842,0.7615421227986673,0.7232142857142857,0.7512062726176115,0.8296089385474861,0.8244545915778793,0.6377952755905512,0.5069483046136742,0.6505930390822477,0.8006734006734006,0.8879327205163309,0.7237569060773481,0.7094417384788311
128,0.6874,0.6874,0.7727441191673279,0.17293350398540497,0.6554477214813232,0.006618690346431468,0.010082585604068972,0.006251697269685703,916.9583232729952,0.006222167954387541,0,0.7706468933776528,0.685590867016353,0.7352112676056338,0.5533980582524272,0.6666666666666666,0.6601796407185628,0.8446808510638298,0.6421961752004935,0.7629700142789148,0.7321428571428571,0.7566344993968637,0.835195530726257,0.8244545915778793,0.6456692913385826,0.49777654252362424,0.6535096247326463,0.7968574635241302,0.8908664189321338,0.712707182320442,0.7000749344323717
129,0.6875,0.6875,0.7677616477012634,0.17371350526809692,0.6566659808158875,0.006181372783969587,0.00939895473428791,0.006251697269685703,914.6088551305991,0.005774903755591315,0,0.7734594732804909,0.6846652267818575,0.743849765258216,0.5436893203883495,0.6660377358490566,0.6676646706586826,0.85177304964539,0.636027143738433,0.763445978105664,0.7098214285714286,0.7521109770808203,0.8435754189944135,0.8269913749365804,0.6614173228346457,0.4858254585881045,0.6575928446432043,0.7928170594837262,0.8912575787209075,0.7237569060773481,0.6980142375421506
130,0.6892,0.6892,0.7527427077293396,0.17340092360973358,0.6576962471008301,0.005863832539207077,0.008902179972963272,0.006251697269685703,860.6916910273724,0.005570230575892842,0,0.7772948095116339,0.693304535637149,0.7500469483568075,0.5469255663430421,0.6685534591194968,0.6856287425149701,0.8560283687943262,0.6273904996915485,0.7591623036649214,0.71875,0.7524125452352232,0.835195530726257,0.8214104515474379,0.6614173228346457,0.4733185102834908,0.6573984055998444,0.794388327721661,0.8943868570310972,0.7016574585635359,0.6886474334956912
131,0.6887,0.6887,0.7940248250961304,0.17496763169765472,0.659199059009552,0.0063062727807447275,0.009552077808480315,0.006251697269685703,978.5894751364053,0.0063108187555451205,0,0.7836870365635388,0.6982412835544585,0.7534272300469483,0.5339805825242718,0.6723270440251572,0.6946107784431138,0.8624113475177305,0.6249228871067243,0.7534507377439315,0.7142857142857143,0.7506031363088058,0.8379888268156425,0.8214104515474379,0.6692913385826772,0.4733185102834908,0.6620649426404822,0.7966329966329966,0.8965382358693527,0.7182320441988951,0.6854627201198951
132,0.6875,0.6875,0.7400712370872498,0.17315442860126495,0.6600568294525146,0.005919745440250257,0.008954972063677147,0.006251697269685703,814.5995665741084,0.005644927168691809,0,0.7872666837126054,0.7053378586855908,0.7476056338028169,0.5469255663430421,0.6685534591194968,0.6901197604790419,0.8567375886524823,0.6280074028377545,0.7505949547834364,0.6875,0.7536188178528347,0.840782122905028,0.8234398782343988,0.6614173228346457,0.47887715397443026,0.664592650204161,0.7948372615039282,0.8981028750244475,0.7237569060773481,0.6863994005245411
133,0.6891,0.6891,0.7917974591255188,0.17358961701393127,0.6615042090415955,0.006412592301262388,0.009679323110322718,0.006251697269685703,967.2246538103446,0.00641825632071986,0,0.7852211710559959,0.6920703486578217,0.735962441314554,0.5533980582524272,0.6767295597484276,0.6901197604790419,0.8574468085106383,0.6421961752004935,0.7572584483579248,0.6919642857142857,0.7548250904704463,0.8379888268156425,0.8229325215626585,0.6850393700787402,0.4944413563090606,0.6712035776783978,0.7903479236812571,0.8961470760805789,0.712707182320442,0.6895841139003372
134,0.6912,0.6912,0.6836376190185547,0.17048195004463196,0.661729097366333,0.0055154635657258325,0.00832235009394356,0.006251697269685703,718.5216934167481,0.005023603798921685,0,0.7752492968550243,0.6902190681888306,0.7288262910798122,0.56957928802589,0.6811320754716981,0.6751497005988024,0.8581560283687943,0.6582356570018507,0.7558305568776773,0.7053571428571429,0.755729794933655,0.8296089385474861,0.817351598173516,0.6692913385826772,0.5113952195664258,0.6675092358545596,0.7930415263748597,0.8955603363974184,0.712707182320442,0.6995129261895842
135,0.6891,0.6891,0.7521185278892517,0.17025874555110931,0.6626940965652466,0.006044967548541011,0.009108062855802035,0.006251697269685703,878.187290511773,0.00607915408378551,0,0.7721810278701099,0.6843566800370257,0.7173708920187793,0.5501618122977346,0.6880503144654088,0.6781437125748503,0.8539007092198582,0.6650215916101172,0.757734412184674,0.6964285714285714,0.755729794933655,0.8268156424581006,0.8102486047691527,0.6535433070866141,0.5211228460255698,0.66673147968112,0.792368125701459,0.8971249755525132,0.7182320441988951,0.7049456725365305
136,0.6892,0.6892,0.752812922000885,0.1698302924633026,0.6636558175086975,0.006321323210665094,0.009510671604980536,0.006251697269685703,882.8420889549052,0.0062470216099707095,0,0.7726924060342624,0.6803455723542117,0.7134272300469483,0.5663430420711975,0.6955974842767295,0.6796407185628742,0.8546099290780141,0.661937075879087,0.7586863398381724,0.6919642857142857,0.7611580217129071,0.8240223463687151,0.8072044647387113,0.6377952755905512,0.519455252918288,0.6655648454209605,0.793939393939394,0.8981028750244475,0.712707182320442,0.7122517796927689
137,0.6887,0.6887,0.7677754163742065,0.17075355350971222,0.6647777557373047,0.0061397090192729705,0.009221859646652883,0.006251697269685703,916.9815382126773,0.00601351922958077,0,0.7737151623625671,0.6834310398025301,0.7183098591549296,0.5631067961165048,0.70062893081761,0.6811377245508982,0.8560283687943262,0.6514497223935842,0.7601142313184198,0.6964285714285714,0.7647768395657418,0.8128491620111732,0.8122780314561137,0.6377952755905512,0.5080600333518621,0.6669259187244799,0.7952861952861953,0.9020144729121846,0.7182320441988951,0.7096290745597602
138,0.6908,0.6908,0.7901654839515686,0.17225775122642517,0.6661484837532043,0.006737861581901553,0.010099493210261217,0.006251697269685703,970.703835007348,0.0066619296120916625,0,0.778828944004091,0.6868250539956804,0.7261971830985916,0.540453074433657,0.7094339622641509,0.687125748502994,0.8482269503546099,0.6514497223935842,0.7615421227986673,0.6875,0.7708082026537998,0.8184357541899442,0.8143074581430746,0.6614173228346457,0.4972206781545303,0.6595372350768034,0.7966329966329966,0.901427733229024,0.7071823204419889,0.7139378044211315
139,0.6879,0.6879,0.7807427048683167,0.17343923449516296,0.667391836643219,0.006706895499798054,0.010034376741465394,0.006251697269685703,945.5022915014358,0.006372403905107339,0,0.7831756583993863,0.6917618019129899,0.7314553990610329,0.49514563106796117,0.710691823899371,0.6811377245508982,0.8475177304964538,0.6286243059839605,0.7624940504521657,0.7008928571428571,0.7726176115802171,0.835195530726257,0.8209030948756976,0.6771653543307087,0.4822123401889939,0.6554540151662454,0.7928170594837262,0.9035791120672795,0.712707182320442,0.7171225177969277
140,0.6889,0.6889,0.7748932838439941,0.17422035336494446,0.6685524582862854,0.006556167709361543,0.00979186563834297,0.006251697269685703,912.0354163063482,0.006258102133907755,0,0.7847097928918435,0.6957729095958037,0.732206572769953,0.5048543689320388,0.720754716981132,0.6901197604790419,0.851063829787234,0.6323257248611968,0.7624940504521657,0.6919642857142857,0.7741254523522316,0.840782122905028,0.8264840182648402,0.6771653543307087,0.4874930516953863,0.6537040637760062,0.7901234567901234,0.901427733229024,0.7182320441988951,0.7109404271262645
141,0.6892,0.6892,0.7642209529876709,0.174959197640419,0.6695768237113953,0.00678181910080024,0.010113411112637884,0.006251697269685703,904.641869179451,0.006603209873693766,0,0.7862439273843007,0.701326751002777,0.7378403755868544,0.4886731391585761,0.7138364779874213,0.6931137724550899,0.8546099290780141,0.6329426280074029,0.7620180866254165,0.6830357142857143,0.7753317249698432,0.8463687150837989,0.8285134449518011,0.6850393700787402,0.4913841022790439,0.6529263076025666,0.7921436588103254,0.8996675141795424,0.7237569060773481,0.7058823529411765
142,0.6895,0.6895,0.7959566116333008,0.1767074167728424,0.670958399772644,0.006924221831819002,0.01030453943899176,0.006251697269685703,1000.1466451660411,0.006799938096056861,0,0.7870109946305293,0.705029311940759,0.7408450704225352,0.5048543689320388,0.710062893081761,0.6976047904191617,0.8602836879432624,0.6415792720542874,0.7596382674916706,0.6919642857142857,0.7714113389626055,0.840782122905028,0.8269913749365804,0.6929133858267716,0.5050027793218455,0.6537040637760062,0.7905723905723906,0.8971249755525132,0.7237569060773481,0.7070063694267515
143,0.6892,0.6892,0.7141395807266235,0.17402498424053192,0.6714040040969849,0.005978454370225801,0.008891164142091415,0.006251697269685703,784.3837057096913,0.005365554831855389,0,0.7778061876757862,0.6942301758716446,0.7491079812206572,0.5275080906148867,0.70062893081761,0.6766467065868264,0.8666666666666667,0.6533004318322023,0.7591623036649214,0.6964285714285714,0.7668878166465621,0.835195530726257,0.8259766615930999,0.7007874015748031,0.5250138966092274,0.650009721952168,0.7910213243546577,0.8963426559749658,0.7182320441988951,0.7071937055076808
144,0.6885,0.6885,0.713222861289978,0.17152853310108185,0.6718350648880005,0.005656399580867627,0.008406814501870806,0.006251697269685703,793.8063077666397,0.005402912771453503,0,0.7703912042955766,0.6788028386300524,0.7487323943661972,0.5469255663430421,0.6836477987421383,0.6706586826347305,0.8638297872340426,0.6588525601480567,0.7596382674916706,0.6875,0.7572376357056695,0.835195530726257,0.8269913749365804,0.6929133858267716,0.537798777098388,0.6595372350768034,0.794388327721661,0.8953647565030315,0.7182320441988951,0.7026976395653803
145,0.6892,0.6892,0.7907826900482178,0.1726149469614029,0.673128604888916,0.006671512524128768,0.009896498198927652,0.006251697269685703,991.1006147965413,0.006839388366538161,0,0.7652774226540526,0.6741746374575748,0.7477934272300469,0.5469255663430421,0.6654088050314465,0.6616766467065869,0.8581560283687943,0.6668723010487353,0.7524988100904332,0.6830357142857143,0.7509047044632087,0.8379888268156425,0.8244545915778793,0.6771653543307087,0.5491939966648138,0.6616760645537624,0.796408529741863,0.8961470760805789,0.7348066298342542,0.6995129261895842
146,0.6892,0.6892,0.7921605706214905,0.1728164255619049,0.6744229793548584,0.006590077593947673,0.009756963851366585,0.006251697269685703,965.8338416992439,0.006349953191511152,0,0.7688570698031194,0.6803455723542117,0.7408450704225352,0.5501618122977346,0.6597484276729559,0.6646706586826348,0.8567375886524823,0.674892041949414,0.7553545930509281,0.6741071428571429,0.7427623642943305,0.840782122905028,0.8214104515474379,0.6692913385826772,0.5483602001111729,0.6640093330740813,0.7970819304152638,0.900254253862703,0.7237569060773481,0.6972648932184339
147,0.6882,0.6882,0.7929249405860901,0.17338307201862335,0.6757108569145203,0.006882083930715723,0.010169903231780193,0.006251697269685703,979.6916862309797,0.006762714401240021,0,0.7701355152135004,0.6784942918852206,0.7355868544600939,0.5436893203883495,0.6559748427672956,0.6631736526946108,0.8567375886524823,0.6668723010487353,0.7572584483579248,0.6741071428571429,0.7427623642943305,0.835195530726257,0.8259766615930999,0.6771653543307087,0.5411339633129516,0.6628426988139219,0.8002244668911336,0.9029923723841189,0.712707182320442,0.7017609591607343
148,0.6897,0.6897,0.7721800804138184,0.17371320724487305,0.6767435669898987,0.006837279409369299,0.010088298498702243,0.006251697269685703,901.6010959137899,0.006696925648234728,0,0.7680900025568909,0.6831224930576982,0.7333333333333333,0.5372168284789643,0.6647798742138364,0.6751497005988024,0.8617021276595744,0.6607032695866749,0.7648738695859115,0.6696428571428571,0.747285886610374,0.8379888268156425,0.8346017250126839,0.6771653543307087,0.5297387437465259,0.6577872836865643,0.8008978675645342,0.904361431644827,0.7182320441988951,0.704383664293743
149,0.6905,0.6905,0.8086400628089905,0.1755705624818802,0.6781895756721497,0.007356611276081334,0.010831454927441982,0.006251697269685703,997.5169030581914,0.007297853890438366,0,0.7691127588851956,0.6809626658438753,0.727887323943662,0.5210355987055016,0.6691823899371069,0.6751497005988024,0.8581560283687943,0.6440468846391116,0.7691575440266539,0.6607142857142857,0.7506031363088058,0.8296089385474861,0.8396752917300863,0.6692913385826772,0.5044469149527515,0.6608983083803228,0.8053872053872054,0.9086641893213377,0.7237569060773481,0.7056950168602473
150,0.6885,0.6885,0.7509494423866272,0.17482642829418182,0.6789557337760925,0.006705096181392084,0.009861077491259237,0.006251697269685703,875.6425380961064,0.006315787205286038,0,0.7678343134748147,0.6803455723542117,0.7258215962441315,0.5080906148867314,0.6792452830188679,0.6721556886227545,0.8631205673758865,0.6267735965453424,0.766301761066159,0.6517857142857143,0.7566344993968637,0.8184357541899442,0.837138508371385,0.6456692913385826,0.48332406892718177,0.6657592844643204,0.8134680134680135,0.9092509290044983,0.7348066298342542,0.7081303859123267
151,0.6864,0.6864,0.7647591829299927,0.1748136281967163,0.6798673868179321,0.006569135975378973,0.009648187154447447,0.006251697269685703,919.6178111434627,0.00637335285997941,0,0.7737151623625671,0.687442147485344,0.7276995305164319,0.48220064724919093,0.680503144654088,0.688622754491018,0.8680851063829788,0.6169031462060457,0.772013326987149,0.6607142857142857,0.76145958986731,0.835195530726257,0.8340943683409436,0.6535433070866141,0.47220678154530293,0.664787089247521,0.8049382716049382,0.9129669469978486,0.7348066298342542,0.7182465342825028
152,0.6858,0.6858,0.7375211119651794,0.17428043484687805,0.6804681420326233,0.006267658337763059,0.009197287372918765,0.006251697269685703,839.8078922157005,0.00600045258829276,0,0.776272053183329,0.6942301758716446,0.7258215962441315,0.48220064724919093,0.6937106918238993,0.7020958083832335,0.8695035460992908,0.6119679210363973,0.7767729652546407,0.65625,0.7656815440289505,0.8491620111731844,0.8330796549974632,0.6850393700787402,0.47192884936075596,0.6622593816838421,0.7955106621773288,0.9094465088988852,0.7348066298342542,0.718433870363432
153,0.6864,0.6864,0.7207162976264954,0.17172013223171234,0.6808823347091675,0.005659348464844873,0.008299596831847339,0.006251697269685703,770.0683444494867,0.005514838763854297,0,0.7747379186908719,0.7022523912372725,0.7305164319248826,0.5016181229773463,0.7012578616352201,0.7065868263473054,0.8687943262411347,0.6323257248611968,0.7758210376011423,0.65625,0.767189384800965,0.840782122905028,0.8280060882800608,0.6535433070866141,0.49221789883268485,0.6573984055998444,0.7869809203142536,0.904361431644827,0.7292817679558011,0.7257399775196703
154,0.6856,0.6856,0.7881003618240356,0.17141605913639069,0.6820380091667175,0.006668472331952514,0.00976295937042774,0.006251697269685703,972.093797492223,0.0069580551772046445,0,0.776272053183329,0.7065720456649183,0.7297652582159624,0.5242718446601942,0.7062893081761006,0.7050898203592815,0.8617021276595744,0.6384947563232573,0.7715373631603998,0.6651785714285714,0.7683956574185766,0.8379888268156425,0.8274987316083207,0.6535433070866141,0.5080600333518621,0.6509819171689676,0.7840628507295174,0.8988851946019949,0.7182320441988951,0.7268639940052454
155,0.6871,0.6871,0.8100635409355164,0.1732427179813385,0.6834369897842407,0.007590254313086217,0.011089778060474112,0.006251697269685703,1003.722419425319,0.0075585206218035045,0,0.7772948095116339,0.7078062326442456,0.724131455399061,0.540453074433657,0.7012578616352201,0.7110778443113772,0.8574468085106383,0.6514497223935842,0.7701094716801523,0.6741071428571429,0.7599517490952955,0.8212290502793296,0.8264840182648402,0.6614173228346457,0.5277932184546971,0.6498152829088081,0.7838383838383839,0.8928222178760024,0.7237569060773481,0.7229299363057324
156,0.6877,0.6877,0.7764849662780762,0.17390866577625275,0.6844300627708435,0.007372254295409799,0.010755662314558457,0.006251697269685703,952.4398964336951,0.007151704356585464,0,0.7783175658399386,0.7093489663684048,0.7184976525821596,0.511326860841424,0.6918238993710691,0.7035928143712575,0.8567375886524823,0.6576187538556446,0.7696335078534031,0.6607142857142857,0.7515078407720145,0.8296089385474861,0.8264840182648402,0.6850393700787402,0.5316842690383546,0.6537040637760062,0.7894500561167228,0.8916487385096812,0.712707182320442,0.7165605095541401
157,0.689,0.689,0.7792681455612183,0.17351004481315613,0.6854434013366699,0.0068731338086503585,0.010012673725563854,0.006251697269685703,905.3317272928891,0.006366819921236094,0,0.7747379186908719,0.7056464054304227,0.7173708920187793,0.5080906148867314,0.6792452830188679,0.6961077844311377,0.8553191489361702,0.6508328192473781,0.7701094716801523,0.6339285714285714,0.747285886610374,0.8463687150837989,0.8280060882800608,0.6850393700787402,0.5264035575319622,0.664787089247521,0.7986531986531986,0.8918443184040681,0.7071823204419889,0.7105657549644061
158,0.6913,0.6913,0.7372646927833557,0.17154763638973236,0.6859809756278992,0.006190329156278867,0.009010917879670422,0.006251697269685703,831.9489137888805,0.005879382024832991,0,0.7755049859371005,0.6997840172786177,0.723943661971831,0.49514563106796117,0.6754716981132075,0.6841317365269461,0.8588652482269503,0.6458975940777298,0.7715373631603998,0.6294642857142857,0.7463811821471653,0.8435754189944135,0.8320649416539827,0.6771653543307087,0.5130628126737076,0.6752867975889558,0.8022446689113356,0.8926266379816155,0.712707182320442,0.703446983889097
159,0.6917,0.6917,0.7358523011207581,0.1697392612695694,0.686497688293457,0.006087603579031752,0.008854725888813855,0.006251697269685703,829.8225986173725,0.006162688742006249,0,0.7747379186908719,0.6994754705337859,0.7303286384976526,0.49838187702265374,0.6660377358490566,0.6901197604790419,0.8588652482269503,0.6298581122763726,0.7672536887196573,0.6294642857142857,0.7506031363088058,0.8463687150837989,0.8351090816844241,0.6771653543307087,0.4988882712618121,0.6818977250631927,0.8078563411896745,0.8934089575591629,0.7237569060773481,0.7004496065942301
160,0.692,0.692,0.7667285799980164,0.16985000669956207,0.687346339225769,0.0062854574511673434,0.00913124265066483,0.006251697269685703,898.0778351186328,0.006376101970259637,0,0.7755049859371005,0.7007096575131132,0.7355868544600939,0.511326860841424,0.6742138364779874,0.688622754491018,0.8638297872340426,0.6273904996915485,0.763445978105664,0.6383928571428571,0.7551266586248492,0.840782122905028,0.8361237950279046,0.6771653543307087,0.49221789883268485,0.6859809449737507,0.8092031425364759,0.8922354781928418,0.7182320441988951,0.6987635818658674
161,0.6918,0.6918,0.7940802574157715,0.17238964140415192,0.6884956359863281,0.006889229492331044,0.009991694120697305,0.006251697269685703,947.5566525841473,0.007067301105633052,0,0.7744822296087958,0.6936130823819808,0.7425352112676057,0.517799352750809,0.6836477987421383,0.688622754491018,0.8617021276595744,0.6255397902529303,0.7629700142789148,0.6517857142857143,0.7626658624849216,0.8324022346368715,0.8366311516996449,0.6692913385826772,0.4944413563090606,0.6863698230604706,0.8094276094276094,0.8906708390377469,0.712707182320442,0.6987635818658674
162,0.691,0.691,0.6629230380058289,0.1678137630224228,0.6882445812225342,0.005711132797642197,0.008286075731654192,0.006251697269685703,678.8979836500027,0.0051231157832393615,0,0.7737151623625671,0.6926874421474853,0.7333333333333333,0.511326860841424,0.7031446540880503,0.6946107784431138,0.8687943262411347,0.6280074028377545,0.7672536887196573,0.6651785714285714,0.7693003618817853,0.8240223463687151,0.8427194317605277,0.6692913385826772,0.49388549193996667,0.6815088469764728,0.8089786756453423,0.8920398982984549,0.7237569060773481,0.7051330086174598
163,0.6902,0.6902,0.7886303067207336,0.16813349723815918,0.6893208622932434,0.006553607926256144,0.009493567823642302,0.006251697269685703,955.1384979320419,0.006876897272659265,0,0.7772948095116339,0.6871336007405122,0.7252582159624413,0.511326860841424,0.7044025157232704,0.7065868263473054,0.874468085106383,0.6366440468846392,0.7734412184673964,0.6651785714285714,0.7765379975874548,0.8296089385474861,0.8427194317605277,0.6535433070866141,0.49944413563090606,0.672953529068637,0.807631874298541,0.8957559162918052,0.7348066298342542,0.7094417384788311
164,0.691,0.691,0.7176066040992737,0.1655779778957367,0.6896093487739563,0.006224767520507732,0.009013442305058,0.006251697269685703,788.5238676273026,0.006087800734735747,0,0.7747379186908719,0.6840481332921937,0.7215023474178404,0.517799352750809,0.710691823899371,0.7065868263473054,0.874468085106383,0.634793337446021,0.7786768205616373,0.6741071428571429,0.7774427020506635,0.8379888268156425,0.8437341451040081,0.6535433070866141,0.5063924402445803,0.6671203577678397,0.807631874298541,0.8969293956581263,0.7237569060773481,0.7146871487448483
165,0.6916,0.6916,0.7888184189796448,0.1667667031288147,0.6906720399856567,0.0067755022505454265,0.009795830767838947,0.006251697269685703,935.7585572250385,0.0069497981570971635,0,0.7744822296087958,0.6806541190990435,0.7171830985915493,0.5210355987055016,0.7,0.6991017964071856,0.8794326241134752,0.6378778531770513,0.7801047120418848,0.6741071428571429,0.77291917973462,0.8379888268156425,0.84779299847793,0.6614173228346457,0.5200111172873819,0.6608983083803228,0.8033670033670034,0.9016233131234109,0.7403314917127072,0.7186212064443612
166,0.6919,0.6919,0.7626374959945679,0.1679365485906601,0.6914287805557251,0.006302888926890757,0.009102580805252237,0.006251697269685703,888.6842248302193,0.006113677880578064,0,0.7780618767578624,0.6809626658438753,0.7173708920187793,0.5469255663430421,0.6962264150943396,0.7005988023952096,0.875886524822695,0.6415792720542874,0.7834364588291289,0.6830357142857143,0.767490952955368,0.8296089385474861,0.8422120750887874,0.6771653543307087,0.528349082823791,0.6519541123857671,0.7991021324354658,0.9018188930177977,0.7237569060773481,0.7176845260397152
167,0.6909,0.6909,0.7118949890136719,0.16651476919651031,0.6916365027427673,0.0060832687983215904,0.00878277245601768,0.006251697269685703,763.4296443929784,0.006048403394220719,0,0.7818972129890054,0.6883677877198395,0.7233802816901408,0.5339805825242718,0.6855345911949685,0.6931137724550899,0.8723404255319149,0.6403454657618753,0.7829604950023799,0.6875,0.7566344993968637,0.8296089385474861,0.8335870116692035,0.6535433070866141,0.5200111172873819,0.6494264048220882,0.7966329966329966,0.9029923723841189,0.7182320441988951,0.7158111652304234
168,0.6927,0.6927,0.7112422585487366,0.16533873975276947,0.6918352842330933,0.006009221922474034,0.008673377437937078,0.006251697269685703,789.3199436857411,0.00602006645540462,0,0.7895678854512912,0.6963900030854675,0.7261971830985916,0.5145631067961165,0.6779874213836478,0.687125748502994,0.8695035460992908,0.6384947563232573,0.7791527843883865,0.6830357142857143,0.7509047044632087,0.8268156424581006,0.8300355149670218,0.6456692913385826,0.50917176209005,0.6546762589928058,0.7961840628507295,0.9051437512223743,0.7348066298342542,0.7081303859123267
169,0.6927,0.6927,0.699398398399353,0.1630086451768875,0.6919112801551819,0.005597967071734852,0.00807890884743737,0.006251697269685703,750.1464594881676,0.005644951801945784,0,0.793147532600358,0.6991669237889541,0.7333333333333333,0.5145631067961165,0.6754716981132075,0.6931137724550899,0.8609929078014185,0.6273904996915485,0.7767729652546407,0.6785714285714286,0.7490952955367913,0.8268156424581006,0.8229325215626585,0.6456692913385826,0.4947192884936076,0.6638148940307214,0.7968574635241302,0.9031879522785058,0.7403314917127072,0.7015736230798052
170,0.6926,0.6926,0.7177391648292542,0.16210369765758514,0.6921743154525757,0.0054432198565777384,0.007852598884919506,0.006251697269685703,765.2829922905701,0.005557968932897038,0,0.7977499360777295,0.7124344338167232,0.7389671361502348,0.511326860841424,0.6773584905660377,0.6916167664670658,0.8581560283687943,0.621838371375694,0.7696335078534031,0.6696428571428571,0.746984318455971,0.835195530726257,0.8193810248604769,0.6456692913385826,0.48916064480266813,0.6700369434182384,0.7991021324354658,0.9008409935458634,0.7403314917127072,0.6965155488947171
171,0.6935,0.6935,0.7598361372947693,0.16317570209503174,0.6928836703300476,0.005964698554028399,0.008596107401102657,0.006251697269685703,860.0668169000649,0.006285568007205581,0,0.7980056251598057,0.7195310089478556,0.7449765258215962,0.5080906148867314,0.6849056603773584,0.6931137724550899,0.8609929078014185,0.6236890808143122,0.7710613993336506,0.6875,0.7490952955367913,0.8296089385474861,0.8234398782343988,0.6456692913385826,0.49416342412451364,0.6758701147190356,0.797979797979798,0.8988851946019949,0.7458563535911602,0.6967028849756464
172,0.6959,0.6959,0.8263978958129883,0.1678875833749771,0.6943459510803223,0.007307353489411394,0.010508946630175016,0.006251697269685703,1028.1899931031946,0.007738902317365472,0,0.7921247762720531,0.716754088244369,0.7414084507042253,0.5242718446601942,0.6893081761006289,0.6931137724550899,0.8666666666666667,0.6298581122763726,0.7734412184673964,0.6830357142857143,0.7560313630880579,0.8379888268156425,0.8269913749365804,0.6535433070866141,0.5036131183991106,0.6844254326268715,0.8015712682379349,0.8967338157637395,0.7237569060773481,0.6991382540277258
173,0.6966,0.6966,0.726725697517395,0.16839449107646942,0.6946772336959839,0.00708126400049581,0.010178950319927209,0.006251697269685703,766.1396169625965,0.006698057683248658,0,0.7913577090258246,0.7152113545202098,0.7348356807511737,0.5339805825242718,0.6874213836477987,0.7020958083832335,0.8709219858156029,0.6329426280074029,0.7810566396953832,0.6696428571428571,0.7551266586248492,0.8379888268156425,0.8315575849822425,0.6692913385826772,0.5050027793218455,0.6885086525374295,0.8058361391694725,0.8936045374535497,0.7237569060773481,0.7083177219932559
174,0.6958,0.6958,0.7944039106369019,0.17087824642658234,0.6957452297210693,0.007382623050299344,0.010595871683620795,0.006251697269685703,964.9505710480582,0.007416796105018324,0,0.7921247762720531,0.7121258870718914,0.7284507042253521,0.5242718446601942,0.6918238993710691,0.7050898203592815,0.8716312056737588,0.6310919185687847,0.7839124226558781,0.6785714285714286,0.7560313630880579,0.8435754189944135,0.837138508371385,0.6692913385826772,0.49583101723179546,0.6925918724479876,0.8123456790123457,0.8945824369254841,0.712707182320442,0.7167478456350693
175,0.6986,0.6986,0.7739148139953613,0.17186222970485687,0.6965703964233398,0.00688853938415241,0.00987504547135614,0.006251697269685703,896.0650272508744,0.00663269350891005,0,0.7898235745333674,0.7078062326442456,0.7267605633802817,0.5048543689320388,0.6924528301886792,0.7035928143712575,0.873758865248227,0.6298581122763726,0.7853403141361257,0.6696428571428571,0.758443908323281,0.8435754189944135,0.8417047184170472,0.6614173228346457,0.490272373540856,0.691619677231188,0.8163860830527497,0.8963426559749658,0.6906077348066298,0.7208692394155114
176,0.6977,0.6977,0.737575352191925,0.17016971111297607,0.6969923377037048,0.006407198789496743,0.009179468660896068,0.006251697269685703,838.2698257129342,0.006149982404677892,0,0.7849654819739197,0.6936130823819808,0.724131455399061,0.5048543689320388,0.690566037735849,0.7020958083832335,0.874468085106383,0.6366440468846392,0.789148024750119,0.6741071428571429,0.7563329312424608,0.8435754189944135,0.8503297818366311,0.6614173228346457,0.4883268482490272,0.6883142134940696,0.8190796857463524,0.901427733229024,0.7016574585635359,0.7257399775196703
177,0.6971,0.6971,0.7408359050750732,0.168770432472229,0.6974444389343262,0.006318239499381156,0.009046159074616459,0.006251697269685703,831.0334314297664,0.00639071747099356,0,0.7770391204295577,0.6889848812095032,0.7282629107981221,0.5275080906148867,0.689937106918239,0.688622754491018,0.8709219858156029,0.6477483035163479,0.792003807710614,0.6830357142857143,0.7563329312424608,0.8463687150837989,0.8528665651953323,0.6377952755905512,0.49499722067815455,0.6830643593233521,0.8195286195286196,0.901427733229024,0.7071823204419889,0.7234919445485201
178,0.6944,0.6944,0.8031508326530457,0.17020869255065918,0.6985806226730347,0.006999838058033586,0.010005763211805144,0.006251697269685703,955.8691556517648,0.007278391113331419,0,0.7721810278701099,0.6880592409750077,0.7352112676056338,0.540453074433657,0.6893081761006289,0.6751497005988024,0.8716312056737588,0.6588525601480567,0.7900999524036173,0.6741071428571429,0.7578407720144753,0.840782122905028,0.8518518518518519,0.6456692913385826,0.5111172873818788,0.6678981139412794,0.8123456790123457,0.9061216506943086,0.7071823204419889,0.7229299363057324
179,0.694,0.694,0.7864059209823608,0.17119422554969788,0.6995135545730591,0.007383213627991332,0.010539715584077696,0.006251697269685703,963.8807666033664,0.007378663785815398,0,0.7734594732804909,0.6899105214439988,0.7410328638497653,0.540453074433657,0.6924528301886792,0.6811377245508982,0.8680851063829788,0.6545342381246144,0.7900999524036173,0.6830357142857143,0.7620627261761158,0.8435754189944135,0.8452562151192288,0.6377952755905512,0.5205669816564759,0.6607038693369629,0.8035914702581369,0.9080774496381772,0.7071823204419889,0.7189958786062196
180,0.6933,0.6933,0.7425243854522705,0.1705482006072998,0.6999567151069641,0.006599292108608827,0.009414692756886982,0.006251697269685703,838.1866028108778,0.006293837507950839,0,0.7737151623625671,0.6942301758716446,0.7425352112676057,0.5372168284789643,0.7012578616352201,0.6826347305389222,0.8638297872340426,0.6545342381246144,0.7867682056163732,0.6875,0.7696019300361882,0.840782122905028,0.8406900050735667,0.6456692913385826,0.5261256253474152,0.6548706980361657,0.8006734006734006,0.905534911011148,0.7016574585635359,0.7130011240164855
181,0.6932,0.6932,0.7982580661773682,0.17210380733013153,0.7010079622268677,0.007114679604271982,0.010134756280688356,0.006251697269685703,965.8456803486822,0.007255747605126744,0,0.7803630784965482,0.7022523912372725,0.7367136150234742,0.5339805825242718,0.7037735849056603,0.6916167664670658,0.8595744680851064,0.6483652066625539,0.7881960970966206,0.7053571428571429,0.7714113389626055,0.835195530726257,0.8386605783866058,0.6535433070866141,0.5252918287937743,0.6513707952556873,0.7914702581369248,0.9027967924897321,0.7016574585635359,0.7174971899587861
182,0.6968,0.6968,0.7961741089820862,0.17264269292354584,0.702023446559906,0.007296234035469298,0.010378365147239185,0.006251697269685703,985.7079186893579,0.007208266888554515,0,0.7859882383022245,0.7102746066029003,0.7369014084507042,0.5080906148867314,0.7037735849056603,0.6916167664670658,0.8617021276595744,0.6403454657618753,0.786292241789624,0.7008928571428571,0.7741254523522316,0.835195530726257,0.8386605783866058,0.6771653543307087,0.5172317954419122,0.6548706980361657,0.7881032547699215,0.9016233131234109,0.6906077348066298,0.7221805919820158
183,0.6968,0.6968,0.7079380750656128,0.17042654752731323,0.7020828723907471,0.00636232855105149,0.00904918723082696,0.006251697269685703,770.170433725817,0.0060382709549727555,0,0.7890565072871388,0.7145942610305461,0.7365258215962441,0.49514563106796117,0.7037735849056603,0.6946107784431138,0.8609929078014185,0.6329426280074029,0.7796287482151356,0.6830357142857143,0.7801568154402895,0.835195530726257,0.8361237950279046,0.6771653543307087,0.5061145080600333,0.6618705035971223,0.7901234567901234,0.8996675141795424,0.7016574585635359,0.7197452229299363
184,0.6954,0.6954,0.7400979399681091,0.16873420774936676,0.7024732232093811,0.006066663664456116,0.008623872898500416,0.006251697269685703,828.4854292121055,0.0060876454226336365,0,0.7934032216824342,0.716754088244369,0.7338967136150235,0.4854368932038835,0.7075471698113207,0.6946107784431138,0.8567375886524823,0.6273904996915485,0.7782008567348881,0.6830357142857143,0.7882991556091676,0.8324022346368715,0.8335870116692035,0.6771653543307087,0.4947192884936076,0.6677036748979195,0.7995510662177329,0.8984940348132212,0.712707182320442,0.7225552641438742
185,0.6951,0.6951,0.733083188533783,0.1671280711889267,0.7027859091758728,0.006139111392592304,0.008722981396119668,0.006251697269685703,835.2504737327802,0.006249345285945119,0,0.7951930452569675,0.7173711817340327,0.7271361502347418,0.4692556634304207,0.7044025157232704,0.6961077844311377,0.8524822695035461,0.6132017273288094,0.7705854355069015,0.6741071428571429,0.7907117008443908,0.8156424581005587,0.8351090816844241,0.6456692913385826,0.4838799332962757,0.6743146023721563,0.8118967452300786,0.9000586739683161,0.712707182320442,0.7223679280629449
186,0.6958,0.6958,0.7702345252037048,0.1671731323003769,0.7034923434257507,0.0069524843070218065,0.009868786186112123,0.006251697269685703,914.0213824079705,0.007297793662369942,0,0.7923804653541294,0.7062634989200864,0.724131455399061,0.4692556634304207,0.7037735849056603,0.6961077844311377,0.8439716312056738,0.6107341147439852,0.7629700142789148,0.6651785714285714,0.7855850422195416,0.8212290502793296,0.8376458650431253,0.6456692913385826,0.48610339077265147,0.6739257242854365,0.819304152637486,0.8953647565030315,0.7182320441988951,0.7246159610340952
187,0.6975,0.6975,0.7898483276367188,0.16854679584503174,0.7044084072113037,0.007421658500667109,0.010521080305814905,0.006251697269685703,939.7710009430076,0.00747360767426121,0,0.7911020199437484,0.701018204257945,0.7254460093896714,0.48220064724919093,0.7018867924528301,0.6946107784431138,0.8468085106382979,0.6187538556446638,0.7639219419324131,0.6741071428571429,0.778950542822678,0.8128491620111732,0.8447488584474886,0.6535433070866141,0.49583101723179546,0.6760645537623955,0.8303030303030303,0.8930177977703893,0.7182320441988951,0.732484076433121
188,0.699,0.699,0.7492815256118774,0.16829077899456024,0.7048712968826294,0.0069567425873263535,0.009855539696896195,0.006251697269685703,866.8706906703742,0.006735587422230971,0,0.783942725645615,0.6976241900647948,0.7256338028169014,0.5016181229773463,0.6955974842767295,0.7020958083832335,0.8489361702127659,0.634793337446021,0.7729652546406474,0.6651785714285714,0.7795536791314838,0.8100558659217877,0.8457635717909691,0.6299212598425197,0.5097276264591439,0.6756756756756757,0.8280583613916948,0.8912575787209075,0.7071823204419889,0.7352941176470589
189,0.698,0.698,0.7985998392105103,0.17034465074539185,0.7058702111244202,0.007420263747021032,0.010497349626910435,0.006251697269685703,1004.955209675103,0.007603428723022771,0,0.7903349526975199,0.6976241900647948,0.7171830985915493,0.5242718446601942,0.6955974842767295,0.6991017964071856,0.8602836879432624,0.6477483035163479,0.7815326035221323,0.6651785714285714,0.7686972255729795,0.8184357541899442,0.8452562151192288,0.6456692913385826,0.5258476931628683,0.6719813338518374,0.8175084175084175,0.8922354781928418,0.7071823204419889,0.7403521918321468
190,0.7,0.7,0.6936522722244263,0.16700980067253113,0.7057490944862366,0.00628255759249036,0.008889374802888705,0.006251697269685703,714.5429734487096,0.00580894435862385,0,0.7880337509588341,0.7019438444924406,0.7139906103286385,0.5372168284789643,0.6968553459119496,0.7125748502994012,0.8631205673758865,0.6526835286859963,0.7924797715373632,0.65625,0.7626658624849216,0.8268156424581006,0.8427194317605277,0.6771653543307087,0.5316842690383546,0.6710091386350379,0.8029180695847362,0.8926266379816155,0.712707182320442,0.7412888722367929
191,0.6991,0.6991,0.7960031032562256,0.16910825669765472,0.7067086696624756,0.007144511929165783,0.01009527258239352,0.006251697269685703,981.9903185943176,0.007437085357104892,0,0.7934032216824342,0.6991669237889541,0.7094835680751174,0.5339805825242718,0.6911949685534591,0.7095808383233533,0.8723404255319149,0.6563849475632326,0.7967634459781057,0.6651785714285714,0.7578407720144753,0.8296089385474861,0.8361237950279046,0.6692913385826772,0.5327959977765425,0.6659537235076803,0.7890011223344556,0.8971249755525132,0.7182320441988951,0.738478831022855
192,0.6967,0.6967,0.7847272753715515,0.1707274466753006,0.7075313925743103,0.007239174130044895,0.010217153687069208,0.006251697269685703,930.4264680200139,0.007223248465586302,0,0.7916133981079008,0.6976241900647948,0.7089201877934272,0.540453074433657,0.6861635220125786,0.7095808383233533,0.875886524822695,0.6557680444170265,0.7958115183246073,0.6607142857142857,0.7518094089264173,0.8324022346368715,0.8290208016235413,0.6614173228346457,0.5316842690383546,0.6634260159440015,0.7856341189674523,0.9012321533346372,0.7182320441988951,0.7392281753465717
193,0.6958,0.6958,0.8009164333343506,0.17304116487503052,0.7085261940956116,0.00793566252378106,0.011184453216552702,0.006251697269685703,985.8887260192804,0.008133523197482609,0,0.7913577090258246,0.6997840172786177,0.7153051643192488,0.5372168284789643,0.6861635220125786,0.7065868263473054,0.8765957446808511,0.6551511412708205,0.7924797715373632,0.6696428571428571,0.753015681544029,0.835195530726257,0.8346017250126839,0.6929133858267716,0.528349082823791,0.6643982111608011,0.7878787878787878,0.9029923723841189,0.7016574585635359,0.7266766579243162
194,0.6951,0.6951,0.8068332672119141,0.1738491803407669,0.7095767259597778,0.008677720764084424,0.012212222054364931,0.006251697269685703,994.5703379304365,0.008465859973796867,0,0.7913577090258246,0.7004011107682814,0.72018779342723,0.5469255663430421,0.6836477987421383,0.7065868263473054,0.8780141843971632,0.6514497223935842,0.7881960970966206,0.6517857142857143,0.758745476477684,0.8379888268156425,0.832572298325723,0.6692913385826772,0.5230683713173986,0.6678981139412794,0.7966329966329966,0.9008409935458634,0.7016574585635359,0.7199325590108655
195,0.6939,0.6939,0.7908423542976379,0.173846036195755,0.7104353904724121,0.007598169684060462,0.010680055822096612,0.006251697269685703,946.8154374176037,0.007049348774490135,0,0.7934032216824342,0.6966985498302993,0.7355868544600939,0.5372168284789643,0.6886792452830188,0.7035928143712575,0.8730496453900709,0.6477483035163479,0.7762970014278915,0.6607142857142857,0.767189384800965,0.840782122905028,0.8396752917300863,0.6771653543307087,0.5161200667037243,0.6704258215049582,0.8089786756453423,0.8967338157637395,0.7071823204419889,0.7148744848257774
196,0.6943,0.6943,0.7813513278961182,0.17410385608673096,0.7111795544624329,0.0076117198134594,0.010687922400699745,0.006251697269685703,912.2428316979413,0.007564121615794761,0,0.7941702889286627,0.6970070965751312,0.7427230046948357,0.517799352750809,0.6949685534591195,0.7050898203592815,0.8617021276595744,0.6434299814929056,0.7734412184673964,0.6517857142857143,0.7738238841978287,0.8463687150837989,0.8462709284627092,0.6850393700787402,0.5072262367982212,0.6702313824615983,0.8175084175084175,0.8936045374535497,0.7237569060773481,0.7090670663169727
197,0.6948,0.6948,0.7939666509628296,0.17481298744678497,0.7120550274848938,0.007585411438604258,0.010637904714534751,0.006251697269685703,952.9415539910555,0.007574284658875603,0,0.7939145998465865,0.6954643628509719,0.7459154929577465,0.5210355987055016,0.6993710691823899,0.6946107784431138,0.8567375886524823,0.6384947563232573,0.7715373631603998,0.6473214285714286,0.778648974668275,0.840782122905028,0.8427194317605277,0.7086614173228346,0.5008337965536409,0.6745090414155163,0.8262626262626263,0.8928222178760024,0.7182320441988951,0.7107530910453354
198,0.6959,0.6959,0.7674276828765869,0.1737111210823059,0.7126301527023315,0.0075840104655261805,0.010627368303886135,0.006251697269685703,883.5725431565693,0.007517958775080857,0,0.7913577090258246,0.6936130823819808,0.7470422535211267,0.5242718446601942,0.7069182389937106,0.6856287425149701,0.8539007092198582,0.6391116594694632,0.7682056163731557,0.625,0.7777442702050663,0.840782122905028,0.8472856418061897,0.7244094488188977,0.5013896609227348,0.6817032860198328,0.8204264870931538,0.8914531586152944,0.7292817679558011,0.7122517796927689
199,0.6948,0.6948,0.7590620517730713,0.172367662191391,0.7131093740463257,0.00691432703402295,0.009682448214962662,0.006251697269685703,857.7182481875642,0.006702846321566299,0,0.7880337509588341,0.6929959888923172,0.7466666666666667,0.5210355987055016,0.7025157232704402,0.6811377245508982,0.8546099290780141,0.6415792720542874,0.7739171822941456,0.6205357142857143,0.7711097708082026,0.8435754189944135,0.8432267884322678,0.7086614173228346,0.5025013896609227,0.6945362628815867,0.8195286195286196,0.8934089575591629,0.7237569060773481,0.7139378044211315
