round,global_acc,local_c00,local_c01,local_c02,local_c03,local_c04,local_c05,local_c06,local_c07,local_c08,local_c09,local_c10,local_c11,local_c12,local_c13,local_c14,local_c15,local_c16,local_c17,local_c18,local_c19,hybrid_c00,hybrid_c01,hybrid_c02,hybrid_c03,hybrid_c04,hybrid_c05,hybrid_c06,hybrid_c07,hybrid_c08,hybrid_c09,hybrid_c10,hybrid_c11,hybrid_c12,hybrid_c13,hybrid_c14,hybrid_c15,hybrid_c16,hybrid_c17,hybrid_c18,hybrid_c19
0,0.1833,0.2201417004048583,0.004324992276799506,0.00244085617724371,0.032362459546925564,0.03332222592469177,0.016666666666666666,0.17592592592592593,0.29596412556053814,0.6265581277028746,0.14049586776859505,0.3633136094674556,0.2757660167130919,0.06720160481444333,0.19393939393939394,0.13428081352609655,0.24070247933884298,0.0197869101978691,0.30463312785842117,0.12048192771084337,0.03612295265873906,0.2201417004048583,0.004324992276799506,0.00244085617724371,0.032362459546925564,0.03332222592469177,0.016666666666666666,0.17592592592592593,0.29596412556053814,0.6265581277028746,0.14049586776859505,0.3633136094674556,0.2757660167130919,0.06720160481444333,0.19393939393939394,0.13428081352609655,0.24070247933884298,0.0197869101978691,0.30463312785842117,0.12048192771084337,0.03612295265873906
1,0.2472,0.2305161943319838,0.04819277108433735,0.003942921517085993,0.038834951456310676,0.035654781739420195,0.02638888888888889,0.36081242532855434,0.28419282511210764,0.6906639531925719,0.15702479338842976,0.3230769230769231,0.5682451253481894,0.5416248746238717,0.20606060606060606,0.1391815731438373,0.3932998819362456,0.02054794520547945,0.38079140982302645,0.1566265060240964,0.05115548575274848,0.2305161943319838,0.04819277108433735,0.003942921517085993,0.038834951456310676,0.035654781739420195,0.02638888888888889,0.36081242532855434,0.28419282511210764,0.6906639531925719,0.15702479338842976,0.3230769230769231,0.5682451253481894,0.5416248746238717,0.20606060606060606,0.1391815731438373,0.3932998819362456,0.02054794520547945,0.38079140982302645,0.1566265060240964,0.05115548575274848
2,0.354,0.2998481781376518,0.1646586345381526,0.07791963950431843,0.05825242718446602,0.038320559813395536,0.05138888888888889,0.4543010752688172,0.2763452914798206,0.6825235309081659,0.19834710743801653,0.25207100591715975,0.6740947075208914,0.7442326980942828,0.21515151515151515,0.13428081352609655,0.6965761511216056,0.3310502283105023,0.5195863988864585,0.5421686746987951,0.16984518734574827,0.2998481781376518,0.1646586345381526,0.07791963950431843,0.05825242718446602,0.038320559813395536,0.05138888888888889,0.4543010752688172,0.2763452914798206,0.6825235309081659,0.19834710743801653,0.25207100591715975,0.6740947075208914,0.7442326980942828,0.21515151515151515,0.13428081352609655,0.6965761511216056,0.3310502283105023,0.5195863988864585,0.5421686746987951,0.16984518734574827
3,0.4091,0.38436234817813764,0.26135310472659873,0.1015771686068344,0.07119741100323625,0.09963345551482838,0.1125,0.4572879330943847,0.2954035874439462,0.7257695242940727,0.2231404958677686,0.3289940828402367,0.6406685236768802,0.6429287863590772,0.2696969696969697,0.13624111737319283,0.7077922077922078,0.3926940639269406,0.6621594750447405,0.6024096385542169,0.37715952434372896,0.38436234817813764,0.26135310472659873,0.1015771686068344,0.07119741100323625,0.09963345551482838,0.1125,0.4572879330943847,0.2954035874439462,0.7257695242940727,0.2231404958677686,0.3289940828402367,0.6406685236768802,0.6429287863590772,0.2696969696969697,0.13624111737319283,0.7077922077922078,0.3926940639269406,0.6621594750447405,0.6024096385542169,0.37715952434372896
4,0.4371,0.38309716599190285,0.26567809700339823,0.13180623357116034,0.08090614886731391,0.10263245584805065,0.1111111111111111,0.496415770609319,0.29652466367713004,0.7270414652760112,0.2644628099173554,0.3254437869822485,0.6991643454038997,0.7331995987963892,0.2696969696969697,0.14432737074246507,0.8327922077922078,0.5182648401826484,0.6633525551799563,0.6506024096385542,0.3803006506618802,0.38309716599190285,0.26567809700339823,0.13180623357116034,0.08090614886731391,0.10263245584805065,0.1111111111111111,0.496415770609319,0.29652466367713004,0.7270414652760112,0.2644628099173554,0.3254437869822485,0.6991643454038997,0.7331995987963892,0.2696969696969697,0.14432737074246507,0.8327922077922078,0.5182648401826484,0.6633525551799563,0.6506024096385542,0.3803006506618802
5,0.4838,0.4124493927125506,0.31047265987025024,0.23469770935035675,0.11003236245954692,0.18527157614128623,0.2013888888888889,0.5331541218637993,0.30493273542600896,0.737725769524294,0.33884297520661155,0.3727810650887574,0.7047353760445683,0.7592778335005015,0.30606060606060603,0.14898309237931878,0.8519775678866588,0.5677321156773212,0.6764764366673295,0.6867469879518072,0.5084137312093336,0.4124493927125506,0.31047265987025024,0.23469770935035675,0.11003236245954692,0.18527157614128623,0.2013888888888889,0.5331541218637993,0.30493273542600896,0.737725769524294,0.33884297520661155,0.3727810650887574,0.7047353760445683,0.7592778335005015,0.30606060606060603,0.14898309237931878,0.8519775678866588,0.5677321156773212,0.6764764366673295,0.6867469879518072,0.5084137312093336
6,0.5027,0.4564777327935223,0.3537225826382453,0.2728126173488547,0.15210355987055016,0.22159280239920026,0.24444444444444444,0.5516726403823178,0.33464125560538116,0.7512083439328415,0.35537190082644626,0.41420118343195267,0.7437325905292479,0.7662988966900702,0.3303030303030303,0.17863268806665034,0.8525678866587958,0.5791476407914764,0.69317955856035,0.6746987951807228,0.4947273951088176,0.4564777327935223,0.3537225826382453,0.2728126173488547,0.15210355987055016,0.22159280239920026,0.24444444444444444,0.5516726403823178,0.33464125560538116,0.7512083439328415,0.35537190082644626,0.41420118343195267,0.7437325905292479,0.7662988966900702,0.3303030303030303,0.17863268806665034,0.8525678866587958,0.5791476407914764,0.69317955856035,0.6746987951807228,0.4947273951088176
7,0.5307,0.4812753036437247,0.39635464936669756,0.31055200901239205,0.15210355987055016,0.28490503165611464,0.2986111111111111,0.5824372759856631,0.3312780269058296,0.7611294835919613,0.39669421487603307,0.4319526627218935,0.7325905292479109,0.7853560682046138,0.3696969696969697,0.18402352364616514,0.8686540731995277,0.6225266362252664,0.7015311195068602,0.6987951807228916,0.5921023109715055,0.4812753036437247,0.39635464936669756,0.31055200901239205,0.15210355987055016,0.28490503165611464,0.2986111111111111,0.5824372759856631,0.3312780269058296,0.7611294835919613,0.39669421487603307,0.4319526627218935,0.7325905292479109,0.7853560682046138,0.3696969696969697,0.18402352364616514,0.8686540731995277,0.6225266362252664,0.7015311195068602,0.6987951807228916,0.5921023109715055
8,0.5616,0.5192307692307693,0.43435279579857894,0.3293278257604206,0.1941747572815534,0.34921692769076973,0.3486111111111111,0.6051373954599761,0.3508968609865471,0.7771559399643857,0.4297520661157025,0.49940828402366866,0.7493036211699164,0.7813440320962889,0.4212121212121212,0.20142122028914483,0.8593565525383707,0.636986301369863,0.7178365480214755,0.7349397590361446,0.6589634283150101,0.5192307692307693,0.43435279579857894,0.3293278257604206,0.1941747572815534,0.34921692769076973,0.3486111111111111,0.6051373954599761,0.3508968609865471,0.7771559399643857,0.4297520661157025,0.49940828402366866,0.7493036211699164,0.7813440320962889,0.4212121212121212,0.20142122028914483,0.8593565525383707,0.636986301369863,0.7178365480214755,0.7349397590361446,0.6589634283150101
9,0.565,0.5040485829959515,0.4306456595613222,0.3452872699962448,0.21359223300970873,0.3702099300233256,0.3486111111111111,0.6305256869772998,0.3548206278026906,0.7870770796235055,0.45454545454545453,0.4863905325443787,0.7465181058495822,0.8144433299899699,0.43333333333333335,0.21538838519970596,0.8696871310507674,0.6278538812785388,0.7009345794392523,0.7590361445783133,0.6551492035001122,0.5040485829959515,0.4306456595613222,0.3452872699962448,0.21359223300970873,0.3702099300233256,0.3486111111111111,0.6305256869772998,0.3548206278026906,0.7870770796235055,0.45454545454545453,0.4863905325443787,0.7465181058495822,0.8144433299899699,0.43333333333333335,0.21538838519970596,0.8696871310507674,0.6278538812785388,0.7009345794392523,0.7590361445783133,0.6551492035001122
10,0.5854,0.5498481781376519,0.46648130985480385,0.3644386030792339,0.23624595469255663,0.43085638120626457,0.4013888888888889,0.6514336917562724,0.3783632286995516,0.7957262783006869,0.4380165289256198,0.5337278106508876,0.766016713091922,0.7793380140421263,0.4696969696969697,0.23303111982357266,0.8590613931523022,0.6407914764079148,0.7315569695764566,0.7228915662650602,0.6719766659187795,0.5498481781376519,0.46648130985480385,0.3644386030792339,0.23624595469255663,0.43085638120626457,0.4013888888888889,0.6514336917562724,0.3783632286995516,0.7957262783006869,0.4380165289256198,0.5337278106508876,0.766016713091922,0.7793380140421263,0.4696969696969697,0.23303111982357266,0.8590613931523022,0.6407914764079148,0.7315569695764566,0.7228915662650602,0.6719766659187795
11,0.5962,0.5683198380566802,0.48841519925857274,0.4162598573037927,0.24271844660194175,0.4581806064645118,0.4263888888888889,0.6597968936678614,0.39461883408071746,0.8038667005850928,0.4462809917355372,0.5479289940828402,0.7827298050139275,0.7723169508525577,0.5,0.24479294290615045,0.8463695395513577,0.6438356164383562,0.7462716245774508,0.6746987951807228,0.6944132824770025,0.5683198380566802,0.48841519925857274,0.4162598573037927,0.24271844660194175,0.4581806064645118,0.4263888888888889,0.6597968936678614,0.39461883408071746,0.8038667005850928,0.4462809917355372,0.5479289940828402,0.7827298050139275,0.7723169508525577,0.5,0.24479294290615045,0.8463695395513577,0.6438356164383562,0.7462716245774508,0.6746987951807228,0.6944132824770025
12,0.6073,0.5875506072874493,0.5063330244053136,0.4147577919639504,0.26537216828478966,0.45884705098300566,0.44583333333333336,0.660394265232975,0.4131165919282511,0.8041210887814806,0.45454545454545453,0.5609467455621302,0.7855153203342619,0.7823470411233701,0.4909090909090909,0.2685616270521931,0.8646694214876033,0.6590563165905632,0.7502485583615033,0.7590361445783133,0.6881310298407001,0.5875506072874493,0.5063330244053136,0.4147577919639504,0.26537216828478966,0.45884705098300566,0.44583333333333336,0.660394265232975,0.4131165919282511,0.8041210887814806,0.45454545454545453,0.5609467455621302,0.7855153203342619,0.7823470411233701,0.4909090909090909,0.2685616270521931,0.8646694214876033,0.6590563165905632,0.7502485583615033,0.7590361445783133,0.6881310298407001
13,0.5975,0.603997975708502,0.522397281433426,0.38208787082238077,0.2686084142394822,0.43785404865044986,0.4361111111111111,0.6517323775388292,0.41199551569506726,0.8097176291020096,0.4462809917355372,0.5644970414201184,0.7855153203342619,0.7853560682046138,0.5,0.2641509433962264,0.8721959858323495,0.654490106544901,0.748260091469477,0.7469879518072289,0.6594121606461746,0.603997975708502,0.522397281433426,0.38208787082238077,0.2686084142394822,0.43785404865044986,0.4361111111111111,0.6517323775388292,0.41199551569506726,0.8097176291020096,0.4462809917355372,0.5644970414201184,0.7855153203342619,0.7853560682046138,0.5,0.2641509433962264,0.8721959858323495,0.654490106544901,0.748260091469477,0.7469879518072289,0.6594121606461746
14,0.614,0.6171558704453441,0.5474204510349089,0.42658655651520844,0.284789644012945,0.45084971676107966,0.47638888888888886,0.6565113500597372,0.4204035874439462,0.8158229458153141,0.4793388429752066,0.5798816568047337,0.7827298050139275,0.7753259779338014,0.5242424242424243,0.27101200686106347,0.8631936245572609,0.6613394216133942,0.760986279578445,0.7469879518072289,0.7188691945254656,0.6171558704453441,0.5474204510349089,0.42658655651520844,0.284789644012945,0.45084971676107966,0.47638888888888886,0.6565113500597372,0.4204035874439462,0.8158229458153141,0.4793388429752066,0.5798816568047337,0.7827298050139275,0.7753259779338014,0.5242424242424243,0.27101200686106347,0.8631936245572609,0.6613394216133942,0.760986279578445,0.7469879518072289,0.7188691945254656
15,0.6254,0.6143724696356275,0.5341365461847389,0.4034923019151333,0.3268608414239482,0.5434855048317228,0.48333333333333334,0.7129629629629629,0.4383408071748879,0.8191299923683542,0.5041322314049587,0.6142011834319526,0.7883008356545961,0.7853560682046138,0.5606060606060606,0.29968145062484686,0.8599468713105076,0.6621004566210046,0.7872340425531915,0.7590361445783133,0.693964550145838,0.6143724696356275,0.5341365461847389,0.4034923019151333,0.3268608414239482,0.5434855048317228,0.48333333333333334,0.7129629629629629,0.4383408071748879,0.8191299923683542,0.5041322314049587,0.6142011834319526,0.7883008356545961,0.7853560682046138,0.5606060606060606,0.29968145062484686,0.8599468713105076,0.6621004566210046,0.7872340425531915,0.7590361445783133,0.693964550145838
16,0.6262,0.6467611336032388,0.5761507568736485,0.4250844911753661,0.3042071197411003,0.4785071642785738,0.49583333333333335,0.6765232974910395,0.4422645739910314,0.8188756041719665,0.512396694214876,0.5952662721893491,0.7938718662952646,0.7733199598796389,0.5454545454545454,0.30164175447194314,0.8690968122786304,0.665144596651446,0.7836548021475442,0.7590361445783133,0.7029391967691272,0.6467611336032388,0.5761507568736485,0.4250844911753661,0.3042071197411003,0.4785071642785738,0.49583333333333335,0.6765232974910395,0.4422645739910314,0.8188756041719665,0.512396694214876,0.5952662721893491,0.7938718662952646,0.7733199598796389,0.5454545454545454,0.30164175447194314,0.8690968122786304,0.665144596651446,0.7836548021475442,0.7590361445783133,0.7029391967691272
17,0.6367,0.638917004048583,0.56317578004325,0.45794217048441604,0.29449838187702265,0.5331556147950683,0.5208333333333334,0.7028076463560334,0.43329596412556054,0.8219282625286187,0.49586776859504134,0.6236686390532544,0.7938718662952646,0.7793380140421263,0.5606060606060606,0.28448909580985055,0.8699822904368358,0.684931506849315,0.7866375024855836,0.7590361445783133,0.7399596140901952,0.638917004048583,0.56317578004325,0.45794217048441604,0.29449838187702265,0.5331556147950683,0.5208333333333334,0.7028076463560334,0.43329596412556054,0.8219282625286187,0.49586776859504134,0.6236686390532544,0.7938718662952646,0.7793380140421263,0.5606060606060606,0.28448909580985055,0.8699822904368358,0.684931506849315,0.7866375024855836,0.7590361445783133,0.7399596140901952
18,0.6399,0.645495951417004,0.568736484399135,0.4555013143071724,0.2977346278317152,0.571142952349217,0.5180555555555556,0.7252090800477897,0.4349775784753363,0.8272704146527601,0.512396694214876,0.6378698224852071,0.7910863509749304,0.79839518555667,0.5969696969696969,0.29306542514089684,0.8735242030696576,0.6856925418569254,0.7838536488367469,0.7349397590361446,0.6995737042853938,0.645495951417004,0.568736484399135,0.4555013143071724,0.2977346278317152,0.571142952349217,0.5180555555555556,0.7252090800477897,0.4349775784753363,0.8272704146527601,0.512396694214876,0.6378698224852071,0.7910863509749304,0.79839518555667,0.5969696969696969,0.29306542514089684,0.8735242030696576,0.6856925418569254,0.7838536488367469,0.7349397590361446,0.6995737042853938
19,0.6412,0.6368927125506073,0.5591597157862218,0.4500563274502441,0.32362459546925565,0.5351549483505498,0.4986111111111111,0.7075866188769414,0.45683856502242154,0.8310862375985755,0.5206611570247934,0.6248520710059171,0.7883008356545961,0.7903711133400201,0.5666666666666667,0.3119333496691987,0.8763282172373081,0.697869101978691,0.8011533107973752,0.7710843373493976,0.7130356742203275,0.6368927125506073,0.5591597157862218,0.4500563274502441,0.32362459546925565,0.5351549483505498,0.4986111111111111,0.7075866188769414,0.45683856502242154,0.8310862375985755,0.5206611570247934,0.6248520710059171,0.7883008356545961,0.7903711133400201,0.5666666666666667,0.3119333496691987,0.8763282172373081,0.697869101978691,0.8011533107973752,0.7710843373493976,0.7130356742203275
20,0.6521,0.6639676113360324,0.5838739573679332,0.4695831768681938,0.3365695792880259,0.5798067310896368,0.5486111111111112,0.7258064516129032,0.47533632286995514,0.8323581785805139,0.5537190082644629,0.6568047337278107,0.7883008356545961,0.8004012036108324,0.603030303030303,0.3374172996814506,0.8757378984651711,0.6993911719939118,0.7846490355935574,0.7590361445783133,0.7000224366165583,0.6639676113360324,0.5838739573679332,0.4695831768681938,0.3365695792880259,0.5798067310896368,0.5486111111111112,0.7258064516129032,0.47533632286995514,0.8323581785805139,0.5537190082644629,0.6568047337278107,0.7883008356545961,0.8004012036108324,0.603030303030303,0.3374172996814506,0.8757378984651711,0.6993911719939118,0.7846490355935574,0.7590361445783133,0.7000224366165583
21,0.6552,0.6682692307692307,0.5965400061785604,0.5015020653398423,0.3074433656957929,0.5814728423858714,0.55,0.7216248506571087,0.44730941704035876,0.8310862375985755,0.5041322314049587,0.6473372781065089,0.7799442896935933,0.7863590772316951,0.5909090909090909,0.29429061504533205,0.8726387249114522,0.7077625570776256,0.7991648439053489,0.7590361445783133,0.730984967466906,0.6682692307692307,0.5965400061785604,0.5015020653398423,0.3074433656957929,0.5814728423858714,0.55,0.7216248506571087,0.44730941704035876,0.8310862375985755,0.5041322314049587,0.6473372781065089,0.7799442896935933,0.7863590772316951,0.5909090909090909,0.29429061504533205,0.8726387249114522,0.7077625570776256,0.7991648439053489,0.7590361445783133,0.730984967466906
22,0.656,0.6847165991902834,0.6067346308310164,0.5187758167480285,0.31715210355987056,0.5434855048317228,0.5569444444444445,0.7051971326164874,0.4725336322869955,0.8346476723480031,0.5454545454545454,0.6331360946745562,0.7883008356545961,0.7813440320962889,0.603030303030303,0.3187944131340358,0.8721959858323495,0.6917808219178082,0.7979717637701332,0.7349397590361446,0.7128113080547454,0.6847165991902834,0.6067346308310164,0.5187758167480285,0.31715210355987056,0.5434855048317228,0.5569444444444445,0.7051971326164874,0.4725336322869955,0.8346476723480031,0.5454545454545454,0.6331360946745562,0.7883008356545961,0.7813440320962889,0.603030303030303,0.3187944131340358,0.8721959858323495,0.6917808219178082,0.7979717637701332,0.7349397590361446,0.7128113080547454
23,0.6595,0.6680161943319838,0.6048810627123881,0.5129553135561397,0.3559870550161812,0.5874708430523159,0.5555555555555556,0.734468339307049,0.4781390134529148,0.8277791910455354,0.5537190082644629,0.6224852071005917,0.7688022284122563,0.8064192577733199,0.6151515151515151,0.33227150208282286,0.8887249114521841,0.7161339421613394,0.7961821435673097,0.7590361445783133,0.7072021539151896,0.6680161943319838,0.6048810627123881,0.5129553135561397,0.3559870550161812,0.5874708430523159,0.5555555555555556,0.734468339307049,0.4781390134529148,0.8277791910455354,0.5537190082644629,0.6224852071005917,0.7688022284122563,0.8064192577733199,0.6151515151515151,0.33227150208282286,0.8887249114521841,0.7161339421613394,0.7961821435673097,0.7590361445783133,0.7072021539151896
24,0.6638,0.6890182186234818,0.6101328390485017,0.49643259481787455,0.3851132686084142,0.5601466177940686,0.5722222222222222,0.7078853046594982,0.5196188340807175,0.838717883490206,0.5867768595041323,0.6485207100591716,0.7883008356545961,0.7973921765295887,0.5878787878787879,0.3714775790247488,0.8841499409681228,0.726027397260274,0.7949890634320939,0.7469879518072289,0.7159524343728966,0.6890182186234818,0.6101328390485017,0.49643259481787455,0.3851132686084142,0.5601466177940686,0.5722222222222222,0.7078853046594982,0.5196188340807175,0.838717883490206,0.5867768595041323,0.6485207100591716,0.7883008356545961,0.7973921765295887,0.5878787878787879,0.3714775790247488,0.8841499409681228,0.726027397260274,0.7949890634320939,0.7469879518072289,0.7159524343728966
25,0.67,0.6847165991902834,0.6274328081556997,0.5137063462260608,0.35275080906148865,0.5931356214595135,0.5944444444444444,0.7299880525686977,0.48654708520179374,0.8346476723480031,0.5537190082644629,0.6390532544378699,0.754874651810585,0.8134403209628887,0.6272727272727273,0.35530507228620434,0.8865112160566706,0.7328767123287672,0.7856432690395705,0.7831325301204819,0.736818487772044,0.6847165991902834,0.6274328081556997,0.5137063462260608,0.35275080906148865,0.5931356214595135,0.5944444444444444,0.7299880525686977,0.48654708520179374,0.8346476723480031,0.5537190082644629,0.6390532544378699,0.754874651810585,0.8134403209628887,0.6272727272727273,0.35530507228620434,0.8865112160566706,0.7328767123287672,0.7856432690395705,0.7831325301204819,0.736818487772044
26,0.6728,0.6753542510121457,0.5888168056842755,0.5170859932407059,0.3656957928802589,0.6487837387537487,0.5777777777777777,0.7580645161290323,0.5050448430493274,0.8445688120071229,0.5702479338842975,0.6698224852071006,0.7910863509749304,0.7973921765295887,0.6212121212121212,0.3626562117128155,0.8699822904368358,0.7199391171993912,0.8154702724199642,0.7590361445783133,0.7433251065739287,0.6753542510121457,0.5888168056842755,0.5170859932407059,0.3656957928802589,0.6487837387537487,0.5777777777777777,0.7580645161290323,0.5050448430493274,0.8445688120071229,0.5702479338842975,0.6698224852071006,0.7910863509749304,0.7973921765295887,0.6212121212121212,0.3626562117128155,0.8699822904368358,0.7199391171993912,0.8154702724199642,0.7590361445783133,0.7433251065739287
27,0.6728,0.6953441295546559,0.6255792400370713,0.552009012392039,0.36893203883495146,0.6157947350883038,0.6055555555555555,0.7413381123058542,0.4915919282511211,0.83719155431188,0.5785123966942148,0.6674556213017752,0.7910863509749304,0.8214643931795386,0.6363636363636364,0.3504043126684636,0.8927095631641087,0.7480974124809742,0.7989659972161464,0.8192771084337349,0.7020417321067983,0.6953441295546559,0.6255792400370713,0.552009012392039,0.36893203883495146,0.6157947350883038,0.6055555555555555,0.7413381123058542,0.4915919282511211,0.83719155431188,0.5785123966942148,0.6674556213017752,0.7910863509749304,0.8214643931795386,0.6363636363636364,0.3504043126684636,0.8927095631641087,0.7480974124809742,0.7989659972161464,0.8192771084337349,0.7020417321067983
28,0.6728,0.6918016194331984,0.6147667593450726,0.5505069470521967,0.37216828478964403,0.6334555148283906,0.6013888888888889,0.751194743130227,0.5179372197309418,0.8547443398626303,0.5785123966942148,0.6887573964497041,0.807799442896936,0.79839518555667,0.6424242424242425,0.3584905660377358,0.8801652892561983,0.7313546423135464,0.8095048717438854,0.7951807228915663,0.7296387704734126,0.6918016194331984,0.6147667593450726,0.5505069470521967,0.37216828478964403,0.6334555148283906,0.6013888888888889,0.751194743130227,0.5179372197309418,0.8547443398626303,0.5785123966942148,0.6887573964497041,0.807799442896936,0.79839518555667,0.6424242424242425,0.3584905660377358,0.8801652892561983,0.7313546423135464,0.8095048717438854,0.7951807228915663,0.7296387704734126
29,0.6744,0.7130566801619433,0.6357738646895273,0.5163349605707849,0.3559870550161812,0.6247917360879707,0.6027777777777777,0.7467144563918757,0.5067264573991032,0.8522004578987535,0.5867768595041323,0.6899408284023668,0.8050139275766016,0.7863590772316951,0.6303030303030303,0.35260965449644693,0.8741145218417946,0.728310502283105,0.8323722410021873,0.7831325301204819,0.7395108817590308,0.7130566801619433,0.6357738646895273,0.5163349605707849,0.3559870550161812,0.6247917360879707,0.6027777777777777,0.7467144563918757,0.5067264573991032,0.8522004578987535,0.5867768595041323,0.6899408284023668,0.8050139275766016,0.7863590772316951,0.6303030303030303,0.35260965449644693,0.8741145218417946,0.728310502283105,0.8323722410021873,0.7831325301204819,0.7395108817590308
30,0.6778,0.694585020242915,0.6231078158789002,0.5024408561772437,0.37216828478964403,0.6164611796067977,0.6041666666666666,0.7580645161290323,0.5106502242152466,0.8511829051132027,0.5867768595041323,0.6556213017751479,0.7883008356545961,0.8164493480441324,0.6454545454545455,0.37392795883361923,0.8875442739079102,0.7245053272450532,0.8126864187711275,0.7590361445783133,0.7547677810186224,0.694585020242915,0.6231078158789002,0.5024408561772437,0.37216828478964403,0.6164611796067977,0.6041666666666666,0.7580645161290323,0.5106502242152466,0.8511829051132027,0.5867768595041323,0.6556213017751479,0.7883008356545961,0.8164493480441324,0.6454545454545455,0.37392795883361923,0.8875442739079102,0.7245053272450532,0.8126864187711275,0.7590361445783133,0.7547677810186224
31,0.6868,0.7128036437246964,0.6462774173617547,0.573037927149831,0.39158576051779936,0.6644451849383539,0.6305555555555555,0.7595579450418161,0.5134529147982063,0.8476214703637751,0.6033057851239669,0.6994082840236686,0.7938718662952646,0.7823470411233701,0.6575757575757576,0.3736829208527322,0.8773612750885478,0.7534246575342466,0.8194472062040167,0.7951807228915663,0.7386134170967018,0.7128036437246964,0.6462774173617547,0.573037927149831,0.39158576051779936,0.6644451849383539,0.6305555555555555,0.7595579450418161,0.5134529147982063,0.8476214703637751,0.6033057851239669,0.6994082840236686,0.7938718662952646,0.7823470411233701,0.6575757575757576,0.3736829208527322,0.8773612750885478,0.7534246575342466,0.8194472062040167,0.7951807228915663,0.7386134170967018
32,0.6819,0.687753036437247,0.6027185665739883,0.5347352609838528,0.3656957928802589,0.6911029656781073,0.6125,0.7843488649940262,0.524103139013453,0.8514372933095904,0.5867768595041323,0.7183431952662722,0.8189415041782729,0.8124373119358074,0.6696969696969697,0.37074246508208775,0.8795749704840614,0.741248097412481,0.8202425929608272,0.7710843373493976,0.7197666591877945,0.687753036437247,0.6027185665739883,0.5347352609838528,0.3656957928802589,0.6911029656781073,0.6125,0.7843488649940262,0.524103139013453,0.8514372933095904,0.5867768595041323,0.7183431952662722,0.8189415041782729,0.8124373119358074,0.6696969696969697,0.37074246508208775,0.8795749704840614,0.741248097412481,0.8202425929608272,0.7710843373493976,0.7197666591877945
33,0.6817,0.7257085020242915,0.6589434661723819,0.552009012392039,0.3883495145631068,0.6131289570143286,0.6097222222222223,0.7431302270011948,0.5145739910313901,0.8504197405240397,0.6115702479338843,0.6792899408284023,0.7771587743732591,0.7853560682046138,0.6515151515151515,0.3692722371967655,0.887987012987013,0.7549467275494672,0.8242195267448797,0.8072289156626506,0.7363697554408796,0.7257085020242915,0.6589434661723819,0.552009012392039,0.3883495145631068,0.6131289570143286,0.6097222222222223,0.7431302270011948,0.5145739910313901,0.8504197405240397,0.6115702479338843,0.6792899408284023,0.7771587743732591,0.7853560682046138,0.6515151515151515,0.3692722371967655,0.887987012987013,0.7549467275494672,0.8242195267448797,0.8072289156626506,0.7363697554408796
34,0.6816,0.694078947368421,0.6061167747914736,0.5337964701464514,0.42071197411003236,0.6717760746417861,0.6083333333333333,0.7819593787335722,0.5482062780269058,0.8600864919867718,0.6115702479338843,0.7195266272189349,0.8105849582172702,0.7993981945837513,0.6515151515151515,0.40112717471208037,0.884887839433294,0.7511415525114156,0.8305826207993637,0.7951807228915663,0.7040610275970384,0.694078947368421,0.6061167747914736,0.5337964701464514,0.42071197411003236,0.6717760746417861,0.6083333333333333,0.7819593787335722,0.5482062780269058,0.8600864919867718,0.6115702479338843,0.7195266272189349,0.8105849582172702,0.7993981945837513,0.6515151515151515,0.40112717471208037,0.884887839433294,0.7511415525114156,0.8305826207993637,0.7951807228915663,0.7040610275970384
35,0.6855,0.694838056680162,0.6153846153846154,0.582238077356365,0.4110032362459547,0.611462845718094,0.6055555555555555,0.752389486260454,0.524103139013453,0.8473670821673874,0.6198347107438017,0.6627218934911243,0.8022284122562674,0.8094282848545636,0.6393939393939394,0.38519970595442293,0.9024498229043684,0.776255707762557,0.8268045337045138,0.8072289156626506,0.75050482387256,0.694838056680162,0.6153846153846154,0.582238077356365,0.4110032362459547,0.611462845718094,0.6055555555555555,0.752389486260454,0.524103139013453,0.8473670821673874,0.6198347107438017,0.6627218934911243,0.8022284122562674,0.8094282848545636,0.6393939393939394,0.38519970595442293,0.9024498229043684,0.776255707762557,0.8268045337045138,0.8072289156626506,0.75050482387256
36,0.6903,0.7330465587044535,0.6645041705282669,0.5135185880585805,0.3818770226537217,0.6657780739753415,0.6416666666666667,0.7735961768219832,0.5207399103139013,0.8585601628084457,0.6115702479338843,0.7029585798816568,0.7994428969359332,0.8114343029087262,0.6484848484848484,0.36682185738789513,0.8819362455726092,0.7374429223744292,0.8305826207993637,0.7951807228915663,0.7581332735023558,0.7330465587044535,0.6645041705282669,0.5135185880585805,0.3818770226537217,0.6657780739753415,0.6416666666666667,0.7735961768219832,0.5207399103139013,0.8585601628084457,0.6115702479338843,0.7029585798816568,0.7994428969359332,0.8114343029087262,0.6484848484848484,0.36682185738789513,0.8819362455726092,0.7374429223744292,0.8305826207993637,0.7951807228915663,0.7581332735023558
37,0.6906,0.6958502024291497,0.6092060549891876,0.5570784829140067,0.44983818770226536,0.6744418527157614,0.6083333333333333,0.7849462365591398,0.5571748878923767,0.8654286441109132,0.628099173553719,0.7136094674556213,0.8022284122562674,0.8064192577733199,0.6515151515151515,0.43371722617005637,0.8916765053128689,0.7747336377473364,0.8283953072181348,0.8072289156626506,0.7359210231097151,0.6958502024291497,0.6092060549891876,0.5570784829140067,0.44983818770226536,0.6744418527157614,0.6083333333333333,0.7849462365591398,0.5571748878923767,0.8654286441109132,0.628099173553719,0.7136094674556213,0.8022284122562674,0.8064192577733199,0.6515151515151515,0.43371722617005637,0.8916765053128689,0.7747336377473364,0.8283953072181348,0.8072289156626506,0.7359210231097151
38,0.6945,0.7171052631578947,0.6388631448872413,0.5510702215546376,0.4045307443365696,0.6947684105298234,0.6138888888888889,0.7876344086021505,0.5274663677130045,0.8608496565759349,0.6198347107438017,0.7230769230769231,0.8189415041782729,0.8094282848545636,0.6575757575757576,0.3881401617250674,0.8803128689492326,0.7519025875190258,0.8411214953271028,0.8313253012048193,0.7401839802557775,0.7171052631578947,0.6388631448872413,0.5510702215546376,0.4045307443365696,0.6947684105298234,0.6138888888888889,0.7876344086021505,0.5274663677130045,0.8608496565759349,0.6198347107438017,0.7230769230769231,0.8189415041782729,0.8094282848545636,0.6575757575757576,0.3881401617250674,0.8803128689492326,0.7519025875190258,0.8411214953271028,0.8313253012048193,0.7401839802557775
39,0.6949,0.7300101214574899,0.659870250231696,0.5705970709725873,0.4401294498381877,0.6704431856047984,0.6277777777777778,0.77389486260454,0.5375560538116592,0.8644110913253625,0.6115702479338843,0.7207100591715976,0.7910863509749304,0.7893681043129388,0.6818181818181818,0.39990198480764516,0.8853305785123967,0.7648401826484018,0.8289918472857427,0.8313253012048193,0.7278438411487548,0.7300101214574899,0.659870250231696,0.5705970709725873,0.4401294498381877,0.6704431856047984,0.6277777777777778,0.77389486260454,0.5375560538116592,0.8644110913253625,0.6115702479338843,0.7207100591715976,0.7910863509749304,0.7893681043129388,0.6818181818181818,0.39990198480764516,0.8853305785123967,0.7648401826484018,0.8289918472857427,0.8313253012048193,0.7278438411487548
40,0.6943,0.7100202429149798,0.6249613839975285,0.5482538490424333,0.3786407766990291,0.6897700766411197,0.6263888888888889,0.7933094384707288,0.5201793721973094,0.8687356906639532,0.6198347107438017,0.7230769230769231,0.8105849582172702,0.8264794383149449,0.6666666666666666,0.3665768194070081,0.8876918536009445,0.7549467275494672,0.8530522966792603,0.8072289156626506,0.7590307381646848,0.7100202429149798,0.6249613839975285,0.5482538490424333,0.3786407766990291,0.6897700766411197,0.6263888888888889,0.7933094384707288,0.5201793721973094,0.8687356906639532,0.6198347107438017,0.7230769230769231,0.8105849582172702,0.8264794383149449,0.6666666666666666,0.3665768194070081,0.8876918536009445,0.7549467275494672,0.8530522966792603,0.8072289156626506,0.7590307381646848
41,0.702,0.7332995951417004,0.661414890330553,0.5873075478783327,0.44983818770226536,0.6727757414195268,0.6430555555555556,0.7780764635603346,0.5448430493273543,0.8608496565759349,0.6611570247933884,0.7065088757396449,0.7910863509749304,0.7923771313941825,0.6848484848484848,0.4099485420240137,0.8953659976387249,0.7792998477929984,0.8303837741101611,0.8433734939759037,0.7594794704958492,0.7332995951417004,0.661414890330553,0.5873075478783327,0.44983818770226536,0.6727757414195268,0.6430555555555556,0.7780764635603346,0.5448430493273543,0.8608496565759349,0.6611570247933884,0.7065088757396449,0.7910863509749304,0.7923771313941825,0.6848484848484848,0.4099485420240137,0.8953659976387249,0.7792998477929984,0.8303837741101611,0.8433734939759037,0.7594794704958492
42,0.6959,0.7203947368421053,0.6367006487488415,0.5814870446864439,0.41423948220064727,0.6497834055314895,0.6236111111111111,0.7753882915173238,0.547085201793722,0.8733146781989316,0.6694214876033058,0.7041420118343196,0.8050139275766016,0.8054162487462387,0.6363636363636364,0.4131340357755452,0.8835596221959858,0.769406392694064,0.8472857426923842,0.8192771084337349,0.7514022885348889,0.7203947368421053,0.6367006487488415,0.5814870446864439,0.41423948220064727,0.6497834055314895,0.6236111111111111,0.7753882915173238,0.547085201793722,0.8733146781989316,0.6694214876033058,0.7041420118343196,0.8050139275766016,0.8054162487462387,0.6363636363636364,0.4131340357755452,0.8835596221959858,0.769406392694064,0.8472857426923842,0.8192771084337349,0.7514022885348889
43,0.6955,0.729504048582996,0.6465863453815262,0.5615846789335336,0.459546925566343,0.6577807397534156,0.6305555555555555,0.7712066905615292,0.5582959641255605,0.8733146781989316,0.6776859504132231,0.7254437869822485,0.7994428969359332,0.7913741223671013,0.6515151515151515,0.42440578289634895,0.8832644628099173,0.7579908675799086,0.8554384569496918,0.8313253012048193,0.7677810186223918,0.729504048582996,0.6465863453815262,0.5615846789335336,0.459546925566343,0.6577807397534156,0.6305555555555555,0.7712066905615292,0.5582959641255605,0.8733146781989316,0.6776859504132231,0.7254437869822485,0.7994428969359332,0.7913741223671013,0.6515151515151515,0.42440578289634895,0.8832644628099173,0.7579908675799086,0.8554384569496918,0.8313253012048193,0.7677810186223918
44,0.6952,0.7105263157894737,0.6274328081556997,0.5978220052572287,0.4045307443365696,0.6707764078640454,0.6097222222222223,0.7861409796893668,0.5454035874439462,0.8766217247519715,0.6528925619834711,0.7112426035502959,0.8161559888579387,0.8064192577733199,0.6606060606060606,0.4013722126929674,0.8831168831168831,0.7595129375951294,0.843109962219129,0.8192771084337349,0.7496073592102311,0.7105263157894737,0.6274328081556997,0.5978220052572287,0.4045307443365696,0.6707764078640454,0.6097222222222223,0.7861409796893668,0.5454035874439462,0.8766217247519715,0.6528925619834711,0.7112426035502959,0.8161559888579387,0.8064192577733199,0.6606060606060606,0.4013722126929674,0.8831168831168831,0.7595129375951294,0.843109962219129,0.8192771084337349,0.7496073592102311
45,0.6998,0.7406376518218624,0.6740809391411801,0.5869320315433721,0.42718446601941745,0.676107964011996,0.6569444444444444,0.7843488649940262,0.5403587443946188,0.8628847621470364,0.6446280991735537,0.7112426035502959,0.7994428969359332,0.8124373119358074,0.6666666666666666,0.40161725067385445,0.8932998819362455,0.7754946727549468,0.8317757009345794,0.8313253012048193,0.7581332735023558,0.7406376518218624,0.6740809391411801,0.5869320315433721,0.42718446601941745,0.676107964011996,0.6569444444444444,0.7843488649940262,0.5403587443946188,0.8628847621470364,0.6446280991735537,0.7112426035502959,0.7994428969359332,0.8124373119358074,0.6666666666666666,0.40161725067385445,0.8932998819362455,0.7754946727549468,0.8317757009345794,0.8313253012048193,0.7581332735023558
46,0.6995,0.7413967611336032,0.6561631139944393,0.5593315809237702,0.40129449838187703,0.6754415194935022,0.6430555555555556,0.784647550776583,0.5403587443946188,0.8789112185194607,0.6528925619834711,0.7337278106508875,0.8105849582172702,0.7933801404212638,0.6636363636363637,0.3981867189414359,0.8825265643447462,0.7549467275494672,0.8534499900576655,0.8072289156626506,0.7496073592102311,0.7413967611336032,0.6561631139944393,0.5593315809237702,0.40129449838187703,0.6754415194935022,0.6430555555555556,0.784647550776583,0.5403587443946188,0.8789112185194607,0.6528925619834711,0.7337278106508875,0.8105849582172702,0.7933801404212638,0.6636363636363637,0.3981867189414359,0.8825265643447462,0.7549467275494672,0.8534499900576655,0.8072289156626506,0.7496073592102311
47,0.7018,0.728997975708502,0.6546184738955824,0.5764175741644761,0.4563106796116505,0.6807730756414528,0.6402777777777777,0.7939068100358423,0.5599775784753364,0.8733146781989316,0.6611570247933884,0.7136094674556213,0.7966573816155988,0.8114343029087262,0.6575757575757576,0.43739279588336194,0.8961038961038961,0.7724505327245054,0.8291906939749453,0.8433734939759037,0.7493829930446488,0.728997975708502,0.6546184738955824,0.5764175741644761,0.4563106796116505,0.6807730756414528,0.6402777777777777,0.7939068100358423,0.5599775784753364,0.8733146781989316,0.6611570247933884,0.7136094674556213,0.7966573816155988,0.8114343029087262,0.6575757575757576,0.43739279588336194,0.8961038961038961,0.7724505327245054,0.8291906939749453,0.8433734939759037,0.7493829930446488
48,0.7013,0.7376012145748988,0.6660488106271238,0.5758542996620353,0.42718446601941745,0.6997667444185272,0.6555555555555556,0.788231780167264,0.554932735426009,0.8717883490206054,0.6776859504132231,0.7467455621301775,0.7938718662952646,0.7893681043129388,0.6818181818181818,0.4241607449154619,0.8825265643447462,0.7671232876712328,0.8443030423543448,0.8192771084337349,0.7693515817814673,0.7376012145748988,0.6660488106271238,0.5758542996620353,0.42718446601941745,0.6997667444185272,0.6555555555555556,0.788231780167264,0.554932735426009,0.8717883490206054,0.6776859504132231,0.7467455621301775,0.7938718662952646,0.7893681043129388,0.6818181818181818,0.4241607449154619,0.8825265643447462,0.7671232876712328,0.8443030423543448,0.8192771084337349,0.7693515817814673
49,0.7023,0.7254554655870445,0.6481309854803831,0.566466391288021,0.4045307443365696,0.6674441852715761,0.6375,0.7843488649940262,0.5454035874439462,0.875349783770033,0.6942148760330579,0.7171597633136094,0.8133704735376045,0.8184553660982948,0.6575757575757576,0.4121538838519971,0.9027449822904369,0.769406392694064,0.854245376814476,0.8313253012048193,0.7711465111061252,0.7254554655870445,0.6481309854803831,0.566466391288021,0.4045307443365696,0.6674441852715761,0.6375,0.7843488649940262,0.5454035874439462,0.875349783770033,0.6942148760330579,0.7171597633136094,0.8133704735376045,0.8184553660982948,0.6575757575757576,0.4121538838519971,0.9027449822904369,0.769406392694064,0.854245376814476,0.8313253012048193,0.7711465111061252
50,0.7016,0.7272267206477733,0.6370095767686129,0.5606458880961321,0.44983818770226536,0.7014328557147618,0.6430555555555556,0.8004778972520908,0.5554932735426009,0.8778936657339099,0.6694214876033058,0.7242603550295857,0.8105849582172702,0.8194583751253761,0.6606060606060606,0.43151188434207305,0.8931523022432113,0.7602739726027398,0.8474845893815868,0.8192771084337349,0.7466905990576621,0.7272267206477733,0.6370095767686129,0.5606458880961321,0.44983818770226536,0.7014328557147618,0.6430555555555556,0.8004778972520908,0.5554932735426009,0.8778936657339099,0.6694214876033058,0.7242603550295857,0.8105849582172702,0.8194583751253761,0.6606060606060606,0.43151188434207305,0.8931523022432113,0.7602739726027398,0.8474845893815868,0.8192771084337349,0.7466905990576621
51,0.7017,0.7198886639676113,0.6385542168674698,0.5812992865189636,0.4336569579288026,0.6871042985671443,0.6236111111111111,0.7924133811230586,0.554372197309417,0.8789112185194607,0.6859504132231405,0.7207100591715976,0.7966573816155988,0.8224674022066198,0.6757575757575758,0.43518745405537856,0.8961038961038961,0.7678843226788432,0.8447007357327501,0.8313253012048193,0.7637424276419116,0.7198886639676113,0.6385542168674698,0.5812992865189636,0.4336569579288026,0.6871042985671443,0.6236111111111111,0.7924133811230586,0.554372197309417,0.8789112185194607,0.6859504132231405,0.7207100591715976,0.7966573816155988,0.8224674022066198,0.6757575757575758,0.43518745405537856,0.8961038961038961,0.7678843226788432,0.8447007357327501,0.8313253012048193,0.7637424276419116
52,0.7016,0.7376012145748988,0.6558541859746679,0.5593315809237702,0.4174757281553398,0.7224258580473175,0.6541666666666667,0.8070489844683393,0.5454035874439462,0.8748410073772577,0.6859504132231405,0.7349112426035503,0.8050139275766016,0.8134403209628887,0.6909090909090909,0.4072531242342563,0.894185360094451,0.758751902587519,0.8532511433684629,0.8313253012048193,0.7583576396679381,0.7376012145748988,0.6558541859746679,0.5593315809237702,0.4174757281553398,0.7224258580473175,0.6541666666666667,0.8070489844683393,0.5454035874439462,0.8748410073772577,0.6859504132231405,0.7349112426035503,0.8050139275766016,0.8134403209628887,0.6909090909090909,0.4072531242342563,0.894185360094451,0.758751902587519,0.8532511433684629,0.8313253012048193,0.7583576396679381
53,0.6994,0.7621457489878543,0.691998764287921,0.5689072474652648,0.42394822006472493,0.6614461846051316,0.6652777777777777,0.7786738351254481,0.5493273542600897,0.8768761129483592,0.7024793388429752,0.727810650887574,0.7994428969359332,0.7963891675025075,0.6757575757575758,0.40872335211957855,0.8986127508854782,0.771689497716895,0.8447007357327501,0.8433734939759037,0.739735247924613,0.7621457489878543,0.691998764287921,0.5689072474652648,0.42394822006472493,0.6614461846051316,0.6652777777777777,0.7786738351254481,0.5493273542600897,0.8768761129483592,0.7024793388429752,0.727810650887574,0.7994428969359332,0.7963891675025075,0.6757575757575758,0.40872335211957855,0.8986127508854782,0.771689497716895,0.8447007357327501,0.8433734939759037,0.739735247924613
54,0.7053,0.7343117408906883,0.6515291936978684,0.5950056327450244,0.4174757281553398,0.7150949683438854,0.6458333333333334,0.8091397849462365,0.5605381165919282,0.8791656067158484,0.6446280991735537,0.7514792899408284,0.8050139275766016,0.8114343029087262,0.6787878787878788,0.4214653271257045,0.8847402597402597,0.7640791476407914,0.8421157287731159,0.8072289156626506,0.7493829930446488,0.7343117408906883,0.6515291936978684,0.5950056327450244,0.4174757281553398,0.7150949683438854,0.6458333333333334,0.8091397849462365,0.5605381165919282,0.8791656067158484,0.6446280991735537,0.7514792899408284,0.8050139275766016,0.8114343029087262,0.6787878787878788,0.4214653271257045,0.8847402597402597,0.7640791476407914,0.8421157287731159,0.8072289156626506,0.7493829930446488
55,0.7068,0.7229251012145749,0.6407167130058696,0.5852422080360495,0.47572815533980584,0.6984338553815395,0.6236111111111111,0.7974910394265233,0.5807174887892377,0.873823454591707,0.6363636363636364,0.7396449704142012,0.8189415041782729,0.7993981945837513,0.6636363636363637,0.4648370497427101,0.9011216056670602,0.7952815829528158,0.8540465301252734,0.8433734939759037,0.7471393313888266,0.7229251012145749,0.6407167130058696,0.5852422080360495,0.47572815533980584,0.6984338553815395,0.6236111111111111,0.7974910394265233,0.5807174887892377,0.873823454591707,0.6363636363636364,0.7396449704142012,0.8189415041782729,0.7993981945837513,0.6636363636363637,0.4648370497427101,0.9011216056670602,0.7952815829528158,0.8540465301252734,0.8433734939759037,0.7471393313888266
56,0.7046,0.7388663967611336,0.6607970342910102,0.5884340968832145,0.4368932038834951,0.7094301899366877,0.6541666666666667,0.8064516129032258,0.5482062780269058,0.8789112185194607,0.6611570247933884,0.736094674556213,0.8245125348189415,0.802407221664995,0.6666666666666666,0.42391570693457487,0.9008264462809917,0.7800608828006088,0.8568303837741101,0.8674698795180723,0.7552165133497869,0.7388663967611336,0.6607970342910102,0.5884340968832145,0.4368932038834951,0.7094301899366877,0.6541666666666667,0.8064516129032258,0.5482062780269058,0.8789112185194607,0.6611570247933884,0.736094674556213,0.8245125348189415,0.802407221664995,0.6666666666666666,0.42391570693457487,0.9008264462809917,0.7800608828006088,0.8568303837741101,0.8674698795180723,0.7552165133497869
57,0.7029,0.7416497975708503,0.6592523941921532,0.5503191888847165,0.44983818770226536,0.6917694101966011,0.6430555555555556,0.7977897252090801,0.5554932735426009,0.8885779699821929,0.6611570247933884,0.7301775147928994,0.8050139275766016,0.8094282848545636,0.6545454545454545,0.4307767703994119,0.9033353010625738,0.7732115677321156,0.855836150328097,0.8554216867469879,0.7588063719991025,0.7416497975708503,0.6592523941921532,0.5503191888847165,0.44983818770226536,0.6917694101966011,0.6430555555555556,0.7977897252090801,0.5554932735426009,0.8885779699821929,0.6611570247933884,0.7301775147928994,0.8050139275766016,0.8094282848545636,0.6545454545454545,0.4307767703994119,0.9033353010625738,0.7732115677321156,0.855836150328097,0.8554216867469879,0.7588063719991025
58,0.7061,0.7545546558704453,0.677170219338894,0.573037927149831,0.42718446601941745,0.7144285238253916,0.6638888888888889,0.7995818399044206,0.5616591928251121,0.8768761129483592,0.6363636363636364,0.7526627218934911,0.8161559888579387,0.802407221664995,0.6696969696969697,0.4241607449154619,0.9000885478158206,0.7777777777777778,0.8566315370849076,0.8795180722891566,0.7520753870316357,0.7545546558704453,0.677170219338894,0.573037927149831,0.42718446601941745,0.7144285238253916,0.6638888888888889,0.7995818399044206,0.5616591928251121,0.8768761129483592,0.6363636363636364,0.7526627218934911,0.8161559888579387,0.802407221664995,0.6696969696969697,0.4241607449154619,0.9000885478158206,0.7777777777777778,0.8566315370849076,0.8795180722891566,0.7520753870316357
59,0.7099,0.7302631578947368,0.6481309854803831,0.5839279008636876,0.48220064724919093,0.7110963012329223,0.65,0.8100358422939068,0.5739910313901345,0.8834902060544391,0.6694214876033058,0.7431952662721893,0.8133704735376045,0.8104312938816449,0.6636363636363637,0.44719431511884344,0.8969893742621016,0.7724505327245054,0.8582223105985285,0.8433734939759037,0.7745120035898586,0.7302631578947368,0.6481309854803831,0.5839279008636876,0.48220064724919093,0.7110963012329223,0.65,0.8100358422939068,0.5739910313901345,0.8834902060544391,0.6694214876033058,0.7431952662721893,0.8133704735376045,0.8104312938816449,0.6636363636363637,0.44719431511884344,0.8969893742621016,0.7724505327245054,0.8582223105985285,0.8433734939759037,0.7745120035898586
60,0.7106,0.7358299595141701,0.651220265678097,0.5871197897108524,0.47249190938511326,0.7150949683438854,0.6486111111111111,0.8058542413381123,0.5650224215246636,0.8756041719664207,0.6611570247933884,0.7420118343195267,0.807799442896936,0.7933801404212638,0.6727272727272727,0.4491546189659397,0.9092384887839433,0.784627092846271,0.8492742095844105,0.8795180722891566,0.7520753870316357,0.7358299595141701,0.651220265678097,0.5871197897108524,0.47249190938511326,0.7150949683438854,0.6486111111111111,0.8058542413381123,0.5650224215246636,0.8756041719664207,0.6611570247933884,0.7420118343195267,0.807799442896936,0.7933801404212638,0.6727272727272727,0.4491546189659397,0.9092384887839433,0.784627092846271,0.8492742095844105,0.8795180722891566,0.7520753870316357
61,0.7109,0.7482287449392713,0.6567809700339821,0.5766053323319564,0.44983818770226536,0.7060979673442186,0.6513888888888889,0.8058542413381123,0.5633408071748879,0.8812007122869498,0.6694214876033058,0.7502958579881657,0.8105849582172702,0.802407221664995,0.693939393939394,0.4496446949277138,0.8987603305785123,0.776255707762557,0.8588188506661364,0.8674698795180723,0.7464662328920799,0.7482287449392713,0.6567809700339821,0.5766053323319564,0.44983818770226536,0.7060979673442186,0.6513888888888889,0.8058542413381123,0.5633408071748879,0.8812007122869498,0.6694214876033058,0.7502958579881657,0.8105849582172702,0.802407221664995,0.693939393939394,0.4496446949277138,0.8987603305785123,0.776255707762557,0.8588188506661364,0.8674698795180723,0.7464662328920799
62,0.7108,0.7537955465587044,0.6586345381526104,0.5734134434847916,0.42071197411003236,0.6891036321226258,0.6319444444444444,0.8007765830346476,0.5577354260089686,0.881963876876113,0.6528925619834711,0.7479289940828402,0.8105849582172702,0.79839518555667,0.6848484848484848,0.4241607449154619,0.9030401416765053,0.7754946727549468,0.8767150526943727,0.8674698795180723,0.7518510208660534,0.7537955465587044,0.6586345381526104,0.5734134434847916,0.42071197411003236,0.6891036321226258,0.6319444444444444,0.8007765830346476,0.5577354260089686,0.881963876876113,0.6528925619834711,0.7479289940828402,0.8105849582172702,0.79839518555667,0.6848484848484848,0.4241607449154619,0.9030401416765053,0.7754946727549468,0.8767150526943727,0.8674698795180723,0.7518510208660534
63,0.7179,0.7454453441295547,0.6472042014210689,0.5843034171986481,0.47249190938511326,0.7477507497500833,0.6472222222222223,0.8213859020310633,0.5807174887892377,0.882727041465276,0.6611570247933884,0.7692307692307693,0.7966573816155988,0.7813440320962889,0.696969696969697,0.4712080372457731,0.8850354191263282,0.776255707762557,0.8629946311393916,0.8192771084337349,0.7579089073367736,0.7454453441295547,0.6472042014210689,0.5843034171986481,0.47249190938511326,0.7477507497500833,0.6472222222222223,0.8213859020310633,0.5807174887892377,0.882727041465276,0.6611570247933884,0.7692307692307693,0.7966573816155988,0.7813440320962889,0.696969696969697,0.4712080372457731,0.8850354191263282,0.776255707762557,0.8629946311393916,0.8192771084337349,0.7579089073367736
64,0.7113,0.7444331983805668,0.652764905776954,0.5728501689823507,0.44983818770226536,0.6994335221592802,0.6416666666666667,0.8124253285543608,0.5644618834080718,0.8801831595013991,0.6528925619834711,0.7467455621301775,0.8050139275766016,0.8114343029087262,0.6818181818181818,0.4491546189659397,0.9076151121605667,0.7960426179604262,0.8649830980314178,0.8433734939759037,0.765088624635405,0.7444331983805668,0.652764905776954,0.5728501689823507,0.44983818770226536,0.6994335221592802,0.6416666666666667,0.8124253285543608,0.5644618834080718,0.8801831595013991,0.6528925619834711,0.7467455621301775,0.8050139275766016,0.8114343029087262,0.6818181818181818,0.4491546189659397,0.9076151121605667,0.7960426179604262,0.8649830980314178,0.8433734939759037,0.765088624635405
65,0.7101,0.7451923076923077,0.6604881062712388,0.5679684566278633,0.44336569579288027,0.6951016327890703,0.6444444444444445,0.8040621266427718,0.5672645739910314,0.8870516408038667,0.6528925619834711,0.7597633136094675,0.8161559888579387,0.8114343029087262,0.6787878787878788,0.4334721881891693,0.9037780401416765,0.7770167427701674,0.8719427321535096,0.8674698795180723,0.7774287637424276,0.7451923076923077,0.6604881062712388,0.5679684566278633,0.44336569579288027,0.6951016327890703,0.6444444444444445,0.8040621266427718,0.5672645739910314,0.8870516408038667,0.6528925619834711,0.7597633136094675,0.8161559888579387,0.8114343029087262,0.6787878787878788,0.4334721881891693,0.9037780401416765,0.7770167427701674,0.8719427321535096,0.8674698795180723,0.7774287637424276
66,0.7159,0.7545546558704453,0.6713005869632376,0.5908749530604581,0.4854368932038835,0.7107630789736754,0.6583333333333333,0.8091397849462365,0.5734304932735426,0.8855253116255406,0.6694214876033058,0.762130177514793,0.7966573816155988,0.7933801404212638,0.6818181818181818,0.4501347708894879,0.893004722550177,0.7777777777777778,0.8631934778285941,0.8674698795180723,0.7648642584698228,0.7545546558704453,0.6713005869632376,0.5908749530604581,0.4854368932038835,0.7107630789736754,0.6583333333333333,0.8091397849462365,0.5734304932735426,0.8855253116255406,0.6694214876033058,0.762130177514793,0.7966573816155988,0.7933801404212638,0.6818181818181818,0.4501347708894879,0.893004722550177,0.7777777777777778,0.8631934778285941,0.8674698795180723,0.7648642584698228
67,0.7135,0.7507591093117408,0.6682113067655236,0.5736012016522719,0.4919093851132686,0.7167610796401199,0.6569444444444444,0.8178016726403823,0.5924887892376681,0.8839989824472144,0.6528925619834711,0.762130177514793,0.8050139275766016,0.8054162487462387,0.7,0.47488360695907866,0.8975796930342385,0.7823439878234398,0.8594153907337443,0.8554216867469879,0.7682297509535562,0.7507591093117408,0.6682113067655236,0.5736012016522719,0.4919093851132686,0.7167610796401199,0.6569444444444444,0.8178016726403823,0.5924887892376681,0.8839989824472144,0.6528925619834711,0.762130177514793,0.8050139275766016,0.8054162487462387,0.7,0.47488360695907866,0.8975796930342385,0.7823439878234398,0.8594153907337443,0.8554216867469879,0.7682297509535562
68,0.7135,0.750253036437247,0.6592523941921532,0.5696582801351859,0.49838187702265374,0.708763745418194,0.6416666666666667,0.8154121863799283,0.5913677130044843,0.8885779699821929,0.6611570247933884,0.7585798816568048,0.8133704735376045,0.79839518555667,0.693939393939394,0.46777750551335456,0.9021546635182999,0.786910197869102,0.865380791409823,0.8674698795180723,0.7502804577069778,0.750253036437247,0.6592523941921532,0.5696582801351859,0.49838187702265374,0.708763745418194,0.6416666666666667,0.8154121863799283,0.5913677130044843,0.8885779699821929,0.6611570247933884,0.7585798816568048,0.8133704735376045,0.79839518555667,0.693939393939394,0.46777750551335456,0.9021546635182999,0.786910197869102,0.865380791409823,0.8674698795180723,0.7502804577069778
69,0.7135,0.7644230769230769,0.6814952116156936,0.5767930904994367,0.47249190938511326,0.7030989670109964,0.65,0.8043608124253285,0.5683856502242153,0.8761129483591962,0.6528925619834711,0.7550295857988165,0.8105849582172702,0.8014042126379137,0.696969696969697,0.4344523401127175,0.9054014167650531,0.7968036529680366,0.865380791409823,0.8795180722891566,0.7657617231321516,0.7644230769230769,0.6814952116156936,0.5767930904994367,0.47249190938511326,0.7030989670109964,0.65,0.8043608124253285,0.5683856502242153,0.8761129483591962,0.6528925619834711,0.7550295857988165,0.8105849582172702,0.8014042126379137,0.696969696969697,0.4344523401127175,0.9054014167650531,0.7968036529680366,0.865380791409823,0.8795180722891566,0.7657617231321516
70,0.7178,0.7580971659919028,0.6669755946864381,0.5811115283514833,0.47572815533980584,0.7257580806397868,0.65,0.8133213859020311,0.5807174887892377,0.8862884762147036,0.6611570247933884,0.7644970414201183,0.8133704735376045,0.7933801404212638,0.7121212121212122,0.4528301886792453,0.894185360094451,0.7831050228310502,0.8705508053290912,0.8674698795180723,0.7801211577294144,0.7580971659919028,0.6669755946864381,0.5811115283514833,0.47572815533980584,0.7257580806397868,0.65,0.8133213859020311,0.5807174887892377,0.8862884762147036,0.6611570247933884,0.7644970414201183,0.8133704735376045,0.7933801404212638,0.7121212121212122,0.4528301886792453,0.894185360094451,0.7831050228310502,0.8705508053290912,0.8674698795180723,0.7801211577294144
71,0.7144,0.7398785425101214,0.6484399135001545,0.588809613218175,0.4563106796116505,0.7297567477507497,0.6347222222222222,0.8267622461170848,0.5683856502242153,0.8817094886797252,0.6198347107438017,0.7431952662721893,0.8217270194986073,0.8194583751253761,0.7,0.44719431511884344,0.9083530106257379,0.7929984779299848,0.8623980910717837,0.8554216867469879,0.7742876374242764,0.7398785425101214,0.6484399135001545,0.588809613218175,0.4563106796116505,0.7297567477507497,0.6347222222222222,0.8267622461170848,0.5683856502242153,0.8817094886797252,0.6198347107438017,0.7431952662721893,0.8217270194986073,0.8194583751253761,0.7,0.44719431511884344,0.9083530106257379,0.7929984779299848,0.8623980910717837,0.8554216867469879,0.7742876374242764
72,0.7166,0.7537955465587044,0.6607970342910102,0.5687194892977845,0.44660194174757284,0.7144285238253916,0.6361111111111111,0.8213859020310633,0.5728699551569507,0.8926481811243958,0.6363636363636364,0.762130177514793,0.8105849582172702,0.8054162487462387,0.703030303030303,0.43420730213183045,0.9042207792207793,0.7899543378995434,0.8753231258699543,0.8554216867469879,0.7702490464437963,0.7537955465587044,0.6607970342910102,0.5687194892977845,0.44660194174757284,0.7144285238253916,0.6361111111111111,0.8213859020310633,0.5728699551569507,0.8926481811243958,0.6363636363636364,0.762130177514793,0.8105849582172702,0.8054162487462387,0.703030303030303,0.43420730213183045,0.9042207792207793,0.7899543378995434,0.8753231258699543,0.8554216867469879,0.7702490464437963
73,0.7165,0.7575910931174089,0.6753166512202656,0.6049568156214795,0.46601941747572817,0.7257580806397868,0.6625,0.8154121863799283,0.570067264573991,0.8855253116255406,0.6611570247933884,0.7609467455621302,0.8133704735376045,0.8134403209628887,0.706060606060606,0.4452340112717471,0.8975796930342385,0.7823439878234398,0.851660369854842,0.8554216867469879,0.7567870765088625,0.7575910931174089,0.6753166512202656,0.6049568156214795,0.46601941747572817,0.7257580806397868,0.6625,0.8154121863799283,0.570067264573991,0.8855253116255406,0.6611570247933884,0.7609467455621302,0.8133704735376045,0.8134403209628887,0.706060606060606,0.4452340112717471,0.8975796930342385,0.7823439878234398,0.851660369854842,0.8554216867469879,0.7567870765088625
74,0.7174,0.7543016194331984,0.6595613222119246,0.5685317311303042,0.47896440129449835,0.7157614128623792,0.65,0.8183990442054958,0.5767937219730942,0.8916306283388451,0.6611570247933884,0.7597633136094675,0.8050139275766016,0.8234704112337011,0.706060606060606,0.45381034060279346,0.9048110979929161,0.784627092846271,0.8663750248558362,0.8554216867469879,0.7760825667489343,0.7543016194331984,0.6595613222119246,0.5685317311303042,0.47896440129449835,0.7157614128623792,0.65,0.8183990442054958,0.5767937219730942,0.8916306283388451,0.6611570247933884,0.7597633136094675,0.8050139275766016,0.8234704112337011,0.706060606060606,0.45381034060279346,0.9048110979929161,0.784627092846271,0.8663750248558362,0.8554216867469879,0.7760825667489343
75,0.7156,0.7672064777327935,0.6845844918134075,0.5535110777318814,0.5048543689320388,0.692102632455848,0.6486111111111111,0.8091397849462365,0.5880044843049327,0.8918850165352328,0.6363636363636364,0.749112426035503,0.8133704735376045,0.8284854563691073,0.6818181818181818,0.46189659397206567,0.906582054309327,0.7732115677321156,0.8715450387751044,0.8674698795180723,0.7742876374242764,0.7672064777327935,0.6845844918134075,0.5535110777318814,0.5048543689320388,0.692102632455848,0.6486111111111111,0.8091397849462365,0.5880044843049327,0.8918850165352328,0.6363636363636364,0.749112426035503,0.8133704735376045,0.8284854563691073,0.6818181818181818,0.46189659397206567,0.906582054309327,0.7732115677321156,0.8715450387751044,0.8674698795180723,0.7742876374242764
76,0.7209,0.7580971659919028,0.6645041705282669,0.5668419076229816,0.459546925566343,0.7317560813062313,0.6555555555555556,0.8234767025089605,0.5919282511210763,0.8977359450521496,0.6694214876033058,0.7668639053254438,0.7966573816155988,0.8194583751253761,0.706060606060606,0.4699828473413379,0.8981700118063755,0.7815829528158296,0.8580234639093259,0.8554216867469879,0.7702490464437963,0.7580971659919028,0.6645041705282669,0.5668419076229816,0.459546925566343,0.7317560813062313,0.6555555555555556,0.8234767025089605,0.5919282511210763,0.8977359450521496,0.6694214876033058,0.7668639053254438,0.7966573816155988,0.8194583751253761,0.706060606060606,0.4699828473413379,0.8981700118063755,0.7815829528158296,0.8580234639093259,0.8554216867469879,0.7702490464437963
77,0.7132,0.7424089068825911,0.6478220574606117,0.5981975215921893,0.4919093851132686,0.6891036321226258,0.6333333333333333,0.8118279569892473,0.5852017937219731,0.8855253116255406,0.6611570247933884,0.749112426035503,0.807799442896936,0.8234704112337011,0.6878787878787879,0.4699828473413379,0.9132231404958677,0.7975646879756468,0.8673692583018493,0.8313253012048193,0.7639667938074939,0.7424089068825911,0.6478220574606117,0.5981975215921893,0.4919093851132686,0.6891036321226258,0.6333333333333333,0.8118279569892473,0.5852017937219731,0.8855253116255406,0.6611570247933884,0.749112426035503,0.807799442896936,0.8234704112337011,0.6878787878787879,0.4699828473413379,0.9132231404958677,0.7975646879756468,0.8673692583018493,0.8313253012048193,0.7639667938074939
78,0.7183,0.7689777327935222,0.6814952116156936,0.5482538490424333,0.49838187702265374,0.7107630789736754,0.6666666666666666,0.8109318996415771,0.5857623318385651,0.8913762401424574,0.6694214876033058,0.7668639053254438,0.8133704735376045,0.802407221664995,0.7121212121212122,0.46067140406763046,0.8994982290436836,0.7656012176560122,0.8703519586398887,0.8433734939759037,0.7830379178819834,0.7689777327935222,0.6814952116156936,0.5482538490424333,0.49838187702265374,0.7107630789736754,0.6666666666666666,0.8109318996415771,0.5857623318385651,0.8913762401424574,0.6694214876033058,0.7668639053254438,0.8133704735376045,0.802407221664995,0.7121212121212122,0.46067140406763046,0.8994982290436836,0.7656012176560122,0.8703519586398887,0.8433734939759037,0.7830379178819834
79,0.7177,0.7527834008097166,0.652764905776954,0.5747277506571535,0.5080906148867314,0.7200933022325892,0.6388888888888888,0.8118279569892473,0.5835201793721974,0.8962096158738234,0.6942148760330579,0.7562130177514793,0.807799442896936,0.8084252758274825,0.696969696969697,0.46189659397206567,0.8986127508854782,0.7831050228310502,0.8719427321535096,0.8313253012048193,0.7832622840475656,0.7527834008097166,0.652764905776954,0.5747277506571535,0.5080906148867314,0.7200933022325892,0.6388888888888888,0.8118279569892473,0.5835201793721974,0.8962096158738234,0.6942148760330579,0.7562130177514793,0.807799442896936,0.8084252758274825,0.696969696969697,0.46189659397206567,0.8986127508854782,0.7831050228310502,0.8719427321535096,0.8313253012048193,0.7832622840475656
80,0.7196,0.7603744939271255,0.6583256101328391,0.5816748028539241,0.49838187702265374,0.7270909696767744,0.6458333333333334,0.8142174432497014,0.5947309417040358,0.8926481811243958,0.628099173553719,0.7680473372781065,0.8161559888579387,0.8034102306920762,0.706060606060606,0.457730948296986,0.8997933884297521,0.7808219178082192,0.8785046728971962,0.8433734939759037,0.7724927080996186,0.7603744939271255,0.6583256101328391,0.5816748028539241,0.49838187702265374,0.7270909696767744,0.6458333333333334,0.8142174432497014,0.5947309417040358,0.8926481811243958,0.628099173553719,0.7680473372781065,0.8161559888579387,0.8034102306920762,0.706060606060606,0.457730948296986,0.8997933884297521,0.7808219178082192,0.8785046728971962,0.8433734939759037,0.7724927080996186
81,0.72,0.7661943319838057,0.6855112758727216,0.5694705219677056,0.4919093851132686,0.7250916361212929,0.6680555555555555,0.8133213859020311,0.5711883408071748,0.8837445942508267,0.6446280991735537,0.7656804733727811,0.8050139275766016,0.8154463390170511,0.703030303030303,0.4479294290615045,0.9048110979929161,0.7770167427701674,0.859614237422947,0.8433734939759037,0.7987435494727395,0.7661943319838057,0.6855112758727216,0.5694705219677056,0.4919093851132686,0.7250916361212929,0.6680555555555555,0.8133213859020311,0.5711883408071748,0.8837445942508267,0.6446280991735537,0.7656804733727811,0.8050139275766016,0.8154463390170511,0.703030303030303,0.4479294290615045,0.9048110979929161,0.7770167427701674,0.859614237422947,0.8433734939759037,0.7987435494727395
82,0.7194,0.7651821862348178,0.668520234785295,0.5925647765677807,0.46601941747572817,0.7257580806397868,0.6638888888888889,0.8210872162485066,0.5812780269058296,0.8916306283388451,0.6446280991735537,0.7609467455621302,0.8133704735376045,0.8204613841524574,0.706060606060606,0.45650575839255086,0.9064344746162928,0.7929984779299848,0.8679657983694572,0.8192771084337349,0.7722683419340364,0.7651821862348178,0.668520234785295,0.5925647765677807,0.46601941747572817,0.7257580806397868,0.6638888888888889,0.8210872162485066,0.5812780269058296,0.8916306283388451,0.6446280991735537,0.7609467455621302,0.8133704735376045,0.8204613841524574,0.706060606060606,0.45650575839255086,0.9064344746162928,0.7929984779299848,0.8679657983694572,0.8192771084337349,0.7722683419340364
83,0.7184,0.7694838056680162,0.6762434352795799,0.5690950056327451,0.47896440129449835,0.728757080973009,0.6458333333333334,0.8189964157706093,0.5902466367713004,0.8944288984991097,0.6446280991735537,0.7751479289940828,0.8217270194986073,0.8134403209628887,0.696969696969697,0.4609164420485175,0.8997933884297521,0.7838660578386606,0.8761185126267648,0.8674698795180723,0.7698003141126318,0.7694838056680162,0.6762434352795799,0.5690950056327451,0.47896440129449835,0.728757080973009,0.6458333333333334,0.8189964157706093,0.5902466367713004,0.8944288984991097,0.6446280991735537,0.7751479289940828,0.8217270194986073,0.8134403209628887,0.696969696969697,0.4609164420485175,0.8997933884297521,0.7838660578386606,0.8761185126267648,0.8674698795180723,0.7698003141126318
84,0.717,0.7563259109311741,0.678714859437751,0.6090874953060458,0.5016181229773463,0.7290903032322559,0.6736111111111112,0.8192951015531661,0.5852017937219731,0.8809463240905622,0.6859504132231405,0.7609467455621302,0.807799442896936,0.8184553660982948,0.7151515151515152,0.4832148983092379,0.9033353010625738,0.7770167427701674,0.841519188705508,0.8433734939759037,0.7536459501907112,0.7563259109311741,0.678714859437751,0.6090874953060458,0.5016181229773463,0.7290903032322559,0.6736111111111112,0.8192951015531661,0.5852017937219731,0.8809463240905622,0.6859504132231405,0.7609467455621302,0.807799442896936,0.8184553660982948,0.7151515151515152,0.4832148983092379,0.9033353010625738,0.7770167427701674,0.841519188705508,0.8433734939759037,0.7536459501907112
85,0.7162,0.7697368421052632,0.6654309545875811,0.5493803980473151,0.47896440129449835,0.740753082305898,0.6444444444444445,0.8237753882915173,0.5992152466367713,0.898244721444925,0.6363636363636364,0.7798816568047338,0.8105849582172702,0.8174523570712137,0.7090909090909091,0.47488360695907866,0.9020070838252656,0.7838660578386606,0.879697753032412,0.8554216867469879,0.7783262284047565,0.7697368421052632,0.6654309545875811,0.5493803980473151,0.47896440129449835,0.740753082305898,0.6444444444444445,0.8237753882915173,0.5992152466367713,0.898244721444925,0.6363636363636364,0.7798816568047338,0.8105849582172702,0.8174523570712137,0.7090909090909091,0.47488360695907866,0.9020070838252656,0.7838660578386606,0.879697753032412,0.8554216867469879,0.7783262284047565
86,0.7181,0.7694838056680162,0.6814952116156936,0.5649643259481787,0.48220064724919093,0.7404198600466512,0.6652777777777777,0.820489844683393,0.5986547085201793,0.8951920630882727,0.6528925619834711,0.7775147928994083,0.807799442896936,0.79839518555667,0.706060606060606,0.4822347463856898,0.8937426210153483,0.7770167427701674,0.8737323523563333,0.8674698795180723,0.7718196096028719,0.7694838056680162,0.6814952116156936,0.5649643259481787,0.48220064724919093,0.7404198600466512,0.6652777777777777,0.820489844683393,0.5986547085201793,0.8951920630882727,0.6528925619834711,0.7775147928994083,0.807799442896936,0.79839518555667,0.706060606060606,0.4822347463856898,0.8937426210153483,0.7770167427701674,0.8737323523563333,0.8674698795180723,0.7718196096028719
87,0.7178,0.7416497975708503,0.6481309854803831,0.5640255351107774,0.49838187702265374,0.7060979673442186,0.6222222222222222,0.8124253285543608,0.609304932735426,0.8997710506232511,0.6776859504132231,0.7680473372781065,0.8189415041782729,0.8164493480441324,0.6878787878787879,0.4971820632197991,0.9039256198347108,0.7770167427701674,0.8773115927619806,0.8674698795180723,0.7933587614987659,0.7416497975708503,0.6481309854803831,0.5640255351107774,0.49838187702265374,0.7060979673442186,0.6222222222222222,0.8124253285543608,0.609304932735426,0.8997710506232511,0.6776859504132231,0.7680473372781065,0.8189415041782729,0.8164493480441324,0.6878787878787879,0.4971820632197991,0.9039256198347108,0.7770167427701674,0.8773115927619806,0.8674698795180723,0.7933587614987659
88,0.7207,0.7618927125506073,0.6703738029039233,0.5936913255726625,0.49514563106796117,0.7400866377874042,0.6472222222222223,0.8267622461170848,0.5908071748878924,0.8906130755532943,0.6446280991735537,0.7656804733727811,0.807799442896936,0.8124373119358074,0.7121212121212122,0.47537368292085275,0.8993506493506493,0.7975646879756468,0.874925432491549,0.8795180722891566,0.7682297509535562,0.7618927125506073,0.6703738029039233,0.5936913255726625,0.49514563106796117,0.7400866377874042,0.6472222222222223,0.8267622461170848,0.5908071748878924,0.8906130755532943,0.6446280991735537,0.7656804733727811,0.807799442896936,0.8124373119358074,0.7121212121212122,0.47537368292085275,0.8993506493506493,0.7975646879756468,0.874925432491549,0.8795180722891566,0.7682297509535562
89,0.7149,0.7588562753036437,0.6740809391411801,0.5897484040555764,0.4919093851132686,0.7007664111962679,0.6458333333333334,0.80973715651135,0.5896860986547086,0.8918850165352328,0.6611570247933884,0.7727810650887574,0.8022284122562674,0.8124373119358074,0.6848484848484848,0.46189659397206567,0.91086186540732,0.7785388127853882,0.8737323523563333,0.8795180722891566,0.7810186223917434,0.7588562753036437,0.6740809391411801,0.5897484040555764,0.4919093851132686,0.7007664111962679,0.6458333333333334,0.80973715651135,0.5896860986547086,0.8918850165352328,0.6611570247933884,0.7727810650887574,0.8022284122562674,0.8124373119358074,0.6848484848484848,0.46189659397206567,0.91086186540732,0.7785388127853882,0.8737323523563333,0.8795180722891566,0.7810186223917434
90,0.7188,0.7474696356275303,0.6450417052826691,0.5608336462636124,0.5242718446601942,0.7180939686771076,0.6236111111111111,0.8219832735961768,0.6115470852017937,0.894174510302722,0.6446280991735537,0.7727810650887574,0.8189415041782729,0.8254764292878636,0.6757575757575758,0.5037980887037491,0.9118949232585596,0.789193302891933,0.8725392722211175,0.8313253012048193,0.7776531299080098,0.7474696356275303,0.6450417052826691,0.5608336462636124,0.5242718446601942,0.7180939686771076,0.6236111111111111,0.8219832735961768,0.6115470852017937,0.894174510302722,0.6446280991735537,0.7727810650887574,0.8189415041782729,0.8254764292878636,0.6757575757575758,0.5037980887037491,0.9118949232585596,0.789193302891933,0.8725392722211175,0.8313253012048193,0.7776531299080098
91,0.7174,0.7664473684210527,0.6679023787457522,0.6226060833646263,0.4692556634304207,0.7377540819726758,0.6527777777777778,0.8243727598566308,0.5823991031390134,0.8898499109641312,0.6363636363636364,0.7857988165680473,0.8050139275766016,0.7883650952858575,0.7212121212121212,0.44082332761578047,0.8913813459268005,0.7800608828006088,0.886060847086896,0.8674698795180723,0.7760825667489343,0.7664473684210527,0.6679023787457522,0.6226060833646263,0.4692556634304207,0.7377540819726758,0.6527777777777778,0.8243727598566308,0.5823991031390134,0.8898499109641312,0.6363636363636364,0.7857988165680473,0.8050139275766016,0.7883650952858575,0.7212121212121212,0.44082332761578047,0.8913813459268005,0.7800608828006088,0.886060847086896,0.8674698795180723,0.7760825667489343
92,0.7187,0.7656882591093117,0.6617238183503243,0.5608336462636124,0.49514563106796117,0.7400866377874042,0.6388888888888888,0.8342293906810035,0.5902466367713004,0.899007886034088,0.6528925619834711,0.7810650887573964,0.8022284122562674,0.8134403209628887,0.7,0.46238666993383976,0.897874852420307,0.7785388127853882,0.8866573871545039,0.8313253012048193,0.7722683419340364,0.7656882591093117,0.6617238183503243,0.5608336462636124,0.49514563106796117,0.7400866377874042,0.6388888888888888,0.8342293906810035,0.5902466367713004,0.899007886034088,0.6528925619834711,0.7810650887573964,0.8022284122562674,0.8134403209628887,0.7,0.46238666993383976,0.897874852420307,0.7785388127853882,0.8866573871545039,0.8313253012048193,0.7722683419340364
93,0.7175,0.7689777327935222,0.6697559468643806,0.5784829140067593,0.49514563106796117,0.7380873042319227,0.6361111111111111,0.8210872162485066,0.6025784753363229,0.8893411345713559,0.628099173553719,0.7810650887573964,0.8133704735376045,0.8164493480441324,0.7121212121212122,0.47488360695907866,0.9012691853600945,0.7876712328767124,0.881288526546033,0.8554216867469879,0.768005384787974,0.7689777327935222,0.6697559468643806,0.5784829140067593,0.49514563106796117,0.7380873042319227,0.6361111111111111,0.8210872162485066,0.6025784753363229,0.8893411345713559,0.628099173553719,0.7810650887573964,0.8133704735376045,0.8164493480441324,0.7121212121212122,0.47488360695907866,0.9012691853600945,0.7876712328767124,0.881288526546033,0.8554216867469879,0.768005384787974
94,0.7204,0.7563259109311741,0.6484399135001545,0.5805482538490424,0.5048543689320388,0.7194268577140953,0.6319444444444444,0.8195937873357229,0.5958520179372198,0.8969727804629866,0.5950413223140496,0.7798816568047338,0.7994428969359332,0.8074222668004012,0.696969696969697,0.47855917667238423,0.9104191263282172,0.7983257229832572,0.874925432491549,0.8433734939759037,0.7801211577294144,0.7563259109311741,0.6484399135001545,0.5805482538490424,0.5048543689320388,0.7194268577140953,0.6319444444444444,0.8195937873357229,0.5958520179372198,0.8969727804629866,0.5950413223140496,0.7798816568047338,0.7994428969359332,0.8074222668004012,0.696969696969697,0.47855917667238423,0.9104191263282172,0.7983257229832572,0.874925432491549,0.8433734939759037,0.7801211577294144
95,0.7191,0.7808704453441295,0.7003398208217485,0.5745399924896732,0.48220064724919093,0.733088970343219,0.6652777777777777,0.8240740740740741,0.5812780269058296,0.8901042991605189,0.6363636363636364,0.7739644970414201,0.7994428969359332,0.8254764292878636,0.7181818181818181,0.45307522666013234,0.9082054309327037,0.7960426179604262,0.8735335056671306,0.8554216867469879,0.7619474983172537,0.7808704453441295,0.7003398208217485,0.5745399924896732,0.48220064724919093,0.733088970343219,0.6652777777777777,0.8240740740740741,0.5812780269058296,0.8901042991605189,0.6363636363636364,0.7739644970414201,0.7994428969359332,0.8254764292878636,0.7181818181818181,0.45307522666013234,0.9082054309327037,0.7960426179604262,0.8735335056671306,0.8554216867469879,0.7619474983172537
96,0.7208,0.7608805668016194,0.6645041705282669,0.5950056327450244,0.47249190938511326,0.7217594135288238,0.6319444444444444,0.8207885304659498,0.5947309417040358,0.8957008394810481,0.6776859504132231,0.7763313609467456,0.8022284122562674,0.8074222668004012,0.696969696969697,0.4653271257044842,0.9048110979929161,0.7884322678843226,0.8850666136408829,0.8554216867469879,0.7837110163787301,0.7608805668016194,0.6645041705282669,0.5950056327450244,0.47249190938511326,0.7217594135288238,0.6319444444444444,0.8207885304659498,0.5947309417040358,0.8957008394810481,0.6776859504132231,0.7763313609467456,0.8022284122562674,0.8074222668004012,0.696969696969697,0.4653271257044842,0.9048110979929161,0.7884322678843226,0.8850666136408829,0.8554216867469879,0.7837110163787301
97,0.7205,0.7543016194331984,0.6589434661723819,0.5600826135936914,0.4854368932038835,0.7357547484171942,0.6236111111111111,0.8327359617682198,0.6188340807174888,0.898244721444925,0.6528925619834711,0.7798816568047338,0.807799442896936,0.8004012036108324,0.696969696969697,0.48934084783141385,0.9045159386068476,0.7831050228310502,0.8964008749254325,0.8674698795180723,0.7794480592326677,0.7543016194331984,0.6589434661723819,0.5600826135936914,0.4854368932038835,0.7357547484171942,0.6236111111111111,0.8327359617682198,0.6188340807174888,0.898244721444925,0.6528925619834711,0.7798816568047338,0.807799442896936,0.8004012036108324,0.696969696969697,0.48934084783141385,0.9045159386068476,0.7831050228310502,0.8964008749254325,0.8674698795180723,0.7794480592326677
98,0.7156,0.7674595141700404,0.6818041396354649,0.5719113781449493,0.47896440129449835,0.6977674108630456,0.6458333333333334,0.8154121863799283,0.5846412556053812,0.8906130755532943,0.6528925619834711,0.7562130177514793,0.7966573816155988,0.8254764292878636,0.693939393939394,0.47047292330311197,0.918978748524203,0.7876712328767124,0.8689600318154703,0.8554216867469879,0.7630693291451649,0.7674595141700404,0.6818041396354649,0.5719113781449493,0.47896440129449835,0.6977674108630456,0.6458333333333334,0.8154121863799283,0.5846412556053812,0.8906130755532943,0.6528925619834711,0.7562130177514793,0.7966573816155988,0.8254764292878636,0.693939393939394,0.47047292330311197,0.918978748524203,0.7876712328767124,0.8689600318154703,0.8554216867469879,0.7630693291451649
99,0.7191,0.7699898785425101,0.6713005869632376,0.590123920390537,0.47249190938511326,0.7324225258247251,0.6472222222222223,0.8237753882915173,0.5947309417040358,0.8944288984991097,0.6363636363636364,0.7834319526627219,0.807799442896936,0.8164493480441324,0.703030303030303,0.4719431511884342,0.9090909090909091,0.7945205479452054,0.8661761781666335,0.8554216867469879,0.7619474983172537,0.7699898785425101,0.6713005869632376,0.590123920390537,0.47249190938511326,0.7324225258247251,0.6472222222222223,0.8237753882915173,0.5947309417040358,0.8944288984991097,0.6363636363636364,0.7834319526627219,0.807799442896936,0.8164493480441324,0.703030303030303,0.4719431511884342,0.9090909090909091,0.7945205479452054,0.8661761781666335,0.8554216867469879,0.7619474983172537
100,0.6181,0.3603238866396761,0.13685511275872722,0.3871573413443485,0.28802588996763756,0.7437520826391203,0.4638888888888889,0.8231780167264038,0.45683856502242154,0.9280081404222844,0.47107438016528924,0.6473372781065089,0.8189415041782729,0.8345035105315948,0.6333333333333333,0.2972310708159765,0.8313164108618654,0.573820395738204,0.6876118512626764,0.7108433734939759,0.7408570787525242,0.8522267206477733,0.9039233858510967,0.9106271122793842,0.9288025889967637,0.7437520826391203,0.4638888888888889,0.8231780167264038,0.45683856502242154,0.9280081404222844,0.5785123966942148,0.8402366863905325,0.8189415041782729,0.8345035105315948,0.6333333333333333,0.9522175937270277,0.8313164108618654,0.573820395738204,0.6876118512626764,0.7590361445783133,0.7408570787525242
101,0.5942,0.2831477732793522,0.06363917207290701,0.3338340217799474,0.255663430420712,0.76107964011996,0.48333333333333334,0.8676821983273596,0.47701793721973096,0.9099465784787586,0.47107438016528924,0.6343195266272189,0.8105849582172702,0.8525576730190572,0.6393939393939394,0.25140896839010046,0.8739669421487604,0.6210045662100456,0.8164645058659773,0.6987951807228916,0.7870765088624635,0.9005566801619433,0.9394501081248069,0.9513706346226061,0.941747572815534,0.76107964011996,0.48333333333333334,0.8676821983273596,0.47701793721973096,0.9099465784787586,0.6694214876033058,0.906508875739645,0.8105849582172702,0.8525576730190572,0.6393939393939394,0.960793923058074,0.8739669421487604,0.6210045662100456,0.8164645058659773,0.7951807228915663,0.7870765088624635
102,0.5894,0.2722672064777328,0.04664813098548038,0.29665790461885094,0.24919093851132687,0.7770743085638121,0.4930555555555556,0.8739545997610514,0.4960762331838565,0.917832612566777,0.49586776859504134,0.6390532544378699,0.8133704735376045,0.8505516549648947,0.6515151515151515,0.2536143102180838,0.8646694214876033,0.6149162861491628,0.8385364883674686,0.6746987951807228,0.8025577742876374,0.9218117408906883,0.9561322211924621,0.9628238828389035,0.9546925566343042,0.7770743085638121,0.4930555555555556,0.8739545997610514,0.4960762331838565,0.917832612566777,0.7520661157024794,0.9372781065088758,0.8133704735376045,0.8505516549648947,0.6515151515151515,0.9642244547904926,0.8646694214876033,0.6149162861491628,0.8385364883674686,0.8433734939759037,0.8025577742876374
103,0.5861,0.26366396761133604,0.03768921841210998,0.2390161472024033,0.2524271844660194,0.7387537487504166,0.4875,0.8587216248506571,0.5123318385650224,0.9196133299414907,0.5041322314049587,0.6331360946745562,0.8133704735376045,0.8485456369107321,0.6272727272727273,0.2521440823327616,0.8986127508854782,0.6582952815829528,0.8554384569496918,0.7228915662650602,0.7980704509759928,0.9428137651821862,0.9635464936669756,0.9723995493803981,0.9676375404530745,0.7387537487504166,0.4875,0.8587216248506571,0.5123318385650224,0.9196133299414907,0.8181818181818182,0.9502958579881656,0.8133704735376045,0.8485456369107321,0.6272727272727273,0.9703504043126685,0.8986127508854782,0.6582952815829528,0.8554384569496918,0.8674698795180723,0.7980704509759928
104,0.5874,0.2773279352226721,0.06178560395427865,0.22662410814870446,0.255663430420712,0.7830723092302566,0.475,0.8772401433691757,0.5381165919282511,0.9127448486390232,0.512396694214876,0.6390532544378699,0.8133704735376045,0.8455366098294884,0.6484848484848484,0.2438127909826023,0.8893152302243211,0.6560121765601218,0.8236229866772719,0.6987951807228916,0.7825891855508189,0.9453441295546559,0.06178560395427865,0.9722117912129178,0.255663430420712,0.7830723092302566,0.475,0.8772401433691757,0.5381165919282511,0.9127448486390232,0.8347107438016529,0.9680473372781065,0.8133704735376045,0.8455366098294884,0.6484848484848484,0.9750061259495222,0.8893152302243211,0.6560121765601218,0.8236229866772719,0.8674698795180723,0.7825891855508189
105,0.6172,0.40131578947368424,0.19524250849552055,0.3505444986856928,0.31715210355987056,0.7634121959346885,0.4777777777777778,0.818100358422939,0.4904708520179372,0.9076570847112694,0.45454545454545453,0.6603550295857988,0.7743732590529248,0.8094282848545636,0.6424242424242425,0.31144327370742464,0.8367768595041323,0.6012176560121766,0.6784649035593557,0.6265060240963856,0.7334529952883105,0.40131578947368424,0.19524250849552055,0.3505444986856928,0.31715210355987056,0.7634121959346885,0.4777777777777778,0.818100358422939,0.4904708520179372,0.9076570847112694,0.859504132231405,0.6603550295857988,0.7743732590529248,0.8094282848545636,0.6424242424242425,0.31144327370742464,0.8367768595041323,0.6012176560121766,0.6784649035593557,0.9036144578313253,0.7334529952883105
106,0.5961,0.37474696356275305,0.16991041087426628,0.3599324070597071,0.34951456310679613,0.7734088637120959,0.46805555555555556,0.8306451612903226,0.46580717488789236,0.9175782243703892,0.4380165289256198,0.6745562130177515,0.7827298050139275,0.7953861584754263,0.6606060606060606,0.3687821612349914,0.814935064935065,0.5745814307458144,0.7552197255915689,0.6385542168674698,0.7437738389050931,0.37474696356275305,0.16991041087426628,0.3599324070597071,0.34951456310679613,0.7734088637120959,0.46805555555555556,0.8306451612903226,0.46580717488789236,0.9175782243703892,0.5371900826446281,0.6745562130177515,0.7827298050139275,0.7953861584754263,0.6606060606060606,0.3687821612349914,0.814935064935065,0.5745814307458144,0.7552197255915689,0.7228915662650602,0.7437738389050931
107,0.5948,0.38436234817813764,0.1933889403768922,0.37363875328576795,0.31715210355987056,0.7720759746751082,0.4861111111111111,0.8378136200716846,0.4602017937219731,0.9094378020859832,0.4380165289256198,0.6745562130177515,0.7883008356545961,0.8174523570712137,0.6363636363636364,0.33104631217838765,0.8187721369539551,0.5753424657534246,0.7488566315370849,0.6144578313253012,0.7435494727395109,0.38436234817813764,0.1933889403768922,0.37363875328576795,0.31715210355987056,0.7720759746751082,0.4861111111111111,0.8378136200716846,0.4602017937219731,0.9094378020859832,0.4380165289256198,0.6745562130177515,0.7883008356545961,0.8174523570712137,0.6363636363636364,0.33104631217838765,0.8187721369539551,0.5753424657534246,0.7488566315370849,0.6144578313253012,0.7435494727395109
108,0.5942,0.38284412955465585,0.19091751621872105,0.3725122042808862,0.3042071197411003,0.7757414195268244,0.44027777777777777,0.8428912783751493,0.45347533632286996,0.9211396591198169,0.4462809917355372,0.6887573964497041,0.7994428969359332,0.8184553660982948,0.6393939393939394,0.33374172996814505,0.8119834710743802,0.576103500761035,0.7595943527540266,0.6506024096385542,0.7626205968140004,0.38284412955465585,0.19091751621872105,0.3725122042808862,0.3042071197411003,0.7757414195268244,0.44027777777777777,0.8428912783751493,0.45347533632286996,0.9211396591198169,0.4462809917355372,0.6887573964497041,0.7994428969359332,0.8184553660982948,0.6393939393939394,0.33374172996814505,0.8119834710743802,0.576103500761035,0.7595943527540266,0.6506024096385542,0.7626205968140004
109,0.5796,0.4132085020242915,0.2159406858202039,0.3496057078482914,0.41423948220064727,0.789403532155948,0.42777777777777776,0.8491636798088411,0.44506726457399104,0.9122360722462478,0.4462809917355372,0.6982248520710059,0.7938718662952646,0.8064192577733199,0.6393939393939394,0.4057828963489341,0.8063754427390791,0.5753424657534246,0.773712467687413,0.5903614457831325,0.7231321516715279,0.4132085020242915,0.2159406858202039,0.3496057078482914,0.41423948220064727,0.789403532155948,0.42777777777777776,0.8491636798088411,0.44506726457399104,0.9122360722462478,0.4462809917355372,0.6982248520710059,0.7938718662952646,0.8064192577733199,0.6393939393939394,0.4057828963489341,0.8063754427390791,0.5753424657534246,0.773712467687413,0.5903614457831325,0.7231321516715279
110,0.5874,0.4073886639676113,0.219956750077232,0.3969207660533233,0.3656957928802589,0.7794068643785405,0.44305555555555554,0.8470728793309439,0.4501121076233184,0.9124904604426355,0.4462809917355372,0.6828402366863905,0.7910863509749304,0.8144433299899699,0.6393939393939394,0.3557951482479784,0.8022432113341205,0.558599695585997,0.7838536488367469,0.6144578313253012,0.7383890509311196,0.4073886639676113,0.219956750077232,0.3969207660533233,0.3656957928802589,0.7794068643785405,0.44305555555555554,0.8470728793309439,0.4501121076233184,0.9124904604426355,0.4462809917355372,0.6828402366863905,0.7910863509749304,0.8144433299899699,0.6393939393939394,0.3557951482479784,0.8022432113341205,0.558599695585997,0.7838536488367469,0.6144578313253012,0.7383890509311196
111,0.5928,0.4665991902834008,0.29966017917825144,0.34678933533608713,0.3948220064724919,0.773075641452849,0.4027777777777778,0.8339307048984468,0.4248878923766816,0.9203764945306537,0.4380165289256198,0.6982248520710059,0.807799442896936,0.8204613841524574,0.6242424242424243,0.38789512374418034,0.851534828807556,0.6073059360730594,0.7230065619407436,0.6626506024096386,0.7399596140901952,0.4665991902834008,0.29966017917825144,0.34678933533608713,0.3948220064724919,0.773075641452849,0.4027777777777778,0.8339307048984468,0.4248878923766816,0.9203764945306537,0.4380165289256198,0.6982248520710059,0.807799442896936,0.8204613841524574,0.6242424242424243,0.38789512374418034,0.851534828807556,0.6073059360730594,0.7230065619407436,0.6626506024096386,0.7399596140901952
112,0.5926,0.4273785425101215,0.2431263515600865,0.3856552760045062,0.3559870550161812,0.7750749750083306,0.42916666666666664,0.8309438470728794,0.45964125560538116,0.917832612566777,0.4462809917355372,0.6946745562130178,0.7883008356545961,0.7953861584754263,0.6363636363636364,0.3665768194070081,0.8147874852420307,0.5646879756468798,0.7697355339033605,0.6506024096385542,0.7343504599506394,0.4273785425101215,0.2431263515600865,0.3856552760045062,0.3559870550161812,0.7750749750083306,0.42916666666666664,0.8309438470728794,0.45964125560538116,0.917832612566777,0.4462809917355372,0.6946745562130178,0.7883008356545961,0.7953861584754263,0.6363636363636364,0.3665768194070081,0.8147874852420307,0.5646879756468798,0.7697355339033605,0.6506024096385542,0.7343504599506394
113,0.5881,0.44483805668016196,0.25455668829162803,0.3627487795719114,0.3656957928802589,0.7714095301566145,0.4222222222222222,0.8387096774193549,0.4495515695067265,0.9236835410836938,0.45454545454545453,0.7112426035502959,0.7966573816155988,0.8014042126379137,0.6363636363636364,0.37564322469982847,0.827922077922078,0.5837138508371386,0.7659574468085106,0.6024096385542169,0.7446713035674221,0.44483805668016196,0.25455668829162803,0.3627487795719114,0.3656957928802589,0.7714095301566145,0.4222222222222222,0.8387096774193549,0.4495515695067265,0.9236835410836938,0.45454545454545453,0.7112426035502959,0.7966573816155988,0.8014042126379137,0.6363636363636364,0.37564322469982847,0.827922077922078,0.5837138508371386,0.7659574468085106,0.6024096385542169,0.7446713035674221
114,0.5859,0.4493927125506073,0.2672227371022552,0.38471648516710477,0.36245954692556637,0.781406197934022,0.4152777777777778,0.8455794504181601,0.4523542600896861,0.9221572119053676,0.4132231404958678,0.7088757396449704,0.8050139275766016,0.8104312938816449,0.6303030303030303,0.3626562117128155,0.8202479338842975,0.5806697108066972,0.767349373632929,0.5662650602409639,0.7383890509311196,0.4493927125506073,0.2672227371022552,0.38471648516710477,0.36245954692556637,0.781406197934022,0.4152777777777778,0.8455794504181601,0.4523542600896861,0.9221572119053676,0.4132231404958678,0.7088757396449704,0.8050139275766016,0.8104312938816449,0.6303030303030303,0.3626562117128155,0.8202479338842975,0.5806697108066972,0.767349373632929,0.5662650602409639,0.7383890509311196
115,0.5914,0.4633097165991903,0.2845227062094532,0.36687945925647764,0.3818770226537217,0.7707430856381207,0.425,0.8336320191158901,0.4383408071748879,0.9147799542101247,0.4380165289256198,0.7017751479289941,0.8050139275766016,0.8254764292878636,0.6393939393939394,0.3741729968145063,0.8420897284533648,0.5996955859969558,0.7313581228872539,0.5783132530120482,0.7549921471842046,0.4633097165991903,0.2845227062094532,0.36687945925647764,0.3818770226537217,0.7707430856381207,0.425,0.8336320191158901,0.4383408071748879,0.9147799542101247,0.4380165289256198,0.7017751479289941,0.8050139275766016,0.8254764292878636,0.6393939393939394,0.3741729968145063,0.8420897284533648,0.5996955859969558,0.7313581228872539,0.5783132530120482,0.7549921471842046
116,0.5883,0.4600202429149798,0.2795798578931109,0.3864063086744273,0.3786407766990291,0.7747417527490836,0.4027777777777778,0.8372162485065711,0.4602017937219731,0.9221572119053676,0.45454545454545453,0.7136094674556213,0.7883008356545961,0.8114343029087262,0.6393939393939394,0.3736829208527322,0.8375147579693034,0.589041095890411,0.7576058858620004,0.6265060240963856,0.733004262957146,0.4600202429149798,0.2795798578931109,0.3864063086744273,0.3786407766990291,0.7747417527490836,0.4027777777777778,0.8372162485065711,0.4602017937219731,0.9221572119053676,0.45454545454545453,0.7136094674556213,0.7883008356545961,0.8114343029087262,0.6393939393939394,0.3736829208527322,0.8375147579693034,0.589041095890411,0.7576058858620004,0.6265060240963856,0.733004262957146
117,0.5807,0.4805161943319838,0.3089280197713933,0.3758918512955314,0.36245954692556637,0.7394201932689104,0.38333333333333336,0.8264635603345281,0.4545964125560538,0.9249554820656322,0.4380165289256198,0.7124260355029586,0.7938718662952646,0.8194583751253761,0.6181818181818182,0.37294780691007107,0.8478453364817001,0.5981735159817352,0.7933982899184728,0.6144578313253012,0.7511779223693067,0.4805161943319838,0.3089280197713933,0.3758918512955314,0.36245954692556637,0.7394201932689104,0.38333333333333336,0.8264635603345281,0.4545964125560538,0.9249554820656322,0.4380165289256198,0.7124260355029586,0.7938718662952646,0.8194583751253761,0.6181818181818182,0.37294780691007107,0.8478453364817001,0.5981735159817352,0.7933982899184728,0.6144578313253012,0.7511779223693067
118,0.5717,0.47393724696356276,0.2928637627432808,0.411190386781825,0.34627831715210355,0.7680773075641453,0.4,0.8408004778972521,0.44170403587443946,0.9241923174764691,0.4132231404958678,0.7218934911242604,0.8050139275766016,0.8194583751253761,0.6151515151515151,0.366086743445234,0.7668240850059032,0.502283105022831,0.7828594153907338,0.5421686746987951,0.7558896118465336,0.47393724696356276,0.2928637627432808,0.411190386781825,0.34627831715210355,0.7680773075641453,0.4,0.8408004778972521,0.44170403587443946,0.9241923174764691,0.4132231404958678,0.7218934911242604,0.8050139275766016,0.8194583751253761,0.6151515151515151,0.366086743445234,0.7668240850059032,0.502283105022831,0.7828594153907338,0.5421686746987951,0.7558896118465336
119,0.5961,0.4825404858299595,0.3129440840284214,0.37476530229064964,0.35275080906148865,0.7794068643785405,0.40555555555555556,0.8405017921146953,0.452914798206278,0.917832612566777,0.4628099173553719,0.7218934911242604,0.7910863509749304,0.8154463390170511,0.6393939393939394,0.36241117373192844,0.8639315230224321,0.6293759512937596,0.7393119904553589,0.6987951807228916,0.7256001794929324,0.4825404858299595,0.3129440840284214,0.37476530229064964,0.35275080906148865,0.7794068643785405,0.40555555555555556,0.8405017921146953,0.452914798206278,0.917832612566777,0.4628099173553719,0.7218934911242604,0.7910863509749304,0.8154463390170511,0.6393939393939394,0.36241117373192844,0.8639315230224321,0.6293759512937596,0.7393119904553589,0.6987951807228916,0.7256001794929324
120,0.582,0.4567307692307692,0.2789620018535681,0.37683064213293277,0.34627831715210355,0.7704098633788737,0.4125,0.8390083632019116,0.4495515695067265,0.9221572119053676,0.39669421487603307,0.7112426035502959,0.7994428969359332,0.8164493480441324,0.6454545454545455,0.3783386424895859,0.8181818181818182,0.5753424657534246,0.775303241201034,0.6506024096385542,0.7451200358985864,0.4567307692307692,0.2789620018535681,0.37683064213293277,0.34627831715210355,0.7704098633788737,0.4125,0.8390083632019116,0.4495515695067265,0.9221572119053676,0.39669421487603307,0.7112426035502959,0.7994428969359332,0.8164493480441324,0.6454545454545455,0.3783386424895859,0.8181818181818182,0.5753424657534246,0.775303241201034,0.6506024096385542,0.7451200358985864
121,0.583,0.47393724696356276,0.3073833796725363,0.3841532106646639,0.34951456310679613,0.7830723092302566,0.4041666666666667,0.8464755077658304,0.4265695067264574,0.9198677181378784,0.4132231404958678,0.7136094674556213,0.7994428969359332,0.8144433299899699,0.6181818181818182,0.35726537613330067,0.8262987012987013,0.5882800608828006,0.7701332272817658,0.6506024096385542,0.7437738389050931,0.47393724696356276,0.3073833796725363,0.3841532106646639,0.34951456310679613,0.7830723092302566,0.4041666666666667,0.8464755077658304,0.4265695067264574,0.9198677181378784,0.4132231404958678,0.7136094674556213,0.7994428969359332,0.8144433299899699,0.6181818181818182,0.35726537613330067,0.8262987012987013,0.5882800608828006,0.7701332272817658,0.6506024096385542,0.7437738389050931
122,0.5857,0.4734311740890688,0.2959530429409947,0.3379647014645137,0.3786407766990291,0.7524158613795402,0.3819444444444444,0.8222819593787336,0.4602017937219731,0.9229203764945306,0.4462809917355372,0.7218934911242604,0.7855153203342619,0.8044132397191575,0.6272727272727273,0.3969615290370007,0.8659976387249114,0.6377473363774734,0.7723205408629946,0.6626506024096386,0.747588063719991,0.4734311740890688,0.2959530429409947,0.3379647014645137,0.3786407766990291,0.7524158613795402,0.3819444444444444,0.8222819593787336,0.4602017937219731,0.9229203764945306,0.4462809917355372,0.7218934911242604,0.7855153203342619,0.8044132397191575,0.6272727272727273,0.3969615290370007,0.8659976387249114,0.6377473363774734,0.7723205408629946,0.6626506024096386,0.747588063719991
123,0.5791,0.4767206477732793,0.2974976830398517,0.3723244461134059,0.3592233009708738,0.7834055314895035,0.4083333333333333,0.8497610513739546,0.4433856502242152,0.9183413889595523,0.4132231404958678,0.7112426035502959,0.7938718662952646,0.8074222668004012,0.6363636363636364,0.36829208527321733,0.8099173553719008,0.5745814307458144,0.7693378405249552,0.6144578313253012,0.739735247924613,0.4767206477732793,0.2974976830398517,0.3723244461134059,0.3592233009708738,0.7834055314895035,0.4083333333333333,0.8497610513739546,0.4433856502242152,0.9183413889595523,0.4132231404958678,0.7112426035502959,0.7938718662952646,0.8074222668004012,0.6363636363636364,0.36829208527321733,0.8099173553719008,0.5745814307458144,0.7693378405249552,0.6144578313253012,0.739735247924613
124,0.5856,0.4729251012145749,0.2971887550200803,0.35242208036049566,0.3851132686084142,0.7807397534155281,0.4152777777777778,0.8419952210274791,0.4439461883408072,0.9257186466547952,0.4380165289256198,0.7207100591715976,0.8022284122562674,0.8014042126379137,0.6303030303030303,0.3969615290370007,0.8407615112160567,0.6035007610350076,0.7699343805925631,0.6506024096385542,0.7401839802557775,0.4729251012145749,0.2971887550200803,0.35242208036049566,0.3851132686084142,0.7807397534155281,0.4152777777777778,0.8419952210274791,0.4439461883408072,0.9257186466547952,0.4380165289256198,0.7207100591715976,0.8022284122562674,0.8014042126379137,0.6303030303030303,0.3969615290370007,0.8407615112160567,0.6035007610350076,0.7699343805925631,0.6506024096385542,0.7401839802557775
125,0.5778,0.4676113360323887,0.2873030583873957,0.39110026286143446,0.34951456310679613,0.7607464178607131,0.4027777777777778,0.8366188769414575,0.4602017937219731,0.9157975069956754,0.4297520661157025,0.7230769230769231,0.7910863509749304,0.8064192577733199,0.6181818181818182,0.3704974271012007,0.8481404958677686,0.60882800608828,0.7983694571485385,0.6626506024096386,0.74848552838232,0.4676113360323887,0.2873030583873957,0.39110026286143446,0.34951456310679613,0.7607464178607131,0.4027777777777778,0.8366188769414575,0.4602017937219731,0.9157975069956754,0.4297520661157025,0.7230769230769231,0.7910863509749304,0.8064192577733199,0.6181818181818182,0.3704974271012007,0.8481404958677686,0.60882800608828,0.7983694571485385,0.6626506024096386,0.74848552838232
126,0.5831,0.47368421052631576,0.29039233858510966,0.39354111903867817,0.34951456310679613,0.7624125291569477,0.39305555555555555,0.8351254480286738,0.4624439461883408,0.9206308827270414,0.45454545454545453,0.7183431952662722,0.7827298050139275,0.802407221664995,0.6303030303030303,0.3496691987258025,0.8567001180637545,0.6248097412480974,0.783257108769139,0.6987951807228916,0.7442225712362576,0.47368421052631576,0.29039233858510966,0.39354111903867817,0.34951456310679613,0.7624125291569477,0.39305555555555555,0.8351254480286738,0.4624439461883408,0.9206308827270414,0.45454545454545453,0.7183431952662722,0.7827298050139275,0.802407221664995,0.6303030303030303,0.3496691987258025,0.8567001180637545,0.6248097412480974,0.783257108769139,0.6987951807228916,0.7442225712362576
127,0.5729,0.4633097165991903,0.2798887859128823,0.3469770935035674,0.3786407766990291,0.7557480839720093,0.3875,0.8309438470728794,0.44730941704035876,0.926736199440346,0.4297520661157025,0.7325443786982249,0.8050139275766016,0.8134403209628887,0.6212121212121212,0.39304092134280816,0.8223140495867769,0.5768645357686454,0.7906144362696361,0.6265060240963856,0.7711465111061252,0.4633097165991903,0.2798887859128823,0.3469770935035674,0.3786407766990291,0.7557480839720093,0.3875,0.8309438470728794,0.44730941704035876,0.926736199440346,0.4297520661157025,0.7325443786982249,0.8050139275766016,0.8134403209628887,0.6212121212121212,0.39304092134280816,0.8223140495867769,0.5768645357686454,0.7906144362696361,0.6265060240963856,0.7711465111061252
128,0.5824,0.479251012145749,0.29842446709916587,0.3950431843785205,0.37540453074433655,0.7697434188603799,0.3972222222222222,0.8354241338112306,0.44730941704035876,0.9216484355125922,0.4132231404958678,0.7218934911242604,0.7994428969359332,0.8004012036108324,0.6212121212121212,0.3741729968145063,0.8178866587957497,0.5829528158295282,0.7619805130244581,0.5903614457831325,0.739735247924613,0.479251012145749,0.29842446709916587,0.3950431843785205,0.37540453074433655,0.7697434188603799,0.3972222222222222,0.8354241338112306,0.44730941704035876,0.9216484355125922,0.4132231404958678,0.7218934911242604,0.7994428969359332,0.8004012036108324,0.6212121212121212,0.3741729968145063,0.8178866587957497,0.5829528158295282,0.7619805130244581,0.5903614457831325,0.739735247924613
129,0.5806,0.5015182186234818,0.31943157244362064,0.3865940668419076,0.34627831715210355,0.7577474175274909,0.3861111111111111,0.8351254480286738,0.4439461883408072,0.9216484355125922,0.4214876033057851,0.7242603550295857,0.8050139275766016,0.8014042126379137,0.6181818181818182,0.36853712325410437,0.838547815820543,0.6073059360730594,0.7599920461324319,0.6506024096385542,0.7356966569441328,0.5015182186234818,0.31943157244362064,0.3865940668419076,0.34627831715210355,0.7577474175274909,0.3861111111111111,0.8351254480286738,0.4439461883408072,0.9216484355125922,0.4214876033057851,0.7242603550295857,0.8050139275766016,0.8014042126379137,0.6181818181818182,0.36853712325410437,0.838547815820543,0.6073059360730594,0.7599920461324319,0.6506024096385542,0.7356966569441328
130,0.5809,0.5080971659919028,0.34198331788693237,0.39917386406308675,0.34627831715210355,0.7517494168610463,0.38333333333333336,0.8357228195937874,0.4349775784753363,0.9191045535487153,0.4132231404958678,0.7325443786982249,0.7994428969359332,0.8174523570712137,0.6,0.36241117373192844,0.8618654073199528,0.6103500761035008,0.7739113143766156,0.6626506024096386,0.7493829930446488,0.5080971659919028,0.34198331788693237,0.39917386406308675,0.34627831715210355,0.7517494168610463,0.38333333333333336,0.8357228195937874,0.4349775784753363,0.9191045535487153,0.4132231404958678,0.7325443786982249,0.7994428969359332,0.8174523570712137,0.6,0.36241117373192844,0.8618654073199528,0.6103500761035008,0.7739113143766156,0.6626506024096386,0.7493829930446488
131,0.5819,0.49038461538461536,0.31479765214704974,0.39410439354111904,0.34951456310679613,0.7687437520826391,0.38472222222222224,0.8422939068100358,0.460762331838565,0.9191045535487153,0.4049586776859504,0.7325443786982249,0.8022284122562674,0.8004012036108324,0.6212121212121212,0.3670668953687822,0.843417945690673,0.619482496194825,0.7886259693776099,0.6385542168674698,0.7511779223693067,0.49038461538461536,0.31479765214704974,0.39410439354111904,0.34951456310679613,0.7687437520826391,0.38472222222222224,0.8422939068100358,0.460762331838565,0.9191045535487153,0.4049586776859504,0.7325443786982249,0.8022284122562674,0.8004012036108324,0.6212121212121212,0.3670668953687822,0.843417945690673,0.619482496194825,0.7886259693776099,0.6385542168674698,0.7511779223693067
132,0.5796,0.4939271255060729,0.31974050046339203,0.36932031543372135,0.3592233009708738,0.7767410863045652,0.4,0.8393070489844683,0.4501121076233184,0.9259730348511829,0.4214876033057851,0.7289940828402367,0.7938718662952646,0.8044132397191575,0.6272727272727273,0.3778485665278118,0.8209858323494688,0.5814307458143074,0.7683436070789421,0.6265060240963856,0.7422032757460175,0.4939271255060729,0.31974050046339203,0.36932031543372135,0.3592233009708738,0.7767410863045652,0.4,0.8393070489844683,0.4501121076233184,0.9259730348511829,0.4214876033057851,0.7289940828402367,0.7938718662952646,0.8044132397191575,0.6272727272727273,0.3778485665278118,0.8209858323494688,0.5814307458143074,0.7683436070789421,0.6265060240963856,0.7422032757460175
133,0.5859,0.4883603238866397,0.3157244362063639,0.38265114532482164,0.3786407766990291,0.76541152949017,0.4027777777777778,0.8413978494623656,0.45908071748878926,0.9259730348511829,0.4132231404958678,0.727810650887574,0.7910863509749304,0.8054162487462387,0.6121212121212121,0.39720656701788776,0.8460743801652892,0.6149162861491628,0.7782859415390734,0.6506024096385542,0.7433251065739287,0.4883603238866397,0.3157244362063639,0.38265114532482164,0.3786407766990291,0.76541152949017,0.4027777777777778,0.8413978494623656,0.45908071748878926,0.9259730348511829,0.4132231404958678,0.727810650887574,0.7910863509749304,0.8054162487462387,0.6121212121212121,0.39720656701788776,0.8460743801652892,0.6149162861491628,0.7782859415390734,0.6506024096385542,0.7433251065739287
134,0.5721,0.4807692307692308,0.31417979610750696,0.3665039429215171,0.35275080906148865,0.7840719760079974,0.4027777777777778,0.8569295101553166,0.4562780269058296,0.922665988298143,0.4049586776859504,0.7372781065088757,0.7938718662952646,0.7893681043129388,0.6424242424242425,0.38985542759127667,0.8078512396694215,0.563165905631659,0.7930005965400676,0.6144578313253012,0.7240296163338569,0.4807692307692308,0.31417979610750696,0.3665039429215171,0.35275080906148865,0.7840719760079974,0.4027777777777778,0.8569295101553166,0.4562780269058296,0.922665988298143,0.4049586776859504,0.7372781065088757,0.7938718662952646,0.7893681043129388,0.6424242424242425,0.38985542759127667,0.8078512396694215,0.563165905631659,0.7930005965400676,0.6144578313253012,0.7240296163338569
135,0.5815,0.4741902834008097,0.30645659561322214,0.3918512955313556,0.3818770226537217,0.7470843052315894,0.375,0.8413978494623656,0.45067264573991034,0.930806410582549,0.4049586776859504,0.7349112426035503,0.8022284122562674,0.8064192577733199,0.603030303030303,0.38642489585885814,0.8627508854781583,0.6210045662100456,0.7993636905945516,0.6867469879518072,0.7547677810186224,0.4741902834008097,0.30645659561322214,0.3918512955313556,0.3818770226537217,0.7470843052315894,0.375,0.8413978494623656,0.45067264573991034,0.930806410582549,0.4049586776859504,0.7349112426035503,0.8022284122562674,0.8064192577733199,0.603030303030303,0.38642489585885814,0.8627508854781583,0.6210045662100456,0.7993636905945516,0.6867469879518072,0.7547677810186224
136,0.579,0.5336538461538461,0.3666975594686438,0.3956064588809613,0.35275080906148865,0.7524158613795402,0.37083333333333335,0.8303464755077659,0.4439461883408072,0.9206308827270414,0.4214876033057851,0.7467455621301775,0.7883008356545961,0.802407221664995,0.593939393939394,0.3768684146042637,0.8481404958677686,0.6095890410958904,0.7540266454563531,0.6867469879518072,0.7365941216064618,0.5336538461538461,0.3666975594686438,0.3956064588809613,0.35275080906148865,0.7524158613795402,0.37083333333333335,0.8303464755077659,0.4439461883408072,0.9206308827270414,0.4214876033057851,0.7467455621301775,0.7883008356545961,0.802407221664995,0.593939393939394,0.3768684146042637,0.8481404958677686,0.6095890410958904,0.7540266454563531,0.6867469879518072,0.7365941216064618
137,0.5779,0.4683704453441296,0.30985480383070746,0.3819001126549005,0.34627831715210355,0.757080973008997,0.38472222222222224,0.8452807646356033,0.43553811659192826,0.9247010938692445,0.4214876033057851,0.7242603550295857,0.7994428969359332,0.8114343029087262,0.593939393939394,0.38250428816466553,0.8541912632821723,0.6133942161339422,0.7928017498508649,0.6867469879518072,0.7588063719991025,0.4683704453441296,0.30985480383070746,0.3819001126549005,0.34627831715210355,0.757080973008997,0.38472222222222224,0.8452807646356033,0.43553811659192826,0.9247010938692445,0.4214876033057851,0.7242603550295857,0.7994428969359332,0.8114343029087262,0.593939393939394,0.38250428816466553,0.8541912632821723,0.6133942161339422,0.7928017498508649,0.6867469879518072,0.7588063719991025
138,0.5828,0.49291497975708504,0.33147976521470496,0.3749530604581299,0.3656957928802589,0.753082305898034,0.3902777777777778,0.8354241338112306,0.44786995515695066,0.9262274230475706,0.4132231404958678,0.7384615384615385,0.8022284122562674,0.8004012036108324,0.6151515151515151,0.3741729968145063,0.8637839433293979,0.6248097412480974,0.7790813282958838,0.7108433734939759,0.7419789095804352,0.49291497975708504,0.33147976521470496,0.3749530604581299,0.3656957928802589,0.753082305898034,0.3902777777777778,0.8354241338112306,0.44786995515695066,0.9262274230475706,0.4132231404958678,0.7384615384615385,0.8022284122562674,0.8004012036108324,0.6151515151515151,0.3741729968145063,0.8637839433293979,0.6248097412480974,0.7790813282958838,0.7108433734939759,0.7419789095804352
139,0.5823,0.4698886639676113,0.29409947482236637,0.3646263612467142,0.37540453074433655,0.7740753082305898,0.3972222222222222,0.8419952210274791,0.4445067264573991,0.9272449758331214,0.38016528925619836,0.7289940828402367,0.8050139275766016,0.8144433299899699,0.6212121212121212,0.40798823817691743,0.8541912632821723,0.6179604261796042,0.7645655199840923,0.6626506024096386,0.7383890509311196,0.4698886639676113,0.29409947482236637,0.3646263612467142,0.37540453074433655,0.7740753082305898,0.3972222222222222,0.8419952210274791,0.4445067264573991,0.9272449758331214,0.38016528925619836,0.7289940828402367,0.8050139275766016,0.8144433299899699,0.6212121212121212,0.40798823817691743,0.8541912632821723,0.6179604261796042,0.7645655199840923,0.6626506024096386,0.7383890509311196
140,0.5765,0.48355263157894735,0.31263515600865,0.3897859556890725,0.3592233009708738,0.7680773075641453,0.39861111111111114,0.8458781362007168,0.45347533632286996,0.9247010938692445,0.4049586776859504,0.7396449704142012,0.7883008356545961,0.7823470411233701,0.6060606060606061,0.3670668953687822,0.8388429752066116,0.5852359208523592,0.8031417776894014,0.6987951807228916,0.7561139780121158,0.48355263157894735,0.31263515600865,0.3897859556890725,0.3592233009708738,0.7680773075641453,0.39861111111111114,0.8458781362007168,0.45347533632286996,0.9247010938692445,0.4049586776859504,0.7396449704142012,0.7883008356545961,0.7823470411233701,0.6060606060606061,0.3670668953687822,0.8388429752066116,0.5852359208523592,0.8031417776894014,0.6987951807228916,0.7561139780121158
141,0.5858,0.493168016194332,0.3262279888785913,0.3843409688321442,0.3592233009708738,0.7340886371209597,0.37083333333333335,0.8309438470728794,0.4400224215246637,0.9287713050114474,0.4049586776859504,0.7301775147928994,0.807799442896936,0.8114343029087262,0.5969696969696969,0.3785836804704729,0.8813459268004723,0.6400304414003044,0.7812686418771128,0.7349397590361446,0.7516266547004712,0.493168016194332,0.3262279888785913,0.3843409688321442,0.3592233009708738,0.7340886371209597,0.37083333333333335,0.8309438470728794,0.4400224215246637,0.9287713050114474,0.4049586776859504,0.7301775147928994,0.807799442896936,0.8114343029087262,0.5969696969696969,0.3785836804704729,0.8813459268004723,0.6400304414003044,0.7812686418771128,0.7349397590361446,0.7516266547004712
142,0.5757,0.49038461538461536,0.3219029966017918,0.41325572662410814,0.37216828478964403,0.7907364211929356,0.39305555555555555,0.8563321385902031,0.4551569506726457,0.9247010938692445,0.4297520661157025,0.7479289940828402,0.7938718662952646,0.7883650952858575,0.6363636363636364,0.3697623131585396,0.8112455726092089,0.573820395738204,0.7995625372837543,0.6265060240963856,0.7549921471842046,0.49038461538461536,0.3219029966017918,0.41325572662410814,0.37216828478964403,0.7907364211929356,0.39305555555555555,0.8563321385902031,0.4551569506726457,0.9247010938692445,0.4297520661157025,0.7479289940828402,0.7938718662952646,0.7883650952858575,0.6363636363636364,0.3697623131585396,0.8112455726092089,0.573820395738204,0.7995625372837543,0.6265060240963856,0.7549921471842046
143,0.578,0.4729251012145749,0.28668520234785294,0.36932031543372135,0.37216828478964403,0.7807397534155281,0.3861111111111111,0.8455794504181601,0.43553811659192826,0.9269905876367337,0.4214876033057851,0.7408284023668639,0.7966573816155988,0.8114343029087262,0.6090909090909091,0.4067630482724822,0.8578807556080283,0.6187214611872146,0.8051302445814277,0.6867469879518072,0.7641911599730761,0.4729251012145749,0.28668520234785294,0.36932031543372135,0.37216828478964403,0.7807397534155281,0.3861111111111111,0.8455794504181601,0.43553811659192826,0.9269905876367337,0.4214876033057851,0.7408284023668639,0.7966573816155988,0.8114343029087262,0.6090909090909091,0.4067630482724822,0.8578807556080283,0.6187214611872146,0.8051302445814277,0.6867469879518072,0.7641911599730761
144,0.5763,0.5012651821862348,0.3348779734321903,0.3749530604581299,0.34951456310679613,0.7870709763412196,0.3888888888888889,0.8509557945041816,0.4400224215246637,0.9247010938692445,0.4049586776859504,0.7431952662721893,0.8022284122562674,0.8074222668004012,0.6090909090909091,0.3697623131585396,0.8367768595041323,0.5928462709284628,0.7838536488367469,0.6746987951807228,0.7632936953107471,0.5012651821862348,0.3348779734321903,0.3749530604581299,0.34951456310679613,0.7870709763412196,0.3888888888888889,0.8509557945041816,0.4400224215246637,0.9247010938692445,0.4049586776859504,0.7431952662721893,0.8022284122562674,0.8074222668004012,0.6090909090909091,0.3697623131585396,0.8367768595041323,0.5928462709284628,0.7838536488367469,0.6746987951807228,0.7632936953107471
145,0.578,0.4883603238866397,0.3163422922459067,0.37157341344348477,0.3656957928802589,0.7170943018993668,0.36666666666666664,0.8201911589008363,0.43890134529147984,0.927499364029509,0.4132231404958678,0.7266272189349112,0.7938718662952646,0.8154463390170511,0.5878787878787879,0.3910806174957118,0.8713105076741441,0.624048706240487,0.791210976337244,0.6987951807228916,0.7507291900381422,0.4883603238866397,0.3163422922459067,0.37157341344348477,0.3656957928802589,0.7170943018993668,0.36666666666666664,0.8201911589008363,0.43890134529147984,0.927499364029509,0.4132231404958678,0.7266272189349112,0.7938718662952646,0.8154463390170511,0.5878787878787879,0.3910806174957118,0.8713105076741441,0.624048706240487,0.791210976337244,0.6987951807228916,0.7507291900381422
146,0.5795,0.5063259109311741,0.33982082174853256,0.3969207660533233,0.36893203883495146,0.7797400866377874,0.39861111111111114,0.8428912783751493,0.4232062780269058,0.9257186466547952,0.4049586776859504,0.7467455621301775,0.8105849582172702,0.8054162487462387,0.6242424242424243,0.3947561872090174,0.8394332939787486,0.6080669710806698,0.76894014714655,0.6867469879518072,0.7531972178595467,0.5063259109311741,0.33982082174853256,0.3969207660533233,0.36893203883495146,0.7797400866377874,0.39861111111111114,0.8428912783751493,0.4232062780269058,0.9257186466547952,0.4049586776859504,0.7467455621301775,0.8105849582172702,0.8054162487462387,0.6242424242424243,0.3947561872090174,0.8394332939787486,0.6080669710806698,0.76894014714655,0.6867469879518072,0.7531972178595467
147,0.5758,0.4964574898785425,0.32808155699721964,0.36030792339466766,0.3656957928802589,0.7620793068977008,0.37916666666666665,0.8345280764635603,0.4461883408071749,0.926736199440346,0.4214876033057851,0.736094674556213,0.7966573816155988,0.8074222668004012,0.6151515151515151,0.3915706934574859,0.8479929161747344,0.6035007610350076,0.7826605687015311,0.6867469879518072,0.7581332735023558,0.4964574898785425,0.32808155699721964,0.36030792339466766,0.3656957928802589,0.7620793068977008,0.37916666666666665,0.8345280764635603,0.4461883408071749,0.926736199440346,0.4214876033057851,0.736094674556213,0.7966573816155988,0.8074222668004012,0.6151515151515151,0.3915706934574859,0.8479929161747344,0.6035007610350076,0.7826605687015311,0.6867469879518072,0.7581332735023558
148,0.5803,0.5154352226720648,0.36391720729070126,0.42902741269245215,0.35275080906148865,0.7640786404531823,0.3763888888888889,0.8345280764635603,0.43329596412556054,0.9140167896209616,0.38016528925619836,0.7266272189349112,0.7938718662952646,0.8134403209628887,0.6090909090909091,0.3648615535407988,0.8453364817001181,0.5989345509893456,0.7731159276198051,0.6867469879518072,0.741754543414853,0.5154352226720648,0.36391720729070126,0.42902741269245215,0.35275080906148865,0.7640786404531823,0.3763888888888889,0.8345280764635603,0.43329596412556054,0.9140167896209616,0.38016528925619836,0.7266272189349112,0.7938718662952646,0.8134403209628887,0.6090909090909091,0.3648615535407988,0.8453364817001181,0.5989345509893456,0.7731159276198051,0.6867469879518072,0.741754543414853
149,0.577,0.4964574898785425,0.34723509422304605,0.3843409688321442,0.3851132686084142,0.7480839720093302,0.37222222222222223,0.8360215053763441,0.4327354260089686,0.9219028237089799,0.4049586776859504,0.7195266272189349,0.8105849582172702,0.8164493480441324,0.6151515151515151,0.40039206076941924,0.8536009445100354,0.6164383561643836,0.7715251541061842,0.6867469879518072,0.733004262957146,0.4964574898785425,0.34723509422304605,0.3843409688321442,0.3851132686084142,0.7480839720093302,0.37222222222222223,0.8360215053763441,0.4327354260089686,0.9219028237089799,0.4049586776859504,0.7195266272189349,0.8105849582172702,0.8164493480441324,0.6151515151515151,0.40039206076941924,0.8536009445100354,0.6164383561643836,0.7715251541061842,0.6867469879518072,0.733004262957146
150,0.5806,0.4893724696356275,0.3163422922459067,0.3726999624483665,0.37216828478964403,0.7744085304898367,0.3888888888888889,0.8419952210274791,0.4551569506726457,0.9216484355125922,0.4132231404958678,0.7408284023668639,0.7994428969359332,0.8074222668004012,0.6181818181818182,0.39500122518990444,0.8469598583234947,0.6027397260273972,0.7842513422151521,0.6746987951807228,0.7428763742427642,0.4893724696356275,0.3163422922459067,0.3726999624483665,0.37216828478964403,0.7744085304898367,0.3888888888888889,0.8419952210274791,0.4551569506726457,0.9216484355125922,0.4132231404958678,0.7408284023668639,0.7994428969359332,0.8074222668004012,0.6181818181818182,0.39500122518990444,0.8469598583234947,0.6027397260273972,0.7842513422151521,0.6746987951807228,0.7428763742427642
151,0.5871,0.507338056680162,0.3444547420451035,0.40950056327450246,0.37216828478964403,0.7260913028990337,0.37777777777777777,0.8192951015531661,0.44730941704035876,0.9219028237089799,0.39669421487603307,0.7218934911242604,0.7994428969359332,0.8084252758274825,0.6060606060606061,0.38372947806910074,0.8549291617473436,0.601978691019787,0.7691389938357527,0.6867469879518072,0.7545434148530401,0.507338056680162,0.3444547420451035,0.40950056327450246,0.37216828478964403,0.7260913028990337,0.37777777777777777,0.8192951015531661,0.44730941704035876,0.9219028237089799,0.39669421487603307,0.7218934911242604,0.7994428969359332,0.8084252758274825,0.6060606060606061,0.38372947806910074,0.8549291617473436,0.601978691019787,0.7691389938357527,0.6867469879518072,0.7545434148530401
152,0.5821,0.5247975708502024,0.3629904232313871,0.36293653773939166,0.3883495145631068,0.7470843052315894,0.375,0.828853046594982,0.43553811659192826,0.9219028237089799,0.4049586776859504,0.7420118343195267,0.7910863509749304,0.7913741223671013,0.593939393939394,0.4033325165400637,0.8783943329397875,0.6453576864535768,0.7745078544442235,0.6987951807228916,0.7570114426744446,0.5247975708502024,0.3629904232313871,0.36293653773939166,0.3883495145631068,0.7470843052315894,0.375,0.828853046594982,0.43553811659192826,0.9219028237089799,0.4049586776859504,0.7420118343195267,0.7910863509749304,0.7913741223671013,0.593939393939394,0.4033325165400637,0.8783943329397875,0.6453576864535768,0.7745078544442235,0.6987951807228916,0.7570114426744446
153,0.5776,0.4944331983805668,0.33704046957059003,0.408561772437101,0.35275080906148865,0.7577474175274909,0.3972222222222222,0.8375149342891278,0.437219730941704,0.926736199440346,0.3884297520661157,0.736094674556213,0.7994428969359332,0.79839518555667,0.603030303030303,0.39843175692232297,0.8133116883116883,0.5509893455098934,0.775303241201034,0.6385542168674698,0.7482611622167377,0.4944331983805668,0.33704046957059003,0.408561772437101,0.35275080906148865,0.7577474175274909,0.3972222222222222,0.8375149342891278,0.437219730941704,0.926736199440346,0.3884297520661157,0.736094674556213,0.7994428969359332,0.79839518555667,0.603030303030303,0.39843175692232297,0.8133116883116883,0.5509893455098934,0.775303241201034,0.6385542168674698,0.7482611622167377
154,0.5817,0.5088562753036437,0.3543404386777881,0.3819001126549005,0.37540453074433655,0.7760746417860713,0.39166666666666666,0.8515531660692951,0.4327354260089686,0.9272449758331214,0.4132231404958678,0.7431952662721893,0.807799442896936,0.8144433299899699,0.6121212121212121,0.39059054153393774,0.8575855962219598,0.6210045662100456,0.7647643666732948,0.6746987951807228,0.7323311644603994,0.5088562753036437,0.3543404386777881,0.3819001126549005,0.37540453074433655,0.7760746417860713,0.39166666666666666,0.8515531660692951,0.4327354260089686,0.9272449758331214,0.4132231404958678,0.7431952662721893,0.807799442896936,0.8144433299899699,0.6121212121212121,0.39059054153393774,0.8575855962219598,0.6210045662100456,0.7647643666732948,0.6746987951807228,0.7323311644603994
155,0.5813,0.49468623481781376,0.3348779734321903,0.4241457003379647,0.35275080906148865,0.7497500833055648,0.3875,0.8336320191158901,0.4383408071748879,0.9280081404222844,0.4049586776859504,0.7325443786982249,0.807799442896936,0.8134403209628887,0.6212121212121212,0.38912031364861555,0.8251180637544274,0.5837138508371386,0.778484788228276,0.6626506024096386,0.7516266547004712,0.49468623481781376,0.3348779734321903,0.4241457003379647,0.35275080906148865,0.7497500833055648,0.3875,0.8336320191158901,0.4383408071748879,0.9280081404222844,0.4049586776859504,0.7325443786982249,0.807799442896936,0.8134403209628887,0.6212121212121212,0.38912031364861555,0.8251180637544274,0.5837138508371386,0.778484788228276,0.6626506024096386,0.7516266547004712
156,0.5833,0.520748987854251,0.36082792709298733,0.3535486293653774,0.39805825242718446,0.7604131956014661,0.3902777777777778,0.8369175627240143,0.4439461883408072,0.9264818112439582,0.4132231404958678,0.7526627218934911,0.8050139275766016,0.8084252758274825,0.6121212121212121,0.40627297231070814,0.8711629279811098,0.6438356164383562,0.7572081924835952,0.6746987951807228,0.7372672201032084,0.520748987854251,0.36082792709298733,0.3535486293653774,0.39805825242718446,0.7604131956014661,0.3902777777777778,0.8369175627240143,0.4439461883408072,0.9264818112439582,0.4132231404958678,0.7526627218934911,0.8050139275766016,0.8084252758274825,0.6121212121212121,0.40627297231070814,0.8711629279811098,0.6438356164383562,0.7572081924835952,0.6746987951807228,0.7372672201032084
157,0.5739,0.4939271255060729,0.33271547729379053,0.3972962823882839,0.3883495145631068,0.7607464178607131,0.3819444444444444,0.8369175627240143,0.44170403587443946,0.9198677181378784,0.4132231404958678,0.7502958579881657,0.7938718662952646,0.7973921765295887,0.5909090909090909,0.3893653516295026,0.8482880755608029,0.606544901065449,0.8198448995824219,0.7228915662650602,0.7751851020866053,0.4939271255060729,0.33271547729379053,0.3972962823882839,0.3883495145631068,0.7607464178607131,0.3819444444444444,0.8369175627240143,0.44170403587443946,0.9198677181378784,0.4132231404958678,0.7502958579881657,0.7938718662952646,0.7973921765295887,0.5909090909090909,0.3893653516295026,0.8482880755608029,0.606544901065449,0.8198448995824219,0.7228915662650602,0.7751851020866053
158,0.577,0.4893724696356275,0.31850478838430646,0.40180247840781075,0.3818770226537217,0.7637454181939354,0.4013888888888889,0.8327359617682198,0.44562780269058294,0.9239379292800814,0.4214876033057851,0.744378698224852,0.8105849582172702,0.8054162487462387,0.6181818181818182,0.40039206076941924,0.8155253837072018,0.5753424657534246,0.7758997812686419,0.6385542168674698,0.759255104330267,0.4893724696356275,0.31850478838430646,0.40180247840781075,0.3818770226537217,0.7637454181939354,0.4013888888888889,0.8327359617682198,0.44562780269058294,0.9239379292800814,0.4214876033057851,0.744378698224852,0.8105849582172702,0.8054162487462387,0.6181818181818182,0.40039206076941924,0.8155253837072018,0.5753424657534246,0.7758997812686419,0.6385542168674698,0.759255104330267
159,0.5781,0.49038461538461536,0.3256101328390485,0.3783327074727751,0.37540453074433655,0.7697434188603799,0.38055555555555554,0.8467741935483871,0.4400224215246637,0.9236835410836938,0.4297520661157025,0.7266272189349112,0.8105849582172702,0.8124373119358074,0.5969696969696969,0.38912031364861555,0.8652597402597403,0.6232876712328768,0.7977729170809306,0.6867469879518072,0.7471393313888266,0.49038461538461536,0.3256101328390485,0.3783327074727751,0.37540453074433655,0.7697434188603799,0.38055555555555554,0.8467741935483871,0.4400224215246637,0.9236835410836938,0.4297520661157025,0.7266272189349112,0.8105849582172702,0.8124373119358074,0.5969696969696969,0.38912031364861555,0.8652597402597403,0.6232876712328768,0.7977729170809306,0.6867469879518072,0.7471393313888266
160,0.5807,0.4967105263157895,0.33673154155081864,0.40668419076229817,0.3786407766990291,0.7260913028990337,0.37916666666666665,0.8231780167264038,0.4433856502242152,0.9224116001017553,0.4297520661157025,0.7218934911242604,0.8189415041782729,0.8124373119358074,0.5787878787878787,0.3881401617250674,0.8599468713105076,0.6118721461187214,0.7830582620799363,0.6746987951807228,0.7623962306484182,0.4967105263157895,0.33673154155081864,0.40668419076229817,0.3786407766990291,0.7260913028990337,0.37916666666666665,0.8231780167264038,0.4433856502242152,0.9224116001017553,0.4297520661157025,0.7218934911242604,0.8189415041782729,0.8124373119358074,0.5787878787878787,0.3881401617250674,0.8599468713105076,0.6118721461187214,0.7830582620799363,0.6746987951807228,0.7623962306484182
161,0.58,0.5043016194331984,0.3450725980846463,0.3948554262110402,0.36893203883495146,0.7630789736754415,0.36944444444444446,0.8360215053763441,0.44730941704035876,0.9239379292800814,0.4214876033057851,0.7431952662721893,0.7855153203342619,0.79839518555667,0.6060606060606061,0.38274932614555257,0.851534828807556,0.617199391171994,0.7878305826207994,0.6626506024096386,0.757235808840027,0.5043016194331984,0.3450725980846463,0.3948554262110402,0.36893203883495146,0.7630789736754415,0.36944444444444446,0.8360215053763441,0.44730941704035876,0.9239379292800814,0.4214876033057851,0.7431952662721893,0.7855153203342619,0.79839518555667,0.6060606060606061,0.38274932614555257,0.851534828807556,0.617199391171994,0.7878305826207994,0.6626506024096386,0.757235808840027
162,0.5833,0.5389676113360324,0.38399752857584185,0.38490424333458506,0.3818770226537217,0.7447517494168611,0.38472222222222224,0.8198924731182796,0.4467488789237668,0.9206308827270414,0.4380165289256198,0.749112426035503,0.7966573816155988,0.802407221664995,0.593939393939394,0.39843175692232297,0.8375147579693034,0.593607305936073,0.7458739311990455,0.6746987951807228,0.7520753870316357,0.5389676113360324,0.38399752857584185,0.38490424333458506,0.3818770226537217,0.7447517494168611,0.38472222222222224,0.8198924731182796,0.4467488789237668,0.9206308827270414,0.4380165289256198,0.749112426035503,0.7966573816155988,0.802407221664995,0.593939393939394,0.39843175692232297,0.8375147579693034,0.593607305936073,0.7458739311990455,0.6746987951807228,0.7520753870316357
163,0.5736,0.4749493927125506,0.30985480383070746,0.40668419076229817,0.36245954692556637,0.7510829723425525,0.3958333333333333,0.8372162485065711,0.44170403587443946,0.9211396591198169,0.4380165289256198,0.7325443786982249,0.7799442896935933,0.8044132397191575,0.603030303030303,0.3981867189414359,0.8553719008264463,0.6187214611872146,0.8120898787035196,0.6867469879518072,0.7531972178595467,0.4749493927125506,0.30985480383070746,0.40668419076229817,0.36245954692556637,0.7510829723425525,0.3958333333333333,0.8372162485065711,0.44170403587443946,0.9211396591198169,0.4380165289256198,0.7325443786982249,0.7799442896935933,0.8044132397191575,0.603030303030303,0.3981867189414359,0.8553719008264463,0.6187214611872146,0.8120898787035196,0.6867469879518072,0.7531972178595467
164,0.5712,0.5230263157894737,0.3614457831325301,0.3916635373638753,0.3883495145631068,0.7514161946017994,0.3611111111111111,0.8333333333333334,0.4484304932735426,0.9259730348511829,0.4380165289256198,0.7526627218934911,0.7938718662952646,0.7893681043129388,0.5878787878787879,0.4163195295270767,0.8379574970484062,0.5966514459665144,0.7890236627560151,0.6746987951807228,0.7428763742427642,0.5230263157894737,0.3614457831325301,0.3916635373638753,0.3883495145631068,0.7514161946017994,0.3611111111111111,0.8333333333333334,0.4484304932735426,0.9259730348511829,0.4380165289256198,0.7526627218934911,0.7938718662952646,0.7893681043129388,0.5878787878787879,0.4163195295270767,0.8379574970484062,0.5966514459665144,0.7890236627560151,0.6746987951807228,0.7428763742427642
165,0.5798,0.5129048582995951,0.3583565029348162,0.40180247840781075,0.37216828478964403,0.7384205264911696,0.37083333333333335,0.8118279569892473,0.43946188340807174,0.9236835410836938,0.4297520661157025,0.7337278106508875,0.7855153203342619,0.7933801404212638,0.5757575757575758,0.40602793432982115,0.8637839433293979,0.6255707762557078,0.7993636905945516,0.7469879518072289,0.7630693291451649,0.5129048582995951,0.3583565029348162,0.40180247840781075,0.37216828478964403,0.7384205264911696,0.37083333333333335,0.8118279569892473,0.43946188340807174,0.9236835410836938,0.4297520661157025,0.7337278106508875,0.7855153203342619,0.7933801404212638,0.5757575757575758,0.40602793432982115,0.8637839433293979,0.6255707762557078,0.7993636905945516,0.7469879518072289,0.7630693291451649
166,0.5904,0.4964574898785425,0.32839048501699103,0.39297784453623735,0.33980582524271846,0.7864045318227257,0.39444444444444443,0.8458781362007168,0.43946188340807174,0.9239379292800814,0.4380165289256198,0.736094674556213,0.8105849582172702,0.8214643931795386,0.6181818181818182,0.372702768929184,0.8420897284533648,0.6004566210045662,0.7659574468085106,0.6746987951807228,0.7350235584473861,0.4964574898785425,0.32839048501699103,0.39297784453623735,0.33980582524271846,0.7864045318227257,0.39444444444444443,0.8458781362007168,0.43946188340807174,0.9239379292800814,0.4380165289256198,0.736094674556213,0.8105849582172702,0.8214643931795386,0.6181818181818182,0.372702768929184,0.8420897284533648,0.6004566210045662,0.7659574468085106,0.6746987951807228,0.7350235584473861
167,0.5812,0.5131578947368421,0.35526722273710226,0.40781073976717985,0.36893203883495146,0.748750416527824,0.37222222222222223,0.8294504181600956,0.43385650224215244,0.9241923174764691,0.4297520661157025,0.7349112426035503,0.7994428969359332,0.8034102306920762,0.6060606060606061,0.40553785836804707,0.8733766233766234,0.6423135464231354,0.7844501889043547,0.6867469879518072,0.7520753870316357,0.5131578947368421,0.35526722273710226,0.40781073976717985,0.36893203883495146,0.748750416527824,0.37222222222222223,0.8294504181600956,0.43385650224215244,0.9241923174764691,0.4297520661157025,0.7349112426035503,0.7994428969359332,0.8034102306920762,0.6060606060606061,0.40553785836804707,0.8733766233766234,0.6423135464231354,0.7844501889043547,0.6867469879518072,0.7520753870316357
168,0.5792,0.5270748987854251,0.36916898362681494,0.4241457003379647,0.34951456310679613,0.7550816394535155,0.37916666666666665,0.8324372759856631,0.4562780269058296,0.9213940473162046,0.4462809917355372,0.744378698224852,0.7910863509749304,0.7993981945837513,0.5969696969696969,0.38078902229845624,0.8249704840613932,0.591324200913242,0.7751043945118313,0.6506024096385542,0.7522997531972179,0.5270748987854251,0.36916898362681494,0.4241457003379647,0.34951456310679613,0.7550816394535155,0.37916666666666665,0.8324372759856631,0.4562780269058296,0.9213940473162046,0.4462809917355372,0.744378698224852,0.7910863509749304,0.7993981945837513,0.5969696969696969,0.38078902229845624,0.8249704840613932,0.591324200913242,0.7751043945118313,0.6506024096385542,0.7522997531972179
169,0.5807,0.48633603238866396,0.31510658016682114,0.3892226811866316,0.3786407766990291,0.748750416527824,0.3819444444444444,0.8318399044205496,0.43890134529147984,0.926736199440346,0.4462809917355372,0.736094674556213,0.7994428969359332,0.8144433299899699,0.603030303030303,0.41607449154618964,0.8838547815820543,0.6506849315068494,0.8142771922847485,0.7228915662650602,0.7473636975544088,0.48633603238866396,0.31510658016682114,0.3892226811866316,0.3786407766990291,0.748750416527824,0.3819444444444444,0.8318399044205496,0.43890134529147984,0.926736199440346,0.4462809917355372,0.736094674556213,0.7994428969359332,0.8144433299899699,0.603030303030303,0.41607449154618964,0.8838547815820543,0.6506849315068494,0.8142771922847485,0.7228915662650602,0.7473636975544088
170,0.5685,0.506831983805668,0.34352795798578933,0.3597446488922268,0.3656957928802589,0.7864045318227257,0.38333333333333336,0.8497610513739546,0.4422645739910314,0.9249554820656322,0.4462809917355372,0.7502958579881657,0.7966573816155988,0.8174523570712137,0.6090909090909091,0.411663807890223,0.8037190082644629,0.558599695585997,0.7685424537681448,0.6385542168674698,0.753421584025129,0.506831983805668,0.34352795798578933,0.3597446488922268,0.3656957928802589,0.7864045318227257,0.38333333333333336,0.8497610513739546,0.4422645739910314,0.9249554820656322,0.4462809917355372,0.7502958579881657,0.7966573816155988,0.8174523570712137,0.6090909090909091,0.411663807890223,0.8037190082644629,0.558599695585997,0.7685424537681448,0.6385542168674698,0.753421584025129
171,0.5815,0.4982287449392713,0.32746370095767685,0.4226436349981224,0.37216828478964403,0.7647450849716761,0.375,0.8402031063321386,0.4433856502242152,0.9257186466547952,0.4297520661157025,0.7455621301775148,0.7883008356545961,0.8014042126379137,0.6090909090909091,0.40161725067385445,0.8760330578512396,0.654490106544901,0.8101014118114933,0.7228915662650602,0.7511779223693067,0.4982287449392713,0.32746370095767685,0.4226436349981224,0.37216828478964403,0.7647450849716761,0.375,0.8402031063321386,0.4433856502242152,0.9257186466547952,0.4297520661157025,0.7455621301775148,0.7883008356545961,0.8014042126379137,0.6090909090909091,0.40161725067385445,0.8760330578512396,0.654490106544901,0.8101014118114933,0.7228915662650602,0.7511779223693067
172,0.5717,0.5050607287449392,0.33951189372876117,0.42358242583552386,0.3786407766990291,0.749083638787071,0.37916666666666665,0.8306451612903226,0.4439461883408072,0.926736199440346,0.4214876033057851,0.744378698224852,0.7883008356545961,0.8014042126379137,0.5848484848484848,0.4099485420240137,0.8202479338842975,0.5722983257229832,0.7981706104593359,0.7108433734939759,0.7585820058335203,0.5050607287449392,0.33951189372876117,0.42358242583552386,0.3786407766990291,0.749083638787071,0.37916666666666665,0.8306451612903226,0.4439461883408072,0.926736199440346,0.4214876033057851,0.744378698224852,0.7883008356545961,0.8014042126379137,0.5848484848484848,0.4099485420240137,0.8202479338842975,0.5722983257229832,0.7981706104593359,0.7108433734939759,0.7585820058335203
173,0.5873,0.5129048582995951,0.35186901451961694,0.4226436349981224,0.35275080906148865,0.7240919693435521,0.37777777777777777,0.8139187574671446,0.4489910313901345,0.9277537522258967,0.4297520661157025,0.7396449704142012,0.807799442896936,0.8054162487462387,0.5696969696969697,0.3947561872090174,0.8741145218417946,0.6445966514459666,0.7852455756611653,0.7349397590361446,0.7601525689925959,0.5129048582995951,0.35186901451961694,0.4226436349981224,0.35275080906148865,0.7240919693435521,0.37777777777777777,0.8139187574671446,0.4489910313901345,0.9277537522258967,0.4297520661157025,0.7396449704142012,0.807799442896936,0.8054162487462387,0.5696969696969697,0.3947561872090174,0.8741145218417946,0.6445966514459666,0.7852455756611653,0.7349397590361446,0.7601525689925959
174,0.5788,0.4982287449392713,0.3345690454124189,0.41870071348103644,0.3592233009708738,0.7827390869710097,0.39305555555555555,0.8479689366786141,0.4484304932735426,0.9231747646909183,0.4297520661157025,0.7266272189349112,0.7910863509749304,0.8184553660982948,0.6121212121212121,0.3751531487380544,0.8224616292798111,0.5791476407914764,0.7786836349174786,0.6746987951807228,0.7363697554408796,0.4982287449392713,0.3345690454124189,0.41870071348103644,0.3592233009708738,0.7827390869710097,0.39305555555555555,0.8479689366786141,0.4484304932735426,0.9231747646909183,0.4297520661157025,0.7266272189349112,0.7910863509749304,0.8184553660982948,0.6121212121212121,0.3751531487380544,0.8224616292798111,0.5791476407914764,0.7786836349174786,0.6746987951807228,0.7363697554408796
175,0.5818,0.5078441295546559,0.3438368860055607,0.38865940668419074,0.3818770226537217,0.7500833055648117,0.375,0.8294504181600956,0.4495515695067265,0.927499364029509,0.4297520661157025,0.7538461538461538,0.7994428969359332,0.8064192577733199,0.5878787878787879,0.40798823817691743,0.875,0.6445966514459666,0.7967786836349174,0.6987951807228916,0.7531972178595467,0.5078441295546559,0.3438368860055607,0.38865940668419074,0.3818770226537217,0.7500833055648117,0.375,0.8294504181600956,0.4495515695067265,0.927499364029509,0.4297520661157025,0.7538461538461538,0.7994428969359332,0.8064192577733199,0.5878787878787879,0.40798823817691743,0.875,0.6445966514459666,0.7967786836349174,0.6987951807228916,0.7531972178595467
176,0.5696,0.5103744939271255,0.35217794253938833,0.4061209162598573,0.39158576051779936,0.7364211929356881,0.3638888888888889,0.8237753882915173,0.4405829596412556,0.9325871279572627,0.4462809917355372,0.7455621301775148,0.7966573816155988,0.7963891675025075,0.593939393939394,0.40627297231070814,0.8437131050767415,0.6004566210045662,0.8178564326903957,0.7228915662650602,0.768005384787974,0.5103744939271255,0.35217794253938833,0.4061209162598573,0.39158576051779936,0.7364211929356881,0.3638888888888889,0.8237753882915173,0.4405829596412556,0.9325871279572627,0.4462809917355372,0.7455621301775148,0.7966573816155988,0.7963891675025075,0.593939393939394,0.40627297231070814,0.8437131050767415,0.6004566210045662,0.8178564326903957,0.7228915662650602,0.768005384787974
177,0.5849,0.5177125506072875,0.367624343527958,0.4136312429590687,0.3559870550161812,0.7447517494168611,0.37777777777777777,0.8309438470728794,0.4327354260089686,0.9269905876367337,0.4297520661157025,0.7207100591715976,0.7994428969359332,0.8174523570712137,0.5969696969696969,0.38152413624111736,0.880608028335301,0.6385083713850838,0.7637701332272817,0.7108433734939759,0.739735247924613,0.5177125506072875,0.367624343527958,0.4136312429590687,0.3559870550161812,0.7447517494168611,0.37777777777777777,0.8309438470728794,0.4327354260089686,0.9269905876367337,0.4297520661157025,0.7207100591715976,0.7994428969359332,0.8174523570712137,0.5969696969696969,0.38152413624111736,0.880608028335301,0.6385083713850838,0.7637701332272817,0.7108433734939759,0.739735247924613
178,0.572,0.5156882591093117,0.35526722273710226,0.42132932782576044,0.3786407766990291,0.7550816394535155,0.36666666666666664,0.8348267622461171,0.4265695067264574,0.920122106334266,0.4214876033057851,0.749112426035503,0.8022284122562674,0.8104312938816449,0.593939393939394,0.40872335211957855,0.8633412042502951,0.617199391171994,0.8011533107973752,0.6987951807228916,0.7451200358985864,0.5156882591093117,0.35526722273710226,0.42132932782576044,0.3786407766990291,0.7550816394535155,0.36666666666666664,0.8348267622461171,0.4265695067264574,0.920122106334266,0.4214876033057851,0.749112426035503,0.8022284122562674,0.8104312938816449,0.593939393939394,0.40872335211957855,0.8633412042502951,0.617199391171994,0.8011533107973752,0.6987951807228916,0.7451200358985864
179,0.5778,0.500253036437247,0.31448872412727835,0.37345099511828767,0.36893203883495146,0.7740753082305898,0.3875,0.8402031063321386,0.4495515695067265,0.9257186466547952,0.4380165289256198,0.7408284023668639,0.7910863509749304,0.8014042126379137,0.6151515151515151,0.4131340357755452,0.8347107438016529,0.5951293759512938,0.7910121296480414,0.7108433734939759,0.7657617231321516,0.500253036437247,0.31448872412727835,0.37345099511828767,0.36893203883495146,0.7740753082305898,0.3875,0.8402031063321386,0.4495515695067265,0.9257186466547952,0.4380165289256198,0.7408284023668639,0.7910863509749304,0.8014042126379137,0.6151515151515151,0.4131340357755452,0.8347107438016529,0.5951293759512938,0.7910121296480414,0.7108433734939759,0.7657617231321516
180,0.5785,0.5108805668016194,0.3450725980846463,0.4202027788208787,0.36245954692556637,0.7280906364545152,0.38055555555555554,0.8279569892473119,0.4248878923766816,0.9229203764945306,0.4297520661157025,0.727810650887574,0.7994428969359332,0.8064192577733199,0.5848484848484848,0.40357755452095073,0.8747048406139315,0.6385083713850838,0.7953867568104991,0.7228915662650602,0.7446713035674221,0.5108805668016194,0.3450725980846463,0.4202027788208787,0.36245954692556637,0.7280906364545152,0.38055555555555554,0.8279569892473119,0.4248878923766816,0.9229203764945306,0.4297520661157025,0.727810650887574,0.7994428969359332,0.8064192577733199,0.5848484848484848,0.40357755452095073,0.8747048406139315,0.6385083713850838,0.7953867568104991,0.7228915662650602,0.7446713035674221
181,0.5768,0.5086032388663968,0.35156008649984555,0.43503567405182125,0.33980582524271846,0.7527490836387871,0.3902777777777778,0.8327359617682198,0.44786995515695066,0.9221572119053676,0.4214876033057851,0.7408284023668639,0.7966573816155988,0.8054162487462387,0.5909090909090909,0.39132565547659887,0.8317591499409681,0.6035007610350076,0.791210976337244,0.6867469879518072,0.7682297509535562,0.5086032388663968,0.35156008649984555,0.43503567405182125,0.33980582524271846,0.7527490836387871,0.3902777777777778,0.8327359617682198,0.44786995515695066,0.9221572119053676,0.4214876033057851,0.7408284023668639,0.7966573816155988,0.8054162487462387,0.5909090909090909,0.39132565547659887,0.8317591499409681,0.6035007610350076,0.791210976337244,0.6867469879518072,0.7682297509535562
182,0.5749,0.5240384615384616,0.36855112758727215,0.4194517461509576,0.3365695792880259,0.7630789736754415,0.37777777777777777,0.8458781362007168,0.4405829596412556,0.9208852709234292,0.4297520661157025,0.7337278106508875,0.8217270194986073,0.8194583751253761,0.6060606060606061,0.3778485665278118,0.8313164108618654,0.5837138508371386,0.7858421157287732,0.7108433734939759,0.7583576396679381,0.5240384615384616,0.36855112758727215,0.4194517461509576,0.3365695792880259,0.7630789736754415,0.37777777777777777,0.8458781362007168,0.4405829596412556,0.9208852709234292,0.4297520661157025,0.7337278106508875,0.8217270194986073,0.8194583751253761,0.6060606060606061,0.3778485665278118,0.8313164108618654,0.5837138508371386,0.7858421157287732,0.7108433734939759,0.7583576396679381
183,0.5747,0.5154352226720648,0.3453815261044177,0.4173864063086744,0.34951456310679613,0.7434188603798734,0.36527777777777776,0.8348267622461171,0.4304932735426009,0.9249554820656322,0.4297520661157025,0.7455621301775148,0.807799442896936,0.8104312938816449,0.5909090909090909,0.4123989218328841,0.8760330578512396,0.6331811263318112,0.7987671505269437,0.6987951807228916,0.7482611622167377,0.5154352226720648,0.3453815261044177,0.4173864063086744,0.34951456310679613,0.7434188603798734,0.36527777777777776,0.8348267622461171,0.4304932735426009,0.9249554820656322,0.4297520661157025,0.7455621301775148,0.807799442896936,0.8104312938816449,0.5909090909090909,0.4123989218328841,0.8760330578512396,0.6331811263318112,0.7987671505269437,0.6987951807228916,0.7482611622167377
184,0.5698,0.5159412955465587,0.35217794253938833,0.4010514457378896,0.35275080906148865,0.7614128623792069,0.38055555555555554,0.8428912783751493,0.4321748878923767,0.9244467056728568,0.4462809917355372,0.7420118343195267,0.8105849582172702,0.8104312938816449,0.603030303030303,0.4072531242342563,0.8299881936245572,0.5882800608828006,0.7749055478226288,0.6506024096385542,0.7496073592102311,0.5159412955465587,0.35217794253938833,0.4010514457378896,0.35275080906148865,0.7614128623792069,0.38055555555555554,0.8428912783751493,0.4321748878923767,0.9244467056728568,0.4462809917355372,0.7420118343195267,0.8105849582172702,0.8104312938816449,0.603030303030303,0.4072531242342563,0.8299881936245572,0.5882800608828006,0.7749055478226288,0.6506024096385542,0.7496073592102311
185,0.5867,0.5121457489878543,0.3571207908557306,0.3920390536988359,0.36245954692556637,0.7410863045651449,0.38333333333333336,0.8336320191158901,0.44114349775784756,0.9239379292800814,0.4380165289256198,0.7349112426035503,0.8050139275766016,0.8094282848545636,0.6,0.39892183288409705,0.8913813459268005,0.6681887366818874,0.7838536488367469,0.7469879518072289,0.7359210231097151,0.5121457489878543,0.3571207908557306,0.3920390536988359,0.36245954692556637,0.7410863045651449,0.38333333333333336,0.8336320191158901,0.44114349775784756,0.9239379292800814,0.4380165289256198,0.7349112426035503,0.8050139275766016,0.8094282848545636,0.6,0.39892183288409705,0.8913813459268005,0.6681887366818874,0.7838536488367469,0.7469879518072289,0.7359210231097151
186,0.5705,0.5141700404858299,0.3450725980846463,0.3942921517085993,0.40129449838187703,0.7537487504165278,0.3611111111111111,0.8348267622461171,0.44114349775784756,0.9252098702620198,0.4214876033057851,0.744378698224852,0.807799442896936,0.7913741223671013,0.5969696969696969,0.4202401372212693,0.8451889020070839,0.6118721461187214,0.8027440843109962,0.6867469879518072,0.7473636975544088,0.5141700404858299,0.3450725980846463,0.3942921517085993,0.40129449838187703,0.7537487504165278,0.3611111111111111,0.8348267622461171,0.44114349775784756,0.9252098702620198,0.4214876033057851,0.744378698224852,0.807799442896936,0.7913741223671013,0.5969696969696969,0.4202401372212693,0.8451889020070839,0.6118721461187214,0.8027440843109962,0.6867469879518072,0.7473636975544088
187,0.5787,0.5177125506072875,0.35156008649984555,0.4021779947427713,0.39158576051779936,0.7687437520826391,0.36944444444444446,0.8437873357228196,0.4310538116591928,0.9282625286186721,0.4132231404958678,0.7526627218934911,0.807799442896936,0.7973921765295887,0.6151515151515151,0.42979661847586376,0.8553719008264463,0.6141552511415526,0.7856432690395705,0.6867469879518072,0.7419789095804352,0.5177125506072875,0.35156008649984555,0.4021779947427713,0.39158576051779936,0.7687437520826391,0.36944444444444446,0.8437873357228196,0.4310538116591928,0.9282625286186721,0.4132231404958678,0.7526627218934911,0.807799442896936,0.7973921765295887,0.6151515151515151,0.42979661847586376,0.8553719008264463,0.6141552511415526,0.7856432690395705,0.6867469879518072,0.7419789095804352
188,0.5702,0.5032894736842105,0.34198331788693237,0.44949305294780323,0.3656957928802589,0.7567477507497501,0.375,0.8413978494623656,0.4304932735426009,0.9247010938692445,0.4214876033057851,0.7408284023668639,0.807799442896936,0.7993981945837513,0.593939393939394,0.3901004655721637,0.8276269185360094,0.571537290715373,0.8093060250546829,0.6626506024096386,0.7401839802557775,0.5032894736842105,0.34198331788693237,0.44949305294780323,0.3656957928802589,0.7567477507497501,0.375,0.8413978494623656,0.4304932735426009,0.9247010938692445,0.4214876033057851,0.7408284023668639,0.807799442896936,0.7993981945837513,0.593939393939394,0.3901004655721637,0.8276269185360094,0.571537290715373,0.8093060250546829,0.6626506024096386,0.7401839802557775
189,0.5914,0.5379554655870445,0.3796725362990423,0.3758918512955314,0.3948220064724919,0.7637454181939354,0.36944444444444446,0.8357228195937874,0.4327354260089686,0.9221572119053676,0.4214876033057851,0.7514792899408284,0.7994428969359332,0.79839518555667,0.5969696969696969,0.42710120068610635,0.8758854781582054,0.6506849315068494,0.7462716245774508,0.6867469879518072,0.7482611622167377,0.5379554655870445,0.3796725362990423,0.3758918512955314,0.3948220064724919,0.7637454181939354,0.36944444444444446,0.8357228195937874,0.4327354260089686,0.9221572119053676,0.4214876033057851,0.7514792899408284,0.7994428969359332,0.79839518555667,0.5969696969696969,0.42710120068610635,0.8758854781582054,0.6506849315068494,0.7462716245774508,0.6867469879518072,0.7482611622167377
190,0.5651,0.5058198380566802,0.3438368860055607,0.41306796845662785,0.3818770226537217,0.7584138620459847,0.36666666666666664,0.8458781362007168,0.4400224215246637,0.9272449758331214,0.4132231404958678,0.736094674556213,0.8050139275766016,0.8054162487462387,0.603030303030303,0.38985542759127667,0.8255608028335301,0.589041095890411,0.8156691191091668,0.6385542168674698,0.7413058110836885,0.5058198380566802,0.3438368860055607,0.41306796845662785,0.3818770226537217,0.7584138620459847,0.36666666666666664,0.8458781362007168,0.4400224215246637,0.9272449758331214,0.4132231404958678,0.736094674556213,0.8050139275766016,0.8054162487462387,0.603030303030303,0.38985542759127667,0.8255608028335301,0.589041095890411,0.8156691191091668,0.6385542168674698,0.7413058110836885
191,0.5917,0.5101214574898786,0.35959221501390176,0.4333458505444987,0.39805825242718446,0.7350883038987004,0.3861111111111111,0.8306451612903226,0.4232062780269058,0.9254642584584075,0.4132231404958678,0.7242603550295857,0.8022284122562674,0.8004012036108324,0.5878787878787879,0.41019358000490075,0.8850354191263282,0.65220700152207,0.7621793597136608,0.6746987951807228,0.7381646847655373,0.5101214574898786,0.35959221501390176,0.4333458505444987,0.39805825242718446,0.7350883038987004,0.3861111111111111,0.8306451612903226,0.4232062780269058,0.9254642584584075,0.4132231404958678,0.7242603550295857,0.8022284122562674,0.8004012036108324,0.5878787878787879,0.41019358000490075,0.8850354191263282,0.65220700152207,0.7621793597136608,0.6746987951807228,0.7381646847655373
192,0.5725,0.4891194331983806,0.31819586036453507,0.41550882463387157,0.40129449838187703,0.7624125291569477,0.3819444444444444,0.8452807646356033,0.43946188340807174,0.9247010938692445,0.4214876033057851,0.7502958579881657,0.8022284122562674,0.802407221664995,0.6060606060606061,0.4126439598137711,0.8389905548996458,0.5981735159817352,0.8186518194472062,0.6506024096385542,0.759255104330267,0.4891194331983806,0.31819586036453507,0.41550882463387157,0.40129449838187703,0.7624125291569477,0.3819444444444444,0.8452807646356033,0.43946188340807174,0.9247010938692445,0.4214876033057851,0.7502958579881657,0.8022284122562674,0.802407221664995,0.6060606060606061,0.4126439598137711,0.8389905548996458,0.5981735159817352,0.8186518194472062,0.6506024096385542,0.759255104330267
193,0.5844,0.5088562753036437,0.3497065183812172,0.4100638377769433,0.39158576051779936,0.7457514161946018,0.3861111111111111,0.8300477897252091,0.44562780269058294,0.9269905876367337,0.4297520661157025,0.7289940828402367,0.8050139275766016,0.8054162487462387,0.593939393939394,0.4163195295270767,0.869391971664699,0.6400304414003044,0.7719228474845894,0.6867469879518072,0.7439982050706754,0.5088562753036437,0.3497065183812172,0.4100638377769433,0.39158576051779936,0.7457514161946018,0.3861111111111111,0.8300477897252091,0.44562780269058294,0.9269905876367337,0.4297520661157025,0.7289940828402367,0.8050139275766016,0.8054162487462387,0.593939393939394,0.4163195295270767,0.869391971664699,0.6400304414003044,0.7719228474845894,0.6867469879518072,0.7439982050706754
194,0.5757,0.5151821862348178,0.36515291936978683,0.38847164851671045,0.39805825242718446,0.7474175274908363,0.3861111111111111,0.8354241338112306,0.437780269058296,0.9292800814042228,0.4214876033057851,0.7313609467455622,0.8050139275766016,0.802407221664995,0.5818181818181818,0.4067630482724822,0.8726387249114522,0.6491628614916286,0.7884271226884072,0.6867469879518072,0.74848552838232,0.5151821862348178,0.36515291936978683,0.38847164851671045,0.39805825242718446,0.7474175274908363,0.3861111111111111,0.8354241338112306,0.437780269058296,0.9292800814042228,0.4214876033057851,0.7313609467455622,0.8050139275766016,0.802407221664995,0.5818181818181818,0.4067630482724822,0.8726387249114522,0.6491628614916286,0.7884271226884072,0.6867469879518072,0.74848552838232
195,0.5674,0.49898785425101216,0.3376583256101328,0.4526849417949681,0.3818770226537217,0.7560813062312562,0.3763888888888889,0.8422939068100358,0.4428251121076233,0.930806410582549,0.4380165289256198,0.7289940828402367,0.8133704735376045,0.7923771313941825,0.5909090909090909,0.3981867189414359,0.8053423848878394,0.5646879756468798,0.823026446609664,0.6144578313253012,0.7570114426744446,0.49898785425101216,0.3376583256101328,0.4526849417949681,0.3818770226537217,0.7560813062312562,0.3763888888888889,0.8422939068100358,0.4428251121076233,0.930806410582549,0.4380165289256198,0.7289940828402367,0.8133704735376045,0.7923771313941825,0.5909090909090909,0.3981867189414359,0.8053423848878394,0.5646879756468798,0.823026446609664,0.6144578313253012,0.7570114426744446
196,0.5772,0.4868421052631579,0.32746370095767685,0.39110026286143446,0.39805825242718446,0.7470843052315894,0.37916666666666665,0.8390083632019116,0.42937219730941706,0.923429152887306,0.4462809917355372,0.727810650887574,0.8161559888579387,0.8184553660982948,0.5909090909090909,0.4126439598137711,0.8732290436835891,0.6514459665144596,0.8095048717438854,0.7108433734939759,0.7695759479470495,0.4868421052631579,0.32746370095767685,0.39110026286143446,0.39805825242718446,0.7470843052315894,0.37916666666666665,0.8390083632019116,0.42937219730941706,0.923429152887306,0.4462809917355372,0.727810650887574,0.8161559888579387,0.8184553660982948,0.5909090909090909,0.4126439598137711,0.8732290436835891,0.6514459665144596,0.8095048717438854,0.7108433734939759,0.7695759479470495
197,0.5803,0.5293522267206477,0.3821439604572135,0.40405557641757417,0.40129449838187703,0.7507497500833056,0.38333333333333336,0.8252688172043011,0.43329596412556054,0.930806410582549,0.4380165289256198,0.7396449704142012,0.8050139275766016,0.8004012036108324,0.5878787878787879,0.42710120068610635,0.8379574970484062,0.601978691019787,0.7683436070789421,0.6626506024096386,0.765088624635405,0.5293522267206477,0.3821439604572135,0.40405557641757417,0.40129449838187703,0.7507497500833056,0.38333333333333336,0.8252688172043011,0.43329596412556054,0.930806410582549,0.4380165289256198,0.7396449704142012,0.8050139275766016,0.8004012036108324,0.5878787878787879,0.42710120068610635,0.8379574970484062,0.601978691019787,0.7683436070789421,0.6626506024096386,0.765088624635405
198,0.5873,0.5,0.33951189372876117,0.42452121667292525,0.34951456310679613,0.7470843052315894,0.37777777777777777,0.8351254480286738,0.4316143497757848,0.9262274230475706,0.4132231404958678,0.7195266272189349,0.8105849582172702,0.8164493480441324,0.603030303030303,0.3844645920117618,0.8897579693034239,0.6560121765601218,0.7846490355935574,0.7108433734939759,0.7410814449181063,0.5,0.33951189372876117,0.42452121667292525,0.34951456310679613,0.7470843052315894,0.37777777777777777,0.8351254480286738,0.4316143497757848,0.9262274230475706,0.4132231404958678,0.7195266272189349,0.8105849582172702,0.8164493480441324,0.603030303030303,0.3844645920117618,0.8897579693034239,0.6560121765601218,0.7846490355935574,0.7108433734939759,0.7410814449181063
199,0.5736,0.5301113360323887,0.3713314797652147,0.3978595568907247,0.3883495145631068,0.7617460846384538,0.38333333333333336,0.8315412186379928,0.4445067264573991,0.9305520223861613,0.4214876033057851,0.7313609467455622,0.7883008356545961,0.7973921765295887,0.6,0.42538593481989706,0.7938311688311688,0.5616438356164384,0.7639689799164844,0.6506024096385542,0.7404083464213597,0.5301113360323887,0.3713314797652147,0.3978595568907247,0.3883495145631068,0.7617460846384538,0.38333333333333336,0.8315412186379928,0.4445067264573991,0.9305520223861613,0.4214876033057851,0.7313609467455622,0.7883008356545961,0.7973921765295887,0.6,0.42538593481989706,0.7938311688311688,0.5616438356164384,0.7639689799164844,0.6506024096385542,0.7404083464213597
