round,global_acc,local_c00,local_c01,local_c02,local_c03,local_c04,local_c05,local_c06,local_c07,local_c08,local_c09,local_c10,local_c11,local_c12,local_c13,local_c14,local_c15,local_c16,local_c17,local_c18,local_c19,hybrid_c00,hybrid_c01,hybrid_c02,hybrid_c03,hybrid_c04,hybrid_c05,hybrid_c06,hybrid_c07,hybrid_c08,hybrid_c09,hybrid_c10,hybrid_c11,hybrid_c12,hybrid_c13,hybrid_c14,hybrid_c15,hybrid_c16,hybrid_c17,hybrid_c18,hybrid_c19
0,0.2147,0.3983635898747124,0.19068188830607838,0.002629107981220657,0.03559870550161812,0.011320754716981131,0.0344311377245509,0.5822695035460993,0.2769895126465145,0.5016658733936221,0.05803571428571429,0.09861278648974668,0.5865921787709497,0.27600202942668695,0.08661417322834646,0.033629794330183434,0.2006610927474237,0.007407407407407408,0.6692743985918248,0.049723756906077346,0.08205320344698389,0.3983635898747124,0.19068188830607838,0.002629107981220657,0.03559870550161812,0.011320754716981131,0.0344311377245509,0.5822695035460993,0.2769895126465145,0.5016658733936221,0.05803571428571429,0.09861278648974668,0.5865921787709497,0.27600202942668695,0.08661417322834646,0.033629794330183434,0.2006610927474237,0.007407407407407408,0.6692743985918248,0.049723756906077346,0.08205320344698389
1,0.2317,0.4548708770135515,0.2489972230792965,0.05276995305164319,0.038834951456310676,0.025157232704402517,0.04940119760479042,0.5134751773049645,0.28562615669339914,0.49500237981913375,0.07589285714285714,0.11670687575392039,0.5363128491620112,0.22425164890918314,0.09448818897637795,0.03446359088382435,0.16138440598872253,0.021773288439955105,0.759241150009779,0.06077348066298342,0.10509554140127389,0.4548708770135515,0.2489972230792965,0.05276995305164319,0.038834951456310676,0.025157232704402517,0.04940119760479042,0.5134751773049645,0.28562615669339914,0.49500237981913375,0.07589285714285714,0.11670687575392039,0.5363128491620112,0.22425164890918314,0.09448818897637795,0.03446359088382435,0.16138440598872253,0.021773288439955105,0.759241150009779,0.06077348066298342,0.10509554140127389
2,0.3157,0.475070314497571,0.3002159827213823,0.2516431924882629,0.05501618122977346,0.11383647798742139,0.13922155688622753,0.5425531914893617,0.2621838371375694,0.4969062351261304,0.13392857142857142,0.20476477683956573,0.5083798882681564,0.3257229832572298,0.15748031496062992,0.032795997776542525,0.27260353879058913,0.19775533108866442,0.7572853510659104,0.23204419889502761,0.2197452229299363,0.475070314497571,0.3002159827213823,0.2516431924882629,0.05501618122977346,0.11383647798742139,0.13922155688622753,0.5425531914893617,0.2621838371375694,0.4969062351261304,0.13392857142857142,0.20476477683956573,0.5083798882681564,0.3257229832572298,0.15748031496062992,0.032795997776542525,0.27260353879058913,0.19775533108866442,0.7572853510659104,0.23204419889502761,0.2197452229299363
3,0.3498,0.4822296087957044,0.29836470225239126,0.2364319248826291,0.0744336569579288,0.21949685534591196,0.1781437125748503,0.6184397163120567,0.27884022208513265,0.5768681580199905,0.20089285714285715,0.3100120627261761,0.6256983240223464,0.4241501775748351,0.2047244094488189,0.0358532518065592,0.27435349018082833,0.2612794612794613,0.7635439076862899,0.27624309392265195,0.28381416260771825,0.4822296087957044,0.29836470225239126,0.2364319248826291,0.0744336569579288,0.21949685534591196,0.1781437125748503,0.6184397163120567,0.27884022208513265,0.5768681580199905,0.20089285714285715,0.3100120627261761,0.6256983240223464,0.4241501775748351,0.2047244094488189,0.0358532518065592,0.27435349018082833,0.2612794612794613,0.7635439076862899,0.27624309392265195,0.28381416260771825
4,0.4116,0.5067757606750192,0.35729713051527306,0.40469483568075115,0.07766990291262135,0.2679245283018868,0.26047904191616766,0.6921985815602837,0.2794571252313387,0.581151832460733,0.27232142857142855,0.33323281061519905,0.664804469273743,0.48148148148148145,0.28346456692913385,0.03529738743746526,0.47034804588761425,0.3292929292929293,0.7445726579307648,0.3425414364640884,0.30517047583364554,0.5067757606750192,0.35729713051527306,0.40469483568075115,0.07766990291262135,0.2679245283018868,0.26047904191616766,0.6921985815602837,0.2794571252313387,0.581151832460733,0.27232142857142855,0.33323281061519905,0.664804469273743,0.48148148148148145,0.28346456692913385,0.03529738743746526,0.47034804588761425,0.3292929292929293,0.7445726579307648,0.3425414364640884,0.30517047583364554
5,0.441,0.5476860138072104,0.4119099043505091,0.4236619718309859,0.16181229773462782,0.3433962264150943,0.3338323353293413,0.6439716312056738,0.30721776681061075,0.6049500237981913,0.3169642857142857,0.42279855247285886,0.6508379888268156,0.5190258751902588,0.3228346456692913,0.07615341856586992,0.36515652342990473,0.4069584736251403,0.7637394875806767,0.4419889502762431,0.39190708130385915,0.5476860138072104,0.4119099043505091,0.4236619718309859,0.16181229773462782,0.3433962264150943,0.3338323353293413,0.6439716312056738,0.30721776681061075,0.6049500237981913,0.3169642857142857,0.42279855247285886,0.6508379888268156,0.5190258751902588,0.3228346456692913,0.07615341856586992,0.36515652342990473,0.4069584736251403,0.7637394875806767,0.4419889502762431,0.39190708130385915
6,0.4732,0.5850166197903349,0.45294662141314407,0.5156807511737089,0.19093851132686085,0.37484276729559746,0.35179640718562877,0.6702127659574468,0.36397285626156695,0.5906711089957163,0.3705357142857143,0.43033775633293125,0.6871508379888268,0.5220700152207002,0.3700787401574803,0.14869371873262924,0.443709896947307,0.4264870931537598,0.7776256600821435,0.43646408839779005,0.35425252903709253,0.5850166197903349,0.45294662141314407,0.5156807511737089,0.19093851132686085,0.37484276729559746,0.35179640718562877,0.6702127659574468,0.36397285626156695,0.5906711089957163,0.3705357142857143,0.43033775633293125,0.6871508379888268,0.5220700152207002,0.3700787401574803,0.14869371873262924,0.443709896947307,0.4264870931537598,0.7776256600821435,0.43646408839779005,0.35425252903709253
7,0.5,0.5839938634620302,0.46004319654427644,0.5474178403755868,0.2297734627831715,0.40943396226415096,0.38622754491017963,0.7127659574468085,0.38988278840222085,0.6211327939076631,0.4330357142857143,0.4574788902291918,0.723463687150838,0.5596144089294774,0.3858267716535433,0.1867704280155642,0.4860976083997667,0.43793490460157125,0.7768433405045961,0.4585635359116022,0.35687523417010114,0.5839938634620302,0.46004319654427644,0.5474178403755868,0.2297734627831715,0.40943396226415096,0.38622754491017963,0.7127659574468085,0.38988278840222085,0.6211327939076631,0.4330357142857143,0.4574788902291918,0.723463687150838,0.5596144089294774,0.3858267716535433,0.1867704280155642,0.4860976083997667,0.43793490460157125,0.7768433405045961,0.4585635359116022,0.35687523417010114
8,0.5185,0.6174891332140118,0.5115705029311941,0.5491079812206573,0.2912621359223301,0.43144654088050316,0.4251497005988024,0.6879432624113475,0.42381246144355333,0.6149452641599239,0.47767857142857145,0.49487334137515077,0.664804469273743,0.573820395738204,0.3858267716535433,0.22846025569760978,0.4660703869336963,0.5081930415263749,0.782515157441815,0.5193370165745856,0.39509179467965533,0.6174891332140118,0.5115705029311941,0.5491079812206573,0.2912621359223301,0.43144654088050316,0.4251497005988024,0.6879432624113475,0.42381246144355333,0.6149452641599239,0.47767857142857145,0.49487334137515077,0.664804469273743,0.573820395738204,0.3858267716535433,0.22846025569760978,0.4660703869336963,0.5081930415263749,0.782515157441815,0.5193370165745856,0.39509179467965533
9,0.5398,0.6062388136026592,0.4942918852206109,0.6063849765258216,0.3948220064724919,0.5,0.4251497005988024,0.6737588652482269,0.4892041949413942,0.6201808662541647,0.5223214285714286,0.5530759951749096,0.6759776536312849,0.5794013191273465,0.3543307086614173,0.31350750416898276,0.4267937001749951,0.5176206509539842,0.7834930569137493,0.5248618784530387,0.44492319220681903,0.6062388136026592,0.4942918852206109,0.6063849765258216,0.3948220064724919,0.5,0.4251497005988024,0.6737588652482269,0.4892041949413942,0.6201808662541647,0.5223214285714286,0.5530759951749096,0.6759776536312849,0.5794013191273465,0.3543307086614173,0.31350750416898276,0.4267937001749951,0.5176206509539842,0.7834930569137493,0.5248618784530387,0.44492319220681903
10,0.5514,0.6341089235489644,0.5279234804072817,0.607887323943662,0.3365695792880259,0.5094339622641509,0.47005988023952094,0.6829787234042554,0.4552745219000617,0.6287482151356497,0.5357142857142857,0.5705669481302774,0.6843575418994413,0.6159309994926433,0.3937007874015748,0.2726514730405781,0.45751506902586037,0.5696969696969697,0.7960101701545081,0.5524861878453039,0.4531659797677033,0.6341089235489644,0.5279234804072817,0.607887323943662,0.3365695792880259,0.5094339622641509,0.47005988023952094,0.6829787234042554,0.4552745219000617,0.6287482151356497,0.5357142857142857,0.5705669481302774,0.6843575418994413,0.6159309994926433,0.3937007874015748,0.2726514730405781,0.45751506902586037,0.5696969696969697,0.7960101701545081,0.5524861878453039,0.4531659797677033
11,0.5616,0.6302735873178216,0.519592718296822,0.6009389671361502,0.3818770226537217,0.5106918238993711,0.45808383233532934,0.7418439716312056,0.49660703269586676,0.6630176106615897,0.5535714285714286,0.5759951749095296,0.7402234636871509,0.6352105530187722,0.3858267716535433,0.32879377431906615,0.47112580206105387,0.549270482603816,0.811265401916683,0.5359116022099447,0.46309479205695014,0.6302735873178216,0.519592718296822,0.6009389671361502,0.3818770226537217,0.5106918238993711,0.45808383233532934,0.7418439716312056,0.49660703269586676,0.6630176106615897,0.5535714285714286,0.5759951749095296,0.7402234636871509,0.6352105530187722,0.3858267716535433,0.32879377431906615,0.47112580206105387,0.549270482603816,0.811265401916683,0.5359116022099447,0.46309479205695014
12,0.5789,0.6474047558169266,0.5535328602283246,0.6375586854460094,0.4336569579288026,0.5345911949685535,0.49850299401197606,0.7170212765957447,0.5052436767427514,0.6449309852451214,0.5848214285714286,0.6040410132689988,0.7067039106145251,0.6484018264840182,0.4881889763779528,0.3640911617565314,0.47987555901224965,0.5791245791245792,0.798943868570311,0.5911602209944752,0.48576245784938177,0.6474047558169266,0.5535328602283246,0.6375586854460094,0.4336569579288026,0.5345911949685535,0.49850299401197606,0.7170212765957447,0.5052436767427514,0.6449309852451214,0.5848214285714286,0.6040410132689988,0.7067039106145251,0.6484018264840182,0.4881889763779528,0.3640911617565314,0.47987555901224965,0.5791245791245792,0.798943868570311,0.5911602209944752,0.48576245784938177
13,0.5669,0.6348759907951931,0.5091021289725394,0.6007511737089202,0.3786407766990291,0.5427672955974843,0.47155688622754494,0.7184397163120567,0.4910549043800123,0.6820561637315564,0.59375,0.6127864897466827,0.7178770949720671,0.6590563165905632,0.41732283464566927,0.3007226236798221,0.45090414155162356,0.6042648709315376,0.8265206336788579,0.5359116022099447,0.5222929936305732,0.6348759907951931,0.5091021289725394,0.6007511737089202,0.3786407766990291,0.5427672955974843,0.47155688622754494,0.7184397163120567,0.4910549043800123,0.6820561637315564,0.59375,0.6127864897466827,0.7178770949720671,0.6590563165905632,0.41732283464566927,0.3007226236798221,0.45090414155162356,0.6042648709315376,0.8265206336788579,0.5359116022099447,0.5222929936305732
14,0.5961,0.6658143697264127,0.5708114779389077,0.6572769953051644,0.4563106796116505,0.5836477987421383,0.5194610778443114,0.7631205673758865,0.5169648365206663,0.6663493574488338,0.625,0.629372738238842,0.7541899441340782,0.6615930999492643,0.4881889763779528,0.37131739855475265,0.4839587789228077,0.571043771043771,0.8202620770584784,0.574585635359116,0.511989509179468,0.6658143697264127,0.5708114779389077,0.6572769953051644,0.4563106796116505,0.5836477987421383,0.5194610778443114,0.7631205673758865,0.5169648365206663,0.6663493574488338,0.625,0.629372738238842,0.7541899441340782,0.6615930999492643,0.4881889763779528,0.37131739855475265,0.4839587789228077,0.571043771043771,0.8202620770584784,0.574585635359116,0.511989509179468
15,0.588,0.6402454615187931,0.527306386917618,0.604131455399061,0.49514563106796117,0.590566037735849,0.49101796407185627,0.7382978723404255,0.5515114127082048,0.6963350785340314,0.625,0.6396260554885405,0.729050279329609,0.6656519533231862,0.44881889763779526,0.39966648137854366,0.441571067470348,0.6004489337822672,0.8302366516722081,0.5414364640883977,0.5483327088797303,0.6402454615187931,0.527306386917618,0.604131455399061,0.49514563106796117,0.590566037735849,0.49101796407185627,0.7382978723404255,0.5515114127082048,0.6963350785340314,0.625,0.6396260554885405,0.729050279329609,0.6656519533231862,0.44881889763779526,0.39966648137854366,0.441571067470348,0.6004489337822672,0.8302366516722081,0.5414364640883977,0.5483327088797303
16,0.6088,0.6732293531066224,0.5813020672631903,0.6553990610328638,0.46601941747572817,0.6031446540880503,0.5284431137724551,0.7581560283687944,0.526835286859963,0.6987148976677773,0.6517857142857143,0.6516887816646562,0.7486033519553073,0.6707255200405885,0.5039370078740157,0.3885491939966648,0.48220882753256855,0.6053872053872054,0.826325053784471,0.585635359116022,0.561071562382915,0.6732293531066224,0.5813020672631903,0.6553990610328638,0.46601941747572817,0.6031446540880503,0.5284431137724551,0.7581560283687944,0.526835286859963,0.6987148976677773,0.6517857142857143,0.6516887816646562,0.7486033519553073,0.6707255200405885,0.5039370078740157,0.3885491939966648,0.48220882753256855,0.6053872053872054,0.826325053784471,0.585635359116022,0.561071562382915
17,0.6174,0.6801329583226796,0.5806849737735267,0.6574647887323943,0.4886731391585761,0.6150943396226415,0.5389221556886228,0.7368794326241135,0.5527452190006169,0.6882436934792956,0.6383928571428571,0.6646562123039808,0.7374301675977654,0.6920345002536783,0.5354330708661418,0.4188438021122846,0.47987555901224965,0.6451178451178451,0.8216311363191864,0.6132596685082873,0.5678156612963656,0.6801329583226796,0.5806849737735267,0.6574647887323943,0.4886731391585761,0.6150943396226415,0.5389221556886228,0.7368794326241135,0.5527452190006169,0.6882436934792956,0.6383928571428571,0.6646562123039808,0.7374301675977654,0.6920345002536783,0.5354330708661418,0.4188438021122846,0.47987555901224965,0.6451178451178451,0.8216311363191864,0.6132596685082873,0.5678156612963656
18,0.6225,0.6982868831500895,0.6155507559395248,0.6698591549295775,0.5016181229773463,0.5930817610062893,0.5568862275449101,0.7645390070921986,0.5508945095619988,0.694907187053784,0.6205357142857143,0.6474668275030157,0.7513966480446927,0.702181633688483,0.5669291338582677,0.4252362423568649,0.49193077970056387,0.6419753086419753,0.830432231566595,0.6408839779005525,0.5513300861745972,0.6982868831500895,0.6155507559395248,0.6698591549295775,0.5016181229773463,0.5930817610062893,0.5568862275449101,0.7645390070921986,0.5508945095619988,0.694907187053784,0.6205357142857143,0.6474668275030157,0.7513966480446927,0.702181633688483,0.5669291338582677,0.4252362423568649,0.49193077970056387,0.6419753086419753,0.830432231566595,0.6408839779005525,0.5513300861745972
19,0.6249,0.6732293531066224,0.5794507867941994,0.6634741784037559,0.5210355987055016,0.580503144654088,0.5239520958083832,0.7723404255319148,0.5743368291178285,0.7029985721085198,0.6383928571428571,0.6453558504221955,0.7597765363128491,0.7158802638254693,0.49606299212598426,0.4608115619788771,0.49776395100136106,0.6668911335578003,0.8347349892431059,0.6850828729281768,0.5723117272386662,0.6732293531066224,0.5794507867941994,0.6634741784037559,0.5210355987055016,0.580503144654088,0.5239520958083832,0.7723404255319148,0.5743368291178285,0.7029985721085198,0.6383928571428571,0.6453558504221955,0.7597765363128491,0.7158802638254693,0.49606299212598426,0.4608115619788771,0.49776395100136106,0.6668911335578003,0.8347349892431059,0.6850828729281768,0.5723117272386662
20,0.6358,0.7128611608284326,0.6315951866707806,0.6544600938967137,0.517799352750809,0.650314465408805,0.5988023952095808,0.7652482269503547,0.5743368291178285,0.695383150880533,0.6785714285714286,0.7017490952955368,0.7458100558659218,0.7052257737189244,0.5669291338582677,0.4555308504724847,0.5016527318685592,0.6641975308641975,0.829063172305887,0.6795580110497238,0.5794304983139753,0.7128611608284326,0.6315951866707806,0.6544600938967137,0.517799352750809,0.650314465408805,0.5988023952095808,0.7652482269503547,0.5743368291178285,0.695383150880533,0.6785714285714286,0.7017490952955368,0.7458100558659218,0.7052257737189244,0.5669291338582677,0.4555308504724847,0.5016527318685592,0.6641975308641975,0.829063172305887,0.6795580110497238,0.5794304983139753
21,0.638,0.7069803119406801,0.6223387843258253,0.6794366197183098,0.5242718446601942,0.6213836477987421,0.5568862275449101,0.750354609929078,0.5854410857495373,0.6925273679200381,0.6696428571428571,0.6842581423401689,0.7430167597765364,0.7102993404363267,0.5275590551181102,0.4635908838243469,0.4954306824810422,0.6794612794612794,0.8347349892431059,0.6906077348066298,0.5612588984638441,0.7069803119406801,0.6223387843258253,0.6794366197183098,0.5242718446601942,0.6213836477987421,0.5568862275449101,0.750354609929078,0.5854410857495373,0.6925273679200381,0.6696428571428571,0.6842581423401689,0.7430167597765364,0.7102993404363267,0.5275590551181102,0.4635908838243469,0.4954306824810422,0.6794612794612794,0.8347349892431059,0.6906077348066298,0.5612588984638441
22,0.642,0.6847353618000511,0.5945695772909596,0.6685446009389672,0.5339805825242718,0.6194968553459119,0.5523952095808383,0.7943262411347518,0.5996298581122764,0.729176582579724,0.65625,0.6839565741857659,0.7681564245810056,0.7331303906646373,0.5590551181102362,0.4733185102834908,0.5249854170717481,0.6754208754208754,0.8427537649129669,0.7071823204419889,0.5979767703259647,0.6847353618000511,0.5945695772909596,0.6685446009389672,0.5339805825242718,0.6194968553459119,0.5523952095808383,0.7943262411347518,0.5996298581122764,0.729176582579724,0.65625,0.6839565741857659,0.7681564245810056,0.7331303906646373,0.5590551181102362,0.4733185102834908,0.5249854170717481,0.6754208754208754,0.8427537649129669,0.7071823204419889,0.5979767703259647
23,0.645,0.7090258245972897,0.6204875038568343,0.675680751173709,0.5372168284789643,0.6358490566037736,0.5853293413173652,0.7638297872340426,0.5983960518198643,0.7163255592574964,0.6830357142857143,0.6951145958986731,0.7569832402234636,0.7255200405885337,0.5826771653543307,0.4805447470817121,0.5035971223021583,0.6931537598204265,0.8451007236456093,0.7071823204419889,0.5799925065567628,0.7090258245972897,0.6204875038568343,0.675680751173709,0.5372168284789643,0.6358490566037736,0.5853293413173652,0.7638297872340426,0.5983960518198643,0.7163255592574964,0.6830357142857143,0.6951145958986731,0.7569832402234636,0.7255200405885337,0.5826771653543307,0.4805447470817121,0.5035971223021583,0.6931537598204265,0.8451007236456093,0.7071823204419889,0.5799925065567628
24,0.6512,0.7182306315520327,0.6377661215674174,0.6738028169014084,0.5436893203883495,0.6528301886792452,0.5883233532934131,0.7843971631205674,0.608266502159161,0.7182294145644931,0.6696428571428571,0.7074788902291917,0.7653631284916201,0.7371892440385591,0.5669291338582677,0.4886047804335742,0.5261520513319075,0.7005611672278339,0.8417758654410327,0.7016574585635359,0.5953540651929562,0.7182306315520327,0.6377661215674174,0.6738028169014084,0.5436893203883495,0.6528301886792452,0.5883233532934131,0.7843971631205674,0.608266502159161,0.7182294145644931,0.6696428571428571,0.7074788902291917,0.7653631284916201,0.7371892440385591,0.5669291338582677,0.4886047804335742,0.5261520513319075,0.7005611672278339,0.8417758654410327,0.7016574585635359,0.5953540651929562
25,0.6514,0.7154180516491946,0.6297439062017895,0.6572769953051644,0.5210355987055016,0.6622641509433962,0.5898203592814372,0.8028368794326242,0.6014805675508945,0.7472632079961923,0.6875,0.7059710494571774,0.7625698324022346,0.7265347539320142,0.5748031496062992,0.46220122290161203,0.5214855142912697,0.6765432098765433,0.8507725405828281,0.6574585635359116,0.6144623454477333,0.7154180516491946,0.6297439062017895,0.6572769953051644,0.5210355987055016,0.6622641509433962,0.5898203592814372,0.8028368794326242,0.6014805675508945,0.7472632079961923,0.6875,0.7059710494571774,0.7625698324022346,0.7265347539320142,0.5748031496062992,0.46220122290161203,0.5214855142912697,0.6765432098765433,0.8507725405828281,0.6574585635359116,0.6144623454477333
26,0.6597,0.734339043722833,0.6510336315951867,0.7017840375586855,0.517799352750809,0.6421383647798742,0.6032934131736527,0.798581560283688,0.5916101172115977,0.7225130890052356,0.6696428571428571,0.7008443908323281,0.7681564245810056,0.7371892440385591,0.5905511811023622,0.4680377987770984,0.5510402488819754,0.7061728395061728,0.8449051437512224,0.7182320441988951,0.5904833270887972,0.734339043722833,0.6510336315951867,0.7017840375586855,0.517799352750809,0.6421383647798742,0.6032934131736527,0.798581560283688,0.5916101172115977,0.7225130890052356,0.6696428571428571,0.7008443908323281,0.7681564245810056,0.7371892440385591,0.5905511811023622,0.4680377987770984,0.5510402488819754,0.7061728395061728,0.8449051437512224,0.7182320441988951,0.5904833270887972
27,0.6626,0.7351061109690616,0.6630669546436285,0.6783098591549296,0.5469255663430421,0.6389937106918239,0.6047904191616766,0.8148936170212766,0.6175200493522517,0.7287006187529748,0.6785714285714286,0.6933051869722557,0.7597765363128491,0.7524099441907661,0.5905511811023622,0.4944413563090606,0.531207466459265,0.6962962962962963,0.8570310972032075,0.7071823204419889,0.6060322218059199,0.7351061109690616,0.6630669546436285,0.6783098591549296,0.5469255663430421,0.6389937106918239,0.6047904191616766,0.8148936170212766,0.6175200493522517,0.7287006187529748,0.6785714285714286,0.6933051869722557,0.7597765363128491,0.7524099441907661,0.5905511811023622,0.4944413563090606,0.531207466459265,0.6962962962962963,0.8570310972032075,0.7071823204419889,0.6060322218059199
28,0.664,0.7248785476860138,0.6383832150570812,0.6709859154929577,0.5210355987055016,0.6572327044025157,0.592814371257485,0.8106382978723404,0.6002467612584824,0.7248929081389814,0.65625,0.7132086851628469,0.7653631284916201,0.7600202942668696,0.6062992125984252,0.4602556976097832,0.564650981917169,0.722334455667789,0.8568355173088207,0.712707182320442,0.5946047208692394,0.7248785476860138,0.6383832150570812,0.6709859154929577,0.5210355987055016,0.6572327044025157,0.592814371257485,0.8106382978723404,0.6002467612584824,0.7248929081389814,0.65625,0.7132086851628469,0.7653631284916201,0.7600202942668696,0.6062992125984252,0.4602556976097832,0.564650981917169,0.722334455667789,0.8568355173088207,0.712707182320442,0.5946047208692394
29,0.6663,0.7233444131935567,0.6390003085467448,0.6758685446009389,0.5242718446601942,0.6597484276729559,0.5868263473053892,0.8184397163120567,0.608266502159161,0.729176582579724,0.6785714285714286,0.7144149577804584,0.7653631284916201,0.7569761542364282,0.5826771653543307,0.47998888271261814,0.5627065914835699,0.7090909090909091,0.8615294347741053,0.7016574585635359,0.6026601723491944,0.7233444131935567,0.6390003085467448,0.6758685446009389,0.5242718446601942,0.6597484276729559,0.5868263473053892,0.8184397163120567,0.608266502159161,0.729176582579724,0.6785714285714286,0.7144149577804584,0.7653631284916201,0.7569761542364282,0.5826771653543307,0.47998888271261814,0.5627065914835699,0.7090909090909091,0.8615294347741053,0.7016574585635359,0.6026601723491944
30,0.6694,0.7397085144464332,0.6528849120641778,0.6893896713615023,0.5631067961165048,0.6534591194968553,0.6062874251497006,0.8141843971631205,0.6273904996915485,0.7391718229414564,0.6919642857142857,0.71562123039807,0.7625698324022346,0.7625570776255708,0.5984251968503937,0.5030572540300167,0.5296519541123857,0.7138047138047138,0.8595736358302366,0.7016574585635359,0.6234544773323342,0.7397085144464332,0.6528849120641778,0.6893896713615023,0.5631067961165048,0.6534591194968553,0.6062874251497006,0.8141843971631205,0.6273904996915485,0.7391718229414564,0.6919642857142857,0.71562123039807,0.7625698324022346,0.7625570776255708,0.5984251968503937,0.5030572540300167,0.5296519541123857,0.7138047138047138,0.8595736358302366,0.7016574585635359,0.6234544773323342
31,0.6726,0.7330605983124521,0.6516507250848503,0.7036619718309859,0.5501618122977346,0.6666666666666666,0.6062874251497006,0.8106382978723404,0.6125848241826033,0.7263207996192289,0.6830357142857143,0.7201447527141134,0.7625698324022346,0.7701674277016742,0.5826771653543307,0.48804891606448025,0.5629010305269299,0.7441077441077442,0.8548797183649521,0.7569060773480663,0.6148370176095916,0.7330605983124521,0.6516507250848503,0.7036619718309859,0.5501618122977346,0.6666666666666666,0.6062874251497006,0.8106382978723404,0.6125848241826033,0.7263207996192289,0.6830357142857143,0.7201447527141134,0.7625698324022346,0.7701674277016742,0.5826771653543307,0.48804891606448025,0.5629010305269299,0.7441077441077442,0.8548797183649521,0.7569060773480663,0.6148370176095916
32,0.6745,0.7496803886474047,0.6713977167540882,0.6901408450704225,0.540453074433657,0.6710691823899371,0.6167664670658682,0.8290780141843972,0.6033312769895126,0.7372679676344598,0.6517857142857143,0.7101930036188179,0.7849162011173184,0.7732115677321156,0.6141732283464567,0.46831573096164536,0.5955667898113941,0.7218855218855219,0.8517504400547624,0.7679558011049724,0.6161483701760959,0.7496803886474047,0.6713977167540882,0.6901408450704225,0.540453074433657,0.6710691823899371,0.6167664670658682,0.8290780141843972,0.6033312769895126,0.7372679676344598,0.6517857142857143,0.7101930036188179,0.7849162011173184,0.7732115677321156,0.6141732283464567,0.46831573096164536,0.5955667898113941,0.7218855218855219,0.8517504400547624,0.7679558011049724,0.6161483701760959
33,0.6766,0.7527486576323191,0.679728478864548,0.6985915492957746,0.5631067961165048,0.6842767295597484,0.6272455089820359,0.7929078014184398,0.6378778531770513,0.723940980485483,0.6830357142857143,0.7285886610373945,0.7513966480446927,0.7640791476407914,0.6535433070866141,0.5302946081156198,0.5531790783589344,0.7470258136924803,0.8482300019557989,0.7458563535911602,0.6058448857249906,0.7527486576323191,0.679728478864548,0.6985915492957746,0.5631067961165048,0.6842767295597484,0.6272455089820359,0.7929078014184398,0.6378778531770513,0.723940980485483,0.6830357142857143,0.7285886610373945,0.7513966480446927,0.7640791476407914,0.6535433070866141,0.5302946081156198,0.5531790783589344,0.7470258136924803,0.8482300019557989,0.7458563535911602,0.6058448857249906
34,0.6787,0.7432881615954998,0.6670780623264425,0.7032863849765258,0.56957928802589,0.6886792452830188,0.6092814371257484,0.8276595744680851,0.6428130783466995,0.7367920038077106,0.6785714285714286,0.7288902291917974,0.7877094972067039,0.7772704211060375,0.5748031496062992,0.5233463035019456,0.5664009333074081,0.7245791245791245,0.8611382749853315,0.7016574585635359,0.6034095166729112,0.7432881615954998,0.6670780623264425,0.7032863849765258,0.56957928802589,0.6886792452830188,0.6092814371257484,0.8276595744680851,0.6428130783466995,0.7367920038077106,0.6785714285714286,0.7288902291917974,0.7877094972067039,0.7772704211060375,0.5748031496062992,0.5233463035019456,0.5664009333074081,0.7245791245791245,0.8611382749853315,0.7016574585635359,0.6034095166729112
35,0.6791,0.7622091536691383,0.6877506942301759,0.7061032863849765,0.5339805825242718,0.6761006289308176,0.625748502994012,0.8262411347517731,0.5990129549660703,0.7329842931937173,0.6607142857142857,0.7231604342581424,0.7821229050279329,0.7818366311516997,0.5905511811023622,0.4616453585325181,0.5839004472097997,0.7400673400673401,0.8611382749853315,0.7237569060773481,0.629261895841139,0.7622091536691383,0.6877506942301759,0.7061032863849765,0.5339805825242718,0.6761006289308176,0.625748502994012,0.8262411347517731,0.5990129549660703,0.7329842931937173,0.6607142857142857,0.7231604342581424,0.7821229050279329,0.7818366311516997,0.5905511811023622,0.4616453585325181,0.5839004472097997,0.7400673400673401,0.8611382749853315,0.7237569060773481,0.629261895841139
36,0.6813,0.7586295065200716,0.6775686516507251,0.6856338028169014,0.5792880258899676,0.6893081761006289,0.6122754491017964,0.824822695035461,0.6335595311536089,0.7472632079961923,0.6830357142857143,0.738238841978287,0.776536312849162,0.7823439878234398,0.5905511811023622,0.508893829905503,0.5527902002722147,0.7333333333333333,0.8722863289653824,0.712707182320442,0.6230798051704758,0.7586295065200716,0.6775686516507251,0.6856338028169014,0.5792880258899676,0.6893081761006289,0.6122754491017964,0.824822695035461,0.6335595311536089,0.7472632079961923,0.6830357142857143,0.738238841978287,0.776536312849162,0.7823439878234398,0.5905511811023622,0.508893829905503,0.5527902002722147,0.7333333333333333,0.8722863289653824,0.712707182320442,0.6230798051704758
37,0.6804,0.7555612375351572,0.6843566800370257,0.7064788732394366,0.5501618122977346,0.6635220125786163,0.6167664670658682,0.8375886524822695,0.6249228871067243,0.737743931461209,0.6651785714285714,0.7138118214716526,0.7877094972067039,0.7848807711821411,0.6299212598425197,0.48249027237354086,0.6076220104997083,0.7407407407407407,0.8652454527674555,0.7237569060773481,0.6180217309853878,0.7555612375351572,0.6843566800370257,0.7064788732394366,0.5501618122977346,0.6635220125786163,0.6167664670658682,0.8375886524822695,0.6249228871067243,0.737743931461209,0.6651785714285714,0.7138118214716526,0.7877094972067039,0.7848807711821411,0.6299212598425197,0.48249027237354086,0.6076220104997083,0.7407407407407407,0.8652454527674555,0.7237569060773481,0.6180217309853878
38,0.6819,0.7691127588851956,0.6945387226164764,0.6955868544600939,0.5598705501618123,0.6981132075471698,0.6467065868263473,0.8241134751773049,0.6304750154225787,0.7372679676344598,0.6785714285714286,0.7376357056694813,0.776536312849162,0.7813292744799594,0.6456692913385826,0.5086158977209561,0.585261520513319,0.7474747474747475,0.8632896538235869,0.7348066298342542,0.6204571000374672,0.7691127588851956,0.6945387226164764,0.6955868544600939,0.5598705501618123,0.6981132075471698,0.6467065868263473,0.8241134751773049,0.6304750154225787,0.7372679676344598,0.6785714285714286,0.7376357056694813,0.776536312849162,0.7813292744799594,0.6456692913385826,0.5086158977209561,0.585261520513319,0.7474747474747475,0.8632896538235869,0.7348066298342542,0.6204571000374672
39,0.6848,0.7588851956021477,0.6877506942301759,0.7162441314553991,0.5760517799352751,0.6943396226415094,0.6482035928143712,0.8212765957446808,0.6551511412708205,0.732032365540219,0.6785714285714286,0.7249698431845597,0.770949720670391,0.7843734145104008,0.6535433070866141,0.5400222345747637,0.5755395683453237,0.7512906846240179,0.8623117543516526,0.7569060773480663,0.6148370176095916,0.7588851956021477,0.6877506942301759,0.7162441314553991,0.5760517799352751,0.6943396226415094,0.6482035928143712,0.8212765957446808,0.6551511412708205,0.732032365540219,0.6785714285714286,0.7249698431845597,0.770949720670391,0.7843734145104008,0.6535433070866141,0.5400222345747637,0.5755395683453237,0.7512906846240179,0.8623117543516526,0.7569060773480663,0.6148370176095916
40,0.6863,0.7821529020710816,0.7121258870718914,0.7014084507042253,0.5663430420711975,0.7031446540880503,0.6541916167664671,0.8333333333333334,0.6557680444170265,0.7287006187529748,0.6785714285714286,0.735524728588661,0.7932960893854749,0.7950279046169457,0.6692913385826772,0.528349082823791,0.5817616177328407,0.7526374859708193,0.861920594562879,0.7458563535911602,0.5987261146496815,0.7821529020710816,0.7121258870718914,0.7014084507042253,0.5663430420711975,0.7031446540880503,0.6541916167664671,0.8333333333333334,0.6557680444170265,0.7287006187529748,0.6785714285714286,0.735524728588661,0.7932960893854749,0.7950279046169457,0.6692913385826772,0.528349082823791,0.5817616177328407,0.7526374859708193,0.861920594562879,0.7458563535911602,0.5987261146496815
41,0.6853,0.7647660444899003,0.6923788954026535,0.6967136150234742,0.5792880258899676,0.7025157232704402,0.6422155688622755,0.824822695035461,0.6421961752004935,0.7510709186101856,0.6830357142857143,0.7373341375150784,0.7793296089385475,0.7909690512430239,0.6299212598425197,0.5222345747637577,0.587400349990278,0.7468013468013468,0.8638763935067475,0.7182320441988951,0.639378044211315,0.7647660444899003,0.6923788954026535,0.6967136150234742,0.5792880258899676,0.7025157232704402,0.6422155688622755,0.824822695035461,0.6421961752004935,0.7510709186101856,0.6830357142857143,0.7373341375150784,0.7793296089385475,0.7909690512430239,0.6299212598425197,0.5222345747637577,0.587400349990278,0.7468013468013468,0.8638763935067475,0.7182320441988951,0.639378044211315
42,0.691,0.7629762209153669,0.6917618019129899,0.7166197183098592,0.5631067961165048,0.6849056603773584,0.6377245508982036,0.8368794326241135,0.6273904996915485,0.7548786292241789,0.6696428571428571,0.7334137515078407,0.7793296089385475,0.7965499746321664,0.6220472440944882,0.500277932184547,0.5967334240715536,0.7566778900112233,0.86993937023274,0.7403314917127072,0.6597976770325965,0.7629762209153669,0.6917618019129899,0.7166197183098592,0.5631067961165048,0.6849056603773584,0.6377245508982036,0.8368794326241135,0.6273904996915485,0.7548786292241789,0.6696428571428571,0.7334137515078407,0.7793296089385475,0.7965499746321664,0.6220472440944882,0.500277932184547,0.5967334240715536,0.7566778900112233,0.86993937023274,0.7403314917127072,0.6597976770325965
43,0.686,0.7665558680644337,0.7047207651959272,0.7113615023474178,0.56957928802589,0.6842767295597484,0.6497005988023952,0.8368794326241135,0.6446637877853177,0.7444074250356972,0.6830357142857143,0.732509047044632,0.7905027932960894,0.7965499746321664,0.6220472440944882,0.5225125069483046,0.5866225938168385,0.7557800224466891,0.878153725796988,0.7513812154696132,0.6116523042337955,0.7665558680644337,0.7047207651959272,0.7113615023474178,0.56957928802589,0.6842767295597484,0.6497005988023952,0.8368794326241135,0.6446637877853177,0.7444074250356972,0.6830357142857143,0.732509047044632,0.7905027932960894,0.7965499746321664,0.6220472440944882,0.5225125069483046,0.5866225938168385,0.7557800224466891,0.878153725796988,0.7513812154696132,0.6116523042337955
44,0.6853,0.769624137049348,0.7041036717062635,0.7072300469483568,0.5436893203883495,0.6672955974842767,0.6497005988023952,0.8531914893617021,0.6169031462060457,0.743455497382199,0.6517857142857143,0.7186369119420989,0.8016759776536313,0.7950279046169457,0.6141732283464567,0.490550305725403,0.6255104024888197,0.7510662177328844,0.8771758263250538,0.7348066298342542,0.6137130011240165,0.769624137049348,0.7041036717062635,0.7072300469483568,0.5436893203883495,0.6672955974842767,0.6497005988023952,0.8531914893617021,0.6169031462060457,0.743455497382199,0.6517857142857143,0.7186369119420989,0.8016759776536313,0.7950279046169457,0.6141732283464567,0.490550305725403,0.6255104024888197,0.7510662177328844,0.8771758263250538,0.7348066298342542,0.6137130011240165
45,0.6925,0.7581181283559192,0.6920703486578217,0.7053521126760564,0.5825242718446602,0.6937106918238993,0.6422155688622755,0.8411347517730496,0.6644046884639112,0.7544026653974298,0.6919642857142857,0.7340168878166465,0.7877094972067039,0.7894469812278031,0.6377952755905512,0.5580878265703169,0.5813727396461209,0.7414141414141414,0.8775669861138276,0.7348066298342542,0.6506182090670664,0.7581181283559192,0.6920703486578217,0.7053521126760564,0.5825242718446602,0.6937106918238993,0.6422155688622755,0.8411347517730496,0.6644046884639112,0.7544026653974298,0.6919642857142857,0.7340168878166465,0.7877094972067039,0.7894469812278031,0.6377952755905512,0.5580878265703169,0.5813727396461209,0.7414141414141414,0.8775669861138276,0.7348066298342542,0.6506182090670664
46,0.6922,0.7870109946305293,0.7223079296513422,0.7072300469483568,0.5469255663430421,0.7050314465408805,0.6736526946107785,0.8411347517730496,0.6292412091301666,0.7482151356496907,0.6919642857142857,0.741556091676719,0.7960893854748603,0.791476407914764,0.6692913385826772,0.5036131183991106,0.5980944973750729,0.7488215488215488,0.8756111871699589,0.7348066298342542,0.6343199700262271,0.7870109946305293,0.7223079296513422,0.7072300469483568,0.5469255663430421,0.7050314465408805,0.6736526946107785,0.8411347517730496,0.6292412091301666,0.7482151356496907,0.6919642857142857,0.741556091676719,0.7960893854748603,0.791476407914764,0.6692913385826772,0.5036131183991106,0.5980944973750729,0.7488215488215488,0.8756111871699589,0.7348066298342542,0.6343199700262271
47,0.6937,0.761697775504986,0.6923788954026535,0.728075117370892,0.5760517799352751,0.7213836477987421,0.6511976047904192,0.8347517730496454,0.6557680444170265,0.7544026653974298,0.7142857142857143,0.7593486127864898,0.7988826815642458,0.8006088280060882,0.6377952755905512,0.5314063368538077,0.5905113746840366,0.7586980920314254,0.8709172697046743,0.7624309392265194,0.6629823904083927,0.761697775504986,0.6923788954026535,0.728075117370892,0.5760517799352751,0.7213836477987421,0.6511976047904192,0.8347517730496454,0.6557680444170265,0.7544026653974298,0.7142857142857143,0.7593486127864898,0.7988826815642458,0.8006088280060882,0.6377952755905512,0.5314063368538077,0.5905113746840366,0.7586980920314254,0.8709172697046743,0.7624309392265194,0.6629823904083927
48,0.693,0.7872666837126054,0.7192224622030238,0.6937089201877934,0.5728155339805825,0.6792452830188679,0.6706586826347305,0.8390070921985816,0.6600863664404688,0.7572584483579248,0.6785714285714286,0.7282870928829915,0.7793296089385475,0.7899543378995434,0.6692913385826772,0.5380767092829349,0.6052887419793894,0.7598204264870931,0.8791316252689223,0.7458563535911602,0.6504308729861371,0.7872666837126054,0.7192224622030238,0.6937089201877934,0.5728155339805825,0.6792452830188679,0.6706586826347305,0.8390070921985816,0.6600863664404688,0.7572584483579248,0.6785714285714286,0.7282870928829915,0.7793296089385475,0.7899543378995434,0.6692913385826772,0.5380767092829349,0.6052887419793894,0.7598204264870931,0.8791316252689223,0.7458563535911602,0.6504308729861371
49,0.6938,0.7760163641012529,0.7068805924097501,0.7183098591549296,0.56957928802589,0.6968553459119496,0.6467065868263473,0.8588652482269503,0.6329426280074029,0.7648738695859115,0.7098214285714286,0.7406513872135102,0.8156424581005587,0.7985794013191273,0.6535433070866141,0.5136186770428015,0.5969278631149135,0.747699214365881,0.8832388030510464,0.7237569060773481,0.6644810790558262,0.7760163641012529,0.7068805924097501,0.7183098591549296,0.56957928802589,0.6968553459119496,0.6467065868263473,0.8588652482269503,0.6329426280074029,0.7648738695859115,0.7098214285714286,0.7406513872135102,0.8156424581005587,0.7985794013191273,0.6535433070866141,0.5136186770428015,0.5969278631149135,0.747699214365881,0.8832388030510464,0.7237569060773481,0.6644810790558262
50,0.6935,0.756583993863462,0.6760259179265659,0.7154929577464789,0.6051779935275081,0.7025157232704402,0.6392215568862275,0.8588652482269503,0.662553979025293,0.7667777248929082,0.7008928571428571,0.7427623642943305,0.8156424581005587,0.8041603247082699,0.6141732283464567,0.537520844913841,0.6006222049387517,0.7472502805836139,0.884999022100528,0.7182320441988951,0.6545522667665793,0.756583993863462,0.6760259179265659,0.7154929577464789,0.6051779935275081,0.7025157232704402,0.6392215568862275,0.8588652482269503,0.662553979025293,0.7667777248929082,0.7008928571428571,0.7427623642943305,0.8156424581005587,0.8041603247082699,0.6141732283464567,0.537520844913841,0.6006222049387517,0.7472502805836139,0.884999022100528,0.7182320441988951,0.6545522667665793
51,0.6959,0.7816415239069292,0.7124344338167232,0.692018779342723,0.5825242718446602,0.710691823899371,0.6616766467065869,0.8411347517730496,0.6582356570018507,0.7586863398381724,0.6964285714285714,0.7445717732207479,0.7988826815642458,0.8046676813800101,0.6614173228346457,0.5297387437465259,0.6033443515457904,0.7613916947250281,0.8758067670643458,0.7513812154696132,0.656238291494942,0.7816415239069292,0.7124344338167232,0.692018779342723,0.5825242718446602,0.710691823899371,0.6616766467065869,0.8411347517730496,0.6582356570018507,0.7586863398381724,0.6964285714285714,0.7445717732207479,0.7988826815642458,0.8046676813800101,0.6614173228346457,0.5297387437465259,0.6033443515457904,0.7613916947250281,0.8758067670643458,0.7513812154696132,0.656238291494942
52,0.6939,0.7742265405267195,0.7004011107682814,0.7087323943661972,0.5501618122977346,0.6635220125786163,0.6452095808383234,0.8382978723404255,0.6101172115977791,0.7629700142789148,0.6741071428571429,0.7282870928829915,0.7821229050279329,0.7955352612886859,0.6535433070866141,0.4652584769316287,0.6161773284075442,0.7768799102132435,0.8910619988265206,0.7624309392265194,0.6878980891719745,0.7742265405267195,0.7004011107682814,0.7087323943661972,0.5501618122977346,0.6635220125786163,0.6452095808383234,0.8382978723404255,0.6101172115977791,0.7629700142789148,0.6741071428571429,0.7282870928829915,0.7821229050279329,0.7955352612886859,0.6535433070866141,0.4652584769316287,0.6161773284075442,0.7768799102132435,0.8910619988265206,0.7624309392265194,0.6878980891719745
53,0.6954,0.7870109946305293,0.7176797284788645,0.7046009389671362,0.5728155339805825,0.6823899371069182,0.6526946107784432,0.851063829787234,0.6656384947563233,0.7534507377439315,0.7053571428571429,0.7373341375150784,0.8128491620111732,0.8122780314561137,0.6614173228346457,0.5447470817120622,0.5903169356406767,0.757351290684624,0.8844122824173675,0.7182320441988951,0.6369426751592356,0.7870109946305293,0.7176797284788645,0.7046009389671362,0.5728155339805825,0.6823899371069182,0.6526946107784432,0.851063829787234,0.6656384947563233,0.7534507377439315,0.7053571428571429,0.7373341375150784,0.8128491620111732,0.8122780314561137,0.6614173228346457,0.5447470817120622,0.5903169356406767,0.757351290684624,0.8844122824173675,0.7182320441988951,0.6369426751592356
54,0.7013,0.767067246228586,0.701018204257945,0.7123004694835681,0.5954692556634305,0.7031446540880503,0.6452095808383234,0.8262411347517731,0.6582356570018507,0.7629700142789148,0.71875,0.7539203860072377,0.7821229050279329,0.8036529680365296,0.6377952755905512,0.5497498610339078,0.608399766673148,0.7811447811447811,0.8750244474867983,0.7679558011049724,0.6819033345822405,0.767067246228586,0.701018204257945,0.7123004694835681,0.5954692556634305,0.7031446540880503,0.6452095808383234,0.8262411347517731,0.6582356570018507,0.7629700142789148,0.71875,0.7539203860072377,0.7821229050279329,0.8036529680365296,0.6377952755905512,0.5497498610339078,0.608399766673148,0.7811447811447811,0.8750244474867983,0.7679558011049724,0.6819033345822405
55,0.6948,0.7890565072871388,0.7241592101203332,0.7123004694835681,0.5663430420711975,0.6767295597484276,0.6691616766467066,0.8468085106382979,0.6477483035163479,0.7629700142789148,0.7053571428571429,0.7291917973462002,0.7905027932960894,0.8132927447995941,0.6929133858267716,0.5141745414118954,0.6173439626677036,0.7679012345679013,0.8871504009387835,0.7624309392265194,0.664293742974897,0.7890565072871388,0.7241592101203332,0.7123004694835681,0.5663430420711975,0.6767295597484276,0.6691616766467066,0.8468085106382979,0.6477483035163479,0.7629700142789148,0.7053571428571429,0.7291917973462002,0.7905027932960894,0.8132927447995941,0.6929133858267716,0.5141745414118954,0.6173439626677036,0.7679012345679013,0.8871504009387835,0.7624309392265194,0.664293742974897
56,0.6939,0.7862439273843007,0.7068805924097501,0.6991549295774648,0.5825242718446602,0.6754716981132075,0.6616766467065869,0.8624113475177305,0.6681061073411474,0.7596382674916706,0.6830357142857143,0.732810615199035,0.8100558659217877,0.8143074581430746,0.6535433070866141,0.5441912173429683,0.614621816060665,0.7640852974186307,0.8871504009387835,0.7237569060773481,0.6414387411015362,0.7862439273843007,0.7068805924097501,0.6991549295774648,0.5825242718446602,0.6754716981132075,0.6616766467065869,0.8624113475177305,0.6681061073411474,0.7596382674916706,0.6830357142857143,0.732810615199035,0.8100558659217877,0.8143074581430746,0.6535433070866141,0.5441912173429683,0.614621816060665,0.7640852974186307,0.8871504009387835,0.7237569060773481,0.6414387411015362
57,0.6994,0.7742265405267195,0.7037951249614317,0.7260093896713615,0.5631067961165048,0.6761006289308176,0.6422155688622755,0.849645390070922,0.6421961752004935,0.7710613993336506,0.6964285714285714,0.729794933655006,0.7932960893854749,0.8082191780821918,0.6299212598425197,0.5116731517509727,0.6216216216216216,0.7699214365881033,0.889301779777039,0.7513812154696132,0.6775946047208692,0.7742265405267195,0.7037951249614317,0.7260093896713615,0.5631067961165048,0.6761006289308176,0.6422155688622755,0.849645390070922,0.6421961752004935,0.7710613993336506,0.6964285714285714,0.729794933655006,0.7932960893854749,0.8082191780821918,0.6299212598425197,0.5116731517509727,0.6216216216216216,0.7699214365881033,0.889301779777039,0.7513812154696132,0.6775946047208692
58,0.6975,0.7834313474814626,0.7074976858994138,0.7030985915492958,0.5728155339805825,0.6698113207547169,0.6511976047904192,0.8546099290780141,0.6520666255397902,0.777724892908139,0.6785714285714286,0.7285886610373945,0.7960893854748603,0.8041603247082699,0.6535433070866141,0.5205669816564759,0.6115107913669064,0.7501683501683502,0.8945824369254841,0.7071823204419889,0.6772199325590109,0.7834313474814626,0.7074976858994138,0.7030985915492958,0.5728155339805825,0.6698113207547169,0.6511976047904192,0.8546099290780141,0.6520666255397902,0.777724892908139,0.6785714285714286,0.7285886610373945,0.7960893854748603,0.8041603247082699,0.6535433070866141,0.5205669816564759,0.6115107913669064,0.7501683501683502,0.8945824369254841,0.7071823204419889,0.6772199325590109
59,0.7025,0.7724367169521862,0.7078062326442456,0.72018779342723,0.5533980582524272,0.7012578616352201,0.6691616766467066,0.8652482269503546,0.6261566933991364,0.7624940504521657,0.7053571428571429,0.7539203860072377,0.8072625698324022,0.8285134449518011,0.6771653543307087,0.4980544747081712,0.641648843087692,0.7878787878787878,0.8816741638959515,0.7292817679558011,0.6667291120269764,0.7724367169521862,0.7078062326442456,0.72018779342723,0.5533980582524272,0.7012578616352201,0.6691616766467066,0.8652482269503546,0.6261566933991364,0.7624940504521657,0.7053571428571429,0.7539203860072377,0.8072625698324022,0.8285134449518011,0.6771653543307087,0.4980544747081712,0.641648843087692,0.7878787878787878,0.8816741638959515,0.7292817679558011,0.6667291120269764
60,0.7021,0.7888008182050626,0.7287874112928109,0.7246948356807512,0.5631067961165048,0.6836477987421383,0.6766467065868264,0.874468085106383,0.6539173349784084,0.7596382674916706,0.6964285714285714,0.7421592279855247,0.8240223463687151,0.8305428716387621,0.6850393700787402,0.5266814897165092,0.6202605483181023,0.7647586980920315,0.889301779777039,0.7237569060773481,0.6478081678531286,0.7888008182050626,0.7287874112928109,0.7246948356807512,0.5631067961165048,0.6836477987421383,0.6766467065868264,0.874468085106383,0.6539173349784084,0.7596382674916706,0.6964285714285714,0.7421592279855247,0.8240223463687151,0.8305428716387621,0.6850393700787402,0.5266814897165092,0.6202605483181023,0.7647586980920315,0.889301779777039,0.7237569060773481,0.6478081678531286
61,0.7017,0.7857325492201483,0.7235421166306696,0.716056338028169,0.5436893203883495,0.6918238993710691,0.6721556886227545,0.8702127659574468,0.6255397902529303,0.7705854355069015,0.6875,0.7448733413751508,0.8184357541899442,0.8300355149670218,0.6692913385826772,0.4963868816008894,0.650009721952168,0.7728395061728395,0.8861725014668492,0.7182320441988951,0.6569876358186587,0.7857325492201483,0.7235421166306696,0.716056338028169,0.5436893203883495,0.6918238993710691,0.6721556886227545,0.8702127659574468,0.6255397902529303,0.7705854355069015,0.6875,0.7448733413751508,0.8184357541899442,0.8300355149670218,0.6692913385826772,0.4963868816008894,0.650009721952168,0.7728395061728395,0.8861725014668492,0.7182320441988951,0.6569876358186587
62,0.7011,0.757862439273843,0.687442147485344,0.7273239436619718,0.598705501618123,0.6874213836477987,0.6541916167664671,0.8553191489361702,0.6533004318322023,0.7758210376011423,0.7008928571428571,0.7445717732207479,0.8156424581005587,0.8203957382039574,0.6299212598425197,0.5364091161756531,0.6330935251798561,0.7741863075196409,0.8900840993545863,0.7348066298342542,0.6860247283626827,0.757862439273843,0.687442147485344,0.7273239436619718,0.598705501618123,0.6874213836477987,0.6541916167664671,0.8553191489361702,0.6533004318322023,0.7758210376011423,0.7008928571428571,0.7445717732207479,0.8156424581005587,0.8203957382039574,0.6299212598425197,0.5364091161756531,0.6330935251798561,0.7741863075196409,0.8900840993545863,0.7348066298342542,0.6860247283626827
63,0.7015,0.7969828688315009,0.7275532243134835,0.7220657276995305,0.5857605177993528,0.6893081761006289,0.6811377245508982,0.8546099290780141,0.649599012954966,0.760590195145169,0.6875,0.7430639324487334,0.8072625698324022,0.8178589548452562,0.6929133858267716,0.5275152862701501,0.6035387905891503,0.7741863075196409,0.8830432231566595,0.7348066298342542,0.6459348070438367,0.7969828688315009,0.7275532243134835,0.7220657276995305,0.5857605177993528,0.6893081761006289,0.6811377245508982,0.8546099290780141,0.649599012954966,0.760590195145169,0.6875,0.7430639324487334,0.8072625698324022,0.8178589548452562,0.6929133858267716,0.5275152862701501,0.6035387905891503,0.7741863075196409,0.8830432231566595,0.7348066298342542,0.6459348070438367
64,0.7069,0.7847097928918435,0.7260104905893243,0.7106103286384976,0.5663430420711975,0.6893081761006289,0.6796407185628742,0.8588652482269503,0.6440468846391116,0.7643979057591623,0.6741071428571429,0.741556091676719,0.8016759776536313,0.8209030948756976,0.6614173228346457,0.519733185102835,0.6408710869142524,0.7784511784511785,0.8855857617836886,0.7237569060773481,0.6835893593106033,0.7847097928918435,0.7260104905893243,0.7106103286384976,0.5663430420711975,0.6893081761006289,0.6796407185628742,0.8588652482269503,0.6440468846391116,0.7643979057591623,0.6741071428571429,0.741556091676719,0.8016759776536313,0.8209030948756976,0.6614173228346457,0.519733185102835,0.6408710869142524,0.7784511784511785,0.8855857617836886,0.7237569060773481,0.6835893593106033
65,0.7024,0.7795960112503196,0.7053378586855908,0.7333333333333333,0.5825242718446602,0.6849056603773584,0.6646706586826348,0.8425531914893617,0.6600863664404688,0.7643979057591623,0.6830357142857143,0.7400482509047045,0.7877094972067039,0.8178589548452562,0.6535433070866141,0.5336297943301834,0.6101497180633871,0.7894500561167228,0.8879327205163309,0.7624309392265194,0.6717871862120645,0.7795960112503196,0.7053378586855908,0.7333333333333333,0.5825242718446602,0.6849056603773584,0.6646706586826348,0.8425531914893617,0.6600863664404688,0.7643979057591623,0.6830357142857143,0.7400482509047045,0.7877094972067039,0.8178589548452562,0.6535433070866141,0.5336297943301834,0.6101497180633871,0.7894500561167228,0.8879327205163309,0.7624309392265194,0.6717871862120645
66,0.7065,0.7808744566607005,0.7145942610305461,0.7316431924882629,0.6116504854368932,0.7031446540880503,0.6751497005988024,0.874468085106383,0.6681061073411474,0.7567824845311756,0.6964285714285714,0.7533172496984318,0.8184357541899442,0.8203957382039574,0.6692913385826772,0.5528071150639244,0.6245382072720203,0.7719416386083052,0.882260903579112,0.7237569060773481,0.641251405020607,0.7808744566607005,0.7145942610305461,0.7316431924882629,0.6116504854368932,0.7031446540880503,0.6751497005988024,0.874468085106383,0.6681061073411474,0.7567824845311756,0.6964285714285714,0.7533172496984318,0.8184357541899442,0.8203957382039574,0.6692913385826772,0.5528071150639244,0.6245382072720203,0.7719416386083052,0.882260903579112,0.7237569060773481,0.641251405020607
67,0.7027,0.7852211710559959,0.7078062326442456,0.7233802816901408,0.5728155339805825,0.6943396226415094,0.6721556886227545,0.8673758865248227,0.6613201727328809,0.7739171822941456,0.7008928571428571,0.7536188178528347,0.8072625698324022,0.8254693049213597,0.7007874015748031,0.528071150639244,0.6214271825782617,0.7714927048260382,0.8898885194601995,0.712707182320442,0.6708505058074186,0.7852211710559959,0.7078062326442456,0.7233802816901408,0.5728155339805825,0.6943396226415094,0.6721556886227545,0.8673758865248227,0.6613201727328809,0.7739171822941456,0.7008928571428571,0.7536188178528347,0.8072625698324022,0.8254693049213597,0.7007874015748031,0.528071150639244,0.6214271825782617,0.7714927048260382,0.8898885194601995,0.712707182320442,0.6708505058074186
68,0.7036,0.7847097928918435,0.7096575131132367,0.7111737089201878,0.5728155339805825,0.6993710691823899,0.6796407185628742,0.8489361702127659,0.6607032695866749,0.7701094716801523,0.6919642857142857,0.7548250904704463,0.8016759776536313,0.8163368848300355,0.6771653543307087,0.5308504724847137,0.6165662064942641,0.7757575757575758,0.8889106199882653,0.7292817679558011,0.6897714499812664,0.7847097928918435,0.7096575131132367,0.7111737089201878,0.5728155339805825,0.6993710691823899,0.6796407185628742,0.8489361702127659,0.6607032695866749,0.7701094716801523,0.6919642857142857,0.7548250904704463,0.8016759776536313,0.8163368848300355,0.6771653543307087,0.5308504724847137,0.6165662064942641,0.7757575757575758,0.8889106199882653,0.7292817679558011,0.6897714499812664
69,0.7035,0.7941702889286627,0.7278617710583153,0.7141784037558685,0.5566343042071198,0.6773584905660377,0.6931137724550899,0.8709219858156029,0.6434299814929056,0.7701094716801523,0.6741071428571429,0.7370325693606755,0.8100558659217877,0.832572298325723,0.6614173228346457,0.5036131183991106,0.6597316741201633,0.7815937149270482,0.8885194601994915,0.7569060773480663,0.6554889471712252,0.7941702889286627,0.7278617710583153,0.7141784037558685,0.5566343042071198,0.6773584905660377,0.6931137724550899,0.8709219858156029,0.6434299814929056,0.7701094716801523,0.6741071428571429,0.7370325693606755,0.8100558659217877,0.832572298325723,0.6614173228346457,0.5036131183991106,0.6597316741201633,0.7815937149270482,0.8885194601994915,0.7569060773480663,0.6554889471712252
70,0.7064,0.7849654819739197,0.714902807775378,0.7173708920187793,0.5857605177993528,0.6698113207547169,0.6661676646706587,0.8524822695035461,0.6699568167797656,0.7753450737743931,0.6919642857142857,0.7306996381182147,0.7905027932960894,0.8244545915778793,0.6614173228346457,0.547248471372985,0.6076220104997083,0.7773288439955106,0.8977117152356737,0.7513812154696132,0.6875234170101161,0.7849654819739197,0.714902807775378,0.7173708920187793,0.5857605177993528,0.6698113207547169,0.6661676646706587,0.8524822695035461,0.6699568167797656,0.7753450737743931,0.6919642857142857,0.7306996381182147,0.7905027932960894,0.8244545915778793,0.6614173228346457,0.547248471372985,0.6076220104997083,0.7773288439955106,0.8977117152356737,0.7513812154696132,0.6875234170101161
71,0.7002,0.7900792636154437,0.7179882752236963,0.7282629107981221,0.5372168284789643,0.6855345911949685,0.6616766467065869,0.8723404255319149,0.6354102405922271,0.7558305568776773,0.6741071428571429,0.7451749095295537,0.7988826815642458,0.8274987316083207,0.6535433070866141,0.5027793218454697,0.6731479681119968,0.7869809203142536,0.8914531586152944,0.7569060773480663,0.6431247658298989,0.7900792636154437,0.7179882752236963,0.7282629107981221,0.5372168284789643,0.6855345911949685,0.6616766467065869,0.8723404255319149,0.6354102405922271,0.7558305568776773,0.6741071428571429,0.7451749095295537,0.7988826815642458,0.8274987316083207,0.6535433070866141,0.5027793218454697,0.6731479681119968,0.7869809203142536,0.8914531586152944,0.7569060773480663,0.6431247658298989
72,0.7039,0.7885451291229865,0.7179882752236963,0.724131455399061,0.5792880258899676,0.6767295597484276,0.687125748502994,0.8638297872340426,0.6644046884639112,0.7729652546406474,0.6919642857142857,0.7436670687575392,0.7988826815642458,0.8178589548452562,0.6692913385826772,0.5436353529738743,0.6216216216216216,0.7661054994388328,0.8975161353412869,0.7458563535911602,0.6835893593106033,0.7885451291229865,0.7179882752236963,0.724131455399061,0.5792880258899676,0.6767295597484276,0.687125748502994,0.8638297872340426,0.6644046884639112,0.7729652546406474,0.6919642857142857,0.7436670687575392,0.7988826815642458,0.8178589548452562,0.6692913385826772,0.5436353529738743,0.6216216216216216,0.7661054994388328,0.8975161353412869,0.7458563535911602,0.6835893593106033
73,0.7068,0.7916133981079008,0.7204566491823511,0.7181220657276995,0.5566343042071198,0.7018867924528301,0.6796407185628742,0.8765957446808511,0.6458975940777298,0.7739171822941456,0.6919642857142857,0.753015681544029,0.8128491620111732,0.821917808219178,0.6456692913385826,0.5113952195664258,0.6426210383044916,0.7683501683501683,0.9000586739683161,0.7403314917127072,0.6869614087673286,0.7916133981079008,0.7204566491823511,0.7181220657276995,0.5566343042071198,0.7018867924528301,0.6796407185628742,0.8765957446808511,0.6458975940777298,0.7739171822941456,0.6919642857142857,0.753015681544029,0.8128491620111732,0.821917808219178,0.6456692913385826,0.5113952195664258,0.6426210383044916,0.7683501683501683,0.9000586739683161,0.7403314917127072,0.6869614087673286
74,0.7079,0.7852211710559959,0.7216908361616785,0.7446009389671362,0.56957928802589,0.710062893081761,0.6901197604790419,0.8687943262411347,0.6409623689080814,0.752022846263684,0.6830357142857143,0.7668878166465621,0.7905027932960894,0.8269913749365804,0.6614173228346457,0.5355753196220122,0.641648843087692,0.786307519640853,0.8836299628398201,0.7458563535911602,0.6745972274260023,0.7852211710559959,0.7216908361616785,0.7446009389671362,0.56957928802589,0.710062893081761,0.6901197604790419,0.8687943262411347,0.6409623689080814,0.752022846263684,0.6830357142857143,0.7668878166465621,0.7905027932960894,0.8269913749365804,0.6614173228346457,0.5355753196220122,0.641648843087692,0.786307519640853,0.8836299628398201,0.7458563535911602,0.6745972274260023
75,0.7089,0.7995397596522629,0.7365010799136069,0.7136150234741784,0.5631067961165048,0.690566037735849,0.6961077844311377,0.8659574468085106,0.6354102405922271,0.7772489290813898,0.6830357142857143,0.752714113389626,0.7932960893854749,0.8259766615930999,0.6929133858267716,0.5127848804891606,0.635426793700175,0.7865319865319865,0.8928222178760024,0.7679558011049724,0.698388909704009,0.7995397596522629,0.7365010799136069,0.7136150234741784,0.5631067961165048,0.690566037735849,0.6961077844311377,0.8659574468085106,0.6354102405922271,0.7772489290813898,0.6830357142857143,0.752714113389626,0.7932960893854749,0.8259766615930999,0.6929133858267716,0.5127848804891606,0.635426793700175,0.7865319865319865,0.8928222178760024,0.7679558011049724,0.698388909704009
76,0.7062,0.7898235745333674,0.7176797284788645,0.6978403755868544,0.5533980582524272,0.6955974842767295,0.6676646706586826,0.8652482269503546,0.661937075879087,0.780580675868634,0.6830357142857143,0.753015681544029,0.8072625698324022,0.8198883815322171,0.6614173228346457,0.5355753196220122,0.6350379156134551,0.7800224466891134,0.9018188930177977,0.7569060773480663,0.703446983889097,0.7898235745333674,0.7176797284788645,0.6978403755868544,0.5533980582524272,0.6955974842767295,0.6676646706586826,0.8652482269503546,0.661937075879087,0.780580675868634,0.6830357142857143,0.753015681544029,0.8072625698324022,0.8198883815322171,0.6614173228346457,0.5355753196220122,0.6350379156134551,0.7800224466891134,0.9018188930177977,0.7569060773480663,0.703446983889097
77,0.706,0.8182050626438251,0.7534711508793582,0.7030985915492958,0.5631067961165048,0.7232704402515723,0.6991017964071856,0.8489361702127659,0.6477483035163479,0.7677296525464065,0.6964285714285714,0.7693003618817853,0.7877094972067039,0.817351598173516,0.6771653543307087,0.5202890494719289,0.6089830838032277,0.7901234567901234,0.8943868570310972,0.7734806629834254,0.6751592356687898,0.8182050626438251,0.7534711508793582,0.7030985915492958,0.5631067961165048,0.7232704402515723,0.6991017964071856,0.8489361702127659,0.6477483035163479,0.7677296525464065,0.6964285714285714,0.7693003618817853,0.7877094972067039,0.817351598173516,0.6771653543307087,0.5202890494719289,0.6089830838032277,0.7901234567901234,0.8943868570310972,0.7734806629834254,0.6751592356687898
78,0.7024,0.7972385579135771,0.7192224622030238,0.7269483568075117,0.5598705501618123,0.6987421383647798,0.6721556886227545,0.8631205673758865,0.6508328192473781,0.7658257972394098,0.6785714285714286,0.752714113389626,0.8044692737430168,0.8224251648909183,0.6771653543307087,0.5364091161756531,0.6379545012638538,0.7789001122334456,0.8992763543907686,0.7458563535911602,0.6755339078306482,0.7972385579135771,0.7192224622030238,0.7269483568075117,0.5598705501618123,0.6987421383647798,0.6721556886227545,0.8631205673758865,0.6508328192473781,0.7658257972394098,0.6785714285714286,0.752714113389626,0.8044692737430168,0.8224251648909183,0.6771653543307087,0.5364091161756531,0.6379545012638538,0.7789001122334456,0.8992763543907686,0.7458563535911602,0.6755339078306482
79,0.7023,0.803630784965482,0.7244677568651651,0.703849765258216,0.5501618122977346,0.6779874213836478,0.6856287425149701,0.8801418439716312,0.634793337446021,0.7848643503093765,0.6830357142857143,0.7430639324487334,0.8212290502793296,0.839167935058346,0.6771653543307087,0.5141745414118954,0.647870892475209,0.7872053872053872,0.8941912771367103,0.7403314917127072,0.6892094417384789,0.803630784965482,0.7244677568651651,0.703849765258216,0.5501618122977346,0.6779874213836478,0.6856287425149701,0.8801418439716312,0.634793337446021,0.7848643503093765,0.6830357142857143,0.7430639324487334,0.8212290502793296,0.839167935058346,0.6771653543307087,0.5141745414118954,0.647870892475209,0.7872053872053872,0.8941912771367103,0.7403314917127072,0.6892094417384789
80,0.7056,0.7954487343390437,0.7186053687133601,0.7352112676056338,0.5825242718446602,0.7050314465408805,0.6826347305389222,0.8673758865248227,0.6514497223935842,0.7620180866254165,0.6964285714285714,0.7551266586248492,0.7988826815642458,0.8280060882800608,0.6771653543307087,0.5441912173429683,0.6400933307408128,0.7867564534231201,0.8889106199882653,0.7458563535911602,0.6738478831022855,0.7954487343390437,0.7186053687133601,0.7352112676056338,0.5825242718446602,0.7050314465408805,0.6826347305389222,0.8673758865248227,0.6514497223935842,0.7620180866254165,0.6964285714285714,0.7551266586248492,0.7988826815642458,0.8280060882800608,0.6771653543307087,0.5441912173429683,0.6400933307408128,0.7867564534231201,0.8889106199882653,0.7458563535911602,0.6738478831022855
81,0.7051,0.8130912810023012,0.7417463745757482,0.704037558685446,0.5372168284789643,0.6949685534591195,0.6931137724550899,0.8680851063829788,0.6465144972239358,0.7767729652546407,0.6964285714285714,0.7478890229191797,0.8016759776536313,0.8224251648909183,0.7244094488188977,0.5138966092273485,0.6340657203966557,0.774635241301908,0.8990807744963818,0.7513812154696132,0.6982015736230798,0.8130912810023012,0.7417463745757482,0.704037558685446,0.5372168284789643,0.6949685534591195,0.6931137724550899,0.8680851063829788,0.6465144972239358,0.7767729652546407,0.6964285714285714,0.7478890229191797,0.8016759776536313,0.8224251648909183,0.7244094488188977,0.5138966092273485,0.6340657203966557,0.774635241301908,0.8990807744963818,0.7513812154696132,0.6982015736230798
82,0.7079,0.7857325492201483,0.7161369947547054,0.7353990610328639,0.5566343042071198,0.6993710691823899,0.6706586826347305,0.8680851063829788,0.6576187538556446,0.7701094716801523,0.6964285714285714,0.7521109770808203,0.8072625698324022,0.8346017250126839,0.6692913385826772,0.5355753196220122,0.6445654287380906,0.795959595959596,0.8883238803051047,0.7513812154696132,0.6695391532409142,0.7857325492201483,0.7161369947547054,0.7353990610328639,0.5566343042071198,0.6993710691823899,0.6706586826347305,0.8680851063829788,0.6576187538556446,0.7701094716801523,0.6964285714285714,0.7521109770808203,0.8072625698324022,0.8346017250126839,0.6692913385826772,0.5355753196220122,0.6445654287380906,0.795959595959596,0.8883238803051047,0.7513812154696132,0.6695391532409142
83,0.7068,0.8031194068013295,0.7244677568651651,0.7006572769953051,0.5631067961165048,0.6981132075471698,0.6931137724550899,0.8680851063829788,0.6613201727328809,0.7815326035221323,0.6875,0.746984318455971,0.8072625698324022,0.8209030948756976,0.6692913385826772,0.5314063368538077,0.643787672564651,0.7840628507295174,0.9016233131234109,0.7790055248618785,0.698388909704009,0.8031194068013295,0.7244677568651651,0.7006572769953051,0.5631067961165048,0.6981132075471698,0.6931137724550899,0.8680851063829788,0.6613201727328809,0.7815326035221323,0.6875,0.746984318455971,0.8072625698324022,0.8209030948756976,0.6692913385826772,0.5314063368538077,0.643787672564651,0.7840628507295174,0.9016233131234109,0.7790055248618785,0.698388909704009
84,0.7079,0.7939145998465865,0.7112002468373959,0.7153051643192488,0.5889967637540453,0.6937106918238993,0.6751497005988024,0.875177304964539,0.6681061073411474,0.7858162779628748,0.7098214285714286,0.7506031363088058,0.8324022346368715,0.821917808219178,0.6535433070866141,0.5503057254030017,0.6255104024888197,0.7777777777777778,0.9045570115392138,0.7513812154696132,0.6878980891719745,0.7939145998465865,0.7112002468373959,0.7153051643192488,0.5889967637540453,0.6937106918238993,0.6751497005988024,0.875177304964539,0.6681061073411474,0.7858162779628748,0.7098214285714286,0.7506031363088058,0.8324022346368715,0.821917808219178,0.6535433070866141,0.5503057254030017,0.6255104024888197,0.7777777777777778,0.9045570115392138,0.7513812154696132,0.6878980891719745
85,0.7081,0.7913577090258246,0.7186053687133601,0.7243192488262911,0.5598705501618123,0.6886792452830188,0.6781437125748503,0.8794326241134752,0.6477483035163479,0.7786768205616373,0.7053571428571429,0.7418576598311218,0.8156424581005587,0.8274987316083207,0.6456692913385826,0.5316842690383546,0.6385378183939335,0.7784511784511785,0.9018188930177977,0.7403314917127072,0.6959535406519296,0.7913577090258246,0.7186053687133601,0.7243192488262911,0.5598705501618123,0.6886792452830188,0.6781437125748503,0.8794326241134752,0.6477483035163479,0.7786768205616373,0.7053571428571429,0.7418576598311218,0.8156424581005587,0.8274987316083207,0.6456692913385826,0.5316842690383546,0.6385378183939335,0.7784511784511785,0.9018188930177977,0.7403314917127072,0.6959535406519296
86,0.7078,0.7895678854512912,0.7118173403270596,0.727887323943662,0.6019417475728155,0.7150943396226415,0.6856287425149701,0.8631205673758865,0.6773596545342381,0.7739171822941456,0.7410714285714286,0.7605548854041013,0.8072625698324022,0.8214104515474379,0.6141732283464567,0.5628126737076153,0.6249270853587401,0.7854096520763187,0.8975161353412869,0.7679558011049724,0.6895841139003372,0.7895678854512912,0.7118173403270596,0.727887323943662,0.6019417475728155,0.7150943396226415,0.6856287425149701,0.8631205673758865,0.6773596545342381,0.7739171822941456,0.7410714285714286,0.7605548854041013,0.8072625698324022,0.8214104515474379,0.6141732283464567,0.5628126737076153,0.6249270853587401,0.7854096520763187,0.8975161353412869,0.7679558011049724,0.6895841139003372
87,0.7064,0.8049092303758629,0.7297130515273064,0.7231924882629108,0.5760517799352751,0.7094339622641509,0.687125748502994,0.875177304964539,0.6773596545342381,0.7796287482151356,0.7098214285714286,0.7575392038600723,0.8240223463687151,0.8259766615930999,0.6456692913385826,0.5603112840466926,0.6255104024888197,0.775084175084175,0.8998630940739292,0.7292817679558011,0.6940801798426377,0.8049092303758629,0.7297130515273064,0.7231924882629108,0.5760517799352751,0.7094339622641509,0.687125748502994,0.875177304964539,0.6773596545342381,0.7796287482151356,0.7098214285714286,0.7575392038600723,0.8240223463687151,0.8259766615930999,0.6456692913385826,0.5603112840466926,0.6255104024888197,0.775084175084175,0.8998630940739292,0.7292817679558011,0.6940801798426377
88,0.7089,0.7895678854512912,0.722616476396174,0.7539906103286385,0.5469255663430421,0.70062893081761,0.6856287425149701,0.8716312056737588,0.6539173349784084,0.7682056163731557,0.7008928571428571,0.7551266586248492,0.8100558659217877,0.821917808219178,0.6535433070866141,0.5361311839911062,0.6612871864670425,0.7789001122334456,0.8951691766086446,0.7458563535911602,0.6997002622705133,0.7895678854512912,0.722616476396174,0.7539906103286385,0.5469255663430421,0.70062893081761,0.6856287425149701,0.8716312056737588,0.6539173349784084,0.7682056163731557,0.7008928571428571,0.7551266586248492,0.8100558659217877,0.821917808219178,0.6535433070866141,0.5361311839911062,0.6612871864670425,0.7789001122334456,0.8951691766086446,0.7458563535911602,0.6997002622705133
89,0.7079,0.8072104321145487,0.734341252699784,0.704225352112676,0.5501618122977346,0.7031446540880503,0.7050898203592815,0.8787234042553191,0.6650215916101172,0.780580675868634,0.6830357142857143,0.753015681544029,0.8212290502793296,0.8396752917300863,0.6771653543307087,0.5400222345747637,0.6422321602177717,0.7829405162738496,0.8990807744963818,0.7569060773480663,0.6860247283626827,0.8072104321145487,0.734341252699784,0.704225352112676,0.5501618122977346,0.7031446540880503,0.7050898203592815,0.8787234042553191,0.6650215916101172,0.780580675868634,0.6830357142857143,0.753015681544029,0.8212290502793296,0.8396752917300863,0.6771653543307087,0.5400222345747637,0.6422321602177717,0.7829405162738496,0.8990807744963818,0.7569060773480663,0.6860247283626827
90,0.7096,0.7964714906673485,0.7170626349892009,0.7230046948356808,0.5728155339805825,0.6886792452830188,0.6811377245508982,0.8787234042553191,0.6779765576804442,0.7829604950023799,0.6875,0.7478890229191797,0.8044692737430168,0.8356164383561644,0.6535433070866141,0.556420233463035,0.6375656231771339,0.7925925925925926,0.9018188930177977,0.7458563535911602,0.6835893593106033,0.7964714906673485,0.7170626349892009,0.7230046948356808,0.5728155339805825,0.6886792452830188,0.6811377245508982,0.8787234042553191,0.6779765576804442,0.7829604950023799,0.6875,0.7478890229191797,0.8044692737430168,0.8356164383561644,0.6535433070866141,0.556420233463035,0.6375656231771339,0.7925925925925926,0.9018188930177977,0.7458563535911602,0.6835893593106033
91,0.7037,0.8013295832267963,0.7257019438444925,0.7477934272300469,0.5372168284789643,0.7138364779874213,0.6961077844311377,0.8851063829787233,0.6304750154225787,0.7705854355069015,0.7008928571428571,0.7554282267792521,0.8100558659217877,0.8305428716387621,0.6614173228346457,0.49305169538632576,0.6622593816838421,0.7744107744107744,0.8990807744963818,0.7458563535911602,0.6667291120269764,0.8013295832267963,0.7257019438444925,0.7477934272300469,0.5372168284789643,0.7138364779874213,0.6961077844311377,0.8851063829787233,0.6304750154225787,0.7705854355069015,0.7008928571428571,0.7554282267792521,0.8100558659217877,0.8305428716387621,0.6614173228346457,0.49305169538632576,0.6622593816838421,0.7744107744107744,0.8990807744963818,0.7458563535911602,0.6667291120269764
92,0.7102,0.799795448734339,0.720765195927183,0.7367136150234742,0.5598705501618123,0.6893081761006289,0.6856287425149701,0.8595744680851064,0.6582356570018507,0.7743931461208948,0.7053571428571429,0.7515078407720145,0.7932960893854749,0.8198883815322171,0.6456692913385826,0.5289049471928849,0.6303713785728174,0.7910213243546577,0.9070995501662429,0.7403314917127072,0.6968902210565755,0.799795448734339,0.720765195927183,0.7367136150234742,0.5598705501618123,0.6893081761006289,0.6856287425149701,0.8595744680851064,0.6582356570018507,0.7743931461208948,0.7053571428571429,0.7515078407720145,0.7932960893854749,0.8198883815322171,0.6456692913385826,0.5289049471928849,0.6303713785728174,0.7910213243546577,0.9070995501662429,0.7403314917127072,0.6968902210565755
93,0.7075,0.8113014574277678,0.744214748534403,0.7156807511737089,0.5728155339805825,0.6993710691823899,0.7005988023952096,0.8652482269503546,0.6644046884639112,0.7615421227986673,0.7142857142857143,0.7518094089264173,0.8128491620111732,0.8335870116692035,0.6850393700787402,0.5486381322957199,0.6414544040443321,0.7968574635241302,0.8996675141795424,0.7292817679558011,0.6742225552641439,0.8113014574277678,0.744214748534403,0.7156807511737089,0.5728155339805825,0.6993710691823899,0.7005988023952096,0.8652482269503546,0.6644046884639112,0.7615421227986673,0.7142857142857143,0.7518094089264173,0.8128491620111732,0.8335870116692035,0.6850393700787402,0.5486381322957199,0.6414544040443321,0.7968574635241302,0.8996675141795424,0.7292817679558011,0.6742225552641439
94,0.7086,0.7862439273843007,0.7025609379821043,0.7412206572769953,0.5501618122977346,0.7069182389937106,0.6781437125748503,0.8957446808510638,0.6415792720542874,0.7839124226558781,0.7142857142857143,0.7593486127864898,0.8435754189944135,0.8406900050735667,0.6377952755905512,0.5108393551973318,0.6498152829088081,0.7822671156004489,0.9047525914336007,0.7182320441988951,0.6875234170101161,0.7862439273843007,0.7025609379821043,0.7412206572769953,0.5501618122977346,0.7069182389937106,0.6781437125748503,0.8957446808510638,0.6415792720542874,0.7839124226558781,0.7142857142857143,0.7593486127864898,0.8435754189944135,0.8406900050735667,0.6377952755905512,0.5108393551973318,0.6498152829088081,0.7822671156004489,0.9047525914336007,0.7182320441988951,0.6875234170101161
95,0.7063,0.7990283814881105,0.73033014501697,0.7369014084507042,0.5339805825242718,0.6855345911949685,0.688622754491018,0.8801418439716312,0.6458975940777298,0.7682056163731557,0.7053571428571429,0.7448733413751508,0.8156424581005587,0.823947234906139,0.6771653543307087,0.5163979988882713,0.6616760645537624,0.7910213243546577,0.9033835321728926,0.7624309392265194,0.6824653428250281,0.7990283814881105,0.73033014501697,0.7369014084507042,0.5339805825242718,0.6855345911949685,0.688622754491018,0.8801418439716312,0.6458975940777298,0.7682056163731557,0.7053571428571429,0.7448733413751508,0.8156424581005587,0.823947234906139,0.6771653543307087,0.5163979988882713,0.6616760645537624,0.7910213243546577,0.9033835321728926,0.7624309392265194,0.6824653428250281
96,0.7086,0.7992840705701867,0.7195310089478556,0.7149295774647887,0.5792880258899676,0.6943396226415094,0.6916167664670658,0.873758865248227,0.6816779765576805,0.7877201332698714,0.6785714285714286,0.7524125452352232,0.8268156424581006,0.8361237950279046,0.6614173228346457,0.5516953863257366,0.6245382072720203,0.7894500561167228,0.9053393311167612,0.7513812154696132,0.6965155488947171,0.7992840705701867,0.7195310089478556,0.7149295774647887,0.5792880258899676,0.6943396226415094,0.6916167664670658,0.873758865248227,0.6816779765576805,0.7877201332698714,0.6785714285714286,0.7524125452352232,0.8268156424581006,0.8361237950279046,0.6614173228346457,0.5516953863257366,0.6245382072720203,0.7894500561167228,0.9053393311167612,0.7513812154696132,0.6965155488947171
97,0.7048,0.8015852723088724,0.7294045047824745,0.7248826291079812,0.5469255663430421,0.6666666666666666,0.688622754491018,0.8624113475177305,0.6452806909315237,0.772013326987149,0.6830357142857143,0.7343184559710495,0.8072625698324022,0.839167935058346,0.7007874015748031,0.5158421345191774,0.6585650398600039,0.8004489337822671,0.9020144729121846,0.7734806629834254,0.687336080929187,0.8015852723088724,0.7294045047824745,0.7248826291079812,0.5469255663430421,0.6666666666666666,0.688622754491018,0.8624113475177305,0.6452806909315237,0.772013326987149,0.6830357142857143,0.7343184559710495,0.8072625698324022,0.839167935058346,0.7007874015748031,0.5158421345191774,0.6585650398600039,0.8004489337822671,0.9020144729121846,0.7734806629834254,0.687336080929187
98,0.7107,0.8123242137560727,0.7454489355137304,0.7228169014084507,0.5501618122977346,0.7069182389937106,0.7095808383233533,0.8588652482269503,0.6483652066625539,0.7810566396953832,0.7053571428571429,0.7659831121833535,0.8016759776536313,0.832572298325723,0.6771653543307087,0.5222345747637577,0.6198716702313825,0.7932659932659932,0.900254253862703,0.7679558011049724,0.7100037467216186,0.8123242137560727,0.7454489355137304,0.7228169014084507,0.5501618122977346,0.7069182389937106,0.7095808383233533,0.8588652482269503,0.6483652066625539,0.7810566396953832,0.7053571428571429,0.7659831121833535,0.8016759776536313,0.832572298325723,0.6771653543307087,0.5222345747637577,0.6198716702313825,0.7932659932659932,0.900254253862703,0.7679558011049724,0.7100037467216186
99,0.7109,0.7987726924060342,0.7309472385066338,0.7365258215962441,0.5372168284789643,0.7075471698113207,0.6991017964071856,0.873758865248227,0.6514497223935842,0.772013326987149,0.7053571428571429,0.7635705669481303,0.8156424581005587,0.8381532217148655,0.6535433070866141,0.5241801000555865,0.6463153801283298,0.7984287317620651,0.8957559162918052,0.7513812154696132,0.6798426376920195,0.7987726924060342,0.7309472385066338,0.7365258215962441,0.5372168284789643,0.7075471698113207,0.6991017964071856,0.873758865248227,0.6514497223935842,0.772013326987149,0.7053571428571429,0.7635705669481303,0.8156424581005587,0.8381532217148655,0.6535433070866141,0.5241801000555865,0.6463153801283298,0.7984287317620651,0.8957559162918052,0.7513812154696132,0.6798426376920195
100,0.6473,0.7310150856558425,0.755939524838013,0.7186854460093897,0.6116504854368932,0.6295597484276729,0.3143712574850299,0.8347517730496454,0.16471314003701418,0.5207044264635887,0.59375,0.620627261761158,0.6731843575418994,0.4074074074074074,0.29133858267716534,0.6270150083379655,0.36748979195022363,0.6145903479236813,0.6993937023274007,0.6132596685082873,0.6316972648932184,0.7310150856558425,0.755939524838013,0.7186854460093897,0.6116504854368932,0.6295597484276729,0.8098802395209581,0.8347517730496454,0.7877853177051203,0.9171822941456449,0.8080357142857143,0.620627261761158,0.6731843575418994,0.8614916286149162,0.7007874015748031,0.6270150083379655,0.9618899475014583,0.6145903479236813,0.6993937023274007,0.6132596685082873,0.6316972648932184
101,0.6481,0.7292252620813091,0.7445232952792348,0.7068544600938967,0.5631067961165048,0.6748427672955974,0.3338323353293413,0.826950354609929,0.18136952498457742,0.5249881009043312,0.5982142857142857,0.6417370325693607,0.6675977653631285,0.3997970573313039,0.29133858267716534,0.5692051139521956,0.3461014971806339,0.6606060606060606,0.7089771171523568,0.6408839779005525,0.6309479205695017,0.7292252620813091,0.7445232952792348,0.7068544600938967,0.5631067961165048,0.6748427672955974,0.8802395209580839,0.826950354609929,0.8550277606415793,0.9386006663493575,0.8928571428571429,0.6417370325693607,0.6675977653631285,0.8868594622019279,0.8267716535433071,0.5692051139521956,0.9714174606260937,0.6606060606060606,0.7089771171523568,0.6408839779005525,0.6309479205695017
102,0.6268,0.6903605216057275,0.734341252699784,0.7091079812206573,0.5307443365695793,0.6767295597484276,0.344311377245509,0.826950354609929,0.23627390499691547,0.5773441218467397,0.6160714285714286,0.635102533172497,0.6312849162011173,0.4003044140030441,0.2677165354330709,0.519177320733741,0.3262687147579234,0.6632996632996633,0.7500488949735967,0.6464088397790055,0.6311352566504309,0.6903605216057275,0.734341252699784,0.7091079812206573,0.5307443365695793,0.6767295597484276,0.9191616766467066,0.826950354609929,0.9204194941394201,0.9566872917658258,0.9017857142857143,0.635102533172497,0.6312849162011173,0.878234398782344,0.8661417322834646,0.519177320733741,0.97900058331713,0.6632996632996633,0.7500488949735967,0.6464088397790055,0.6311352566504309
103,0.6278,0.6663257478905651,0.7192224622030238,0.7432863849765258,0.47249190938511326,0.680503144654088,0.34281437125748504,0.8347517730496454,0.26958667489204197,0.5968586387434555,0.6160714285714286,0.617913148371532,0.6201117318435754,0.41603247082699135,0.29133858267716534,0.45775430794886046,0.331324129885281,0.6794612794612794,0.7719538431449247,0.6795580110497238,0.6185837392281753,0.6663257478905651,0.7192224622030238,0.7432863849765258,0.47249190938511326,0.680503144654088,0.9431137724550899,0.8347517730496454,0.9309068476249229,0.962874821513565,0.9330357142857143,0.617913148371532,0.6201117318435754,0.8792491121258245,0.889763779527559,0.45775430794886046,0.9799727785339296,0.6794612794612794,0.7719538431449247,0.6795580110497238,0.6185837392281753
104,0.6056,0.6778317565839939,0.7537796976241901,0.7436619718309859,0.43042071197411,0.6358490566037736,0.3338323353293413,0.8276595744680851,0.31893892658852563,0.6178010471204188,0.6116071428571429,0.6031363088057901,0.6033519553072626,0.45865043125317095,0.2677165354330709,0.415230683713174,0.33774061831615787,0.6024691358024692,0.7848621161744572,0.6022099447513812,0.6345073061071562,0.6778317565839939,0.7537796976241901,0.7436619718309859,0.43042071197411,0.6358490566037736,0.9550898203592815,0.8276595744680851,0.6162862430598396,0.9457401237505949,0.9642857142857143,0.6031363088057901,0.6033519553072626,0.45865043125317095,0.8976377952755905,0.415230683713174,0.985417071748007,0.6024691358024692,0.7848621161744572,0.6022099447513812,0.6345073061071562
105,0.6094,0.6798772692406034,0.7732181425485961,0.7100469483568075,0.48220064724919093,0.6584905660377358,0.3203592814371258,0.8723404255319149,0.2887106724244294,0.6368396001903855,0.625,0.6127864897466827,0.6256983240223464,0.4439370877727042,0.25984251968503935,0.4227348526959422,0.3964612094108497,0.5966329966329966,0.786622335223939,0.6187845303867403,0.6316972648932184,0.6798772692406034,0.7732181425485961,0.7100469483568075,0.48220064724919093,0.6584905660377358,0.3203592814371258,0.8723404255319149,0.2887106724244294,0.6368396001903855,0.9732142857142857,0.6127864897466827,0.6256983240223464,0.4439370877727042,0.9133858267716536,0.4227348526959422,0.3964612094108497,0.5966329966329966,0.786622335223939,0.6187845303867403,0.6316972648932184
106,0.598,0.6752748657632319,0.7806232644245603,0.7002816901408451,0.3851132686084142,0.6465408805031446,0.3203592814371258,0.8787234042553191,0.31030228254164094,0.6511185149928606,0.6428571428571429,0.6016284680337757,0.6284916201117319,0.45560629122272955,0.25196850393700787,0.3499166203446359,0.43807116468986973,0.6172839506172839,0.8079405437121064,0.6187845303867403,0.6541775946047209,0.6752748657632319,0.7806232644245603,0.7002816901408451,0.3851132686084142,0.6465408805031446,0.3203592814371258,0.8787234042553191,0.31030228254164094,0.6511185149928606,0.6428571428571429,0.6016284680337757,0.6284916201117319,0.45560629122272955,0.25196850393700787,0.3499166203446359,0.43807116468986973,0.6172839506172839,0.8079405437121064,0.6187845303867403,0.6541775946047209
107,0.5978,0.6586550754282792,0.7633446467139772,0.7143661971830986,0.4368932038834951,0.6477987421383647,0.3083832335329341,0.873758865248227,0.34114743985194323,0.6796763445978106,0.6339285714285714,0.5980096501809409,0.6033519553072626,0.45104008117706745,0.25984251968503935,0.39549749861033906,0.42173828504763755,0.6053872053872054,0.8253471543125367,0.6243093922651933,0.673285874859498,0.6586550754282792,0.7633446467139772,0.7143661971830986,0.4368932038834951,0.6477987421383647,0.3083832335329341,0.873758865248227,0.34114743985194323,0.6796763445978106,0.7723214285714286,0.5980096501809409,0.6033519553072626,0.45104008117706745,0.25984251968503935,0.39549749861033906,0.42173828504763755,0.6053872053872054,0.8253471543125367,0.6243093922651933,0.673285874859498
108,0.6015,0.6745077985170034,0.7778463437210738,0.6985915492957746,0.3592233009708738,0.6540880503144654,0.3143712574850299,0.8702127659574468,0.3349784083898828,0.6563541170871013,0.6383928571428571,0.6088661037394452,0.6229050279329609,0.4535768645357686,0.25196850393700787,0.32962757087270705,0.431265798172273,0.6161616161616161,0.8048112654019167,0.5966850828729282,0.6789059572873736,0.6745077985170034,0.7778463437210738,0.6985915492957746,0.3592233009708738,0.6540880503144654,0.3143712574850299,0.8702127659574468,0.3349784083898828,0.6563541170871013,0.8169642857142857,0.6088661037394452,0.6229050279329609,0.4535768645357686,0.25196850393700787,0.32962757087270705,0.431265798172273,0.6161616161616161,0.8048112654019167,0.5966850828729282,0.6789059572873736
109,0.5904,0.6650473024801841,0.763653193458809,0.7245070422535211,0.39158576051779936,0.6616352201257861,0.3158682634730539,0.8687943262411347,0.3571869216533004,0.6839600190385531,0.6383928571428571,0.6052472858866104,0.5893854748603352,0.4550989345509893,0.2440944881889764,0.35797665369649806,0.4230993583511569,0.5831649831649832,0.8284764326227264,0.6022099447513812,0.6487448482577745,0.6650473024801841,0.763653193458809,0.7245070422535211,0.39158576051779936,0.6616352201257861,0.3158682634730539,0.8687943262411347,0.3571869216533004,0.6839600190385531,0.8392857142857143,0.6052472858866104,0.5893854748603352,0.4550989345509893,0.2440944881889764,0.35797665369649806,0.4230993583511569,0.5831649831649832,0.8284764326227264,0.6022099447513812,0.6487448482577745
110,0.5907,0.6821784709792892,0.7895711200246838,0.6908920187793427,0.3559870550161812,0.6622641509433962,0.3188622754491018,0.8858156028368794,0.3528685996298581,0.6592099000475964,0.6339285714285714,0.6112786489746683,0.6089385474860335,0.46778285134449515,0.23622047244094488,0.33240689271817675,0.45090414155162356,0.5964085297418631,0.8155681595931938,0.6077348066298343,0.644248782315474,0.6821784709792892,0.7895711200246838,0.6908920187793427,0.3559870550161812,0.6622641509433962,0.3188622754491018,0.8858156028368794,0.3528685996298581,0.6592099000475964,0.8794642857142857,0.6112786489746683,0.6089385474860335,0.46778285134449515,0.23622047244094488,0.33240689271817675,0.45090414155162356,0.5964085297418631,0.8155681595931938,0.6077348066298343,0.644248782315474
111,0.5938,0.6670928151367936,0.767664301141623,0.7261971830985916,0.37216828478964403,0.6553459119496855,0.3218562874251497,0.8659574468085106,0.36520666255397904,0.6653974297953356,0.6428571428571429,0.6106755126658625,0.6089385474860335,0.4687975646879756,0.25196850393700787,0.31712062256809337,0.4349601399961112,0.6024691358024692,0.8177195384314493,0.5911602209944752,0.6586736605470214,0.6670928151367936,0.767664301141623,0.7261971830985916,0.37216828478964403,0.6553459119496855,0.3218562874251497,0.8659574468085106,0.36520666255397904,0.6653974297953356,0.875,0.6106755126658625,0.6089385474860335,0.4687975646879756,0.25196850393700787,0.31712062256809337,0.4349601399961112,0.6024691358024692,0.8177195384314493,0.5911602209944752,0.6586736605470214
112,0.5836,0.6612119662490412,0.7818574514038877,0.7053521126760564,0.36893203883495146,0.6433962264150943,0.3083832335329341,0.8851063829787233,0.3676742751388032,0.6968110423607806,0.6116071428571429,0.5980096501809409,0.6005586592178771,0.4880771182141045,0.2283464566929134,0.34213451917732074,0.4549873614621816,0.5640852974186308,0.8388421670252298,0.569060773480663,0.667291120269764,0.6612119662490412,0.7818574514038877,0.7053521126760564,0.36893203883495146,0.6433962264150943,0.3083832335329341,0.8851063829787233,0.3676742751388032,0.6968110423607806,0.8616071428571429,0.5980096501809409,0.6005586592178771,0.4880771182141045,0.2283464566929134,0.34213451917732074,0.4549873614621816,0.5640852974186308,0.8388421670252298,0.569060773480663,0.667291120269764
113,0.5987,0.6750191766811557,0.7775377969762419,0.715868544600939,0.36245954692556637,0.6465408805031446,0.312874251497006,0.8709219858156029,0.36397285626156695,0.6673012851023322,0.6205357142857143,0.6001206272617612,0.6089385474860335,0.4637239979705733,0.2283464566929134,0.32684824902723736,0.44273770173050747,0.6145903479236813,0.8175239585370624,0.5966850828729282,0.6659797677032596,0.6750191766811557,0.7775377969762419,0.715868544600939,0.36245954692556637,0.6465408805031446,0.312874251497006,0.8709219858156029,0.36397285626156695,0.6673012851023322,0.875,0.6001206272617612,0.6089385474860335,0.4637239979705733,0.2283464566929134,0.32684824902723736,0.44273770173050747,0.6145903479236813,0.8175239585370624,0.5966850828729282,0.6659797677032596
114,0.5919,0.6499616466376885,0.7719839555692688,0.72,0.41423948220064727,0.6528301886792452,0.31137724550898205,0.8808510638297873,0.3658235657001851,0.7044264635887673,0.6473214285714286,0.6028347406513872,0.6033519553072626,0.471841704718417,0.2283464566929134,0.36964980544747084,0.43651565234299045,0.6008978675645342,0.8347349892431059,0.585635359116022,0.6590483327088797,0.6499616466376885,0.7719839555692688,0.72,0.41423948220064727,0.6528301886792452,0.31137724550898205,0.8808510638297873,0.3658235657001851,0.7044264635887673,0.6473214285714286,0.6028347406513872,0.6033519553072626,0.471841704718417,0.2283464566929134,0.36964980544747084,0.43651565234299045,0.6008978675645342,0.8347349892431059,0.585635359116022,0.6590483327088797
115,0.5953,0.6745077985170034,0.7704412218451095,0.7126760563380282,0.37216828478964403,0.6421383647798742,0.3158682634730539,0.8822695035460993,0.35348550277606416,0.6758686339838172,0.6339285714285714,0.5922798552472859,0.6256983240223464,0.46321664129883305,0.2125984251968504,0.3218454697053919,0.4460431654676259,0.6127946127946128,0.822217876002347,0.5966850828729282,0.6659797677032596,0.6745077985170034,0.7704412218451095,0.7126760563380282,0.37216828478964403,0.6421383647798742,0.3158682634730539,0.8822695035460993,0.35348550277606416,0.6758686339838172,0.6339285714285714,0.5922798552472859,0.6256983240223464,0.46321664129883305,0.2125984251968504,0.3218454697053919,0.4460431654676259,0.6127946127946128,0.822217876002347,0.5966850828729282,0.6659797677032596
116,0.5911,0.6826898491434416,0.7874112928108609,0.7196244131455399,0.3851132686084142,0.6459119496855346,0.31137724550898205,0.8723404255319149,0.364589759407773,0.6606377915278439,0.6473214285714286,0.6070566948130277,0.5977653631284916,0.4840182648401826,0.2204724409448819,0.3471372984991662,0.45615399572234105,0.572615039281706,0.8177195384314493,0.5580110497237569,0.6440614462345448,0.6826898491434416,0.7874112928108609,0.7196244131455399,0.3851132686084142,0.6459119496855346,0.31137724550898205,0.8723404255319149,0.364589759407773,0.6606377915278439,0.6473214285714286,0.6070566948130277,0.5977653631284916,0.4840182648401826,0.2204724409448819,0.3471372984991662,0.45615399572234105,0.572615039281706,0.8177195384314493,0.5580110497237569,0.6440614462345448
117,0.5926,0.663513167987727,0.7722925023141006,0.7205633802816901,0.37540453074433655,0.6465408805031446,0.3263473053892216,0.875177304964539,0.3775447254780999,0.6849119466920514,0.6696428571428571,0.5983112183353438,0.611731843575419,0.4759005580923389,0.2125984251968504,0.32073374096720403,0.4534318491153024,0.6004489337822672,0.8286720125171132,0.6022099447513812,0.6699138254027726,0.663513167987727,0.7722925023141006,0.7205633802816901,0.37540453074433655,0.6465408805031446,0.3263473053892216,0.875177304964539,0.3775447254780999,0.6849119466920514,0.6696428571428571,0.5983112183353438,0.611731843575419,0.4759005580923389,0.2125984251968504,0.32073374096720403,0.4534318491153024,0.6004489337822672,0.8286720125171132,0.6022099447513812,0.6699138254027726
118,0.5852,0.6440807977499361,0.7621104597346497,0.7248826291079812,0.4045307443365696,0.6465408805031446,0.3263473053892216,0.8794326241134752,0.37939543491671807,0.7015706806282722,0.6339285714285714,0.5968033775633294,0.6005586592178771,0.504312531709792,0.23622047244094488,0.3376876042245692,0.44779311685786505,0.5555555555555556,0.8417758654410327,0.5469613259668509,0.6794679655301611,0.6440807977499361,0.7621104597346497,0.7248826291079812,0.4045307443365696,0.6465408805031446,0.3263473053892216,0.8794326241134752,0.37939543491671807,0.7015706806282722,0.6339285714285714,0.5968033775633294,0.6005586592178771,0.504312531709792,0.23622047244094488,0.3376876042245692,0.44779311685786505,0.5555555555555556,0.8417758654410327,0.5469613259668509,0.6794679655301611
119,0.6037,0.6878036307849655,0.7722925023141006,0.7288262910798122,0.3948220064724919,0.6679245283018868,0.32335329341317365,0.8659574468085106,0.33867982726711904,0.6435030937648739,0.6428571428571429,0.6161037394451147,0.6201117318435754,0.4895991882293252,0.2125984251968504,0.3504724847137298,0.4505152634649037,0.5829405162738496,0.7938587913162527,0.6022099447513812,0.6601723491944549,0.6878036307849655,0.7722925023141006,0.7288262910798122,0.3948220064724919,0.6679245283018868,0.32335329341317365,0.8659574468085106,0.33867982726711904,0.6435030937648739,0.6428571428571429,0.6161037394451147,0.6201117318435754,0.4895991882293252,0.2125984251968504,0.3504724847137298,0.4505152634649037,0.5829405162738496,0.7938587913162527,0.6022099447513812,0.6601723491944549
120,0.5934,0.6571209409358221,0.7722925023141006,0.7169953051643192,0.4045307443365696,0.6484276729559748,0.32335329341317365,0.8808510638297873,0.3701418877236274,0.7001427891480247,0.6383928571428571,0.5992159227985525,0.6005586592178771,0.4855403348554033,0.2283464566929134,0.3624235686492496,0.4409877503402683,0.5845117845117845,0.8421670252298064,0.6022099447513812,0.6777819408017984,0.6571209409358221,0.7722925023141006,0.7169953051643192,0.4045307443365696,0.6484276729559748,0.32335329341317365,0.8808510638297873,0.3701418877236274,0.7001427891480247,0.6383928571428571,0.5992159227985525,0.6005586592178771,0.4855403348554033,0.2283464566929134,0.3624235686492496,0.4409877503402683,0.5845117845117845,0.8421670252298064,0.6022099447513812,0.6777819408017984
121,0.5899,0.6739964203528509,0.7904967602591793,0.7237558685446009,0.37540453074433655,0.6477987421383647,0.31137724550898205,0.8638297872340426,0.3726095003084516,0.6872917658257972,0.6383928571428571,0.6010253317249699,0.6089385474860335,0.4865550481988838,0.2204724409448819,0.31656475819899943,0.4629593622399378,0.5784511784511784,0.8273029532564052,0.5414364640883977,0.67740726863994,0.6739964203528509,0.7904967602591793,0.7237558685446009,0.37540453074433655,0.6477987421383647,0.31137724550898205,0.8638297872340426,0.3726095003084516,0.6872917658257972,0.6383928571428571,0.6010253317249699,0.6089385474860335,0.4865550481988838,0.2204724409448819,0.31656475819899943,0.4629593622399378,0.5784511784511784,0.8273029532564052,0.5414364640883977,0.67740726863994
122,0.6009,0.6939401687547941,0.7849429188522061,0.7145539906103286,0.33980582524271846,0.6496855345911949,0.3398203592814371,0.8638297872340426,0.3466995681677977,0.6477867682056164,0.6339285714285714,0.606151990349819,0.611731843575419,0.4596651445966514,0.23622047244094488,0.32406892718176766,0.4481819949445849,0.631425364758698,0.8012908273029532,0.6243093922651933,0.6674784563506931,0.6939401687547941,0.7849429188522061,0.7145539906103286,0.33980582524271846,0.6496855345911949,0.3398203592814371,0.8638297872340426,0.3466995681677977,0.6477867682056164,0.6339285714285714,0.606151990349819,0.611731843575419,0.4596651445966514,0.23622047244094488,0.32406892718176766,0.4481819949445849,0.631425364758698,0.8012908273029532,0.6243093922651933,0.6674784563506931
123,0.5856,0.670161084121708,0.7954335081764887,0.7012206572769953,0.4045307443365696,0.6559748427672956,0.3248502994011976,0.875886524822695,0.3775447254780999,0.6877677296525464,0.6383928571428571,0.6139927623642943,0.5921787709497207,0.49365804160324706,0.2125984251968504,0.3718732629238466,0.4662648259770562,0.5679012345679012,0.8359084686094269,0.56353591160221,0.6553016110902959,0.670161084121708,0.7954335081764887,0.7012206572769953,0.4045307443365696,0.6559748427672956,0.3248502994011976,0.875886524822695,0.3775447254780999,0.6877677296525464,0.6383928571428571,0.6139927623642943,0.5921787709497207,0.49365804160324706,0.2125984251968504,0.3718732629238466,0.4662648259770562,0.5679012345679012,0.8359084686094269,0.56353591160221,0.6553016110902959
124,0.6018,0.6788545129122986,0.7673557543967912,0.7370892018779343,0.34627831715210355,0.6553459119496855,0.3323353293413174,0.8680851063829788,0.34238124614435533,0.6634935744883389,0.6383928571428571,0.609167671893848,0.6229050279329609,0.4855403348554033,0.2283464566929134,0.3187882156753752,0.45615399572234105,0.6166105499438833,0.8040289458243692,0.6132596685082873,0.6779692768827276,0.6788545129122986,0.7673557543967912,0.7370892018779343,0.34627831715210355,0.6553459119496855,0.3323353293413174,0.8680851063829788,0.34238124614435533,0.6634935744883389,0.6383928571428571,0.609167671893848,0.6229050279329609,0.4855403348554033,0.2283464566929134,0.3187882156753752,0.45615399572234105,0.6166105499438833,0.8040289458243692,0.6132596685082873,0.6779692768827276
125,0.5935,0.6525185374584506,0.7704412218451095,0.7077934272300469,0.4110032362459547,0.6628930817610063,0.3278443113772455,0.8815602836879433,0.36027143738433065,0.7010947168015231,0.6294642857142857,0.6028347406513872,0.6005586592178771,0.48148148148148145,0.2204724409448819,0.3699277376320178,0.4528485319852226,0.611672278338945,0.8452963035399961,0.6132596685082873,0.6719745222929936,0.6525185374584506,0.7704412218451095,0.7077934272300469,0.4110032362459547,0.6628930817610063,0.3278443113772455,0.8815602836879433,0.36027143738433065,0.7010947168015231,0.6294642857142857,0.6028347406513872,0.6005586592178771,0.48148148148148145,0.2204724409448819,0.3699277376320178,0.4528485319852226,0.611672278338945,0.8452963035399961,0.6132596685082873,0.6719745222929936
126,0.5778,0.6678598823830223,0.7883369330453563,0.7151173708920188,0.36245954692556637,0.6534591194968553,0.3188622754491018,0.8716312056737588,0.38741517581739665,0.6910994764397905,0.6428571428571429,0.6103739445114595,0.5921787709497207,0.49974632166412986,0.2047244094488189,0.34380211228460256,0.46782033832393544,0.5468013468013468,0.8398200664971641,0.56353591160221,0.6661671037841889,0.6678598823830223,0.7883369330453563,0.7151173708920188,0.36245954692556637,0.6534591194968553,0.3188622754491018,0.8716312056737588,0.38741517581739665,0.6910994764397905,0.6428571428571429,0.6103739445114595,0.5921787709497207,0.49974632166412986,0.2047244094488189,0.34380211228460256,0.46782033832393544,0.5468013468013468,0.8398200664971641,0.56353591160221,0.6661671037841889
127,0.5938,0.6888263871132703,0.7880283863005245,0.7192488262910798,0.40129449838187703,0.6572327044025157,0.3248502994011976,0.8645390070921986,0.35101789019123997,0.6644455021418372,0.6160714285714286,0.6127864897466827,0.6201117318435754,0.49213597158802636,0.2047244094488189,0.3593663146192329,0.47112580206105387,0.5791245791245792,0.8018775669861138,0.574585635359116,0.6710378418883477,0.6888263871132703,0.7880283863005245,0.7192488262910798,0.40129449838187703,0.6572327044025157,0.3248502994011976,0.8645390070921986,0.35101789019123997,0.6644455021418372,0.6160714285714286,0.6127864897466827,0.6201117318435754,0.49213597158802636,0.2047244094488189,0.3593663146192329,0.47112580206105387,0.5791245791245792,0.8018775669861138,0.574585635359116,0.6710378418883477
128,0.59,0.6489388903093838,0.7633446467139772,0.7222535211267606,0.40129449838187703,0.6849056603773584,0.3203592814371258,0.8801418439716312,0.3756940160394818,0.6987148976677773,0.6473214285714286,0.623341375150784,0.6005586592178771,0.4946727549467275,0.2047244094488189,0.37687604224569204,0.4549873614621816,0.5914702581369248,0.8271073733620183,0.5966850828729282,0.6624203821656051,0.6489388903093838,0.7633446467139772,0.7222535211267606,0.40129449838187703,0.6849056603773584,0.3203592814371258,0.8801418439716312,0.3756940160394818,0.6987148976677773,0.6473214285714286,0.623341375150784,0.6005586592178771,0.4946727549467275,0.2047244094488189,0.37687604224569204,0.4549873614621816,0.5914702581369248,0.8271073733620183,0.5966850828729282,0.6624203821656051
129,0.597,0.6681155714650985,0.7726010490589325,0.7209389671361502,0.36893203883495146,0.6377358490566037,0.3203592814371258,0.8680851063829788,0.36829117828500924,0.6906235126130414,0.6294642857142857,0.5910735826296744,0.6005586592178771,0.4713343480466768,0.2125984251968504,0.3565869927737632,0.45459848337546177,0.6181818181818182,0.8357128887150401,0.5966850828729282,0.6850880479580367,0.6681155714650985,0.7726010490589325,0.7209389671361502,0.36893203883495146,0.6377358490566037,0.3203592814371258,0.8680851063829788,0.36829117828500924,0.6906235126130414,0.6294642857142857,0.5910735826296744,0.6005586592178771,0.4713343480466768,0.2125984251968504,0.3565869927737632,0.45459848337546177,0.6181818181818182,0.8357128887150401,0.5966850828729282,0.6850880479580367
130,0.5954,0.6903605216057275,0.7911138537488429,0.7305164319248826,0.3948220064724919,0.6352201257861635,0.3158682634730539,0.8780141843971632,0.3553362122146823,0.6673012851023322,0.6205357142857143,0.5928829915560917,0.6145251396648045,0.48452562151192285,0.2047244094488189,0.3460255697609783,0.483375461792728,0.5658810325476992,0.8147858400156464,0.5911602209944752,0.6549269389284376,0.6903605216057275,0.7911138537488429,0.7305164319248826,0.3948220064724919,0.6352201257861635,0.3158682634730539,0.8780141843971632,0.3553362122146823,0.6673012851023322,0.6205357142857143,0.5928829915560917,0.6145251396648045,0.48452562151192285,0.2047244094488189,0.3460255697609783,0.483375461792728,0.5658810325476992,0.8147858400156464,0.5911602209944752,0.6549269389284376
131,0.5834,0.6586550754282792,0.7506942301758717,0.7213145539906103,0.42718446601941745,0.6289308176100629,0.3248502994011976,0.8666666666666667,0.38741517581739665,0.6868158019990481,0.6294642857142857,0.5995174909529554,0.6033519553072626,0.5134449518011162,0.2047244094488189,0.3707615341856587,0.4495430682481042,0.5566778900112234,0.8308233913553686,0.5469613259668509,0.6907081303859123,0.6586550754282792,0.7506942301758717,0.7213145539906103,0.42718446601941745,0.6289308176100629,0.3248502994011976,0.8666666666666667,0.38741517581739665,0.6868158019990481,0.6294642857142857,0.5995174909529554,0.6033519553072626,0.5134449518011162,0.2047244094488189,0.3707615341856587,0.4495430682481042,0.5566778900112234,0.8308233913553686,0.5469613259668509,0.6907081303859123
132,0.5934,0.6796215801585272,0.7772292502314101,0.7183098591549296,0.42394822006472493,0.6484276729559748,0.3143712574850299,0.8723404255319149,0.3479333744602097,0.6663493574488338,0.6205357142857143,0.6070566948130277,0.6340782122905028,0.4941653982749873,0.2047244094488189,0.36353529738743745,0.4930974139607233,0.5667789001122334,0.805789164873851,0.585635359116022,0.6532409142000749,0.6796215801585272,0.7772292502314101,0.7183098591549296,0.42394822006472493,0.6484276729559748,0.3143712574850299,0.8723404255319149,0.3479333744602097,0.6663493574488338,0.6205357142857143,0.6070566948130277,0.6340782122905028,0.4941653982749873,0.2047244094488189,0.36353529738743745,0.4930974139607233,0.5667789001122334,0.805789164873851,0.585635359116022,0.6532409142000749
133,0.5861,0.6589107645103555,0.7849429188522061,0.7053521126760564,0.39805825242718446,0.6446540880503144,0.33083832335329344,0.8645390070921986,0.3837137569401604,0.7053783912422655,0.6517857142857143,0.606453558504222,0.6089385474860335,0.4961948249619482,0.2204724409448819,0.3371317398554753,0.4860976083997667,0.5824915824915825,0.8362996283982007,0.585635359116022,0.6937055076807793,0.6589107645103555,0.7849429188522061,0.7053521126760564,0.39805825242718446,0.6446540880503144,0.33083832335329344,0.8645390070921986,0.3837137569401604,0.7053783912422655,0.6517857142857143,0.606453558504222,0.6089385474860335,0.4961948249619482,0.2204724409448819,0.3371317398554753,0.4860976083997667,0.5824915824915825,0.8362996283982007,0.585635359116022,0.6937055076807793
134,0.596,0.6745077985170034,0.7621104597346497,0.7303286384976526,0.42071197411003236,0.6578616352201258,0.33532934131736525,0.8553191489361702,0.3417643429981493,0.6501665873393622,0.6294642857142857,0.614897466827503,0.6201117318435754,0.4972095383054287,0.2283464566929134,0.3707615341856587,0.46276492319657786,0.5820426487093153,0.8020731468805007,0.569060773480663,0.6671037841888348,0.6745077985170034,0.7621104597346497,0.7303286384976526,0.42071197411003236,0.6578616352201258,0.33532934131736525,0.8553191489361702,0.3417643429981493,0.6501665873393622,0.6294642857142857,0.614897466827503,0.6201117318435754,0.4972095383054287,0.2283464566929134,0.3707615341856587,0.46276492319657786,0.5820426487093153,0.8020731468805007,0.569060773480663,0.6671037841888348
135,0.5827,0.6660700588084889,0.7886454797901882,0.7070422535211267,0.3948220064724919,0.6094339622641509,0.3008982035928144,0.873758865248227,0.38433066008636646,0.6991908614945264,0.6205357142857143,0.5723763570566948,0.6061452513966481,0.4961948249619482,0.2047244094488189,0.35714285714285715,0.4987361462181606,0.5907968574635242,0.8396244866027772,0.580110497237569,0.6620457100037467,0.6660700588084889,0.7886454797901882,0.7070422535211267,0.3948220064724919,0.6094339622641509,0.3008982035928144,0.873758865248227,0.38433066008636646,0.6991908614945264,0.6205357142857143,0.5723763570566948,0.6061452513966481,0.4961948249619482,0.2047244094488189,0.35714285714285715,0.4987361462181606,0.5907968574635242,0.8396244866027772,0.580110497237569,0.6620457100037467
136,0.586,0.663513167987727,0.7658130206726319,0.7143661971830986,0.3656957928802589,0.6572327044025157,0.3188622754491018,0.8673758865248227,0.3621221468229488,0.6872917658257972,0.6294642857142857,0.6094692400482509,0.6061452513966481,0.5139523084728564,0.23622047244094488,0.35797665369649806,0.4639315574567373,0.5672278338945006,0.8251515744181498,0.580110497237569,0.6809666541775946,0.663513167987727,0.7658130206726319,0.7143661971830986,0.3656957928802589,0.6572327044025157,0.3188622754491018,0.8673758865248227,0.3621221468229488,0.6872917658257972,0.6294642857142857,0.6094692400482509,0.6061452513966481,0.5139523084728564,0.23622047244094488,0.35797665369649806,0.4639315574567373,0.5672278338945006,0.8251515744181498,0.580110497237569,0.6809666541775946
137,0.5961,0.6762976220915367,0.7729095958037643,0.716056338028169,0.4336569579288026,0.6396226415094339,0.32335329341317365,0.8659574468085106,0.3429981492905614,0.680628272251309,0.6339285714285714,0.6010253317249699,0.6201117318435754,0.48452562151192285,0.2047244094488189,0.3810450250138966,0.477153412405211,0.5955106621773288,0.8147858400156464,0.6077348066298343,0.6730985387785687,0.6762976220915367,0.7729095958037643,0.716056338028169,0.4336569579288026,0.6396226415094339,0.32335329341317365,0.8659574468085106,0.3429981492905614,0.680628272251309,0.6339285714285714,0.6010253317249699,0.6201117318435754,0.48452562151192285,0.2047244094488189,0.3810450250138966,0.477153412405211,0.5955106621773288,0.8147858400156464,0.6077348066298343,0.6730985387785687
138,0.5775,0.6706724622858604,0.7772292502314101,0.7104225352112676,0.3559870550161812,0.6477987421383647,0.32934131736526945,0.8815602836879433,0.38741517581739665,0.6906235126130414,0.6383928571428571,0.611881785283474,0.6229050279329609,0.5230847285641806,0.2283464566929134,0.3318510283490828,0.4892086330935252,0.509090909090909,0.8302366516722081,0.5027624309392266,0.6764705882352942,0.6706724622858604,0.7772292502314101,0.7104225352112676,0.3559870550161812,0.6477987421383647,0.32934131736526945,0.8815602836879433,0.38741517581739665,0.6906235126130414,0.6383928571428571,0.611881785283474,0.6229050279329609,0.5230847285641806,0.2283464566929134,0.3318510283490828,0.4892086330935252,0.509090909090909,0.8302366516722081,0.5027624309392266,0.6764705882352942
139,0.585,0.67808744566607,0.7908053070040111,0.6828169014084507,0.3818770226537217,0.6408805031446541,0.3218562874251497,0.8645390070921986,0.35101789019123997,0.681104236078058,0.6339285714285714,0.5943908323281062,0.6145251396648045,0.47082699137493655,0.23622047244094488,0.3407448582545859,0.49679175578456153,0.6022446689113355,0.8298454918834344,0.585635359116022,0.6637317347321094,0.67808744566607,0.7908053070040111,0.6828169014084507,0.3818770226537217,0.6408805031446541,0.3218562874251497,0.8645390070921986,0.35101789019123997,0.681104236078058,0.6339285714285714,0.5943908323281062,0.6145251396648045,0.47082699137493655,0.23622047244094488,0.3407448582545859,0.49679175578456153,0.6022446689113355,0.8298454918834344,0.585635359116022,0.6637317347321094
140,0.5824,0.6627461007414983,0.7685899413761185,0.7083568075117371,0.3786407766990291,0.6383647798742138,0.3248502994011976,0.8702127659574468,0.37939543491671807,0.6958591147072822,0.6294642857142857,0.603437876960193,0.6033519553072626,0.5124302384576357,0.2204724409448819,0.35436353529738746,0.4586817032860198,0.5546576879910213,0.8341482495599453,0.5359116022099447,0.7004496065942301,0.6627461007414983,0.7685899413761185,0.7083568075117371,0.3786407766990291,0.6383647798742138,0.3248502994011976,0.8702127659574468,0.37939543491671807,0.6958591147072822,0.6294642857142857,0.603437876960193,0.6033519553072626,0.5124302384576357,0.2204724409448819,0.35436353529738746,0.4586817032860198,0.5546576879910213,0.8341482495599453,0.5359116022099447,0.7004496065942301
141,0.5867,0.6816670928151368,0.796976241900648,0.7092957746478873,0.3883495145631068,0.6446540880503144,0.31736526946107785,0.875886524822695,0.3553362122146823,0.6853879105188005,0.6160714285714286,0.6055488540410132,0.6089385474860335,0.5068493150684932,0.2047244094488189,0.3560311284046693,0.49193077970056387,0.5429854096520763,0.8257383141013104,0.5414364640883977,0.683402023229674,0.6816670928151368,0.796976241900648,0.7092957746478873,0.3883495145631068,0.6446540880503144,0.31736526946107785,0.875886524822695,0.3553362122146823,0.6853879105188005,0.6160714285714286,0.6055488540410132,0.6089385474860335,0.5068493150684932,0.2047244094488189,0.3560311284046693,0.49193077970056387,0.5429854096520763,0.8257383141013104,0.5414364640883977,0.683402023229674
142,0.5959,0.667604193300946,0.7590249922863314,0.7290140845070423,0.3948220064724919,0.6371069182389937,0.3278443113772455,0.8638297872340426,0.3689080814312153,0.6634935744883389,0.6116071428571429,0.6025331724969843,0.6033519553072626,0.480466768138001,0.2204724409448819,0.3532518065591996,0.4615982889364184,0.6246913580246913,0.8179151183258361,0.6132596685082873,0.674409891345073,0.667604193300946,0.7590249922863314,0.7290140845070423,0.3948220064724919,0.6371069182389937,0.3278443113772455,0.8638297872340426,0.3689080814312153,0.6634935744883389,0.6116071428571429,0.6025331724969843,0.6033519553072626,0.480466768138001,0.2204724409448819,0.3532518065591996,0.4615982889364184,0.6246913580246913,0.8179151183258361,0.6132596685082873,0.674409891345073
143,0.5805,0.6532856047046791,0.7716754088244369,0.7126760563380282,0.4401294498381877,0.6591194968553459,0.3248502994011976,0.874468085106383,0.3466995681677977,0.7034745359352689,0.6339285714285714,0.609167671893848,0.5921787709497207,0.5032978183663115,0.2047244094488189,0.40244580322401335,0.4897919502236049,0.5526374859708193,0.8509681204772149,0.5469613259668509,0.6637317347321094,0.6532856047046791,0.7716754088244369,0.7126760563380282,0.4401294498381877,0.6591194968553459,0.3248502994011976,0.874468085106383,0.3466995681677977,0.7034745359352689,0.6339285714285714,0.609167671893848,0.5921787709497207,0.5032978183663115,0.2047244094488189,0.40244580322401335,0.4897919502236049,0.5526374859708193,0.8509681204772149,0.5469613259668509,0.6637317347321094
144,0.6038,0.6957299923293275,0.7682813946312866,0.7143661971830986,0.39805825242718446,0.6672955974842767,0.3323353293413174,0.8652482269503546,0.3207896360271437,0.6163731556401714,0.6383928571428571,0.6305790108564535,0.6396648044692738,0.4824961948249619,0.23622047244094488,0.349082823790995,0.46723702119385574,0.6103254769921437,0.7803637786035595,0.6077348066298343,0.6641064068939678,0.6957299923293275,0.7682813946312866,0.7143661971830986,0.39805825242718446,0.6672955974842767,0.3323353293413174,0.8652482269503546,0.3207896360271437,0.6163731556401714,0.6383928571428571,0.6305790108564535,0.6396648044692738,0.4824961948249619,0.23622047244094488,0.349082823790995,0.46723702119385574,0.6103254769921437,0.7803637786035595,0.6077348066298343,0.6641064068939678
145,0.5776,0.6474047558169266,0.7775377969762419,0.6976525821596244,0.4077669902912621,0.6496855345911949,0.3218562874251497,0.8673758865248227,0.38309685379395436,0.7001427891480247,0.6473214285714286,0.6085645355850422,0.5921787709497207,0.4901065449010654,0.2204724409448819,0.348804891606448,0.483375461792728,0.5867564534231201,0.8595736358302366,0.5469613259668509,0.6903334582240539,0.6474047558169266,0.7775377969762419,0.6976525821596244,0.4077669902912621,0.6496855345911949,0.3218562874251497,0.8673758865248227,0.38309685379395436,0.7001427891480247,0.6473214285714286,0.6085645355850422,0.5921787709497207,0.4901065449010654,0.2204724409448819,0.348804891606448,0.483375461792728,0.5867564534231201,0.8595736358302366,0.5469613259668509,0.6903334582240539
146,0.596,0.6888263871132703,0.7732181425485961,0.7256338028169014,0.35275080906148865,0.6415094339622641,0.3278443113772455,0.8588652482269503,0.33312769895126465,0.6344597810566397,0.625,0.6124849215922799,0.6145251396648045,0.4916286149162861,0.2440944881889764,0.3176764869371873,0.4804588761423294,0.6,0.7913162526892236,0.5966850828729282,0.6775946047208692,0.6888263871132703,0.7732181425485961,0.7256338028169014,0.35275080906148865,0.6415094339622641,0.3278443113772455,0.8588652482269503,0.33312769895126465,0.6344597810566397,0.625,0.6124849215922799,0.6145251396648045,0.4916286149162861,0.2440944881889764,0.3176764869371873,0.4804588761423294,0.6,0.7913162526892236,0.5966850828729282,0.6775946047208692
147,0.5797,0.6509844029659934,0.7744523295279235,0.7106103286384976,0.39158576051779936,0.6314465408805031,0.3158682634730539,0.8787234042553191,0.37816162862430597,0.7053783912422655,0.625,0.5955971049457177,0.5782122905027933,0.4992389649923896,0.23622047244094488,0.3326848249027237,0.4944584872642427,0.5719416386083053,0.8621161744572657,0.580110497237569,0.6867740726863995,0.6509844029659934,0.7744523295279235,0.7106103286384976,0.39158576051779936,0.6314465408805031,0.3158682634730539,0.8787234042553191,0.37816162862430597,0.7053783912422655,0.625,0.5955971049457177,0.5782122905027933,0.4992389649923896,0.23622047244094488,0.3326848249027237,0.4944584872642427,0.5719416386083053,0.8621161744572657,0.580110497237569,0.6867740726863995
148,0.6004,0.6847353618000511,0.7843258253625425,0.712112676056338,0.4336569579288026,0.6257861635220126,0.33083832335329344,0.8539007092198582,0.34238124614435533,0.6520704426463588,0.625,0.5955971049457177,0.6061452513966481,0.46626078132927445,0.2283464566929134,0.38299055030572543,0.4783200466653704,0.6343434343434343,0.8245648347349892,0.6243093922651933,0.664293742974897,0.6847353618000511,0.7843258253625425,0.712112676056338,0.4336569579288026,0.6257861635220126,0.33083832335329344,0.8539007092198582,0.34238124614435533,0.6520704426463588,0.625,0.5955971049457177,0.6061452513966481,0.46626078132927445,0.2283464566929134,0.38299055030572543,0.4783200466653704,0.6343434343434343,0.8245648347349892,0.6243093922651933,0.664293742974897
149,0.5874,0.6870365635387369,0.7790805307004011,0.7104225352112676,0.4174757281553398,0.6490566037735849,0.3338323353293413,0.8574468085106383,0.33312769895126465,0.6539742979533556,0.6294642857142857,0.626658624849216,0.6145251396648045,0.5104008117706748,0.2204724409448819,0.3560311284046693,0.4860976083997667,0.5418630751964085,0.8061803246626247,0.5082872928176796,0.6727238666167104,0.6870365635387369,0.7790805307004011,0.7104225352112676,0.4174757281553398,0.6490566037735849,0.3338323353293413,0.8574468085106383,0.33312769895126465,0.6539742979533556,0.6294642857142857,0.626658624849216,0.6145251396648045,0.5104008117706748,0.2204724409448819,0.3560311284046693,0.4860976083997667,0.5418630751964085,0.8061803246626247,0.5082872928176796,0.6727238666167104
150,0.5866,0.6389670161084122,0.7503856834310398,0.7145539906103286,0.42718446601941745,0.6484276729559748,0.3338323353293413,0.8808510638297873,0.37322640345465763,0.6920514040932889,0.6160714285714286,0.6076598311218335,0.6005586592178771,0.47995941146626075,0.2440944881889764,0.3832684824902724,0.4847365350962473,0.6121212121212121,0.8558576178368864,0.5911602209944752,0.6719745222929936,0.6389670161084122,0.7503856834310398,0.7145539906103286,0.42718446601941745,0.6484276729559748,0.3338323353293413,0.8808510638297873,0.37322640345465763,0.6920514040932889,0.6160714285714286,0.6076598311218335,0.6005586592178771,0.47995941146626075,0.2440944881889764,0.3832684824902724,0.4847365350962473,0.6121212121212121,0.8558576178368864,0.5911602209944752,0.6719745222929936
151,0.5895,0.6773203784198415,0.7726010490589325,0.72018779342723,0.39158576051779936,0.6452830188679245,0.32335329341317365,0.8687943262411347,0.3608883405305367,0.6639695383150881,0.6428571428571429,0.6151990349819059,0.6256983240223464,0.5139523084728564,0.2283464566929134,0.3318510283490828,0.48590316935640676,0.5607182940516274,0.8202620770584784,0.5248618784530387,0.6935181715998502,0.6773203784198415,0.7726010490589325,0.72018779342723,0.39158576051779936,0.6452830188679245,0.32335329341317365,0.8687943262411347,0.3608883405305367,0.6639695383150881,0.6428571428571429,0.6151990349819059,0.6256983240223464,0.5139523084728564,0.2283464566929134,0.3318510283490828,0.48590316935640676,0.5607182940516274,0.8202620770584784,0.5248618784530387,0.6935181715998502
152,0.5857,0.655842495525441,0.763653193458809,0.7139906103286385,0.3948220064724919,0.6522012578616352,0.3188622754491018,0.8836879432624114,0.38433066008636646,0.6877677296525464,0.6383928571428571,0.606453558504222,0.6145251396648045,0.4885844748858447,0.2204724409448819,0.34463590883824347,0.48298658370600817,0.5905723905723905,0.838451007236456,0.569060773480663,0.6759085799925065,0.655842495525441,0.763653193458809,0.7139906103286385,0.3948220064724919,0.6522012578616352,0.3188622754491018,0.8836879432624114,0.38433066008636646,0.6877677296525464,0.6383928571428571,0.606453558504222,0.6145251396648045,0.4885844748858447,0.2204724409448819,0.34463590883824347,0.48298658370600817,0.5905723905723905,0.838451007236456,0.569060773480663,0.6759085799925065
153,0.5956,0.6921503451802608,0.7840172786177105,0.6969014084507043,0.39805825242718446,0.6559748427672956,0.3218562874251497,0.8680851063829788,0.3312769895126465,0.6592099000475964,0.6383928571428571,0.6245476477683957,0.6256983240223464,0.510908168442415,0.25196850393700787,0.35630906058921624,0.5022360489986389,0.5683501683501684,0.8036377860355955,0.5193370165745856,0.6884600974147621,0.6921503451802608,0.7840172786177105,0.6969014084507043,0.39805825242718446,0.6559748427672956,0.3218562874251497,0.8680851063829788,0.3312769895126465,0.6592099000475964,0.6383928571428571,0.6245476477683957,0.6256983240223464,0.510908168442415,0.25196850393700787,0.35630906058921624,0.5022360489986389,0.5683501683501684,0.8036377860355955,0.5193370165745856,0.6884600974147621
154,0.5845,0.6525185374584506,0.7571737118173403,0.7051643192488263,0.42718446601941745,0.6477987421383647,0.3218562874251497,0.8794326241134752,0.36829117828500924,0.6891956211327939,0.6294642857142857,0.6046441495778045,0.611731843575419,0.5068493150684932,0.25984251968503935,0.39577543079488603,0.47326463153801285,0.5600448933782267,0.8452963035399961,0.5359116022099447,0.6830273510678156,0.6525185374584506,0.7571737118173403,0.7051643192488263,0.42718446601941745,0.6477987421383647,0.3218562874251497,0.8794326241134752,0.36829117828500924,0.6891956211327939,0.6294642857142857,0.6046441495778045,0.611731843575419,0.5068493150684932,0.25984251968503935,0.39577543079488603,0.47326463153801285,0.5600448933782267,0.8452963035399961,0.5359116022099447,0.6830273510678156
155,0.5962,0.708003068268985,0.7945078679419932,0.7203755868544601,0.36893203883495146,0.6408805031446541,0.3203592814371258,0.8645390070921986,0.32510795805058607,0.6054259876249405,0.6428571428571429,0.623642943305187,0.6564245810055865,0.502283105022831,0.2283464566929134,0.3379655364091162,0.5107913669064749,0.5708193041526375,0.7725405828280852,0.574585635359116,0.6444361183964031,0.708003068268985,0.7945078679419932,0.7203755868544601,0.36893203883495146,0.6408805031446541,0.3203592814371258,0.8645390070921986,0.32510795805058607,0.6054259876249405,0.6428571428571429,0.623642943305187,0.6564245810055865,0.502283105022831,0.2283464566929134,0.3379655364091162,0.5107913669064749,0.5708193041526375,0.7725405828280852,0.574585635359116,0.6444361183964031
156,0.5846,0.6463819994886219,0.7651959271829682,0.6777464788732395,0.42394822006472493,0.6320754716981132,0.32335329341317365,0.8829787234042553,0.38309685379395436,0.7144217039504998,0.6160714285714286,0.5974065138721351,0.611731843575419,0.4703196347031963,0.2755905511811024,0.37326292384658144,0.4658759478903364,0.603591470258137,0.8556620379424995,0.5966850828729282,0.6982015736230798,0.6463819994886219,0.7651959271829682,0.6777464788732395,0.42394822006472493,0.6320754716981132,0.32335329341317365,0.8829787234042553,0.38309685379395436,0.7144217039504998,0.6160714285714286,0.5974065138721351,0.611731843575419,0.4703196347031963,0.2755905511811024,0.37326292384658144,0.4658759478903364,0.603591470258137,0.8556620379424995,0.5966850828729282,0.6982015736230798
157,0.583,0.6760419330094605,0.7806232644245603,0.7107981220657277,0.4045307443365696,0.6421383647798742,0.3263473053892216,0.8914893617021277,0.3528685996298581,0.6715849595430747,0.6383928571428571,0.623642943305187,0.6229050279329609,0.532724505327245,0.23622047244094488,0.35992217898832685,0.48201438848920863,0.5007856341189675,0.8136123606493253,0.5027624309392266,0.6811539902585237,0.6760419330094605,0.7806232644245603,0.7107981220657277,0.4045307443365696,0.6421383647798742,0.3263473053892216,0.8914893617021277,0.3528685996298581,0.6715849595430747,0.6383928571428571,0.623642943305187,0.6229050279329609,0.532724505327245,0.23622047244094488,0.35992217898832685,0.48201438848920863,0.5007856341189675,0.8136123606493253,0.5027624309392266,0.6811539902585237
158,0.5915,0.6573766300178983,0.781240357914224,0.7153051643192488,0.3883495145631068,0.6647798742138364,0.33682634730538924,0.8687943262411347,0.3565700185070944,0.6796763445978106,0.6473214285714286,0.6127864897466827,0.5977653631284916,0.4794520547945205,0.25984251968503935,0.37298499166203447,0.4894030721368851,0.6154882154882155,0.8407979659690984,0.5911602209944752,0.6835893593106033,0.6573766300178983,0.781240357914224,0.7153051643192488,0.3883495145631068,0.6647798742138364,0.33682634730538924,0.8687943262411347,0.3565700185070944,0.6796763445978106,0.6473214285714286,0.6127864897466827,0.5977653631284916,0.4794520547945205,0.25984251968503935,0.37298499166203447,0.4894030721368851,0.6154882154882155,0.8407979659690984,0.5911602209944752,0.6835893593106033
159,0.5906,0.662234722577346,0.7747608762727554,0.7106103286384976,0.39805825242718446,0.6232704402515723,0.3188622754491018,0.8851063829787233,0.3553362122146823,0.6768205616373155,0.625,0.5943908323281062,0.5949720670391061,0.4809741248097412,0.2440944881889764,0.37298499166203447,0.5090414155162356,0.5928170594837262,0.8347349892431059,0.574585635359116,0.6671037841888348,0.662234722577346,0.7747608762727554,0.7106103286384976,0.39805825242718446,0.6232704402515723,0.3188622754491018,0.8851063829787233,0.3553362122146823,0.6768205616373155,0.625,0.5943908323281062,0.5949720670391061,0.4809741248097412,0.2440944881889764,0.37298499166203447,0.5090414155162356,0.5928170594837262,0.8347349892431059,0.574585635359116,0.6671037841888348
160,0.5833,0.6614676553311174,0.771366862079605,0.6942723004694835,0.3948220064724919,0.6610062893081761,0.3278443113772455,0.874468085106383,0.36705737199259714,0.6825321275583056,0.6473214285714286,0.6209288299155609,0.611731843575419,0.5180111618467783,0.2440944881889764,0.36075597554196775,0.49465292630760255,0.5288439955106622,0.829063172305887,0.5359116022099447,0.6959535406519296,0.6614676553311174,0.771366862079605,0.6942723004694835,0.3948220064724919,0.6610062893081761,0.3278443113772455,0.874468085106383,0.36705737199259714,0.6825321275583056,0.6473214285714286,0.6209288299155609,0.611731843575419,0.5180111618467783,0.2440944881889764,0.36075597554196775,0.49465292630760255,0.5288439955106622,0.829063172305887,0.5359116022099447,0.6959535406519296
161,0.5885,0.6908718997698798,0.7920394939833385,0.7036619718309859,0.36245954692556637,0.6547169811320754,0.3263473053892216,0.874468085106383,0.36273904996915485,0.6477867682056164,0.6428571428571429,0.6260554885404102,0.611731843575419,0.5088787417554541,0.2440944881889764,0.3443579766536965,0.508458098386156,0.5654320987654321,0.8067670643457853,0.5580110497237569,0.6528662420382165,0.6908718997698798,0.7920394939833385,0.7036619718309859,0.36245954692556637,0.6547169811320754,0.3263473053892216,0.874468085106383,0.36273904996915485,0.6477867682056164,0.6428571428571429,0.6260554885404102,0.611731843575419,0.5088787417554541,0.2440944881889764,0.3443579766536965,0.508458098386156,0.5654320987654321,0.8067670643457853,0.5580110497237569,0.6528662420382165
162,0.5938,0.6967527486576324,0.7670472076519592,0.7136150234741784,0.3333333333333333,0.6572327044025157,0.3278443113772455,0.8773049645390071,0.34484885872917953,0.629700142789148,0.6339285714285714,0.6317852834740652,0.6675977653631285,0.5007610350076104,0.2755905511811024,0.3387993329627571,0.4870698036165662,0.5759820426487093,0.7928808918443184,0.56353591160221,0.6584863244660921,0.6967527486576324,0.7670472076519592,0.7136150234741784,0.3333333333333333,0.6572327044025157,0.3278443113772455,0.8773049645390071,0.34484885872917953,0.629700142789148,0.6339285714285714,0.6317852834740652,0.6675977653631285,0.5007610350076104,0.2755905511811024,0.3387993329627571,0.4870698036165662,0.5759820426487093,0.7928808918443184,0.56353591160221,0.6584863244660921
163,0.5901,0.6346203017131169,0.7463745757482259,0.6969014084507043,0.42071197411003236,0.6408805031446541,0.3218562874251497,0.874468085106383,0.38864898210980875,0.7139457401237506,0.6294642857142857,0.5983112183353438,0.5977653631284916,0.4759005580923389,0.25984251968503935,0.38382434685936634,0.4699591678008944,0.6419753086419753,0.8621161744572657,0.6077348066298343,0.6884600974147621,0.6346203017131169,0.7463745757482259,0.6969014084507043,0.42071197411003236,0.6408805031446541,0.3218562874251497,0.874468085106383,0.38864898210980875,0.7139457401237506,0.6294642857142857,0.5983112183353438,0.5977653631284916,0.4759005580923389,0.25984251968503935,0.38382434685936634,0.4699591678008944,0.6419753086419753,0.8621161744572657,0.6077348066298343,0.6884600974147621
164,0.5893,0.6816670928151368,0.7627275532243135,0.7098591549295775,0.40129449838187703,0.6421383647798742,0.3323353293413174,0.8787234042553191,0.3300431832202344,0.6430271299381247,0.6205357142857143,0.617611580217129,0.6508379888268156,0.49822425164890916,0.25984251968503935,0.35630906058921624,0.48881975500680536,0.5737373737373738,0.7987482886759241,0.569060773480663,0.6564256275758711,0.6816670928151368,0.7627275532243135,0.7098591549295775,0.40129449838187703,0.6421383647798742,0.3323353293413174,0.8787234042553191,0.3300431832202344,0.6430271299381247,0.6205357142857143,0.617611580217129,0.6508379888268156,0.49822425164890916,0.25984251968503935,0.35630906058921624,0.48881975500680536,0.5737373737373738,0.7987482886759241,0.569060773480663,0.6564256275758711
165,0.5813,0.6571209409358221,0.7722925023141006,0.6833802816901409,0.3883495145631068,0.6389937106918239,0.3143712574850299,0.875886524822695,0.38556446637877856,0.7006187529747739,0.6205357142857143,0.5974065138721351,0.6145251396648045,0.5073566717402334,0.25984251968503935,0.36548082267926624,0.49154190161384403,0.5818181818181818,0.8451007236456093,0.569060773480663,0.691457474709629,0.6571209409358221,0.7722925023141006,0.6833802816901409,0.3883495145631068,0.6389937106918239,0.3143712574850299,0.875886524822695,0.38556446637877856,0.7006187529747739,0.6205357142857143,0.5974065138721351,0.6145251396648045,0.5073566717402334,0.25984251968503935,0.36548082267926624,0.49154190161384403,0.5818181818181818,0.8451007236456093,0.569060773480663,0.691457474709629
166,0.5902,0.6821784709792892,0.775377969762419,0.7004694835680751,0.37540453074433655,0.6383647798742138,0.3218562874251497,0.8872340425531915,0.3362122146822949,0.6501665873393622,0.6339285714285714,0.6067551266586249,0.6368715083798883,0.4911212582445459,0.2440944881889764,0.36186770428015563,0.508263659342796,0.5820426487093153,0.8087228632896538,0.574585635359116,0.6710378418883477,0.6821784709792892,0.775377969762419,0.7004694835680751,0.37540453074433655,0.6383647798742138,0.3218562874251497,0.8872340425531915,0.3362122146822949,0.6501665873393622,0.6339285714285714,0.6067551266586249,0.6368715083798883,0.4911212582445459,0.2440944881889764,0.36186770428015563,0.508263659342796,0.5820426487093153,0.8087228632896538,0.574585635359116,0.6710378418883477
167,0.5864,0.6642802352339555,0.7639617402036408,0.7087323943661972,0.4110032362459547,0.6383647798742138,0.3218562874251497,0.8872340425531915,0.3473164713140037,0.6772965254640647,0.625,0.6088661037394452,0.6284916201117319,0.5134449518011162,0.25984251968503935,0.37326292384658144,0.49426404822088277,0.5562289562289562,0.820848816741639,0.56353591160221,0.6796553016110903,0.6642802352339555,0.7639617402036408,0.7087323943661972,0.4110032362459547,0.6383647798742138,0.3218562874251497,0.8872340425531915,0.3473164713140037,0.6772965254640647,0.625,0.6088661037394452,0.6284916201117319,0.5134449518011162,0.25984251968503935,0.37326292384658144,0.49426404822088277,0.5562289562289562,0.820848816741639,0.56353591160221,0.6796553016110903
168,0.5885,0.6796215801585272,0.7895711200246838,0.712112676056338,0.3786407766990291,0.6276729559748427,0.3188622754491018,0.8659574468085106,0.34978408389882787,0.6644455021418372,0.6205357142857143,0.6016284680337757,0.61731843575419,0.4703196347031963,0.25196850393700787,0.33435241801000554,0.5133190744701536,0.6087542087542087,0.8237825151574418,0.5966850828729282,0.6738478831022855,0.6796215801585272,0.7895711200246838,0.712112676056338,0.3786407766990291,0.6276729559748427,0.3188622754491018,0.8659574468085106,0.34978408389882787,0.6644455021418372,0.6205357142857143,0.6016284680337757,0.61731843575419,0.4703196347031963,0.25196850393700787,0.33435241801000554,0.5133190744701536,0.6087542087542087,0.8237825151574418,0.5966850828729282,0.6738478831022855
169,0.5916,0.6443364868320123,0.7417463745757482,0.7346478873239437,0.3592233009708738,0.6597484276729559,0.33532934131736525,0.874468085106383,0.38433066008636646,0.666825321275583,0.6383928571428571,0.6106755126658625,0.6284916201117319,0.4916286149162861,0.2677165354330709,0.330183435241801,0.47170911919113356,0.6273849607182941,0.8241736749462155,0.6022099447513812,0.6764705882352942,0.6443364868320123,0.7417463745757482,0.7346478873239437,0.3592233009708738,0.6597484276729559,0.33532934131736525,0.874468085106383,0.38433066008636646,0.666825321275583,0.6383928571428571,0.6106755126658625,0.6284916201117319,0.4916286149162861,0.2677165354330709,0.330183435241801,0.47170911919113356,0.6273849607182941,0.8241736749462155,0.6022099447513812,0.6764705882352942
170,0.582,0.659677831756584,0.7642702869484727,0.7215023474178404,0.42071197411003236,0.6345911949685534,0.31736526946107785,0.8936170212765957,0.36705737199259714,0.681104236078058,0.6071428571428571,0.5974065138721351,0.6201117318435754,0.5246067985794013,0.2440944881889764,0.3604780433574208,0.4989305852615205,0.5371492704826039,0.8292587522002738,0.5303867403314917,0.681341326339453,0.659677831756584,0.7642702869484727,0.7215023474178404,0.42071197411003236,0.6345911949685534,0.31736526946107785,0.8936170212765957,0.36705737199259714,0.681104236078058,0.6071428571428571,0.5974065138721351,0.6201117318435754,0.5246067985794013,0.2440944881889764,0.3604780433574208,0.4989305852615205,0.5371492704826039,0.8292587522002738,0.5303867403314917,0.681341326339453
171,0.6019,0.6893377652774226,0.7729095958037643,0.7213145539906103,0.3559870550161812,0.6490566037735849,0.33532934131736525,0.8787234042553191,0.33189389265885255,0.6263683960019039,0.6026785714285714,0.6155006031363088,0.6675977653631285,0.4880771182141045,0.2440944881889764,0.3121178432462479,0.5055415127357573,0.6188552188552189,0.7782123997653041,0.5966850828729282,0.6830273510678156,0.6893377652774226,0.7729095958037643,0.7213145539906103,0.3559870550161812,0.6490566037735849,0.33532934131736525,0.8787234042553191,0.33189389265885255,0.6263683960019039,0.6026785714285714,0.6155006031363088,0.6675977653631285,0.4880771182141045,0.2440944881889764,0.3121178432462479,0.5055415127357573,0.6188552188552189,0.7782123997653041,0.5966850828729282,0.6830273510678156
172,0.6043,0.6801329583226796,0.7568651650725085,0.7029107981220657,0.4692556634304207,0.6578616352201258,0.3338323353293413,0.8652482269503546,0.31770512029611353,0.646834840552118,0.625,0.623341375150784,0.6396648044692738,0.4977168949771689,0.25196850393700787,0.40550305725403,0.47987555901224965,0.604040404040404,0.7977703892039898,0.5966850828729282,0.6781566129636568,0.6801329583226796,0.7568651650725085,0.7029107981220657,0.4692556634304207,0.6578616352201258,0.3338323353293413,0.8652482269503546,0.31770512029611353,0.646834840552118,0.625,0.623341375150784,0.6396648044692738,0.4977168949771689,0.25196850393700787,0.40550305725403,0.47987555901224965,0.604040404040404,0.7977703892039898,0.5966850828729282,0.6781566129636568
173,0.5833,0.6809000255689082,0.7772292502314101,0.6950234741784037,0.35275080906148865,0.6371069182389937,0.3278443113772455,0.875886524822695,0.36520666255397904,0.6644455021418372,0.6428571428571429,0.6085645355850422,0.6229050279329609,0.5190258751902588,0.2283464566929134,0.32406892718176766,0.49990278047832004,0.5604938271604938,0.8210443966360258,0.5414364640883977,0.6759085799925065,0.6809000255689082,0.7772292502314101,0.6950234741784037,0.35275080906148865,0.6371069182389937,0.3278443113772455,0.875886524822695,0.36520666255397904,0.6644455021418372,0.6428571428571429,0.6085645355850422,0.6229050279329609,0.5190258751902588,0.2283464566929134,0.32406892718176766,0.49990278047832004,0.5604938271604938,0.8210443966360258,0.5414364640883977,0.6759085799925065
174,0.5908,0.6632574789056507,0.7633446467139772,0.7015962441314554,0.3786407766990291,0.670440251572327,0.3263473053892216,0.8673758865248227,0.3633559531153609,0.675392670157068,0.6517857142857143,0.6254523522316043,0.611731843575419,0.4961948249619482,0.25984251968503935,0.35158421345191776,0.495819560567762,0.6080808080808081,0.8273029532564052,0.585635359116022,0.6952041963282128,0.6632574789056507,0.7633446467139772,0.7015962441314554,0.3786407766990291,0.670440251572327,0.3263473053892216,0.8673758865248227,0.3633559531153609,0.675392670157068,0.6517857142857143,0.6254523522316043,0.611731843575419,0.4961948249619482,0.25984251968503935,0.35158421345191776,0.495819560567762,0.6080808080808081,0.8273029532564052,0.585635359116022,0.6952041963282128
175,0.5861,0.6783431347481462,0.7726010490589325,0.7136150234741784,0.35275080906148865,0.6377358490566037,0.32934131736526945,0.8794326241134752,0.34855027760641577,0.6573060447405997,0.6205357142857143,0.6151990349819059,0.6396648044692738,0.5225773718924404,0.23622047244094488,0.33157309616453584,0.5080692202994361,0.5450056116722783,0.8095051828672013,0.5580110497237569,0.6807793180966654,0.6783431347481462,0.7726010490589325,0.7136150234741784,0.35275080906148865,0.6377358490566037,0.32934131736526945,0.8794326241134752,0.34855027760641577,0.6573060447405997,0.6205357142857143,0.6151990349819059,0.6396648044692738,0.5225773718924404,0.23622047244094488,0.33157309616453584,0.5080692202994361,0.5450056116722783,0.8095051828672013,0.5580110497237569,0.6807793180966654
176,0.5823,0.6576323190999744,0.7605677260104906,0.7091079812206573,0.3365695792880259,0.6477987421383647,0.3263473053892216,0.8765957446808511,0.391733497840839,0.6858638743455497,0.65625,0.617913148371532,0.61731843575419,0.5220700152207002,0.23622047244094488,0.3265703168426904,0.4921252187439238,0.5591470258136925,0.8366907881869744,0.5414364640883977,0.7025103034844511,0.6576323190999744,0.7605677260104906,0.7091079812206573,0.3365695792880259,0.6477987421383647,0.3263473053892216,0.8765957446808511,0.391733497840839,0.6858638743455497,0.65625,0.617913148371532,0.61731843575419,0.5220700152207002,0.23622047244094488,0.3265703168426904,0.4921252187439238,0.5591470258136925,0.8366907881869744,0.5414364640883977,0.7025103034844511
177,0.5871,0.6829455382255177,0.7769207034865783,0.7070422535211267,0.3818770226537217,0.6597484276729559,0.3203592814371258,0.8645390070921986,0.3584207279457125,0.6596858638743456,0.65625,0.623642943305187,0.6284916201117319,0.4961948249619482,0.25196850393700787,0.3507504168982768,0.510596927863115,0.5795735129068462,0.8204576569528652,0.56353591160221,0.6725365305357812,0.6829455382255177,0.7769207034865783,0.7070422535211267,0.3818770226537217,0.6597484276729559,0.3203592814371258,0.8645390070921986,0.3584207279457125,0.6596858638743456,0.65625,0.623642943305187,0.6284916201117319,0.4961948249619482,0.25196850393700787,0.3507504168982768,0.510596927863115,0.5795735129068462,0.8204576569528652,0.56353591160221,0.6725365305357812
178,0.5877,0.6614676553311174,0.7642702869484727,0.7113615023474178,0.40129449838187703,0.6496855345911949,0.3248502994011976,0.8709219858156029,0.364589759407773,0.6882436934792956,0.6428571428571429,0.6142943305186972,0.6284916201117319,0.5154743784880771,0.2677165354330709,0.34574763757643134,0.49698619482792145,0.5793490460157127,0.8310189712497555,0.5469613259668509,0.7004496065942301,0.6614676553311174,0.7642702869484727,0.7113615023474178,0.40129449838187703,0.6496855345911949,0.3248502994011976,0.8709219858156029,0.364589759407773,0.6882436934792956,0.6428571428571429,0.6142943305186972,0.6284916201117319,0.5154743784880771,0.2677165354330709,0.34574763757643134,0.49698619482792145,0.5793490460157127,0.8310189712497555,0.5469613259668509,0.7004496065942301
179,0.5906,0.67271797494247,0.7763036099969145,0.7046009389671362,0.43042071197411,0.630188679245283,0.3158682634730539,0.873758865248227,0.3633559531153609,0.6777724892908139,0.6205357142857143,0.6031363088057901,0.6145251396648045,0.49213597158802636,0.28346456692913385,0.37131739855475265,0.5053470736923974,0.5984287317620651,0.8316057109329161,0.580110497237569,0.6884600974147621,0.67271797494247,0.7763036099969145,0.7046009389671362,0.43042071197411,0.630188679245283,0.3158682634730539,0.873758865248227,0.3633559531153609,0.6777724892908139,0.6205357142857143,0.6031363088057901,0.6145251396648045,0.49213597158802636,0.28346456692913385,0.37131739855475265,0.5053470736923974,0.5984287317620651,0.8316057109329161,0.580110497237569,0.6884600974147621
180,0.5847,0.6660700588084889,0.7837087318728787,0.704037558685446,0.3592233009708738,0.6383647798742138,0.30538922155688625,0.8858156028368794,0.3960518198642813,0.6934792955735364,0.6428571428571429,0.6049457177322075,0.6229050279329609,0.49518011161846776,0.2755905511811024,0.3293496386881601,0.504180439432238,0.5851851851851851,0.8411891257578721,0.580110497237569,0.6892094417384789,0.6660700588084889,0.7837087318728787,0.704037558685446,0.3592233009708738,0.6383647798742138,0.30538922155688625,0.8858156028368794,0.3960518198642813,0.6934792955735364,0.6428571428571429,0.6049457177322075,0.6229050279329609,0.49518011161846776,0.2755905511811024,0.3293496386881601,0.504180439432238,0.5851851851851851,0.8411891257578721,0.580110497237569,0.6892094417384789
181,0.5856,0.6673485042188698,0.7858685590867016,0.699718309859155,0.4045307443365696,0.6522012578616352,0.3323353293413174,0.8631205673758865,0.3553362122146823,0.6720609233698239,0.6339285714285714,0.6212303980699638,0.6201117318435754,0.5058346017250127,0.25984251968503935,0.35519733185102836,0.5088469764728758,0.5611672278338945,0.829063172305887,0.574585635359116,0.6796553016110903,0.6673485042188698,0.7858685590867016,0.699718309859155,0.4045307443365696,0.6522012578616352,0.3323353293413174,0.8631205673758865,0.3553362122146823,0.6720609233698239,0.6339285714285714,0.6212303980699638,0.6201117318435754,0.5058346017250127,0.25984251968503935,0.35519733185102836,0.5088469764728758,0.5611672278338945,0.829063172305887,0.574585635359116,0.6796553016110903
182,0.5812,0.6486832012273076,0.7685899413761185,0.6861971830985916,0.43042071197411,0.6490566037735849,0.3278443113772455,0.8765957446808511,0.38556446637877856,0.7020466444550214,0.6383928571428571,0.6158021712907117,0.6256983240223464,0.49213597158802636,0.25196850393700787,0.36186770428015563,0.5032082442154384,0.5804713804713805,0.8546841384705652,0.585635359116022,0.6878980891719745,0.6486832012273076,0.7685899413761185,0.6861971830985916,0.43042071197411,0.6490566037735849,0.3278443113772455,0.8765957446808511,0.38556446637877856,0.7020466444550214,0.6383928571428571,0.6158021712907117,0.6256983240223464,0.49213597158802636,0.25196850393700787,0.36186770428015563,0.5032082442154384,0.5804713804713805,0.8546841384705652,0.585635359116022,0.6878980891719745
183,0.5834,0.6509844029659934,0.763653193458809,0.7111737089201878,0.4110032362459547,0.6352201257861635,0.33682634730538924,0.8709219858156029,0.3571869216533004,0.6920514040932889,0.6383928571428571,0.606453558504222,0.6145251396648045,0.4977168949771689,0.25196850393700787,0.35992217898832685,0.49329185300408324,0.5732884399551066,0.846665362800704,0.569060773480663,0.7021356313225927,0.6509844029659934,0.763653193458809,0.7111737089201878,0.4110032362459547,0.6352201257861635,0.33682634730538924,0.8709219858156029,0.3571869216533004,0.6920514040932889,0.6383928571428571,0.606453558504222,0.6145251396648045,0.4977168949771689,0.25196850393700787,0.35992217898832685,0.49329185300408324,0.5732884399551066,0.846665362800704,0.569060773480663,0.7021356313225927
184,0.5919,0.6809000255689082,0.7756865165072508,0.7132394366197183,0.343042071197411,0.6496855345911949,0.3458083832335329,0.8645390070921986,0.3726095003084516,0.6592099000475964,0.6383928571428571,0.6173100120627262,0.6312849162011173,0.49670218163368846,0.25196850393700787,0.339633129516398,0.4890141940501653,0.5773288439955107,0.8173283786426755,0.56353591160221,0.6839640314724615,0.6809000255689082,0.7756865165072508,0.7132394366197183,0.343042071197411,0.6496855345911949,0.3458083832335329,0.8645390070921986,0.3726095003084516,0.6592099000475964,0.6383928571428571,0.6173100120627262,0.6312849162011173,0.49670218163368846,0.25196850393700787,0.339633129516398,0.4890141940501653,0.5773288439955107,0.8173283786426755,0.56353591160221,0.6839640314724615
185,0.5891,0.655842495525441,0.7645788336933045,0.7183098591549296,0.42394822006472493,0.6427672955974842,0.32934131736526945,0.8787234042553191,0.36705737199259714,0.675392670157068,0.6160714285714286,0.600422195416164,0.611731843575419,0.4885844748858447,0.2677165354330709,0.3810450250138966,0.5102080497763951,0.5955106621773288,0.8407979659690984,0.5966850828729282,0.669351817159985,0.655842495525441,0.7645788336933045,0.7183098591549296,0.42394822006472493,0.6427672955974842,0.32934131736526945,0.8787234042553191,0.36705737199259714,0.675392670157068,0.6160714285714286,0.600422195416164,0.611731843575419,0.4885844748858447,0.2677165354330709,0.3810450250138966,0.5102080497763951,0.5955106621773288,0.8407979659690984,0.5966850828729282,0.669351817159985
186,0.589,0.6683712605471747,0.7704412218451095,0.7139906103286385,0.4077669902912621,0.630817610062893,0.33532934131736525,0.8787234042553191,0.36273904996915485,0.6715849595430747,0.6205357142857143,0.5989143546441495,0.6312849162011173,0.4931506849315068,0.2440944881889764,0.3596442468037799,0.4987361462181606,0.5867564534231201,0.8319968707216898,0.5580110497237569,0.6849007118771075,0.6683712605471747,0.7704412218451095,0.7139906103286385,0.4077669902912621,0.630817610062893,0.33532934131736525,0.8787234042553191,0.36273904996915485,0.6715849595430747,0.6205357142857143,0.5989143546441495,0.6312849162011173,0.4931506849315068,0.2440944881889764,0.3596442468037799,0.4987361462181606,0.5867564534231201,0.8319968707216898,0.5580110497237569,0.6849007118771075
187,0.5882,0.6479161339810791,0.7593335390311632,0.7143661971830986,0.44660194174757284,0.6295597484276729,0.3323353293413174,0.8645390070921986,0.3312769895126465,0.6796763445978106,0.6294642857142857,0.6112786489746683,0.6061452513966481,0.5104008117706748,0.23622047244094488,0.3896609227348527,0.48862531596344544,0.5775533108866442,0.8310189712497555,0.5359116022099447,0.6942675159235668,0.6479161339810791,0.7593335390311632,0.7143661971830986,0.44660194174757284,0.6295597484276729,0.3323353293413174,0.8645390070921986,0.3312769895126465,0.6796763445978106,0.6294642857142857,0.6112786489746683,0.6061452513966481,0.5104008117706748,0.23622047244094488,0.3896609227348527,0.48862531596344544,0.5775533108866442,0.8310189712497555,0.5359116022099447,0.6942675159235668
188,0.5998,0.6865251853745845,0.7726010490589325,0.7136150234741784,0.36893203883495146,0.6364779874213836,0.33083832335329344,0.8673758865248227,0.3479333744602097,0.6392194193241314,0.6205357142857143,0.6070566948130277,0.6284916201117319,0.480466768138001,0.25984251968503935,0.3321289605336298,0.49387517013416293,0.6163860830527497,0.8079405437121064,0.574585635359116,0.6832146871487449,0.6865251853745845,0.7726010490589325,0.7136150234741784,0.36893203883495146,0.6364779874213836,0.33083832335329344,0.8673758865248227,0.3479333744602097,0.6392194193241314,0.6205357142857143,0.6070566948130277,0.6284916201117319,0.480466768138001,0.25984251968503935,0.3321289605336298,0.49387517013416293,0.6163860830527497,0.8079405437121064,0.574585635359116,0.6832146871487449
189,0.5868,0.6658143697264127,0.7621104597346497,0.7169953051643192,0.3851132686084142,0.6371069182389937,0.3278443113772455,0.8801418439716312,0.33867982726711904,0.6711089957163255,0.6294642857142857,0.6139927623642943,0.6089385474860335,0.5053272450532724,0.25196850393700787,0.3540856031128405,0.4997083414349601,0.582267115600449,0.8200664971640915,0.5524861878453039,0.6766579243162233,0.6658143697264127,0.7621104597346497,0.7169953051643192,0.3851132686084142,0.6371069182389937,0.3278443113772455,0.8801418439716312,0.33867982726711904,0.6711089957163255,0.6294642857142857,0.6139927623642943,0.6089385474860335,0.5053272450532724,0.25196850393700787,0.3540856031128405,0.4997083414349601,0.582267115600449,0.8200664971640915,0.5524861878453039,0.6766579243162233
190,0.5933,0.6832012273075939,0.7827830916383832,0.7188732394366197,0.36245954692556637,0.6490566037735849,0.3383233532934132,0.8695035460992908,0.34855027760641577,0.6649214659685864,0.6383928571428571,0.6185162846803377,0.6256983240223464,0.4992389649923896,0.2440944881889764,0.3346303501945525,0.5135135135135135,0.5802469135802469,0.8130256209661647,0.574585635359116,0.7025103034844511,0.6832012273075939,0.7827830916383832,0.7188732394366197,0.36245954692556637,0.6490566037735849,0.3383233532934132,0.8695035460992908,0.34855027760641577,0.6649214659685864,0.6383928571428571,0.6185162846803377,0.6256983240223464,0.4992389649923896,0.2440944881889764,0.3346303501945525,0.5135135135135135,0.5802469135802469,0.8130256209661647,0.574585635359116,0.7025103034844511
191,0.5846,0.6607005880848887,0.7682813946312866,0.7175586854460094,0.3818770226537217,0.6408805031446541,0.3398203592814371,0.8709219858156029,0.3824799506477483,0.6882436934792956,0.6294642857142857,0.6022316043425814,0.6089385474860335,0.48756976154236426,0.25984251968503935,0.36436909394107836,0.4954306824810422,0.5950617283950618,0.8407979659690984,0.5524861878453039,0.6878980891719745,0.6607005880848887,0.7682813946312866,0.7175586854460094,0.3818770226537217,0.6408805031446541,0.3398203592814371,0.8709219858156029,0.3824799506477483,0.6882436934792956,0.6294642857142857,0.6022316043425814,0.6089385474860335,0.48756976154236426,0.25984251968503935,0.36436909394107836,0.4954306824810422,0.5950617283950618,0.8407979659690984,0.5524861878453039,0.6878980891719745
192,0.5874,0.6665814369726413,0.7608762727553224,0.7111737089201878,0.3818770226537217,0.6547169811320754,0.344311377245509,0.8680851063829788,0.35225169648365207,0.6730128510233222,0.65625,0.6200241254523522,0.6256983240223464,0.4987316083206494,0.2204724409448819,0.35519733185102836,0.5131246354267937,0.5795735129068462,0.8228046156855076,0.5303867403314917,0.6843387036343199,0.6665814369726413,0.7608762727553224,0.7111737089201878,0.3818770226537217,0.6547169811320754,0.344311377245509,0.8680851063829788,0.35225169648365207,0.6730128510233222,0.65625,0.6200241254523522,0.6256983240223464,0.4987316083206494,0.2204724409448819,0.35519733185102836,0.5131246354267937,0.5795735129068462,0.8228046156855076,0.5303867403314917,0.6843387036343199
193,0.5752,0.6660700588084889,0.771366862079605,0.7237558685446009,0.3656957928802589,0.6245283018867924,0.32934131736526945,0.875177304964539,0.3676742751388032,0.6825321275583056,0.6026785714285714,0.5989143546441495,0.611731843575419,0.5114155251141552,0.2440944881889764,0.32962757087270705,0.4952362434376823,0.5539842873176206,0.838646587130843,0.5359116022099447,0.6787186212064443,0.6660700588084889,0.771366862079605,0.7237558685446009,0.3656957928802589,0.6245283018867924,0.32934131736526945,0.875177304964539,0.3676742751388032,0.6825321275583056,0.6026785714285714,0.5989143546441495,0.611731843575419,0.5114155251141552,0.2440944881889764,0.32962757087270705,0.4952362434376823,0.5539842873176206,0.838646587130843,0.5359116022099447,0.6787186212064443
194,0.5911,0.6778317565839939,0.7605677260104906,0.7258215962441315,0.3818770226537217,0.6295597484276729,0.3323353293413174,0.8638297872340426,0.3571869216533004,0.6687291765825797,0.6294642857142857,0.5989143546441495,0.6284916201117319,0.5017757483510908,0.2440944881889764,0.35992217898832685,0.48881975500680536,0.6015712682379349,0.8198709172697046,0.56353591160221,0.6849007118771075,0.6778317565839939,0.7605677260104906,0.7258215962441315,0.3818770226537217,0.6295597484276729,0.3323353293413174,0.8638297872340426,0.3571869216533004,0.6687291765825797,0.6294642857142857,0.5989143546441495,0.6284916201117319,0.5017757483510908,0.2440944881889764,0.35992217898832685,0.48881975500680536,0.6015712682379349,0.8198709172697046,0.56353591160221,0.6849007118771075
195,0.5858,0.6724622858603938,0.7815489046590558,0.6886384976525821,0.44336569579288027,0.6358490566037736,0.3248502994011976,0.8638297872340426,0.3541024059222702,0.680628272251309,0.6116071428571429,0.6085645355850422,0.6145251396648045,0.5180111618467783,0.25196850393700787,0.39299610894941633,0.5055415127357573,0.564983164983165,0.838646587130843,0.5524861878453039,0.6899587860621956,0.6724622858603938,0.7815489046590558,0.6886384976525821,0.44336569579288027,0.6358490566037736,0.3248502994011976,0.8638297872340426,0.3541024059222702,0.680628272251309,0.6116071428571429,0.6085645355850422,0.6145251396648045,0.5180111618467783,0.25196850393700787,0.39299610894941633,0.5055415127357573,0.564983164983165,0.838646587130843,0.5524861878453039,0.6899587860621956
196,0.5923,0.6642802352339555,0.7661215674174637,0.7092957746478873,0.3883495145631068,0.6446540880503144,0.33083832335329344,0.8666666666666667,0.37075879086983343,0.681104236078058,0.6473214285714286,0.6040410132689988,0.6340782122905028,0.49670218163368846,0.25196850393700787,0.3710394663702057,0.5094302936029554,0.5813692480359147,0.8310189712497555,0.5580110497237569,0.6970775571375046,0.6642802352339555,0.7661215674174637,0.7092957746478873,0.3883495145631068,0.6446540880503144,0.33083832335329344,0.8666666666666667,0.37075879086983343,0.681104236078058,0.6473214285714286,0.6040410132689988,0.6340782122905028,0.49670218163368846,0.25196850393700787,0.3710394663702057,0.5094302936029554,0.5813692480359147,0.8310189712497555,0.5580110497237569,0.6970775571375046
197,0.586,0.6855024290462797,0.7744523295279235,0.7154929577464789,0.33980582524271846,0.6427672955974842,0.344311377245509,0.873758865248227,0.3541024059222702,0.6596858638743456,0.6428571428571429,0.6133896260554885,0.6312849162011173,0.5312024353120244,0.2440944881889764,0.3293496386881601,0.5261520513319075,0.5362514029180696,0.803051046352435,0.5248618784530387,0.7055076807793181,0.6855024290462797,0.7744523295279235,0.7154929577464789,0.33980582524271846,0.6427672955974842,0.344311377245509,0.873758865248227,0.3541024059222702,0.6596858638743456,0.6428571428571429,0.6133896260554885,0.6312849162011173,0.5312024353120244,0.2440944881889764,0.3293496386881601,0.5261520513319075,0.5362514029180696,0.803051046352435,0.5248618784530387,0.7055076807793181
198,0.5915,0.6821784709792892,0.7685899413761185,0.7230046948356808,0.4110032362459547,0.6339622641509434,0.32934131736526945,0.8553191489361702,0.3553362122146823,0.652546406473108,0.625,0.609167671893848,0.6284916201117319,0.49670218163368846,0.2283464566929134,0.39271817676486936,0.4930974139607233,0.5748597081930416,0.8145902601212596,0.5469613259668509,0.6652304233795429,0.6821784709792892,0.7685899413761185,0.7230046948356808,0.4110032362459547,0.6339622641509434,0.32934131736526945,0.8553191489361702,0.3553362122146823,0.652546406473108,0.625,0.609167671893848,0.6284916201117319,0.49670218163368846,0.2283464566929134,0.39271817676486936,0.4930974139607233,0.5748597081930416,0.8145902601212596,0.5469613259668509,0.6652304233795429
199,0.5967,0.6847353618000511,0.7685899413761185,0.7094835680751174,0.3559870550161812,0.6553459119496855,0.3383233532934132,0.8673758865248227,0.337446020974707,0.6420752022846263,0.6339285714285714,0.6203256936067552,0.6340782122905028,0.5038051750380518,0.2677165354330709,0.3432462479155086,0.4995139023916002,0.5975308641975309,0.7995306082534716,0.5911602209944752,0.6768452603971525,0.6847353618000511,0.7685899413761185,0.7094835680751174,0.3559870550161812,0.6553459119496855,0.3383233532934132,0.8673758865248227,0.337446020974707,0.6420752022846263,0.6339285714285714,0.6203256936067552,0.6340782122905028,0.5038051750380518,0.2677165354330709,0.3432462479155086,0.4995139023916002,0.5975308641975309,0.7995306082534716,0.5911602209944752,0.6768452603971525
