round,global_acc,local_c00,local_c01,local_c02,local_c03,local_c04,local_c05,local_c06,local_c07,local_c08,local_c09,local_c10,local_c11,local_c12,local_c13,local_c14,local_c15,local_c16,local_c17,local_c18,local_c19,hybrid_c00,hybrid_c01,hybrid_c02,hybrid_c03,hybrid_c04,hybrid_c05,hybrid_c06,hybrid_c07,hybrid_c08,hybrid_c09,hybrid_c10,hybrid_c11,hybrid_c12,hybrid_c13,hybrid_c14,hybrid_c15,hybrid_c16,hybrid_c17,hybrid_c18,hybrid_c19
0,0.2071,0.3963180772181028,0.1820425794507868,0.002629107981220657,0.03559870550161812,0.010062893081761006,0.03143712574850299,0.524822695035461,0.28007402837754475,0.5002379819133745,0.05803571428571429,0.10193003618817853,0.5558659217877095,0.25469304921359714,0.09448818897637795,0.033351862145636464,0.18141162745479292,0.007407407407407408,0.6579307647173871,0.049723756906077346,0.07999250655676284,0.3963180772181028,0.1820425794507868,0.002629107981220657,0.03559870550161812,0.010062893081761006,0.03143712574850299,0.524822695035461,0.28007402837754475,0.5002379819133745,0.05803571428571429,0.10193003618817853,0.5558659217877095,0.25469304921359714,0.09448818897637795,0.033351862145636464,0.18141162745479292,0.007407407407407408,0.6579307647173871,0.049723756906077346,0.07999250655676284
1,0.2326,0.4566607005880849,0.2496143165689602,0.049389671361502345,0.042071197411003236,0.01509433962264151,0.04790419161676647,0.5340425531914894,0.2874768661320173,0.49928605425987627,0.08035714285714286,0.11037394451145958,0.5391061452513967,0.22577371892440384,0.09448818897637795,0.03446359088382435,0.16760645537623955,0.011447811447811448,0.7584588304322316,0.06077348066298342,0.10790558261521169,0.4566607005880849,0.2496143165689602,0.049389671361502345,0.042071197411003236,0.01509433962264151,0.04790419161676647,0.5340425531914894,0.2874768661320173,0.49928605425987627,0.08035714285714286,0.11037394451145958,0.5391061452513967,0.22577371892440384,0.09448818897637795,0.03446359088382435,0.16760645537623955,0.011447811447811448,0.7584588304322316,0.06077348066298342,0.10790558261521169
2,0.2945,0.47737151623625673,0.29435359456957727,0.27830985915492956,0.05825242718446602,0.05471698113207547,0.13023952095808383,0.5468085106382978,0.26711906230721777,0.49452641599238456,0.125,0.13781664656212303,0.5223463687150838,0.2749873160832065,0.14960629921259844,0.033073929961089495,0.24324324324324326,0.09539842873176206,0.7553295521220419,0.16022099447513813,0.19632821281378793,0.47737151623625673,0.29435359456957727,0.27830985915492956,0.05825242718446602,0.05471698113207547,0.13023952095808383,0.5468085106382978,0.26711906230721777,0.49452641599238456,0.125,0.13781664656212303,0.5223463687150838,0.2749873160832065,0.14960629921259844,0.033073929961089495,0.24324324324324326,0.09539842873176206,0.7553295521220419,0.16022099447513813,0.19632821281378793
3,0.3524,0.4778828944004091,0.3063869176180191,0.31136150234741783,0.06472491909385113,0.19308176100628932,0.19011976047904192,0.6198581560283688,0.27143738433066006,0.5511661113755355,0.20535714285714285,0.29644149577804585,0.611731843575419,0.4454591577879249,0.2047244094488189,0.03501945525291829,0.2969084192105775,0.3084175084175084,0.7439859182476042,0.3259668508287293,0.24035219183214687,0.4778828944004091,0.3063869176180191,0.31136150234741783,0.06472491909385113,0.19308176100628932,0.19011976047904192,0.6198581560283688,0.27143738433066006,0.5511661113755355,0.20535714285714285,0.29644149577804585,0.611731843575419,0.4454591577879249,0.2047244094488189,0.03501945525291829,0.2969084192105775,0.3084175084175084,0.7439859182476042,0.3259668508287293,0.24035219183214687
4,0.3919,0.5251853745845052,0.36593643937056464,0.3457276995305164,0.09061488673139159,0.2911949685534591,0.2754491017964072,0.6163120567375886,0.28192473781616284,0.5821037601142314,0.26785714285714285,0.36821471652593485,0.6396648044692738,0.4835109081684424,0.30708661417322836,0.042801556420233464,0.327046470931363,0.3569023569023569,0.7439859182476042,0.35911602209944754,0.32221805919820157,0.5251853745845052,0.36593643937056464,0.3457276995305164,0.09061488673139159,0.2911949685534591,0.2754491017964072,0.6163120567375886,0.28192473781616284,0.5821037601142314,0.26785714285714285,0.36821471652593485,0.6396648044692738,0.4835109081684424,0.30708661417322836,0.042801556420233464,0.327046470931363,0.3569023569023569,0.7439859182476042,0.35911602209944754,0.32221805919820157
5,0.4431,0.5576578880081821,0.4177722925023141,0.4768075117370892,0.11326860841423948,0.3270440251572327,0.3278443113772455,0.6404255319148936,0.2899444787168415,0.5683008091385054,0.32589285714285715,0.3914354644149578,0.6452513966480447,0.4941653982749873,0.30708661417322836,0.0622568093385214,0.45848726424265995,0.4219977553310887,0.749657735184823,0.4419889502762431,0.3475084301236418,0.5576578880081821,0.4177722925023141,0.4768075117370892,0.11326860841423948,0.3270440251572327,0.3278443113772455,0.6404255319148936,0.2899444787168415,0.5683008091385054,0.32589285714285715,0.3914354644149578,0.6452513966480447,0.4941653982749873,0.30708661417322836,0.0622568093385214,0.45848726424265995,0.4219977553310887,0.749657735184823,0.4419889502762431,0.3475084301236418
6,0.4662,0.5908974686780875,0.4483184202406665,0.5027230046948357,0.18770226537216828,0.3559748427672956,0.3772455089820359,0.648936170212766,0.36273904996915485,0.5830556877677296,0.36160714285714285,0.43033775633293125,0.6675977653631285,0.5525114155251142,0.3464566929133858,0.14480266814897166,0.3935446237604511,0.44332210998877664,0.774300801877567,0.4585635359116022,0.33851629823904084,0.5908974686780875,0.4483184202406665,0.5027230046948357,0.18770226537216828,0.3559748427672956,0.3772455089820359,0.648936170212766,0.36273904996915485,0.5830556877677296,0.36160714285714285,0.43033775633293125,0.6675977653631285,0.5525114155251142,0.3464566929133858,0.14480266814897166,0.3935446237604511,0.44332210998877664,0.774300801877567,0.4585635359116022,0.33851629823904084
7,0.5026,0.5970340066479162,0.4868867633446467,0.5603755868544601,0.27184466019417475,0.3672955974842767,0.3937125748502994,0.6929078014184397,0.3985194324491055,0.5887672536887196,0.41964285714285715,0.428226779252111,0.6703910614525139,0.547945205479452,0.36220472440944884,0.2095608671484158,0.48006999805560957,0.45881032547699213,0.7752787013495013,0.47513812154696133,0.3763581865867366,0.5970340066479162,0.4868867633446467,0.5603755868544601,0.27184466019417475,0.3672955974842767,0.3937125748502994,0.6929078014184397,0.3985194324491055,0.5887672536887196,0.41964285714285715,0.428226779252111,0.6703910614525139,0.547945205479452,0.36220472440944884,0.2095608671484158,0.48006999805560957,0.45881032547699213,0.7752787013495013,0.47513812154696133,0.3763581865867366
8,0.514,0.6121196624904116,0.4976858994137612,0.5774647887323944,0.3042071197411003,0.43647798742138366,0.42065868263473055,0.6872340425531915,0.42751388032078963,0.609709662065683,0.46875,0.49095295536791317,0.6787709497206704,0.56519533231862,0.3700787401574803,0.23346303501945526,0.45012638537818395,0.48597081930415265,0.7819284177586544,0.49171270718232046,0.3964031472461596,0.6121196624904116,0.4976858994137612,0.5774647887323944,0.3042071197411003,0.43647798742138366,0.42065868263473055,0.6872340425531915,0.42751388032078963,0.609709662065683,0.46875,0.49095295536791317,0.6787709497206704,0.56519533231862,0.3700787401574803,0.23346303501945526,0.45012638537818395,0.48597081930415265,0.7819284177586544,0.49171270718232046,0.3964031472461596
9,0.5365,0.6093070825875735,0.5001542733724159,0.5778403755868544,0.3559870550161812,0.47924528301886793,0.4236526946107784,0.7085106382978723,0.47378161628624305,0.629700142789148,0.5044642857142857,0.528648974668275,0.7150837988826816,0.5930999492643328,0.3543307086614173,0.28543635352973873,0.46723702119385574,0.5281705948372615,0.7969880696264424,0.5082872928176796,0.43742974896965153,0.6093070825875735,0.5001542733724159,0.5778403755868544,0.3559870550161812,0.47924528301886793,0.4236526946107784,0.7085106382978723,0.47378161628624305,0.629700142789148,0.5044642857142857,0.528648974668275,0.7150837988826816,0.5930999492643328,0.3543307086614173,0.28543635352973873,0.46723702119385574,0.5281705948372615,0.7969880696264424,0.5082872928176796,0.43742974896965153
10,0.546,0.6300178982357454,0.5279234804072817,0.5975586854460094,0.36245954692556637,0.48427672955974843,0.44610778443113774,0.6780141843971631,0.4688463911165947,0.6244645406949072,0.48214285714285715,0.5313630880579011,0.6983240223463687,0.5981735159817352,0.3937007874015748,0.2704280155642023,0.44701536068442543,0.549270482603816,0.8048112654019167,0.5027624309392266,0.4426751592356688,0.6300178982357454,0.5279234804072817,0.5975586854460094,0.36245954692556637,0.48427672955974843,0.44610778443113774,0.6780141843971631,0.4688463911165947,0.6244645406949072,0.48214285714285715,0.5313630880579011,0.6983240223463687,0.5981735159817352,0.3937007874015748,0.2704280155642023,0.44701536068442543,0.549270482603816,0.8048112654019167,0.5027624309392266,0.4426751592356688
11,0.5525,0.6259268729225262,0.5149645171243443,0.623849765258216,0.3851132686084142,0.4968553459119497,0.4281437125748503,0.7219858156028369,0.47748303516347934,0.6401713469776297,0.5,0.5479493365500603,0.723463687150838,0.6149162861491628,0.3779527559055118,0.29377431906614787,0.48804199883336574,0.5452300785634119,0.8126344611773909,0.5193370165745856,0.44735856125889845,0.6259268729225262,0.5149645171243443,0.623849765258216,0.3851132686084142,0.4968553459119497,0.4281437125748503,0.7219858156028369,0.47748303516347934,0.6401713469776297,0.5,0.5479493365500603,0.723463687150838,0.6149162861491628,0.3779527559055118,0.29377431906614787,0.48804199883336574,0.5452300785634119,0.8126344611773909,0.5193370165745856,0.44735856125889845
12,0.5688,0.6364101252876502,0.5347115087935822,0.607887323943662,0.4077669902912621,0.5654088050314465,0.48952095808383234,0.7382978723404255,0.5033929673041333,0.658257972394098,0.5758928571428571,0.6001206272617612,0.7486033519553073,0.6331811263318112,0.4015748031496063,0.3187882156753752,0.4787089247520902,0.5508417508417508,0.8124388812830041,0.5248618784530387,0.46927688272761336,0.6364101252876502,0.5347115087935822,0.607887323943662,0.4077669902912621,0.5654088050314465,0.48952095808383234,0.7382978723404255,0.5033929673041333,0.658257972394098,0.5758928571428571,0.6001206272617612,0.7486033519553073,0.6331811263318112,0.4015748031496063,0.3187882156753752,0.4787089247520902,0.5508417508417508,0.8124388812830041,0.5248618784530387,0.46927688272761336
13,0.5794,0.637432881615955,0.544893551373033,0.6264788732394366,0.39805825242718446,0.5484276729559748,0.48353293413173654,0.724113475177305,0.47871684145589144,0.6501665873393622,0.5625,0.597708082026538,0.7346368715083799,0.6524606798579401,0.41732283464566927,0.29377431906614787,0.5253742951584678,0.621773288439955,0.8077449638177195,0.574585635359116,0.49512926189584117,0.637432881615955,0.544893551373033,0.6264788732394366,0.39805825242718446,0.5484276729559748,0.48353293413173654,0.724113475177305,0.47871684145589144,0.6501665873393622,0.5625,0.597708082026538,0.7346368715083799,0.6524606798579401,0.41732283464566927,0.29377431906614787,0.5253742951584678,0.621773288439955,0.8077449638177195,0.574585635359116,0.49512926189584117
14,0.5838,0.6693940168754794,0.5856217216908362,0.5778403755868544,0.4077669902912621,0.5918238993710692,0.5404191616766467,0.7085106382978723,0.49660703269586676,0.6506425511661114,0.5892857142857143,0.6369119420989143,0.7346368715083799,0.6610857432775241,0.47244094488188976,0.32128960533629797,0.4676258992805755,0.6343434343434343,0.8253471543125367,0.580110497237569,0.48351442487823154,0.6693940168754794,0.5856217216908362,0.5778403755868544,0.4077669902912621,0.5918238993710692,0.5404191616766467,0.7085106382978723,0.49660703269586676,0.6506425511661114,0.5892857142857143,0.6369119420989143,0.7346368715083799,0.6610857432775241,0.47244094488188976,0.32128960533629797,0.4676258992805755,0.6343434343434343,0.8253471543125367,0.580110497237569,0.48351442487823154
15,0.5966,0.6525185374584506,0.5652576365319346,0.6371830985915493,0.4110032362459547,0.5691823899371069,0.5134730538922155,0.7177304964539007,0.49660703269586676,0.6801523084245598,0.625,0.6245476477683957,0.7346368715083799,0.6580416032470827,0.44881889763779526,0.33046136742634796,0.5296519541123857,0.6419753086419753,0.8177195384314493,0.6022099447513812,0.5359685275384038,0.6525185374584506,0.5652576365319346,0.6371830985915493,0.4110032362459547,0.5691823899371069,0.5134730538922155,0.7177304964539007,0.49660703269586676,0.6801523084245598,0.625,0.6245476477683957,0.7346368715083799,0.6580416032470827,0.44881889763779526,0.33046136742634796,0.5296519541123857,0.6419753086419753,0.8177195384314493,0.6022099447513812,0.5359685275384038
16,0.6027,0.6632574789056507,0.5680345572354212,0.6336150234741784,0.4692556634304207,0.6062893081761006,0.5299401197604791,0.7191489361702128,0.5558297347316471,0.6896715849595431,0.6294642857142857,0.6510856453558505,0.7486033519553073,0.6519533231861999,0.44881889763779526,0.42301278488048916,0.47773672953529067,0.6240179573512907,0.8235869352630549,0.569060773480663,0.5563881603596853,0.6632574789056507,0.5680345572354212,0.6336150234741784,0.4692556634304207,0.6062893081761006,0.5299401197604791,0.7191489361702128,0.5558297347316471,0.6896715849595431,0.6294642857142857,0.6510856453558505,0.7486033519553073,0.6519533231861999,0.44881889763779526,0.42301278488048916,0.47773672953529067,0.6240179573512907,0.8235869352630549,0.569060773480663,0.5563881603596853
17,0.5967,0.6699053950396318,0.5649490897871028,0.5949295774647887,0.459546925566343,0.5742138364779874,0.5044910179640718,0.7170212765957447,0.5564466378778532,0.6972870061875297,0.6160714285714286,0.6441495778045838,0.7569832402234636,0.6707255200405885,0.4566929133858268,0.41411895497498613,0.45615399572234105,0.6478114478114478,0.8392333268140035,0.6077348066298343,0.5483327088797303,0.6699053950396318,0.5649490897871028,0.5949295774647887,0.459546925566343,0.5742138364779874,0.5044910179640718,0.7170212765957447,0.5564466378778532,0.6972870061875297,0.6160714285714286,0.6441495778045838,0.7569832402234636,0.6707255200405885,0.4566929133858268,0.41411895497498613,0.45615399572234105,0.6478114478114478,0.8392333268140035,0.6077348066298343,0.5483327088797303
18,0.6172,0.6975198159038609,0.6118481950015427,0.6392488262910798,0.4886731391585761,0.5955974842767295,0.5568862275449101,0.7425531914893617,0.5700185070943862,0.6844359828653023,0.6205357142857143,0.6468636911942099,0.770949720670391,0.6920345002536783,0.5354330708661418,0.43468593663146193,0.5267353684619872,0.6482603815937149,0.8231957754742812,0.6464088397790055,0.5279130760584488,0.6975198159038609,0.6118481950015427,0.6392488262910798,0.4886731391585761,0.5955974842767295,0.5568862275449101,0.7425531914893617,0.5700185070943862,0.6844359828653023,0.6205357142857143,0.6468636911942099,0.770949720670391,0.6920345002536783,0.5354330708661418,0.43468593663146193,0.5267353684619872,0.6482603815937149,0.8231957754742812,0.6464088397790055,0.5279130760584488
19,0.6168,0.6867808744566607,0.5921012033323049,0.6546478873239436,0.47249190938511326,0.6251572327044025,0.5479041916167665,0.7312056737588652,0.5687847008019741,0.7015706806282722,0.6428571428571429,0.6646562123039808,0.7625698324022346,0.6854388635210553,0.5039370078740157,0.42134519177320734,0.506319268909197,0.6594837261503929,0.8339526696655584,0.6519337016574586,0.5633195953540652,0.6867808744566607,0.5921012033323049,0.6546478873239436,0.47249190938511326,0.6251572327044025,0.5479041916167665,0.7312056737588652,0.5687847008019741,0.7015706806282722,0.6428571428571429,0.6646562123039808,0.7625698324022346,0.6854388635210553,0.5039370078740157,0.42134519177320734,0.506319268909197,0.6594837261503929,0.8339526696655584,0.6519337016574586,0.5633195953540652
20,0.6292,0.681922781897213,0.5887071891391545,0.6550234741784038,0.47572815533980584,0.6446540880503144,0.5718562874251497,0.74822695035461,0.5724861196792104,0.7106139933365064,0.6428571428571429,0.6890832328106152,0.776536312849162,0.7092846270928462,0.5196850393700787,0.42745969983324067,0.5234299047248687,0.6745230078563412,0.8353217289262663,0.6906077348066298,0.5856125889846384,0.681922781897213,0.5887071891391545,0.6550234741784038,0.47572815533980584,0.6446540880503144,0.5718562874251497,0.74822695035461,0.5724861196792104,0.7106139933365064,0.6428571428571429,0.6890832328106152,0.776536312849162,0.7092846270928462,0.5196850393700787,0.42745969983324067,0.5234299047248687,0.6745230078563412,0.8353217289262663,0.6906077348066298,0.5856125889846384
21,0.6338,0.7105599590897469,0.6278926257327985,0.6546478873239436,0.49838187702265374,0.6389937106918239,0.5853293413173652,0.7631205673758865,0.594694632942628,0.6944312232270348,0.6517857142857143,0.6779252110977081,0.7793296089385475,0.7275494672754946,0.5275590551181102,0.46831573096164536,0.5259576122885475,0.6985409652076319,0.830432231566595,0.7016574585635359,0.5498313975271637,0.7105599590897469,0.6278926257327985,0.6546478873239436,0.49838187702265374,0.6389937106918239,0.5853293413173652,0.7631205673758865,0.594694632942628,0.6944312232270348,0.6517857142857143,0.6779252110977081,0.7793296089385475,0.7275494672754946,0.5275590551181102,0.46831573096164536,0.5259576122885475,0.6985409652076319,0.830432231566595,0.7016574585635359,0.5498313975271637
22,0.6394,0.7046791102019944,0.6167849429188522,0.6905164319248827,0.5145631067961165,0.6440251572327044,0.592814371257485,0.7581560283687944,0.5885256014805675,0.6987148976677773,0.6473214285714286,0.6887816646562123,0.7793296089385475,0.7336377473363774,0.5590551181102362,0.46386881600889385,0.5380128329768618,0.7005611672278339,0.826325053784471,0.7182320441988951,0.5625702510303484,0.7046791102019944,0.6167849429188522,0.6905164319248827,0.5145631067961165,0.6440251572327044,0.592814371257485,0.7581560283687944,0.5885256014805675,0.6987148976677773,0.6473214285714286,0.6887816646562123,0.7793296089385475,0.7336377473363774,0.5590551181102362,0.46386881600889385,0.5380128329768618,0.7005611672278339,0.826325053784471,0.7182320441988951,0.5625702510303484
23,0.6406,0.7282025057530044,0.6377661215674174,0.6647887323943662,0.48220064724919093,0.6515723270440251,0.6122754491017964,0.7666666666666667,0.5965453423812461,0.7248929081389814,0.65625,0.6939083232810616,0.7653631284916201,0.7138508371385084,0.5748031496062992,0.46859366314619233,0.5094302936029554,0.6711560044893379,0.8415802855466458,0.6629834254143646,0.5932933683027352,0.7282025057530044,0.6377661215674174,0.6647887323943662,0.48220064724919093,0.6515723270440251,0.6122754491017964,0.7666666666666667,0.5965453423812461,0.7248929081389814,0.65625,0.6939083232810616,0.7653631284916201,0.7138508371385084,0.5748031496062992,0.46859366314619233,0.5094302936029554,0.6711560044893379,0.8415802855466458,0.6629834254143646,0.5932933683027352
24,0.6424,0.7100485809255945,0.6263498920086393,0.6373708920187794,0.5469255663430421,0.6591194968553459,0.5748502994011976,0.7631205673758865,0.634176434299815,0.7191813422179915,0.6428571428571429,0.6984318455971049,0.776536312849162,0.7356671740233384,0.5905511811023622,0.5083379655364091,0.5199300019443904,0.7054994388327722,0.8419714453354196,0.7237569060773481,0.589171974522293,0.7100485809255945,0.6263498920086393,0.6373708920187794,0.5469255663430421,0.6591194968553459,0.5748502994011976,0.7631205673758865,0.634176434299815,0.7191813422179915,0.6428571428571429,0.6984318455971049,0.776536312849162,0.7356671740233384,0.5905511811023622,0.5083379655364091,0.5199300019443904,0.7054994388327722,0.8419714453354196,0.7237569060773481,0.589171974522293
25,0.6488,0.7312707747379187,0.6547361925331687,0.6925821596244132,0.49514563106796117,0.6226415094339622,0.5988023952095808,0.7851063829787234,0.5977791486736582,0.7177534507377439,0.6160714285714286,0.6646562123039808,0.776536312849162,0.7361745306950787,0.6141732283464567,0.47026125625347415,0.5508458098386156,0.6875420875420876,0.845491883434383,0.7016574585635359,0.5766204571000375,0.7312707747379187,0.6547361925331687,0.6925821596244132,0.49514563106796117,0.6226415094339622,0.5988023952095808,0.7851063829787234,0.5977791486736582,0.7177534507377439,0.6160714285714286,0.6646562123039808,0.776536312849162,0.7361745306950787,0.6141732283464567,0.47026125625347415,0.5508458098386156,0.6875420875420876,0.845491883434383,0.7016574585635359,0.5766204571000375
26,0.6434,0.726412682178471,0.6374575748225856,0.6339906103286385,0.5016181229773463,0.6547169811320754,0.5973053892215568,0.7624113475177305,0.6095003084515731,0.7310804378867206,0.65625,0.6942098914354644,0.7793296089385475,0.7376966007102993,0.5669291338582677,0.46859366314619233,0.5360684425432627,0.7028058361391695,0.8505769606884412,0.7071823204419889,0.5917946796553016,0.726412682178471,0.6374575748225856,0.6339906103286385,0.5016181229773463,0.6547169811320754,0.5973053892215568,0.7624113475177305,0.6095003084515731,0.7310804378867206,0.65625,0.6942098914354644,0.7793296089385475,0.7376966007102993,0.5669291338582677,0.46859366314619233,0.5360684425432627,0.7028058361391695,0.8505769606884412,0.7071823204419889,0.5917946796553016
27,0.6526,0.7103042700076707,0.626966985498303,0.6845070422535211,0.49838187702265374,0.650314465408805,0.5868263473053892,0.7858156028368795,0.5903763109191857,0.7296525464064731,0.6473214285714286,0.6936067551266586,0.7877094972067039,0.7407407407407407,0.5748031496062992,0.4471928849360756,0.5765117635621233,0.7241301907968575,0.8447095638568355,0.7292817679558011,0.5983514424878231,0.7103042700076707,0.626966985498303,0.6845070422535211,0.49838187702265374,0.650314465408805,0.5868263473053892,0.7858156028368795,0.5903763109191857,0.7296525464064731,0.6473214285714286,0.6936067551266586,0.7877094972067039,0.7407407407407407,0.5748031496062992,0.4471928849360756,0.5765117635621233,0.7241301907968575,0.8447095638568355,0.7292817679558011,0.5983514424878231
28,0.6582,0.7287138839171567,0.652267818574514,0.663661971830986,0.5372168284789643,0.6446540880503144,0.6107784431137725,0.7794326241134751,0.6144355336212215,0.7353641123274631,0.6294642857142857,0.6951145958986731,0.7793296089385475,0.7361745306950787,0.5905511811023622,0.48249027237354086,0.5524013221854949,0.7138047138047138,0.8589868961470761,0.6906077348066298,0.6204571000374672,0.7287138839171567,0.652267818574514,0.663661971830986,0.5372168284789643,0.6446540880503144,0.6107784431137725,0.7794326241134751,0.6144355336212215,0.7353641123274631,0.6294642857142857,0.6951145958986731,0.7793296089385475,0.7361745306950787,0.5905511811023622,0.48249027237354086,0.5524013221854949,0.7138047138047138,0.8589868961470761,0.6906077348066298,0.6204571000374672
29,0.6632,0.7397085144464332,0.6676951558161062,0.6965258215962441,0.5469255663430421,0.6572327044025157,0.6422155688622755,0.7843971631205674,0.6045650832819247,0.7153736316039981,0.6205357142857143,0.6999396863691194,0.7653631284916201,0.7468290208016235,0.6299212598425197,0.47220678154530293,0.5685397627843671,0.726374859708193,0.8490123215333464,0.7182320441988951,0.6125889846384414,0.7397085144464332,0.6676951558161062,0.6965258215962441,0.5469255663430421,0.6572327044025157,0.6422155688622755,0.7843971631205674,0.6045650832819247,0.7153736316039981,0.6205357142857143,0.6999396863691194,0.7653631284916201,0.7468290208016235,0.6299212598425197,0.47220678154530293,0.5685397627843671,0.726374859708193,0.8490123215333464,0.7182320441988951,0.6125889846384414
30,0.6651,0.7384300690360521,0.6649182351126196,0.68018779342723,0.56957928802589,0.6610062893081761,0.6197604790419161,0.7886524822695036,0.6366440468846392,0.7220371251784864,0.6473214285714286,0.7014475271411339,0.7793296089385475,0.7569761542364282,0.6299212598425197,0.5200111172873819,0.570873031304686,0.7306397306397306,0.8482300019557989,0.7348066298342542,0.6094042712626452,0.7384300690360521,0.6649182351126196,0.68018779342723,0.56957928802589,0.6610062893081761,0.6197604790419161,0.7886524822695036,0.6366440468846392,0.7220371251784864,0.6473214285714286,0.7014475271411339,0.7793296089385475,0.7569761542364282,0.6299212598425197,0.5200111172873819,0.570873031304686,0.7306397306397306,0.8482300019557989,0.7348066298342542,0.6094042712626452
31,0.6664,0.7335719764766044,0.6541190990435051,0.6884507042253522,0.5663430420711975,0.6635220125786163,0.6272455089820359,0.799290780141844,0.636027143738433,0.7382198952879581,0.6383928571428571,0.7123039806996381,0.7877094972067039,0.7640791476407914,0.5984251968503937,0.5005558643690939,0.5557067859226132,0.7230078563411897,0.8611382749853315,0.7292817679558011,0.6047208692394155,0.7335719764766044,0.6541190990435051,0.6884507042253522,0.5663430420711975,0.6635220125786163,0.6272455089820359,0.799290780141844,0.636027143738433,0.7382198952879581,0.6383928571428571,0.7123039806996381,0.7877094972067039,0.7640791476407914,0.5984251968503937,0.5005558643690939,0.5557067859226132,0.7230078563411897,0.8611382749853315,0.7292817679558011,0.6047208692394155
32,0.6635,0.7305037074916901,0.6559703795124961,0.6420657276995305,0.5889967637540453,0.6547169811320754,0.6212574850299402,0.7702127659574468,0.6545342381246144,0.7348881485007139,0.6696428571428571,0.7132086851628469,0.7681564245810056,0.7473363774733638,0.5748031496062992,0.537520844913841,0.533151856892864,0.7358024691358025,0.861725014668492,0.7237569060773481,0.6298239040839265,0.7305037074916901,0.6559703795124961,0.6420657276995305,0.5889967637540453,0.6547169811320754,0.6212574850299402,0.7702127659574468,0.6545342381246144,0.7348881485007139,0.6696428571428571,0.7132086851628469,0.7681564245810056,0.7473363774733638,0.5748031496062992,0.537520844913841,0.533151856892864,0.7358024691358025,0.861725014668492,0.7237569060773481,0.6298239040839265
33,0.6677,0.7550498593710049,0.6791113853748842,0.6779342723004694,0.5760517799352751,0.6723270440251572,0.6302395209580839,0.7971631205673759,0.6428130783466995,0.7215611613517373,0.6651785714285714,0.718335343787696,0.7821229050279329,0.763064434297311,0.6141732283464567,0.5241801000555865,0.5683453237410072,0.7351290684624018,0.8584001564639155,0.7292817679558011,0.5970400899213189,0.7550498593710049,0.6791113853748842,0.6779342723004694,0.5760517799352751,0.6723270440251572,0.6302395209580839,0.7971631205673759,0.6428130783466995,0.7215611613517373,0.6651785714285714,0.718335343787696,0.7821229050279329,0.763064434297311,0.6141732283464567,0.5241801000555865,0.5683453237410072,0.7351290684624018,0.8584001564639155,0.7292817679558011,0.5970400899213189
34,0.668,0.7391971362822808,0.6624498611539649,0.6942723004694835,0.517799352750809,0.6628930817610063,0.6227544910179641,0.7971631205673759,0.6181369524984578,0.7501189909566873,0.6830357142857143,0.7138118214716526,0.7793296089385475,0.7600202942668696,0.5984251968503937,0.4774874930516954,0.5632899086136496,0.7153759820426487,0.8693526305495795,0.7182320441988951,0.6431247658298989,0.7391971362822808,0.6624498611539649,0.6942723004694835,0.517799352750809,0.6628930817610063,0.6227544910179641,0.7971631205673759,0.6181369524984578,0.7501189909566873,0.6830357142857143,0.7138118214716526,0.7793296089385475,0.7600202942668696,0.5984251968503937,0.4774874930516954,0.5632899086136496,0.7153759820426487,0.8693526305495795,0.7182320441988951,0.6431247658298989
35,0.6703,0.734339043722833,0.6581302067263191,0.6910798122065728,0.540453074433657,0.6647798742138364,0.6197604790419161,0.7773049645390071,0.6280074028377545,0.7405997144217039,0.6741071428571429,0.7150180940892642,0.7793296089385475,0.7681380010147133,0.5905511811023622,0.4924958310172318,0.5636787867003694,0.747699214365881,0.8677879913944846,0.7292817679558011,0.6324466092169352,0.734339043722833,0.6581302067263191,0.6910798122065728,0.540453074433657,0.6647798742138364,0.6197604790419161,0.7773049645390071,0.6280074028377545,0.7405997144217039,0.6741071428571429,0.7150180940892642,0.7793296089385475,0.7681380010147133,0.5905511811023622,0.4924958310172318,0.5636787867003694,0.747699214365881,0.8677879913944846,0.7292817679558011,0.6324466092169352
36,0.6753,0.7489133214011762,0.6788028386300524,0.6910798122065728,0.5501618122977346,0.6691823899371069,0.6392215568862275,0.8127659574468085,0.6310919185687847,0.7439314612089482,0.6875,0.7129071170084439,0.7932960893854749,0.7828513444951801,0.6220472440944882,0.4963868816008894,0.5959556678981139,0.7407407407407407,0.8603559554077841,0.7569060773480663,0.6324466092169352,0.7489133214011762,0.6788028386300524,0.6910798122065728,0.5501618122977346,0.6691823899371069,0.6392215568862275,0.8127659574468085,0.6310919185687847,0.7439314612089482,0.6875,0.7129071170084439,0.7932960893854749,0.7828513444951801,0.6220472440944882,0.4963868816008894,0.5959556678981139,0.7407407407407407,0.8603559554077841,0.7569060773480663,0.6324466092169352
37,0.6743,0.7397085144464332,0.6646096883677877,0.6878873239436619,0.5501618122977346,0.6616352201257861,0.6212574850299402,0.7929078014184398,0.6428130783466995,0.7429795335554498,0.6830357142857143,0.7147165259348612,0.7793296089385475,0.7742262810755961,0.5905511811023622,0.5108393551973318,0.5907058137273965,0.7492704826038159,0.8666145120281635,0.7403314917127072,0.6309479205695017,0.7397085144464332,0.6646096883677877,0.6878873239436619,0.5501618122977346,0.6616352201257861,0.6212574850299402,0.7929078014184398,0.6428130783466995,0.7429795335554498,0.6830357142857143,0.7147165259348612,0.7793296089385475,0.7742262810755961,0.5905511811023622,0.5108393551973318,0.5907058137273965,0.7492704826038159,0.8666145120281635,0.7403314917127072,0.6309479205695017
38,0.6778,0.7455893633341857,0.6784942918852206,0.6878873239436619,0.5889967637540453,0.6754716981132075,0.6422155688622755,0.800709219858156,0.6551511412708205,0.743455497382199,0.6830357142857143,0.7174306393244874,0.7849162011173184,0.7777777777777778,0.6141732283464567,0.5252918287937743,0.5988722535485126,0.7423120089786757,0.8591824760414629,0.7513812154696132,0.6356313225927314,0.7455893633341857,0.6784942918852206,0.6878873239436619,0.5889967637540453,0.6754716981132075,0.6422155688622755,0.800709219858156,0.6551511412708205,0.743455497382199,0.6830357142857143,0.7174306393244874,0.7849162011173184,0.7777777777777778,0.6141732283464567,0.5252918287937743,0.5988722535485126,0.7423120089786757,0.8591824760414629,0.7513812154696132,0.6356313225927314
39,0.6827,0.739452825364357,0.6791113853748842,0.7147417840375587,0.598705501618123,0.670440251572327,0.6377245508982036,0.8078014184397163,0.6483652066625539,0.7229890528319848,0.6964285714285714,0.7231604342581424,0.7849162011173184,0.7823439878234398,0.6062992125984252,0.5344635908838243,0.5846782033832394,0.7591470258136925,0.8580089966751417,0.7513812154696132,0.6361933308355189,0.739452825364357,0.6791113853748842,0.7147417840375587,0.598705501618123,0.670440251572327,0.6377245508982036,0.8078014184397163,0.6483652066625539,0.7229890528319848,0.6964285714285714,0.7231604342581424,0.7849162011173184,0.7823439878234398,0.6062992125984252,0.5344635908838243,0.5846782033832394,0.7591470258136925,0.8580089966751417,0.7513812154696132,0.6361933308355189
40,0.6788,0.7519815903860905,0.6723233569885838,0.6950234741784037,0.517799352750809,0.6716981132075471,0.6227544910179641,0.8014184397163121,0.6366440468846392,0.7429795335554498,0.6785714285714286,0.724065138721351,0.7877094972067039,0.776255707762557,0.5984251968503937,0.5008337965536409,0.5759284464320436,0.7506172839506173,0.8756111871699589,0.7348066298342542,0.6283252154364931,0.7519815903860905,0.6723233569885838,0.6950234741784037,0.517799352750809,0.6716981132075471,0.6227544910179641,0.8014184397163121,0.6366440468846392,0.7429795335554498,0.6785714285714286,0.724065138721351,0.7877094972067039,0.776255707762557,0.5984251968503937,0.5008337965536409,0.5759284464320436,0.7506172839506173,0.8756111871699589,0.7348066298342542,0.6283252154364931
41,0.6788,0.7501917668115572,0.6760259179265659,0.7062910798122066,0.5501618122977346,0.680503144654088,0.6287425149700598,0.8156028368794326,0.6446637877853177,0.7405997144217039,0.6830357142857143,0.7303980699638118,0.7905027932960894,0.7889396245560629,0.6220472440944882,0.5130628126737076,0.6078164495430682,0.7492704826038159,0.8672012517113241,0.7348066298342542,0.6071562382914949,0.7501917668115572,0.6760259179265659,0.7062910798122066,0.5501618122977346,0.680503144654088,0.6287425149700598,0.8156028368794326,0.6446637877853177,0.7405997144217039,0.6830357142857143,0.7303980699638118,0.7905027932960894,0.7889396245560629,0.6220472440944882,0.5130628126737076,0.6078164495430682,0.7492704826038159,0.8672012517113241,0.7348066298342542,0.6071562382914949
42,0.6844,0.7499360777294809,0.6800370256093798,0.6893896713615023,0.5792880258899676,0.7056603773584905,0.6482035928143712,0.823404255319149,0.6551511412708205,0.7439314612089482,0.6785714285714286,0.7463811821471653,0.7877094972067039,0.7884322678843226,0.6377952755905512,0.5397443023902168,0.6056776200661093,0.7465768799102133,0.8642675532955212,0.7348066298342542,0.63825402772574,0.7499360777294809,0.6800370256093798,0.6893896713615023,0.5792880258899676,0.7056603773584905,0.6482035928143712,0.823404255319149,0.6551511412708205,0.7439314612089482,0.6785714285714286,0.7463811821471653,0.7877094972067039,0.7884322678843226,0.6377952755905512,0.5397443023902168,0.6056776200661093,0.7465768799102133,0.8642675532955212,0.7348066298342542,0.63825402772574
43,0.6844,0.780107389414472,0.7096575131132367,0.6835680751173709,0.5857605177993528,0.6874213836477987,0.655688622754491,0.7794326241134751,0.6526835286859963,0.7429795335554498,0.6875,0.7361278648974668,0.7737430167597765,0.778285134449518,0.6456692913385826,0.5380767092829349,0.5732062998250048,0.7625140291806959,0.8664189321337766,0.7734806629834254,0.6399400524541027,0.780107389414472,0.7096575131132367,0.6835680751173709,0.5857605177993528,0.6874213836477987,0.655688622754491,0.7794326241134751,0.6526835286859963,0.7429795335554498,0.6875,0.7361278648974668,0.7737430167597765,0.778285134449518,0.6456692913385826,0.5380767092829349,0.5732062998250048,0.7625140291806959,0.8664189321337766,0.7734806629834254,0.6399400524541027
44,0.6852,0.7466121196624904,0.6695464362850972,0.7066666666666667,0.5728155339805825,0.6654088050314465,0.6362275449101796,0.8127659574468085,0.6465144972239358,0.7501189909566873,0.6741071428571429,0.7186369119420989,0.7960893854748603,0.8001014713343481,0.6299212598425197,0.5352973874374652,0.6078164495430682,0.7571268237934905,0.8736553882260903,0.7403314917127072,0.6538029224428625,0.7466121196624904,0.6695464362850972,0.7066666666666667,0.5728155339805825,0.6654088050314465,0.6362275449101796,0.8127659574468085,0.6465144972239358,0.7501189909566873,0.6741071428571429,0.7186369119420989,0.7960893854748603,0.8001014713343481,0.6299212598425197,0.5352973874374652,0.6078164495430682,0.7571268237934905,0.8736553882260903,0.7403314917127072,0.6538029224428625
45,0.6832,0.7698798261314241,0.6942301758716446,0.6751173708920187,0.56957928802589,0.680503144654088,0.6497005988023952,0.8014184397163121,0.634176434299815,0.7591623036649214,0.6741071428571429,0.7400482509047045,0.8016759776536313,0.7924911212582445,0.6141732283464567,0.5052807115063924,0.5875947890336379,0.7566778900112233,0.8789360453745355,0.7458563535911602,0.6656050955414012,0.7698798261314241,0.6942301758716446,0.6751173708920187,0.56957928802589,0.680503144654088,0.6497005988023952,0.8014184397163121,0.634176434299815,0.7591623036649214,0.6741071428571429,0.7400482509047045,0.8016759776536313,0.7924911212582445,0.6141732283464567,0.5052807115063924,0.5875947890336379,0.7566778900112233,0.8789360453745355,0.7458563535911602,0.6656050955414012
46,0.6878,0.7619534645870621,0.7004011107682814,0.6869483568075118,0.5954692556634305,0.6823899371069182,0.655688622754491,0.7957446808510639,0.6594694632942628,0.7367920038077106,0.6785714285714286,0.741556091676719,0.7905027932960894,0.8006088280060882,0.6062992125984252,0.5447470817120622,0.6257048415321796,0.7782267115600449,0.8582045765695286,0.7624309392265194,0.6451854627201199,0.7619534645870621,0.7004011107682814,0.6869483568075118,0.5954692556634305,0.6823899371069182,0.655688622754491,0.7957446808510639,0.6594694632942628,0.7367920038077106,0.6785714285714286,0.741556091676719,0.7905027932960894,0.8006088280060882,0.6062992125984252,0.5447470817120622,0.6257048415321796,0.7782267115600449,0.8582045765695286,0.7624309392265194,0.6451854627201199
47,0.6854,0.7634875990795194,0.6908361616784943,0.6931455399061033,0.5825242718446602,0.6874213836477987,0.6511976047904192,0.8134751773049645,0.6508328192473781,0.7544026653974298,0.6696428571428571,0.7364294330518697,0.8100558659217877,0.8011161846778285,0.6220472440944882,0.5230683713173986,0.6173439626677036,0.7555555555555555,0.8713084294934481,0.7569060773480663,0.6500562008242787,0.7634875990795194,0.6908361616784943,0.6931455399061033,0.5825242718446602,0.6874213836477987,0.6511976047904192,0.8134751773049645,0.6508328192473781,0.7544026653974298,0.6696428571428571,0.7364294330518697,0.8100558659217877,0.8011161846778285,0.6220472440944882,0.5230683713173986,0.6173439626677036,0.7555555555555555,0.8713084294934481,0.7569060773480663,0.6500562008242787
48,0.6859,0.7729480951163386,0.7007096575131132,0.6940845070422536,0.5825242718446602,0.6974842767295597,0.6736526946107785,0.825531914893617,0.6458975940777298,0.7529747739171823,0.6830357142857143,0.7496984318455971,0.8100558659217877,0.7929984779299848,0.6377952755905512,0.5180655919955531,0.602177717285631,0.7405162738496072,0.8830432231566595,0.7458563535911602,0.6553016110902959,0.7729480951163386,0.7007096575131132,0.6940845070422536,0.5825242718446602,0.6974842767295597,0.6736526946107785,0.825531914893617,0.6458975940777298,0.7529747739171823,0.6830357142857143,0.7496984318455971,0.8100558659217877,0.7929984779299848,0.6377952755905512,0.5180655919955531,0.602177717285631,0.7405162738496072,0.8830432231566595,0.7458563535911602,0.6553016110902959
49,0.6902,0.7501917668115572,0.6791113853748842,0.7218779342723005,0.5825242718446602,0.6792452830188679,0.6422155688622755,0.8134751773049645,0.6582356570018507,0.7496430271299381,0.6607142857142857,0.7334137515078407,0.776536312849162,0.7990867579908676,0.6062992125984252,0.5319622012229016,0.6350379156134551,0.7737373737373737,0.8662233522393898,0.7569060773480663,0.6611090295991008,0.7501917668115572,0.6791113853748842,0.7218779342723005,0.5825242718446602,0.6792452830188679,0.6422155688622755,0.8134751773049645,0.6582356570018507,0.7496430271299381,0.6607142857142857,0.7334137515078407,0.776536312849162,0.7990867579908676,0.6062992125984252,0.5319622012229016,0.6350379156134551,0.7737373737373737,0.8662233522393898,0.7569060773480663,0.6611090295991008
50,0.6879,0.7698798261314241,0.6985498302992903,0.7128638497652582,0.5889967637540453,0.6893081761006289,0.6751497005988024,0.823404255319149,0.6582356570018507,0.7415516420752023,0.6785714285714286,0.7506031363088058,0.7849162011173184,0.8077118214104515,0.6456692913385826,0.5403001667593107,0.6148162551040249,0.7569023569023569,0.8756111871699589,0.7569060773480663,0.6345073061071562,0.7698798261314241,0.6985498302992903,0.7128638497652582,0.5889967637540453,0.6893081761006289,0.6751497005988024,0.823404255319149,0.6582356570018507,0.7415516420752023,0.6785714285714286,0.7506031363088058,0.7849162011173184,0.8077118214104515,0.6456692913385826,0.5403001667593107,0.6148162551040249,0.7569023569023569,0.8756111871699589,0.7569060773480663,0.6345073061071562
51,0.6885,0.7624648427512145,0.6828139463128664,0.7100469483568075,0.5760517799352751,0.6981132075471698,0.655688622754491,0.8,0.6465144972239358,0.7524988100904332,0.6964285714285714,0.7524125452352232,0.7821229050279329,0.7980720446473871,0.6299212598425197,0.5047248471372985,0.6245382072720203,0.7737373737373737,0.8791316252689223,0.7845303867403315,0.6577369801423755,0.7624648427512145,0.6828139463128664,0.7100469483568075,0.5760517799352751,0.6981132075471698,0.655688622754491,0.8,0.6465144972239358,0.7524988100904332,0.6964285714285714,0.7524125452352232,0.7821229050279329,0.7980720446473871,0.6299212598425197,0.5047248471372985,0.6245382072720203,0.7737373737373737,0.8791316252689223,0.7845303867403315,0.6577369801423755
52,0.693,0.7668115571465098,0.6929959888923172,0.7111737089201878,0.6051779935275081,0.670440251572327,0.6497005988023952,0.8134751773049645,0.6872301048735349,0.7515468824369348,0.6875,0.7310012062726177,0.7905027932960894,0.8036529680365296,0.6220472440944882,0.5711506392440244,0.6155940112774645,0.7638608305274972,0.8765890866418932,0.7734806629834254,0.6614837017609592,0.7668115571465098,0.6929959888923172,0.7111737089201878,0.6051779935275081,0.670440251572327,0.6497005988023952,0.8134751773049645,0.6872301048735349,0.7515468824369348,0.6875,0.7310012062726177,0.7905027932960894,0.8036529680365296,0.6220472440944882,0.5711506392440244,0.6155940112774645,0.7638608305274972,0.8765890866418932,0.7734806629834254,0.6614837017609592
53,0.6937,0.7714139606238813,0.6939216291268128,0.7132394366197183,0.5889967637540453,0.7012578616352201,0.6631736526946108,0.8205673758865248,0.6644046884639112,0.7715373631603998,0.6875,0.7460796139927623,0.7988826815642458,0.8082191780821918,0.6535433070866141,0.5325180655919955,0.6163717674509042,0.7528619528619529,0.8820653236847252,0.7624309392265194,0.675346571749719,0.7714139606238813,0.6939216291268128,0.7132394366197183,0.5889967637540453,0.7012578616352201,0.6631736526946108,0.8205673758865248,0.6644046884639112,0.7715373631603998,0.6875,0.7460796139927623,0.7988826815642458,0.8082191780821918,0.6535433070866141,0.5325180655919955,0.6163717674509042,0.7528619528619529,0.8820653236847252,0.7624309392265194,0.675346571749719
54,0.6945,0.7560726156993096,0.6858994137611848,0.7134272300469483,0.598705501618123,0.6867924528301886,0.6511976047904192,0.8212765957446808,0.6644046884639112,0.7439314612089482,0.6875,0.7409529553679132,0.7960893854748603,0.8082191780821918,0.6377952755905512,0.5422456920511395,0.654287380906086,0.7854096520763187,0.8672012517113241,0.7955801104972375,0.6479955039340577,0.7560726156993096,0.6858994137611848,0.7134272300469483,0.598705501618123,0.6867924528301886,0.6511976047904192,0.8212765957446808,0.6644046884639112,0.7439314612089482,0.6875,0.7409529553679132,0.7960893854748603,0.8082191780821918,0.6377952755905512,0.5422456920511395,0.654287380906086,0.7854096520763187,0.8672012517113241,0.7955801104972375,0.6479955039340577
55,0.6974,0.7622091536691383,0.6942301758716446,0.728075117370892,0.6051779935275081,0.7056603773584905,0.6646706586826348,0.8354609929078014,0.6730413325107958,0.7534507377439315,0.7142857142857143,0.758745476477684,0.8128491620111732,0.8153221714865551,0.6535433070866141,0.5416898276820455,0.6321213299630566,0.7705948372615039,0.8666145120281635,0.8011049723756906,0.6539902585237917,0.7622091536691383,0.6942301758716446,0.728075117370892,0.6051779935275081,0.7056603773584905,0.6646706586826348,0.8354609929078014,0.6730413325107958,0.7534507377439315,0.7142857142857143,0.758745476477684,0.8128491620111732,0.8153221714865551,0.6535433070866141,0.5416898276820455,0.6321213299630566,0.7705948372615039,0.8666145120281635,0.8011049723756906,0.6539902585237917
56,0.6975,0.7706468933776528,0.6929959888923172,0.7250704225352113,0.6019417475728155,0.6943396226415094,0.6691616766467066,0.8085106382978723,0.6668723010487353,0.7601142313184198,0.6830357142857143,0.7503015681544029,0.7905027932960894,0.8056823947234906,0.6220472440944882,0.5358532518065592,0.633287964223216,0.784736251402918,0.8677879913944846,0.7955801104972375,0.6715998501311352,0.7706468933776528,0.6929959888923172,0.7250704225352113,0.6019417475728155,0.6943396226415094,0.6691616766467066,0.8085106382978723,0.6668723010487353,0.7601142313184198,0.6830357142857143,0.7503015681544029,0.7905027932960894,0.8056823947234906,0.6220472440944882,0.5358532518065592,0.633287964223216,0.784736251402918,0.8677879913944846,0.7955801104972375,0.6715998501311352
57,0.6978,0.7862439273843007,0.710891700092564,0.7166197183098592,0.5954692556634305,0.6691823899371069,0.6751497005988024,0.8113475177304964,0.6563849475632326,0.7458353165159448,0.6696428571428571,0.732509047044632,0.7932960893854749,0.8061897513952309,0.6062992125984252,0.5247359644246804,0.6566206494264049,0.7802469135802469,0.8777625660082143,0.7734806629834254,0.6553016110902959,0.7862439273843007,0.710891700092564,0.7166197183098592,0.5954692556634305,0.6691823899371069,0.6751497005988024,0.8113475177304964,0.6563849475632326,0.7458353165159448,0.6696428571428571,0.732509047044632,0.7932960893854749,0.8061897513952309,0.6062992125984252,0.5247359644246804,0.6566206494264049,0.7802469135802469,0.8777625660082143,0.7734806629834254,0.6553016110902959
58,0.6998,0.7647660444899003,0.6911447084233261,0.7273239436619718,0.6019417475728155,0.6937106918238993,0.6691616766467066,0.8460992907801419,0.6644046884639112,0.7734412184673964,0.6964285714285714,0.7424607961399277,0.8156424581005587,0.8092338914256723,0.5905511811023622,0.5383546414674819,0.6377600622204939,0.7652076318742985,0.8732642284373167,0.7734806629834254,0.6796553016110903,0.7647660444899003,0.6911447084233261,0.7273239436619718,0.6019417475728155,0.6937106918238993,0.6691616766467066,0.8460992907801419,0.6644046884639112,0.7734412184673964,0.6964285714285714,0.7424607961399277,0.8156424581005587,0.8092338914256723,0.5905511811023622,0.5383546414674819,0.6377600622204939,0.7652076318742985,0.8732642284373167,0.7734806629834254,0.6796553016110903
59,0.6978,0.7844541038097673,0.6966985498302993,0.7254460093896714,0.5728155339805825,0.690566037735849,0.6736526946107785,0.8283687943262411,0.6570018507094386,0.7710613993336506,0.6830357142857143,0.7430639324487334,0.8016759776536313,0.8056823947234906,0.6062992125984252,0.5127848804891606,0.6472875753451293,0.7672278338945006,0.8806962644240172,0.7569060773480663,0.6839640314724615,0.7844541038097673,0.6966985498302993,0.7254460093896714,0.5728155339805825,0.690566037735849,0.6736526946107785,0.8283687943262411,0.6570018507094386,0.7710613993336506,0.6830357142857143,0.7430639324487334,0.8016759776536313,0.8056823947234906,0.6062992125984252,0.5127848804891606,0.6472875753451293,0.7672278338945006,0.8806962644240172,0.7569060773480663,0.6839640314724615
60,0.7014,0.781385834824853,0.7071891391545819,0.7382159624413146,0.5663430420711975,0.7150943396226415,0.688622754491018,0.823404255319149,0.6452806909315237,0.7567824845311756,0.7053571428571429,0.7747285886610374,0.7988826815642458,0.8112633181126332,0.6299212598425197,0.49583101723179546,0.6393155745673731,0.7872053872053872,0.8760023469587327,0.7845303867403315,0.6691644810790558,0.781385834824853,0.7071891391545819,0.7382159624413146,0.5663430420711975,0.7150943396226415,0.688622754491018,0.823404255319149,0.6452806909315237,0.7567824845311756,0.7053571428571429,0.7747285886610374,0.7988826815642458,0.8112633181126332,0.6299212598425197,0.49583101723179546,0.6393155745673731,0.7872053872053872,0.8760023469587327,0.7845303867403315,0.6691644810790558
61,0.6959,0.7847097928918435,0.7081147793890774,0.7297652582159624,0.6084142394822006,0.7056603773584905,0.6796407185628742,0.8333333333333334,0.6804441702652684,0.7510709186101856,0.7098214285714286,0.7554282267792521,0.7988826815642458,0.8127853881278538,0.6377952755905512,0.5514174541411896,0.6064553762395489,0.7757575757575758,0.8746332876980246,0.7734806629834254,0.6569876358186587,0.7847097928918435,0.7081147793890774,0.7297652582159624,0.6084142394822006,0.7056603773584905,0.6796407185628742,0.8333333333333334,0.6804441702652684,0.7510709186101856,0.7098214285714286,0.7554282267792521,0.7988826815642458,0.8127853881278538,0.6377952755905512,0.5514174541411896,0.6064553762395489,0.7757575757575758,0.8746332876980246,0.7734806629834254,0.6569876358186587
62,0.6996,0.7900792636154437,0.7186053687133601,0.7171830985915493,0.5954692556634305,0.6861635220125786,0.6736526946107785,0.8198581560283688,0.6607032695866749,0.763445978105664,0.7053571428571429,0.7481905910735827,0.8016759776536313,0.8102486047691527,0.6062992125984252,0.5180655919955531,0.6397044526540929,0.7777777777777778,0.8812830041071777,0.7679558011049724,0.6820906706631698,0.7900792636154437,0.7186053687133601,0.7171830985915493,0.5954692556634305,0.6861635220125786,0.6736526946107785,0.8198581560283688,0.6607032695866749,0.763445978105664,0.7053571428571429,0.7481905910735827,0.8016759776536313,0.8102486047691527,0.6062992125984252,0.5180655919955531,0.6397044526540929,0.7777777777777778,0.8812830041071777,0.7679558011049724,0.6820906706631698
63,0.7008,0.7872666837126054,0.7216908361616785,0.7412206572769953,0.6181229773462783,0.6918238993710691,0.6841317365269461,0.8354609929078014,0.6687230104873535,0.7482151356496907,0.7053571428571429,0.7493968636911942,0.7932960893854749,0.8072044647387113,0.6220472440944882,0.5503057254030017,0.6334824032665759,0.77665544332211,0.8760023469587327,0.7624309392265194,0.664293742974897,0.7872666837126054,0.7216908361616785,0.7412206572769953,0.6181229773462783,0.6918238993710691,0.6841317365269461,0.8354609929078014,0.6687230104873535,0.7482151356496907,0.7053571428571429,0.7493968636911942,0.7932960893854749,0.8072044647387113,0.6220472440944882,0.5503057254030017,0.6334824032665759,0.77665544332211,0.8760023469587327,0.7624309392265194,0.664293742974897
64,0.7007,0.7826642802352339,0.7025609379821043,0.7553051643192489,0.5792880258899676,0.6842767295597484,0.6661676646706587,0.8205673758865248,0.6446637877853177,0.752022846263684,0.7053571428571429,0.747285886610374,0.7988826815642458,0.8051750380517504,0.5984251968503937,0.5100055586436909,0.6433987944779311,0.7887766554433221,0.8883238803051047,0.7513812154696132,0.6704758336455602,0.7826642802352339,0.7025609379821043,0.7553051643192489,0.5792880258899676,0.6842767295597484,0.6661676646706587,0.8205673758865248,0.6446637877853177,0.752022846263684,0.7053571428571429,0.747285886610374,0.7988826815642458,0.8051750380517504,0.5984251968503937,0.5100055586436909,0.6433987944779311,0.7887766554433221,0.8883238803051047,0.7513812154696132,0.6704758336455602
65,0.7017,0.7798517003323958,0.7084233261339092,0.7342723004694836,0.6051779935275081,0.7069182389937106,0.6766467065868264,0.8404255319148937,0.6736582356570019,0.757734412184674,0.7232142857142857,0.758745476477684,0.8100558659217877,0.8117706747843734,0.5748031496062992,0.5433574207893274,0.6274547929224188,0.7717171717171717,0.8785448855857618,0.7624309392265194,0.6837766953915324,0.7798517003323958,0.7084233261339092,0.7342723004694836,0.6051779935275081,0.7069182389937106,0.6766467065868264,0.8404255319148937,0.6736582356570019,0.757734412184674,0.7232142857142857,0.758745476477684,0.8100558659217877,0.8117706747843734,0.5748031496062992,0.5433574207893274,0.6274547929224188,0.7717171717171717,0.8785448855857618,0.7624309392265194,0.6837766953915324
66,0.6977,0.7864996164663769,0.7223079296513422,0.7384037558685446,0.6019417475728155,0.7088050314465408,0.7035928143712575,0.8177304964539007,0.64898210980876,0.752022846263684,0.6830357142857143,0.7590470446320868,0.7849162011173184,0.8117706747843734,0.5984251968503937,0.5163979988882713,0.6455376239548901,0.7970819304152638,0.881087424212791,0.7624309392265194,0.6882727613338329,0.7864996164663769,0.7223079296513422,0.7384037558685446,0.6019417475728155,0.7088050314465408,0.7035928143712575,0.8177304964539007,0.64898210980876,0.752022846263684,0.6830357142857143,0.7590470446320868,0.7849162011173184,0.8117706747843734,0.5984251968503937,0.5163979988882713,0.6455376239548901,0.7970819304152638,0.881087424212791,0.7624309392265194,0.6882727613338329
67,0.6973,0.7752492968550243,0.7170626349892009,0.7087323943661972,0.6310679611650486,0.6823899371069182,0.6676646706586826,0.8361702127659575,0.6896977174583591,0.7563065207044265,0.6651785714285714,0.7343184559710495,0.8128491620111732,0.8178589548452562,0.5984251968503937,0.5672595886603669,0.6511763562123274,0.7748597081930415,0.8763935067475064,0.7458563535911602,0.6691644810790558,0.7752492968550243,0.7170626349892009,0.7087323943661972,0.6310679611650486,0.6823899371069182,0.6676646706586826,0.8361702127659575,0.6896977174583591,0.7563065207044265,0.6651785714285714,0.7343184559710495,0.8128491620111732,0.8178589548452562,0.5984251968503937,0.5672595886603669,0.6511763562123274,0.7748597081930415,0.8763935067475064,0.7458563535911602,0.6691644810790558
68,0.7005,0.7867553055484531,0.7257019438444925,0.7335211267605634,0.6148867313915858,0.6968553459119496,0.7005988023952096,0.8312056737588652,0.6736582356570019,0.7515468824369348,0.7053571428571429,0.753015681544029,0.7877094972067039,0.8127853881278538,0.6062992125984252,0.547804335742079,0.6447598677814506,0.7829405162738496,0.8805006845296304,0.7569060773480663,0.679280629449232,0.7867553055484531,0.7257019438444925,0.7335211267605634,0.6148867313915858,0.6968553459119496,0.7005988023952096,0.8312056737588652,0.6736582356570019,0.7515468824369348,0.7053571428571429,0.753015681544029,0.7877094972067039,0.8127853881278538,0.6062992125984252,0.547804335742079,0.6447598677814506,0.7829405162738496,0.8805006845296304,0.7569060773480663,0.679280629449232
69,0.6958,0.7890565072871388,0.7176797284788645,0.7329577464788732,0.5954692556634305,0.689937106918239,0.6796407185628742,0.8340425531914893,0.6588525601480567,0.7682056163731557,0.6785714285714286,0.7512062726176115,0.7960893854748603,0.8117706747843734,0.5905511811023622,0.519455252918288,0.6325102080497764,0.782716049382716,0.8930177977703893,0.7679558011049724,0.6961408767328587,0.7890565072871388,0.7176797284788645,0.7329577464788732,0.5954692556634305,0.689937106918239,0.6796407185628742,0.8340425531914893,0.6588525601480567,0.7682056163731557,0.6785714285714286,0.7512062726176115,0.7960893854748603,0.8117706747843734,0.5905511811023622,0.519455252918288,0.6325102080497764,0.782716049382716,0.8930177977703893,0.7679558011049724,0.6961408767328587
70,0.7001,0.7752492968550243,0.701018204257945,0.7489201877934273,0.5533980582524272,0.6836477987421383,0.6751497005988024,0.8404255319148937,0.6570018507094386,0.7415516420752023,0.6964285714285714,0.7457780458383595,0.8100558659217877,0.8285134449518011,0.5905511811023622,0.5183435241801001,0.6857865059303908,0.805611672278339,0.8685703109720321,0.7900552486187845,0.6524915698763581,0.7752492968550243,0.701018204257945,0.7489201877934273,0.5533980582524272,0.6836477987421383,0.6751497005988024,0.8404255319148937,0.6570018507094386,0.7415516420752023,0.6964285714285714,0.7457780458383595,0.8100558659217877,0.8285134449518011,0.5905511811023622,0.5183435241801001,0.6857865059303908,0.805611672278339,0.8685703109720321,0.7900552486187845,0.6524915698763581
71,0.7006,0.7911020199437484,0.7186053687133601,0.71981220657277,0.5825242718446602,0.6855345911949685,0.6991017964071856,0.8290780141843972,0.6514497223935842,0.7762970014278915,0.6741071428571429,0.7554282267792521,0.8072625698324022,0.8138001014713343,0.6062992125984252,0.5166759310728183,0.6257048415321796,0.786307519640853,0.8924310580872287,0.7679558011049724,0.7056950168602473,0.7911020199437484,0.7186053687133601,0.71981220657277,0.5825242718446602,0.6855345911949685,0.6991017964071856,0.8290780141843972,0.6514497223935842,0.7762970014278915,0.6741071428571429,0.7554282267792521,0.8072625698324022,0.8138001014713343,0.6062992125984252,0.5166759310728183,0.6257048415321796,0.786307519640853,0.8924310580872287,0.7679558011049724,0.7056950168602473
72,0.6977,0.7726924060342624,0.6991669237889541,0.7342723004694836,0.5663430420711975,0.6937106918238993,0.6661676646706587,0.8276595744680851,0.6428130783466995,0.7701094716801523,0.6741071428571429,0.744270205066345,0.7960893854748603,0.8082191780821918,0.5590551181102362,0.5150083379655364,0.6572039665564845,0.7854096520763187,0.8894973596714257,0.7734806629834254,0.7167478456350693,0.7726924060342624,0.6991669237889541,0.7342723004694836,0.5663430420711975,0.6937106918238993,0.6661676646706587,0.8276595744680851,0.6428130783466995,0.7701094716801523,0.6741071428571429,0.744270205066345,0.7960893854748603,0.8082191780821918,0.5590551181102362,0.5150083379655364,0.6572039665564845,0.7854096520763187,0.8894973596714257,0.7734806629834254,0.7167478456350693
73,0.7011,0.7885451291229865,0.7189139154581919,0.732206572769953,0.5922330097087378,0.6987421383647798,0.6856287425149701,0.8432624113475178,0.6810610734114744,0.7701094716801523,0.6919642857142857,0.755729794933655,0.8100558659217877,0.8198883815322171,0.5984251968503937,0.548082267926626,0.6301769395294575,0.7771043771043771,0.8896929395658126,0.7679558011049724,0.7045710003746721,0.7885451291229865,0.7189139154581919,0.732206572769953,0.5922330097087378,0.6987421383647798,0.6856287425149701,0.8432624113475178,0.6810610734114744,0.7701094716801523,0.6919642857142857,0.755729794933655,0.8100558659217877,0.8198883815322171,0.5984251968503937,0.548082267926626,0.6301769395294575,0.7771043771043771,0.8896929395658126,0.7679558011049724,0.7045710003746721
74,0.7016,0.7967271797494248,0.7315643319962974,0.7385915492957746,0.5954692556634305,0.6930817610062893,0.688622754491018,0.8347517730496454,0.6779765576804442,0.7601142313184198,0.6607142857142857,0.7490952955367913,0.8100558659217877,0.8102486047691527,0.6377952755905512,0.5630906058921623,0.6327046470931363,0.7701459034792368,0.8812830041071777,0.7679558011049724,0.7006369426751592,0.7967271797494248,0.7315643319962974,0.7385915492957746,0.5954692556634305,0.6930817610062893,0.688622754491018,0.8347517730496454,0.6779765576804442,0.7601142313184198,0.6607142857142857,0.7490952955367913,0.8100558659217877,0.8102486047691527,0.6377952755905512,0.5630906058921623,0.6327046470931363,0.7701459034792368,0.8812830041071777,0.7679558011049724,0.7006369426751592
75,0.701,0.7655331117361288,0.6858994137611848,0.7288262910798122,0.6051779935275081,0.7044025157232704,0.6706586826347305,0.8390070921985816,0.6730413325107958,0.7691575440266539,0.6741071428571429,0.7650784077201448,0.8156424581005587,0.8077118214104515,0.5196850393700787,0.546692607003891,0.6490375267353684,0.7822671156004489,0.8887150400938784,0.7513812154696132,0.7000749344323717,0.7655331117361288,0.6858994137611848,0.7288262910798122,0.6051779935275081,0.7044025157232704,0.6706586826347305,0.8390070921985816,0.6730413325107958,0.7691575440266539,0.6741071428571429,0.7650784077201448,0.8156424581005587,0.8077118214104515,0.5196850393700787,0.546692607003891,0.6490375267353684,0.7822671156004489,0.8887150400938784,0.7513812154696132,0.7000749344323717
76,0.6994,0.793147532600358,0.7241592101203332,0.7393427230046948,0.5954692556634305,0.6974842767295597,0.6976047904191617,0.8404255319148937,0.674892041949414,0.7629700142789148,0.6651785714285714,0.758745476477684,0.8044692737430168,0.821917808219178,0.6062992125984252,0.537242912729294,0.6470931363017693,0.7916947250280584,0.8830432231566595,0.7790055248618785,0.6905207943049831,0.793147532600358,0.7241592101203332,0.7393427230046948,0.5954692556634305,0.6974842767295597,0.6976047904191617,0.8404255319148937,0.674892041949414,0.7629700142789148,0.6651785714285714,0.758745476477684,0.8044692737430168,0.821917808219178,0.6062992125984252,0.537242912729294,0.6470931363017693,0.7916947250280584,0.8830432231566595,0.7790055248618785,0.6905207943049831
77,0.7009,0.7673229353106622,0.6917618019129899,0.7459154929577465,0.598705501618123,0.6962264150943396,0.6721556886227545,0.8524822695035461,0.6711906230721777,0.7705854355069015,0.6785714285714286,0.7445717732207479,0.8240223463687151,0.802130898021309,0.5354330708661418,0.5455808782657031,0.6544818199494459,0.7710437710437711,0.8926266379816155,0.7569060773480663,0.7092544023979018,0.7673229353106622,0.6917618019129899,0.7459154929577465,0.598705501618123,0.6962264150943396,0.6721556886227545,0.8524822695035461,0.6711906230721777,0.7705854355069015,0.6785714285714286,0.7445717732207479,0.8240223463687151,0.802130898021309,0.5354330708661418,0.5455808782657031,0.6544818199494459,0.7710437710437711,0.8926266379816155,0.7569060773480663,0.7092544023979018
78,0.6962,0.7859882383022245,0.7118173403270596,0.7111737089201878,0.6051779935275081,0.690566037735849,0.687125748502994,0.8425531914893617,0.6724244293645898,0.7672536887196573,0.6830357142857143,0.7575392038600723,0.8128491620111732,0.8224251648909183,0.5905511811023622,0.5453029460811561,0.6589539179467238,0.7941638608305275,0.889106199882652,0.7790055248618785,0.6918321468714874,0.7859882383022245,0.7118173403270596,0.7111737089201878,0.6051779935275081,0.690566037735849,0.687125748502994,0.8425531914893617,0.6724244293645898,0.7672536887196573,0.6830357142857143,0.7575392038600723,0.8128491620111732,0.8224251648909183,0.5905511811023622,0.5453029460811561,0.6589539179467238,0.7941638608305275,0.889106199882652,0.7790055248618785,0.6918321468714874
79,0.6999,0.7747379186908719,0.7037951249614317,0.7498591549295774,0.6148867313915858,0.6930817610062893,0.6901197604790419,0.8375886524822695,0.6773596545342381,0.7586863398381724,0.6875,0.7487937273823885,0.8184357541899442,0.8178589548452562,0.5433070866141733,0.5589216231239578,0.6552595761228854,0.7833894500561167,0.8814785840015646,0.7845303867403315,0.6805919820157362,0.7747379186908719,0.7037951249614317,0.7498591549295774,0.6148867313915858,0.6930817610062893,0.6901197604790419,0.8375886524822695,0.6773596545342381,0.7586863398381724,0.6875,0.7487937273823885,0.8184357541899442,0.8178589548452562,0.5433070866141733,0.5589216231239578,0.6552595761228854,0.7833894500561167,0.8814785840015646,0.7845303867403315,0.6805919820157362
80,0.7004,0.7765277422654052,0.697315643319963,0.7369014084507042,0.6084142394822006,0.7056603773584905,0.6841317365269461,0.8553191489361702,0.6736582356570019,0.7705854355069015,0.6830357142857143,0.767189384800965,0.8184357541899442,0.8254693049213597,0.5511811023622047,0.5555864369093941,0.6492319657787283,0.7903479236812571,0.8871504009387835,0.7790055248618785,0.7008242787560884,0.7765277422654052,0.697315643319963,0.7369014084507042,0.6084142394822006,0.7056603773584905,0.6841317365269461,0.8553191489361702,0.6736582356570019,0.7705854355069015,0.6830357142857143,0.767189384800965,0.8184357541899442,0.8254693049213597,0.5511811023622047,0.5555864369093941,0.6492319657787283,0.7903479236812571,0.8871504009387835,0.7790055248618785,0.7008242787560884
81,0.7008,0.7862439273843007,0.7158284480098734,0.7449765258215962,0.6213592233009708,0.7031446540880503,0.6946107784431138,0.8390070921985816,0.6785934608266502,0.7586863398381724,0.7008928571428571,0.7599517490952955,0.8128491620111732,0.8234398782343988,0.5748031496062992,0.5619788771539744,0.6467042582150496,0.795959595959596,0.8865636612556229,0.7679558011049724,0.6802173098538778,0.7862439273843007,0.7158284480098734,0.7449765258215962,0.6213592233009708,0.7031446540880503,0.6946107784431138,0.8390070921985816,0.6785934608266502,0.7586863398381724,0.7008928571428571,0.7599517490952955,0.8128491620111732,0.8234398782343988,0.5748031496062992,0.5619788771539744,0.6467042582150496,0.795959595959596,0.8865636612556229,0.7679558011049724,0.6802173098538778
82,0.7001,0.8074661211966249,0.7435976550447393,0.7213145539906103,0.5760517799352751,0.7069182389937106,0.7215568862275449,0.8411347517730496,0.6526835286859963,0.7486910994764397,0.6651785714285714,0.7665862484921593,0.7932960893854749,0.8269913749365804,0.6141732283464567,0.5252918287937743,0.6628426988139219,0.7970819304152638,0.8908664189321338,0.7624309392265194,0.6770325964780817,0.8074661211966249,0.7435976550447393,0.7213145539906103,0.5760517799352751,0.7069182389937106,0.7215568862275449,0.8411347517730496,0.6526835286859963,0.7486910994764397,0.6651785714285714,0.7665862484921593,0.7932960893854749,0.8269913749365804,0.6141732283464567,0.5252918287937743,0.6628426988139219,0.7970819304152638,0.8908664189321338,0.7624309392265194,0.6770325964780817
83,0.7008,0.781385834824853,0.7028694847269361,0.7491079812206572,0.6019417475728155,0.7088050314465408,0.6781437125748503,0.851063829787234,0.6872301048735349,0.7648738695859115,0.6964285714285714,0.7632689987937273,0.8212290502793296,0.8224251648909183,0.5196850393700787,0.5714285714285714,0.6455376239548901,0.7838383838383839,0.8896929395658126,0.7790055248618785,0.6781566129636568,0.781385834824853,0.7028694847269361,0.7491079812206572,0.6019417475728155,0.7088050314465408,0.6781437125748503,0.851063829787234,0.6872301048735349,0.7648738695859115,0.6964285714285714,0.7632689987937273,0.8212290502793296,0.8224251648909183,0.5196850393700787,0.5714285714285714,0.6455376239548901,0.7838383838383839,0.8896929395658126,0.7790055248618785,0.6781566129636568
84,0.702,0.7877780618767579,0.7216908361616785,0.7213145539906103,0.6051779935275081,0.710062893081761,0.7020958083832335,0.8326241134751773,0.674892041949414,0.7696335078534031,0.6875,0.7620627261761158,0.8100558659217877,0.8244545915778793,0.5748031496062992,0.5583657587548638,0.6463153801283298,0.8006734006734006,0.8877371406219441,0.7900552486187845,0.6968902210565755,0.7877780618767579,0.7216908361616785,0.7213145539906103,0.6051779935275081,0.710062893081761,0.7020958083832335,0.8326241134751773,0.674892041949414,0.7696335078534031,0.6875,0.7620627261761158,0.8100558659217877,0.8244545915778793,0.5748031496062992,0.5583657587548638,0.6463153801283298,0.8006734006734006,0.8877371406219441,0.7900552486187845,0.6968902210565755
85,0.7018,0.7928918435182818,0.7198395556926874,0.7491079812206572,0.56957928802589,0.7150943396226415,0.7080838323353293,0.851063829787234,0.6502159161011721,0.7691575440266539,0.6919642857142857,0.7650784077201448,0.8156424581005587,0.8158295281582952,0.6299212598425197,0.5233463035019456,0.6552595761228854,0.7885521885521886,0.8898885194601995,0.7734806629834254,0.7040089921318846,0.7928918435182818,0.7198395556926874,0.7491079812206572,0.56957928802589,0.7150943396226415,0.7080838323353293,0.851063829787234,0.6502159161011721,0.7691575440266539,0.6919642857142857,0.7650784077201448,0.8156424581005587,0.8158295281582952,0.6299212598425197,0.5233463035019456,0.6552595761228854,0.7885521885521886,0.8898885194601995,0.7734806629834254,0.7040089921318846
86,0.7048,0.7826642802352339,0.7189139154581919,0.7301408450704225,0.6181229773462783,0.7176100628930817,0.7125748502994012,0.8468085106382979,0.6829117828500926,0.7620180866254165,0.7053571428571429,0.7668878166465621,0.8212290502793296,0.8198883815322171,0.5748031496062992,0.566425792106726,0.6544818199494459,0.786307519640853,0.8824564834734989,0.7734806629834254,0.706444361183964,0.7826642802352339,0.7189139154581919,0.7301408450704225,0.6181229773462783,0.7176100628930817,0.7125748502994012,0.8468085106382979,0.6829117828500926,0.7620180866254165,0.7053571428571429,0.7668878166465621,0.8212290502793296,0.8198883815322171,0.5748031496062992,0.566425792106726,0.6544818199494459,0.786307519640853,0.8824564834734989,0.7734806629834254,0.706444361183964
87,0.7026,0.7990283814881105,0.7281703178031472,0.7513615023474178,0.6084142394822006,0.7044025157232704,0.7290419161676647,0.8390070921985816,0.6699568167797656,0.7615421227986673,0.7053571428571429,0.7647768395657418,0.8044692737430168,0.8295281582952816,0.6299212598425197,0.5469705391884381,0.652148551429127,0.8101010101010101,0.8834343829454332,0.7790055248618785,0.6789059572873736,0.7990283814881105,0.7281703178031472,0.7513615023474178,0.6084142394822006,0.7044025157232704,0.7290419161676647,0.8390070921985816,0.6699568167797656,0.7615421227986673,0.7053571428571429,0.7647768395657418,0.8044692737430168,0.8295281582952816,0.6299212598425197,0.5469705391884381,0.652148551429127,0.8101010101010101,0.8834343829454332,0.7790055248618785,0.6789059572873736
88,0.7024,0.7857325492201483,0.709040419623573,0.7419718309859155,0.5825242718446602,0.7150943396226415,0.7230538922155688,0.8482269503546099,0.6644046884639112,0.7782008567348881,0.7142857142857143,0.7744270205066345,0.8072625698324022,0.8280060882800608,0.5669291338582677,0.5380767092829349,0.6433987944779311,0.7961840628507295,0.8959514961861921,0.7734806629834254,0.7156238291494942,0.7857325492201483,0.709040419623573,0.7419718309859155,0.5825242718446602,0.7150943396226415,0.7230538922155688,0.8482269503546099,0.6644046884639112,0.7782008567348881,0.7142857142857143,0.7744270205066345,0.8072625698324022,0.8280060882800608,0.5669291338582677,0.5380767092829349,0.6433987944779311,0.7961840628507295,0.8959514961861921,0.7734806629834254,0.7156238291494942
89,0.7037,0.7870109946305293,0.7102746066029003,0.7393427230046948,0.6019417475728155,0.6981132075471698,0.7035928143712575,0.8531914893617021,0.6668723010487353,0.7810566396953832,0.6919642857142857,0.7578407720144753,0.8128491620111732,0.8285134449518011,0.5748031496062992,0.547248471372985,0.6505930390822477,0.7995510662177329,0.8977117152356737,0.7624309392265194,0.7171225177969277,0.7870109946305293,0.7102746066029003,0.7393427230046948,0.6019417475728155,0.6981132075471698,0.7035928143712575,0.8531914893617021,0.6668723010487353,0.7810566396953832,0.6919642857142857,0.7578407720144753,0.8128491620111732,0.8285134449518011,0.5748031496062992,0.547248471372985,0.6505930390822477,0.7995510662177329,0.8977117152356737,0.7624309392265194,0.7171225177969277
90,0.6986,0.781385834824853,0.7056464054304227,0.7496713615023474,0.5728155339805825,0.7062893081761006,0.6946107784431138,0.8361702127659575,0.6545342381246144,0.7582103760114232,0.6875,0.7705066344993968,0.7905027932960894,0.8335870116692035,0.5748031496062992,0.5269594219010562,0.647870892475209,0.826936026936027,0.8871504009387835,0.8121546961325967,0.6937055076807793,0.781385834824853,0.7056464054304227,0.7496713615023474,0.5728155339805825,0.7062893081761006,0.6946107784431138,0.8361702127659575,0.6545342381246144,0.7582103760114232,0.6875,0.7705066344993968,0.7905027932960894,0.8335870116692035,0.5748031496062992,0.5269594219010562,0.647870892475209,0.826936026936027,0.8871504009387835,0.8121546961325967,0.6937055076807793
91,0.7033,0.7959601125031961,0.7219993829065103,0.7290140845070423,0.5954692556634305,0.7157232704402515,0.7080838323353293,0.8354609929078014,0.6607032695866749,0.7691575440266539,0.6919642857142857,0.7620627261761158,0.7877094972067039,0.8229325215626585,0.6220472440944882,0.5516953863257366,0.654092941862726,0.7995510662177329,0.8836299628398201,0.7790055248618785,0.7234919445485201,0.7959601125031961,0.7219993829065103,0.7290140845070423,0.5954692556634305,0.7157232704402515,0.7080838323353293,0.8354609929078014,0.6607032695866749,0.7691575440266539,0.6919642857142857,0.7620627261761158,0.7877094972067039,0.8229325215626585,0.6220472440944882,0.5516953863257366,0.654092941862726,0.7995510662177329,0.8836299628398201,0.7790055248618785,0.7234919445485201
92,0.6982,0.7875223727946816,0.7007096575131132,0.7205633802816901,0.6245954692556634,0.7176100628930817,0.7020958083832335,0.8453900709219858,0.6656384947563233,0.7648738695859115,0.7142857142857143,0.775934861278649,0.8072625698324022,0.8153221714865551,0.5748031496062992,0.5469705391884381,0.658370600816644,0.7775533108866443,0.8908664189321338,0.7624309392265194,0.7030723117272387,0.7875223727946816,0.7007096575131132,0.7205633802816901,0.6245954692556634,0.7176100628930817,0.7020958083832335,0.8453900709219858,0.6656384947563233,0.7648738695859115,0.7142857142857143,0.775934861278649,0.8072625698324022,0.8153221714865551,0.5748031496062992,0.5469705391884381,0.658370600816644,0.7775533108866443,0.8908664189321338,0.7624309392265194,0.7030723117272387
93,0.7055,0.7951930452569675,0.726627584078988,0.7432863849765258,0.5663430420711975,0.7251572327044025,0.7110778443113772,0.8361702127659575,0.6545342381246144,0.752022846263684,0.7008928571428571,0.7741254523522316,0.7960893854748603,0.823947234906139,0.6062992125984252,0.5344635908838243,0.6498152829088081,0.8049382716049382,0.8881283004107178,0.7845303867403315,0.6920194829524167,0.7951930452569675,0.726627584078988,0.7432863849765258,0.5663430420711975,0.7251572327044025,0.7110778443113772,0.8361702127659575,0.6545342381246144,0.752022846263684,0.7008928571428571,0.7741254523522316,0.7960893854748603,0.823947234906139,0.6062992125984252,0.5344635908838243,0.6498152829088081,0.8049382716049382,0.8881283004107178,0.7845303867403315,0.6920194829524167
94,0.7015,0.7875223727946816,0.7099660598580685,0.7014084507042253,0.598705501618123,0.6918238993710691,0.6976047904191617,0.8460992907801419,0.6792103639728563,0.7677296525464065,0.6875,0.755729794933655,0.7988826815642458,0.8346017250126839,0.5590551181102362,0.5589216231239578,0.6573984055998444,0.8049382716049382,0.8984940348132212,0.7955801104972375,0.7098164106406893,0.7875223727946816,0.7099660598580685,0.7014084507042253,0.598705501618123,0.6918238993710691,0.6976047904191617,0.8460992907801419,0.6792103639728563,0.7677296525464065,0.6875,0.755729794933655,0.7988826815642458,0.8346017250126839,0.5590551181102362,0.5589216231239578,0.6573984055998444,0.8049382716049382,0.8984940348132212,0.7955801104972375,0.7098164106406893
95,0.7044,0.7908463308616722,0.7173711817340327,0.7425352112676057,0.5760517799352751,0.7088050314465408,0.7095808383233533,0.8546099290780141,0.6428130783466995,0.7591623036649214,0.6964285714285714,0.7608564535585042,0.8128491620111732,0.8315575849822425,0.5905511811023622,0.5380767092829349,0.6820921641065526,0.7984287317620651,0.8873459808331704,0.7900552486187845,0.7040089921318846,0.7908463308616722,0.7173711817340327,0.7425352112676057,0.5760517799352751,0.7088050314465408,0.7095808383233533,0.8546099290780141,0.6428130783466995,0.7591623036649214,0.6964285714285714,0.7608564535585042,0.8128491620111732,0.8315575849822425,0.5905511811023622,0.5380767092829349,0.6820921641065526,0.7984287317620651,0.8873459808331704,0.7900552486187845,0.7040089921318846
96,0.7042,0.7795960112503196,0.7068805924097501,0.7523004694835681,0.5792880258899676,0.6981132075471698,0.6976047904191617,0.8553191489361702,0.6656384947563233,0.7639219419324131,0.6875,0.76145958986731,0.8240223463687151,0.8315575849822425,0.6141732283464567,0.547248471372985,0.6513707952556873,0.7977553310886645,0.8943868570310972,0.7679558011049724,0.7036343199700262,0.7795960112503196,0.7068805924097501,0.7523004694835681,0.5792880258899676,0.6981132075471698,0.6976047904191617,0.8553191489361702,0.6656384947563233,0.7639219419324131,0.6875,0.76145958986731,0.8240223463687151,0.8315575849822425,0.6141732283464567,0.547248471372985,0.6513707952556873,0.7977553310886645,0.8943868570310972,0.7679558011049724,0.7036343199700262
97,0.7028,0.799795448734339,0.7294045047824745,0.7382159624413146,0.5533980582524272,0.7037735849056603,0.7155688622754491,0.849645390070922,0.6403454657618753,0.7620180866254165,0.6785714285714286,0.7650784077201448,0.8128491620111732,0.832572298325723,0.6299212598425197,0.5208449138410228,0.662453820727202,0.8184062850729518,0.8947780168198709,0.8011049723756906,0.7002622705133008,0.799795448734339,0.7294045047824745,0.7382159624413146,0.5533980582524272,0.7037735849056603,0.7155688622754491,0.849645390070922,0.6403454657618753,0.7620180866254165,0.6785714285714286,0.7650784077201448,0.8128491620111732,0.832572298325723,0.6299212598425197,0.5208449138410228,0.662453820727202,0.8184062850729518,0.8947780168198709,0.8011049723756906,0.7002622705133008
98,0.7028,0.7872666837126054,0.7164455414995372,0.7476056338028169,0.6019417475728155,0.710691823899371,0.7080838323353293,0.8432624113475178,0.6736582356570019,0.7610661589719181,0.6919642857142857,0.7696019300361882,0.8184357541899442,0.8178589548452562,0.5669291338582677,0.5722623679822123,0.6400933307408128,0.7941638608305275,0.8957559162918052,0.7679558011049724,0.710378418883477,0.7872666837126054,0.7164455414995372,0.7476056338028169,0.6019417475728155,0.710691823899371,0.7080838323353293,0.8432624113475178,0.6736582356570019,0.7610661589719181,0.6919642857142857,0.7696019300361882,0.8184357541899442,0.8178589548452562,0.5669291338582677,0.5722623679822123,0.6400933307408128,0.7941638608305275,0.8957559162918052,0.7679558011049724,0.710378418883477
99,0.704,0.7954487343390437,0.7213822894168467,0.727887323943662,0.5792880258899676,0.7025157232704402,0.6991017964071856,0.8595744680851064,0.6539173349784084,0.7767729652546407,0.6696428571428571,0.7623642943305187,0.8072625698324022,0.8381532217148655,0.5905511811023622,0.5350194552529183,0.6455376239548901,0.8044893378226712,0.8990807744963818,0.7679558011049724,0.7278006744098914,0.7954487343390437,0.7213822894168467,0.727887323943662,0.5792880258899676,0.7025157232704402,0.6991017964071856,0.8595744680851064,0.6539173349784084,0.7767729652546407,0.6696428571428571,0.7623642943305187,0.8072625698324022,0.8381532217148655,0.5905511811023622,0.5350194552529183,0.6455376239548901,0.8044893378226712,0.8990807744963818,0.7679558011049724,0.7278006744098914
100,0.6284,0.7501917668115572,0.8108608454180808,0.6717370892018779,0.5631067961165048,0.6616352201257861,0.3248502994011976,0.8297872340425532,0.17951881554595928,0.5202284626368396,0.5848214285714286,0.6151990349819059,0.6564245810055865,0.404363267376966,0.2283464566929134,0.5361311839911062,0.4370989694730702,0.5925925925925926,0.7076080578916487,0.6132596685082873,0.6258898463844136,0.7501917668115572,0.8108608454180808,0.6717370892018779,0.5631067961165048,0.6616352201257861,0.8158682634730539,0.8297872340425532,0.8747686613201727,0.900523560209424,0.7857142857142857,0.6151990349819059,0.6564245810055865,0.7833587011669203,0.6456692913385826,0.5361311839911062,0.4370989694730702,0.5925925925925926,0.7076080578916487,0.6132596685082873,0.6258898463844136
101,0.6412,0.7665558680644337,0.8034557235421166,0.7055399061032864,0.47572815533980584,0.6723270440251572,0.3413173652694611,0.8191489361702128,0.16656384947563233,0.5092812946216088,0.6116071428571429,0.6417370325693607,0.6927374301675978,0.4104515474378488,0.2440944881889764,0.41662034463590886,0.4273770173050749,0.6536475869809203,0.690788186974379,0.6353591160220995,0.6361933308355189,0.7665558680644337,0.8034557235421166,0.7055399061032864,0.47572815533980584,0.6723270440251572,0.8877245508982036,0.8191489361702128,0.9130166563849476,0.9381247025226083,0.8616071428571429,0.6417370325693607,0.6927374301675978,0.8472856418061897,0.7716535433070866,0.41662034463590886,0.4273770173050749,0.6536475869809203,0.690788186974379,0.6353591160220995,0.6361933308355189
102,0.6268,0.7391971362822808,0.7994446158593027,0.6753051643192488,0.49838187702265374,0.6716981132075471,0.3323353293413174,0.824822695035461,0.20604565083281925,0.5592574964302713,0.59375,0.6227382388419783,0.664804469273743,0.4119736174530695,0.2283464566929134,0.4502501389660923,0.43515457903947113,0.6453423120089786,0.7385096812047721,0.6464088397790055,0.6176470588235294,0.7391971362822808,0.7994446158593027,0.6753051643192488,0.49838187702265374,0.6716981132075471,0.9101796407185628,0.824822695035461,0.9284392350400987,0.951451689671585,0.8928571428571429,0.6227382388419783,0.664804469273743,0.8361237950279046,0.8110236220472441,0.4502501389660923,0.43515457903947113,0.6453423120089786,0.7385096812047721,0.6464088397790055,0.6176470588235294
103,0.6261,0.7386857581181283,0.7966676951558161,0.7297652582159624,0.4336569579288026,0.6553459119496855,0.3248502994011976,0.826950354609929,0.21098087600246762,0.5578296049500238,0.5803571428571429,0.6158021712907117,0.6480446927374302,0.41298833079654995,0.2440944881889764,0.3993885491939967,0.42348823643787675,0.6413019079685747,0.7420301193037355,0.6519337016574586,0.6281378793555639,0.7386857581181283,0.7966676951558161,0.7297652582159624,0.4336569579288026,0.6553459119496855,0.9311377245508982,0.826950354609929,0.9444787168414559,0.9652546406473108,0.9107142857142857,0.6158021712907117,0.6480446927374302,0.8589548452562151,0.8582677165354331,0.3993885491939967,0.42348823643787675,0.6413019079685747,0.7420301193037355,0.6519337016574586,0.6281378793555639
104,0.5906,0.6573766300178983,0.7747608762727554,0.6961502347417841,0.43042071197411,0.6578616352201258,0.3248502994011976,0.8524822695035461,0.3183220234423196,0.675392670157068,0.6026785714285714,0.6085645355850422,0.5921787709497207,0.4485032978183663,0.2204724409448819,0.4091161756531406,0.4201827727007583,0.5584736251402918,0.8306278114609819,0.5469613259668509,0.6611090295991008,0.6573766300178983,0.7747608762727554,0.6961502347417841,0.43042071197411,0.6578616352201258,0.9595808383233533,0.8524822695035461,0.3183220234423196,0.675392670157068,0.9375,0.6085645355850422,0.5921787709497207,0.4485032978183663,0.889763779527559,0.4091161756531406,0.4201827727007583,0.5584736251402918,0.8306278114609819,0.5469613259668509,0.6611090295991008
105,0.5936,0.663513167987727,0.757790805307004,0.7258215962441315,0.32038834951456313,0.6628930817610063,0.3458083832335329,0.8730496453900709,0.30228254164096235,0.666825321275583,0.6339285714285714,0.609167671893848,0.6201117318435754,0.46017250126839165,0.2283464566929134,0.2868260144524736,0.4287380906085942,0.5831649831649832,0.8005085077254058,0.5911602209944752,0.6738478831022855,0.663513167987727,0.757790805307004,0.7258215962441315,0.32038834951456313,0.6628930817610063,0.3458083832335329,0.8730496453900709,0.30228254164096235,0.666825321275583,0.6339285714285714,0.609167671893848,0.6201117318435754,0.46017250126839165,0.8740157480314961,0.2868260144524736,0.4287380906085942,0.5831649831649832,0.8005085077254058,0.5911602209944752,0.6738478831022855
106,0.5911,0.6630017898235745,0.7618019129898179,0.7044131455399061,0.343042071197411,0.6779874213836478,0.3248502994011976,0.8638297872340426,0.3429981492905614,0.6701570680628273,0.6473214285714286,0.6185162846803377,0.6145251396648045,0.4591577879249112,0.2125984251968504,0.3193440800444691,0.4297102858253937,0.6006734006734007,0.805789164873851,0.6077348066298343,0.673285874859498,0.6630017898235745,0.7618019129898179,0.7044131455399061,0.343042071197411,0.6779874213836478,0.3248502994011976,0.8638297872340426,0.3429981492905614,0.6701570680628273,0.7723214285714286,0.6185162846803377,0.6145251396648045,0.4591577879249112,0.2125984251968504,0.3193440800444691,0.4297102858253937,0.6006734006734007,0.805789164873851,0.6077348066298343,0.673285874859498
107,0.5911,0.6734850421886985,0.7769207034865783,0.699906103286385,0.3106796116504854,0.6672955974842767,0.3383233532934132,0.8482269503546099,0.34855027760641577,0.6625416468348405,0.6428571428571429,0.6215319662243667,0.6005586592178771,0.4561136478944698,0.2204724409448819,0.283212896053363,0.43962667703674896,0.6123456790123457,0.8063759045570116,0.5966850828729282,0.668415136755339,0.6734850421886985,0.7769207034865783,0.699906103286385,0.3106796116504854,0.6672955974842767,0.3383233532934132,0.8482269503546099,0.34855027760641577,0.6625416468348405,0.7991071428571429,0.6215319662243667,0.6005586592178771,0.4561136478944698,0.2204724409448819,0.283212896053363,0.43962667703674896,0.6123456790123457,0.8063759045570116,0.5966850828729282,0.668415136755339
108,0.5904,0.6880593198670417,0.7957420549213206,0.7233802816901408,0.313915857605178,0.6433962264150943,0.32335329341317365,0.8687943262411347,0.33436150524367675,0.6520704426463588,0.6026785714285714,0.6016284680337757,0.6061452513966481,0.4885844748858447,0.2125984251968504,0.26931628682601444,0.4720979972778534,0.5625140291806958,0.7950322706825739,0.580110497237569,0.6406893967778194,0.6880593198670417,0.7957420549213206,0.7233802816901408,0.313915857605178,0.6433962264150943,0.32335329341317365,0.8687943262411347,0.33436150524367675,0.6520704426463588,0.7946428571428571,0.6016284680337757,0.6061452513966481,0.4885844748858447,0.2125984251968504,0.26931628682601444,0.4720979972778534,0.5625140291806958,0.7950322706825739,0.580110497237569,0.6406893967778194
109,0.583,0.6499616466376885,0.7679728478864548,0.7030985915492958,0.3656957928802589,0.6723270440251572,0.3323353293413174,0.8482269503546099,0.3726095003084516,0.6920514040932889,0.6071428571428571,0.6151990349819059,0.5726256983240223,0.4743784880771182,0.2047244094488189,0.349082823790995,0.43068248104219325,0.5797979797979798,0.8368863680813612,0.580110497237569,0.65436493068565,0.6499616466376885,0.7679728478864548,0.7030985915492958,0.3656957928802589,0.6723270440251572,0.3323353293413174,0.8482269503546099,0.3726095003084516,0.6920514040932889,0.8125,0.6151990349819059,0.5726256983240223,0.4743784880771182,0.2047244094488189,0.349082823790995,0.43068248104219325,0.5797979797979798,0.8368863680813612,0.580110497237569,0.65436493068565
110,0.5876,0.6724622858603938,0.7593335390311632,0.7147417840375587,0.30097087378640774,0.679874213836478,0.33682634730538924,0.8765957446808511,0.35595311536088836,0.6692051404093289,0.6383928571428571,0.6332931242460796,0.6284916201117319,0.5104008117706748,0.23622047244094488,0.2773763201778766,0.43593233521291075,0.518294051627385,0.8001173479366321,0.5580110497237569,0.6697264893218434,0.6724622858603938,0.7593335390311632,0.7147417840375587,0.30097087378640774,0.679874213836478,0.33682634730538924,0.8765957446808511,0.35595311536088836,0.6692051404093289,0.84375,0.6332931242460796,0.6284916201117319,0.5104008117706748,0.23622047244094488,0.2773763201778766,0.43593233521291075,0.518294051627385,0.8001173479366321,0.5580110497237569,0.6697264893218434
111,0.5882,0.6696497059575556,0.7766121567417463,0.7025352112676057,0.3300970873786408,0.6559748427672956,0.3338323353293413,0.8836879432624114,0.3621221468229488,0.6906235126130414,0.6116071428571429,0.5986127864897467,0.6256983240223464,0.4824961948249619,0.2204724409448819,0.3235130628126737,0.45382072720202216,0.5658810325476992,0.8218267162135733,0.574585635359116,0.6489321843387036,0.6696497059575556,0.7766121567417463,0.7025352112676057,0.3300970873786408,0.6559748427672956,0.3338323353293413,0.8836879432624114,0.3621221468229488,0.6906235126130414,0.8660714285714286,0.5986127864897467,0.6256983240223464,0.4824961948249619,0.2204724409448819,0.3235130628126737,0.45382072720202216,0.5658810325476992,0.8218267162135733,0.574585635359116,0.6489321843387036
112,0.595,0.6683712605471747,0.7679728478864548,0.7147417840375587,0.33980582524271846,0.6767295597484276,0.34880239520958084,0.8659574468085106,0.3658235657001851,0.6615897191813422,0.6339285714285714,0.626658624849216,0.6284916201117319,0.4819888381532217,0.2204724409448819,0.3321289605336298,0.4528485319852226,0.5773288439955107,0.801681987091727,0.580110497237569,0.6605470213563133,0.6683712605471747,0.7679728478864548,0.7147417840375587,0.33980582524271846,0.6767295597484276,0.34880239520958084,0.8659574468085106,0.3658235657001851,0.6615897191813422,0.8705357142857143,0.626658624849216,0.6284916201117319,0.4819888381532217,0.2204724409448819,0.3321289605336298,0.4528485319852226,0.5773288439955107,0.801681987091727,0.580110497237569,0.6605470213563133
113,0.5865,0.6614676553311174,0.775377969762419,0.7348356807511737,0.3365695792880259,0.6773584905660377,0.33083832335329344,0.8546099290780141,0.3349784083898828,0.6744407425035698,0.6160714285714286,0.6332931242460796,0.5865921787709497,0.49974632166412986,0.2283464566929134,0.2987770983879933,0.4510985805949835,0.5537598204264871,0.8155681595931938,0.574585635359116,0.6740352191832147,0.6614676553311174,0.775377969762419,0.7348356807511737,0.3365695792880259,0.6773584905660377,0.33083832335329344,0.8546099290780141,0.3349784083898828,0.6744407425035698,0.6160714285714286,0.6332931242460796,0.5865921787709497,0.49974632166412986,0.2283464566929134,0.2987770983879933,0.4510985805949835,0.5537598204264871,0.8155681595931938,0.574585635359116,0.6740352191832147
114,0.5974,0.6747634875990796,0.7651959271829682,0.7070422535211267,0.36893203883495146,0.660377358490566,0.33532934131736525,0.8680851063829788,0.34114743985194323,0.6530223702998572,0.625,0.6130880579010857,0.6201117318435754,0.4611872146118721,0.25196850393700787,0.35908838243468594,0.4468209216410655,0.6071829405162739,0.8114609818110698,0.6022099447513812,0.65436493068565,0.6747634875990796,0.7651959271829682,0.7070422535211267,0.36893203883495146,0.660377358490566,0.33532934131736525,0.8680851063829788,0.34114743985194323,0.6530223702998572,0.625,0.6130880579010857,0.6201117318435754,0.4611872146118721,0.25196850393700787,0.35908838243468594,0.4468209216410655,0.6071829405162739,0.8114609818110698,0.6022099447513812,0.65436493068565
115,0.6009,0.6977755049859371,0.7877198395556927,0.732018779342723,0.3106796116504854,0.670440251572327,0.3338323353293413,0.8695035460992908,0.31523750771128933,0.6144693003331747,0.625,0.6372135102533173,0.6424581005586593,0.5088787417554541,0.23622047244094488,0.2848804891606448,0.47968111996888974,0.5443322109988776,0.7600234695873265,0.585635359116022,0.6506182090670664,0.6977755049859371,0.7877198395556927,0.732018779342723,0.3106796116504854,0.670440251572327,0.3338323353293413,0.8695035460992908,0.31523750771128933,0.6144693003331747,0.625,0.6372135102533173,0.6424581005586593,0.5088787417554541,0.23622047244094488,0.2848804891606448,0.47968111996888974,0.5443322109988776,0.7600234695873265,0.585635359116022,0.6506182090670664
116,0.589,0.671439529532089,0.7707497685899414,0.707981220657277,0.34951456310679613,0.6773584905660377,0.3398203592814371,0.8411347517730496,0.3565700185070944,0.6592099000475964,0.6160714285714286,0.6311821471652593,0.5810055865921788,0.4885844748858447,0.2440944881889764,0.3262923846581434,0.44409877503402684,0.5766554433221099,0.8106786622335224,0.5966850828729282,0.6745972274260023,0.671439529532089,0.7707497685899414,0.707981220657277,0.34951456310679613,0.6773584905660377,0.3398203592814371,0.8411347517730496,0.3565700185070944,0.6592099000475964,0.6160714285714286,0.6311821471652593,0.5810055865921788,0.4885844748858447,0.2440944881889764,0.3262923846581434,0.44409877503402684,0.5766554433221099,0.8106786622335224,0.5966850828729282,0.6745972274260023
117,0.5956,0.6601892099207364,0.7692070348657821,0.7325821596244132,0.37216828478964403,0.6937106918238993,0.3458083832335329,0.8602836879432624,0.34238124614435533,0.658257972394098,0.6383928571428571,0.6314837153196623,0.6061452513966481,0.48604769152714355,0.25196850393700787,0.34574763757643134,0.4551818005055415,0.5845117845117845,0.8059847447682378,0.585635359116022,0.6596103409516673,0.6601892099207364,0.7692070348657821,0.7325821596244132,0.37216828478964403,0.6937106918238993,0.3458083832335329,0.8602836879432624,0.34238124614435533,0.658257972394098,0.6383928571428571,0.6314837153196623,0.6061452513966481,0.48604769152714355,0.25196850393700787,0.34574763757643134,0.4551818005055415,0.5845117845117845,0.8059847447682378,0.585635359116022,0.6596103409516673
118,0.5911,0.681922781897213,0.7766121567417463,0.7106103286384976,0.343042071197411,0.6792452830188679,0.33083832335329344,0.8560283687943262,0.364589759407773,0.6620656830080914,0.6473214285714286,0.6363088057901085,0.6089385474860335,0.49061390157280566,0.25196850393700787,0.32795997776542524,0.4594594594594595,0.5461279461279461,0.8014864071973401,0.5911602209944752,0.6740352191832147,0.681922781897213,0.7766121567417463,0.7106103286384976,0.343042071197411,0.6792452830188679,0.33083832335329344,0.8560283687943262,0.364589759407773,0.6620656830080914,0.6473214285714286,0.6363088057901085,0.6089385474860335,0.49061390157280566,0.25196850393700787,0.32795997776542524,0.4594594594594595,0.5461279461279461,0.8014864071973401,0.5911602209944752,0.6740352191832147
119,0.5919,0.645359243160317,0.7608762727553224,0.7295774647887324,0.34951456310679613,0.6886792452830188,0.3473053892215569,0.8624113475177305,0.3565700185070944,0.6930033317467873,0.625,0.6287696019300362,0.5893854748603352,0.4961948249619482,0.25196850393700787,0.31628682601445246,0.46490375267353684,0.5858585858585859,0.8110698220222962,0.6353591160220995,0.692394155114275,0.645359243160317,0.7608762727553224,0.7295774647887324,0.34951456310679613,0.6886792452830188,0.3473053892215569,0.8624113475177305,0.3565700185070944,0.6930033317467873,0.625,0.6287696019300362,0.5893854748603352,0.4961948249619482,0.25196850393700787,0.31628682601445246,0.46490375267353684,0.5858585858585859,0.8110698220222962,0.6353591160220995,0.692394155114275
120,0.5937,0.662234722577346,0.7618019129898179,0.7190610328638498,0.35275080906148865,0.670440251572327,0.33682634730538924,0.8702127659574468,0.37075879086983343,0.6834840552118039,0.6473214285714286,0.6272617611580217,0.6145251396648045,0.4972095383054287,0.25984251968503935,0.34463590883824347,0.4495430682481042,0.5530864197530864,0.8114609818110698,0.5966850828729282,0.6798426376920195,0.662234722577346,0.7618019129898179,0.7190610328638498,0.35275080906148865,0.670440251572327,0.33682634730538924,0.8702127659574468,0.37075879086983343,0.6834840552118039,0.6473214285714286,0.6272617611580217,0.6145251396648045,0.4972095383054287,0.25984251968503935,0.34463590883824347,0.4495430682481042,0.5530864197530864,0.8114609818110698,0.5966850828729282,0.6798426376920195
121,0.5948,0.691127588851956,0.7892625732798519,0.6854460093896714,0.3365695792880259,0.6477987421383647,0.3338323353293413,0.8553191489361702,0.35595311536088836,0.6530223702998572,0.6026785714285714,0.6167068757539204,0.6229050279329609,0.4748858447488584,0.25984251968503935,0.292384658143413,0.45829282519930004,0.6017957351290685,0.8007040876197927,0.6298342541436464,0.6729112026976396,0.691127588851956,0.7892625732798519,0.6854460093896714,0.3365695792880259,0.6477987421383647,0.3338323353293413,0.8553191489361702,0.35595311536088836,0.6530223702998572,0.6026785714285714,0.6167068757539204,0.6229050279329609,0.4748858447488584,0.25984251968503935,0.292384658143413,0.45829282519930004,0.6017957351290685,0.8007040876197927,0.6298342541436464,0.6729112026976396
122,0.5888,0.6742521094349271,0.7911138537488429,0.6938967136150235,0.3592233009708738,0.690566037735849,0.3338323353293413,0.8680851063829788,0.36273904996915485,0.6682532127558306,0.6339285714285714,0.6360072376357057,0.6005586592178771,0.502283105022831,0.25984251968503935,0.3187882156753752,0.46859809449737505,0.5367003367003367,0.8073538040289459,0.6022099447513812,0.6584863244660921,0.6742521094349271,0.7911138537488429,0.6938967136150235,0.3592233009708738,0.690566037735849,0.3338323353293413,0.8680851063829788,0.36273904996915485,0.6682532127558306,0.6339285714285714,0.6360072376357057,0.6005586592178771,0.502283105022831,0.25984251968503935,0.3187882156753752,0.46859809449737505,0.5367003367003367,0.8073538040289459,0.6022099447513812,0.6584863244660921
123,0.6006,0.7034006647916135,0.7843258253625425,0.7136150234741784,0.3656957928802589,0.6773584905660377,0.32934131736526945,0.8531914893617021,0.3281924737816163,0.6216087577344122,0.6473214285714286,0.6387213510253317,0.6201117318435754,0.480466768138001,0.25984251968503935,0.3148971650917176,0.48726424265992613,0.5721661054994388,0.778407979659691,0.6243093922651933,0.6755339078306482,0.7034006647916135,0.7843258253625425,0.7136150234741784,0.3656957928802589,0.6773584905660377,0.32934131736526945,0.8531914893617021,0.3281924737816163,0.6216087577344122,0.6473214285714286,0.6387213510253317,0.6201117318435754,0.480466768138001,0.25984251968503935,0.3148971650917176,0.48726424265992613,0.5721661054994388,0.778407979659691,0.6243093922651933,0.6755339078306482
124,0.6021,0.6998210176425467,0.7834001851280469,0.7061032863849765,0.3786407766990291,0.6710691823899371,0.34281437125748504,0.8588652482269503,0.31276989512646514,0.6111375535459305,0.6071428571428571,0.638118214716526,0.6201117318435754,0.49670218163368846,0.2440944881889764,0.3560311284046693,0.46276492319657786,0.5932659932659933,0.7713671034617642,0.5966850828729282,0.6391907081303859,0.6998210176425467,0.7834001851280469,0.7061032863849765,0.3786407766990291,0.6710691823899371,0.34281437125748504,0.8588652482269503,0.31276989512646514,0.6111375535459305,0.6071428571428571,0.638118214716526,0.6201117318435754,0.49670218163368846,0.2440944881889764,0.3560311284046693,0.46276492319657786,0.5932659932659933,0.7713671034617642,0.5966850828729282,0.6391907081303859
125,0.5921,0.6560981846075172,0.7800061709348967,0.7256338028169014,0.37540453074433655,0.6723270440251572,0.33083832335329344,0.8624113475177305,0.3596545342381246,0.6849119466920514,0.6294642857142857,0.6173100120627262,0.5837988826815642,0.4911212582445459,0.2440944881889764,0.329905503057254,0.4759867781450515,0.6047138047138048,0.8265206336788579,0.6022099447513812,0.6633570625702511,0.6560981846075172,0.7800061709348967,0.7256338028169014,0.37540453074433655,0.6723270440251572,0.33083832335329344,0.8624113475177305,0.3596545342381246,0.6849119466920514,0.6294642857142857,0.6173100120627262,0.5837988826815642,0.4911212582445459,0.2440944881889764,0.329905503057254,0.4759867781450515,0.6047138047138048,0.8265206336788579,0.6022099447513812,0.6633570625702511
126,0.6075,0.7082587573510611,0.7886454797901882,0.7207511737089202,0.3883495145631068,0.679874213836478,0.3263473053892216,0.8560283687943262,0.29549660703269587,0.6130414088529271,0.6160714285714286,0.6453558504221955,0.6284916201117319,0.5007610350076104,0.25984251968503935,0.3632573652028905,0.48298658370600817,0.5652076318742986,0.7664776061020927,0.569060773480663,0.6639190708130386,0.7082587573510611,0.7886454797901882,0.7207511737089202,0.3883495145631068,0.679874213836478,0.3263473053892216,0.8560283687943262,0.29549660703269587,0.6130414088529271,0.6160714285714286,0.6453558504221955,0.6284916201117319,0.5007610350076104,0.25984251968503935,0.3632573652028905,0.48298658370600817,0.5652076318742986,0.7664776061020927,0.569060773480663,0.6639190708130386
127,0.5899,0.6548197391971363,0.7655044739278001,0.7230046948356808,0.37216828478964403,0.6836477987421383,0.3458083832335329,0.8666666666666667,0.3553362122146823,0.675392670157068,0.6383928571428571,0.6341978287092883,0.6061452513966481,0.49974632166412986,0.2440944881889764,0.34824902723735407,0.4719035582344935,0.5708193041526375,0.8177195384314493,0.5966850828729282,0.6637317347321094,0.6548197391971363,0.7655044739278001,0.7230046948356808,0.37216828478964403,0.6836477987421383,0.3458083832335329,0.8666666666666667,0.3553362122146823,0.675392670157068,0.6383928571428571,0.6341978287092883,0.6061452513966481,0.49974632166412986,0.2440944881889764,0.34824902723735407,0.4719035582344935,0.5708193041526375,0.8177195384314493,0.5966850828729282,0.6637317347321094
128,0.5905,0.6998210176425467,0.7834001851280469,0.7139906103286385,0.33980582524271846,0.6584905660377358,0.3188622754491018,0.8560283687943262,0.3300431832202344,0.6163731556401714,0.6294642857142857,0.6393244873341375,0.6145251396648045,0.5164890918315576,0.25196850393700787,0.31545302946081155,0.481236632315769,0.534006734006734,0.7713671034617642,0.585635359116022,0.6581116523042337,0.6998210176425467,0.7834001851280469,0.7139906103286385,0.33980582524271846,0.6584905660377358,0.3188622754491018,0.8560283687943262,0.3300431832202344,0.6163731556401714,0.6294642857142857,0.6393244873341375,0.6145251396648045,0.5164890918315576,0.25196850393700787,0.31545302946081155,0.481236632315769,0.534006734006734,0.7713671034617642,0.585635359116022,0.6581116523042337
129,0.591,0.6630017898235745,0.7766121567417463,0.6987793427230047,0.3948220064724919,0.6628930817610063,0.3203592814371258,0.8687943262411347,0.3608883405305367,0.6868158019990481,0.6428571428571429,0.6230398069963812,0.5837988826815642,0.48756976154236426,0.25196850393700787,0.36714841578654805,0.4691814116274548,0.5991021324354657,0.8284764326227264,0.5966850828729282,0.6695391532409142,0.6630017898235745,0.7766121567417463,0.6987793427230047,0.3948220064724919,0.6628930817610063,0.3203592814371258,0.8687943262411347,0.3608883405305367,0.6868158019990481,0.6428571428571429,0.6230398069963812,0.5837988826815642,0.48756976154236426,0.25196850393700787,0.36714841578654805,0.4691814116274548,0.5991021324354657,0.8284764326227264,0.5966850828729282,0.6695391532409142
130,0.5941,0.6926617233444132,0.7756865165072508,0.7068544600938967,0.3851132686084142,0.679874213836478,0.33532934131736525,0.8595744680851064,0.32449105490438,0.6406473108043789,0.6473214285714286,0.6483715319662243,0.6229050279329609,0.49670218163368846,0.2440944881889764,0.3468593663146192,0.4802644370989695,0.5418630751964085,0.7739096420887933,0.5524861878453039,0.6845260397152492,0.6926617233444132,0.7756865165072508,0.7068544600938967,0.3851132686084142,0.679874213836478,0.33532934131736525,0.8595744680851064,0.32449105490438,0.6406473108043789,0.6473214285714286,0.6483715319662243,0.6229050279329609,0.49670218163368846,0.2440944881889764,0.3468593663146192,0.4802644370989695,0.5418630751964085,0.7739096420887933,0.5524861878453039,0.6845260397152492
131,0.595,0.6952186141651752,0.7898796667695156,0.691830985915493,0.3559870550161812,0.6666666666666666,0.3338323353293413,0.8567375886524823,0.34855027760641577,0.6320799619228938,0.6428571428571429,0.640832328106152,0.6256983240223464,0.504312531709792,0.2677165354330709,0.34769316286826013,0.4551818005055415,0.5694725028058362,0.7817328378642675,0.6022099447513812,0.6513675533907831,0.6952186141651752,0.7898796667695156,0.691830985915493,0.3559870550161812,0.6666666666666666,0.3338323353293413,0.8567375886524823,0.34855027760641577,0.6320799619228938,0.6428571428571429,0.640832328106152,0.6256983240223464,0.504312531709792,0.2677165354330709,0.34769316286826013,0.4551818005055415,0.5694725028058362,0.7817328378642675,0.6022099447513812,0.6513675533907831
132,0.5891,0.6773203784198415,0.7800061709348967,0.711924882629108,0.35275080906148865,0.6559748427672956,0.3383233532934132,0.8602836879432624,0.3392967304133251,0.6539742979533556,0.6428571428571429,0.632086851628468,0.6089385474860335,0.5200405885337392,0.25196850393700787,0.32768204558087827,0.4689869725840949,0.5367003367003367,0.8022687267748876,0.5469613259668509,0.6644810790558262,0.6773203784198415,0.7800061709348967,0.711924882629108,0.35275080906148865,0.6559748427672956,0.3383233532934132,0.8602836879432624,0.3392967304133251,0.6539742979533556,0.6428571428571429,0.632086851628468,0.6089385474860335,0.5200405885337392,0.25196850393700787,0.32768204558087827,0.4689869725840949,0.5367003367003367,0.8022687267748876,0.5469613259668509,0.6644810790558262
133,0.5994,0.6860138072104321,0.7923480407281703,0.7168075117370892,0.37216828478964403,0.6635220125786163,0.3278443113772455,0.8524822695035461,0.34361505243676743,0.6458829128986197,0.625,0.6215319662243667,0.6229050279329609,0.487062404870624,0.2677165354330709,0.349082823790995,0.48590316935640676,0.6065095398428731,0.7928808918443184,0.6077348066298343,0.6549269389284376,0.6860138072104321,0.7923480407281703,0.7168075117370892,0.37216828478964403,0.6635220125786163,0.3278443113772455,0.8524822695035461,0.34361505243676743,0.6458829128986197,0.625,0.6215319662243667,0.6229050279329609,0.487062404870624,0.2677165354330709,0.349082823790995,0.48590316935640676,0.6065095398428731,0.7928808918443184,0.6077348066298343,0.6549269389284376
134,0.5958,0.6893377652774226,0.7688984881209503,0.7149295774647887,0.37540453074433655,0.6937106918238993,0.34880239520958084,0.8439716312056738,0.3473164713140037,0.6211327939076631,0.6607142857142857,0.6628468033775633,0.6005586592178771,0.5180111618467783,0.28346456692913385,0.34380211228460256,0.44779311685786505,0.5732884399551066,0.7717582632505379,0.5966850828729282,0.6633570625702511,0.6893377652774226,0.7688984881209503,0.7149295774647887,0.37540453074433655,0.6937106918238993,0.34880239520958084,0.8439716312056738,0.3473164713140037,0.6211327939076631,0.6607142857142857,0.6628468033775633,0.6005586592178771,0.5180111618467783,0.28346456692913385,0.34380211228460256,0.44779311685786505,0.5732884399551066,0.7717582632505379,0.5966850828729282,0.6633570625702511
135,0.5898,0.6793658910764511,0.7883369330453563,0.6946478873239437,0.37216828478964403,0.6465408805031446,0.32934131736526945,0.8539007092198582,0.35903763109191855,0.6749167063303189,0.6383928571428571,0.6155006031363088,0.5977653631284916,0.49365804160324706,0.25196850393700787,0.35519733185102836,0.47695897336185106,0.5957351290684624,0.8210443966360258,0.5911602209944752,0.6730985387785687,0.6793658910764511,0.7883369330453563,0.6946478873239437,0.37216828478964403,0.6465408805031446,0.32934131736526945,0.8539007092198582,0.35903763109191855,0.6749167063303189,0.6383928571428571,0.6155006031363088,0.5977653631284916,0.49365804160324706,0.25196850393700787,0.35519733185102836,0.47695897336185106,0.5957351290684624,0.8210443966360258,0.5911602209944752,0.6730985387785687
136,0.5924,0.6796215801585272,0.7624190064794817,0.72,0.37540453074433655,0.6924528301886792,0.3473053892215569,0.8368794326241135,0.33991363355953114,0.6354117087101381,0.6339285714285714,0.655307599517491,0.6089385474860335,0.5012683916793506,0.25984251968503935,0.3463035019455253,0.466653704063776,0.5811447811447812,0.7758654410326619,0.6077348066298343,0.6849007118771075,0.6796215801585272,0.7624190064794817,0.72,0.37540453074433655,0.6924528301886792,0.3473053892215569,0.8368794326241135,0.33991363355953114,0.6354117087101381,0.6339285714285714,0.655307599517491,0.6089385474860335,0.5012683916793506,0.25984251968503935,0.3463035019455253,0.466653704063776,0.5811447811447812,0.7758654410326619,0.6077348066298343,0.6849007118771075
137,0.5922,0.6872922526208131,0.7966676951558161,0.7025352112676057,0.35275080906148865,0.6528301886792452,0.3218562874251497,0.8624113475177305,0.3325107958050586,0.6534983341266064,0.6116071428571429,0.6215319662243667,0.6284916201117319,0.49365804160324706,0.2440944881889764,0.3179544191217343,0.4991250243048804,0.5876543209876544,0.8048112654019167,0.5966850828729282,0.6620457100037467,0.6872922526208131,0.7966676951558161,0.7025352112676057,0.35275080906148865,0.6528301886792452,0.3218562874251497,0.8624113475177305,0.3325107958050586,0.6534983341266064,0.6116071428571429,0.6215319662243667,0.6284916201117319,0.49365804160324706,0.2440944881889764,0.3179544191217343,0.4991250243048804,0.5876543209876544,0.8048112654019167,0.5966850828729282,0.6620457100037467
138,0.5846,0.6624904116594221,0.7648873804381364,0.7215023474178404,0.34627831715210355,0.6685534591194968,0.3383233532934132,0.8546099290780141,0.3750771128932758,0.6739647786768206,0.625,0.640832328106152,0.611731843575419,0.5286656519533232,0.25984251968503935,0.31739855475264034,0.4549873614621816,0.5560044893378226,0.8143946802268727,0.5580110497237569,0.6824653428250281,0.6624904116594221,0.7648873804381364,0.7215023474178404,0.34627831715210355,0.6685534591194968,0.3383233532934132,0.8546099290780141,0.3750771128932758,0.6739647786768206,0.625,0.640832328106152,0.611731843575419,0.5286656519533232,0.25984251968503935,0.31739855475264034,0.4549873614621816,0.5560044893378226,0.8143946802268727,0.5580110497237569,0.6824653428250281
139,0.6024,0.702889286627461,0.7787719839555692,0.6944600938967136,0.39158576051779936,0.6654088050314465,0.3278443113772455,0.8539007092198582,0.32634176434299816,0.6220847215611613,0.6160714285714286,0.6498793727382388,0.6508379888268156,0.49974632166412986,0.2677165354330709,0.3657587548638132,0.49698619482792145,0.5797979797979798,0.7768433405045961,0.6022099447513812,0.6762832521543649,0.702889286627461,0.7787719839555692,0.6944600938967136,0.39158576051779936,0.6654088050314465,0.3278443113772455,0.8539007092198582,0.32634176434299816,0.6220847215611613,0.6160714285714286,0.6498793727382388,0.6508379888268156,0.49974632166412986,0.2677165354330709,0.3657587548638132,0.49698619482792145,0.5797979797979798,0.7768433405045961,0.6022099447513812,0.6762832521543649
140,0.6061,0.6918946560981846,0.7796976241900648,0.7098591549295775,0.39805825242718446,0.6597484276729559,0.33532934131736525,0.8588652482269503,0.32634176434299816,0.6358876725368872,0.6205357142857143,0.6341978287092883,0.6340782122905028,0.47234906139015725,0.25196850393700787,0.3668704836020011,0.4866809255298464,0.6276094276094276,0.7858400156463915,0.6408839779005525,0.6745972274260023,0.6918946560981846,0.7796976241900648,0.7098591549295775,0.39805825242718446,0.6597484276729559,0.33532934131736525,0.8588652482269503,0.32634176434299816,0.6358876725368872,0.6205357142857143,0.6341978287092883,0.6340782122905028,0.47234906139015725,0.25196850393700787,0.3668704836020011,0.4866809255298464,0.6276094276094276,0.7858400156463915,0.6408839779005525,0.6745972274260023
141,0.5894,0.6548197391971363,0.7642702869484727,0.7130516431924883,0.39805825242718446,0.6647798742138364,0.34880239520958084,0.8730496453900709,0.3325107958050586,0.6682532127558306,0.6339285714285714,0.6338962605548853,0.61731843575419,0.5164890918315576,0.25196850393700787,0.3507504168982768,0.47462570484153216,0.5618406285072952,0.8126344611773909,0.585635359116022,0.6607343574372424,0.6548197391971363,0.7642702869484727,0.7130516431924883,0.39805825242718446,0.6647798742138364,0.34880239520958084,0.8730496453900709,0.3325107958050586,0.6682532127558306,0.6339285714285714,0.6338962605548853,0.61731843575419,0.5164890918315576,0.25196850393700787,0.3507504168982768,0.47462570484153216,0.5618406285072952,0.8126344611773909,0.585635359116022,0.6607343574372424
142,0.5992,0.693684479672718,0.7682813946312866,0.723943661971831,0.4110032362459547,0.6716981132075471,0.3383233532934132,0.8581560283687943,0.30845157310302285,0.6111375535459305,0.6160714285714286,0.6489746682750301,0.6424581005586593,0.5093860984271943,0.25984251968503935,0.37493051695386326,0.4816255104024888,0.5526374859708193,0.7623704283199687,0.574585635359116,0.6614837017609592,0.693684479672718,0.7682813946312866,0.723943661971831,0.4110032362459547,0.6716981132075471,0.3383233532934132,0.8581560283687943,0.30845157310302285,0.6111375535459305,0.6160714285714286,0.6489746682750301,0.6424581005586593,0.5093860984271943,0.25984251968503935,0.37493051695386326,0.4816255104024888,0.5526374859708193,0.7623704283199687,0.574585635359116,0.6614837017609592
143,0.5931,0.6913832779340322,0.792965134217834,0.6878873239436619,0.4045307443365696,0.6452830188679245,0.3218562874251497,0.8588652482269503,0.3269586674892042,0.6563541170871013,0.5982142857142857,0.6230398069963812,0.6424581005586593,0.517503805175038,0.2677165354330709,0.3576987215119511,0.495819560567762,0.5391694725028059,0.8046156855075298,0.569060773480663,0.7002622705133008,0.6913832779340322,0.792965134217834,0.6878873239436619,0.4045307443365696,0.6452830188679245,0.3218562874251497,0.8588652482269503,0.3269586674892042,0.6563541170871013,0.5982142857142857,0.6230398069963812,0.6424581005586593,0.517503805175038,0.2677165354330709,0.3576987215119511,0.495819560567762,0.5391694725028059,0.8046156855075298,0.569060773480663,0.7002622705133008
144,0.6014,0.6872922526208131,0.7685899413761185,0.7029107981220657,0.4174757281553398,0.6622641509433962,0.3323353293413174,0.8531914893617021,0.33806292412091304,0.6273203236554021,0.6294642857142857,0.6363088057901085,0.6508379888268156,0.49518011161846776,0.2677165354330709,0.3538076709282935,0.4870698036165662,0.6249158249158249,0.7846665362800704,0.6243093922651933,0.6648557512176845,0.6872922526208131,0.7685899413761185,0.7029107981220657,0.4174757281553398,0.6622641509433962,0.3323353293413174,0.8531914893617021,0.33806292412091304,0.6273203236554021,0.6294642857142857,0.6363088057901085,0.6508379888268156,0.49518011161846776,0.2677165354330709,0.3538076709282935,0.4870698036165662,0.6249158249158249,0.7846665362800704,0.6243093922651933,0.6648557512176845
145,0.5864,0.6729736640245462,0.7800061709348967,0.708169014084507,0.42071197411003236,0.6811320754716981,0.32934131736526945,0.8609929078014185,0.3417643429981493,0.6658733936220848,0.6294642857142857,0.6417370325693607,0.6033519553072626,0.5337392186707255,0.2677165354330709,0.36464702612562533,0.4816255104024888,0.5459034792368126,0.8083317035008801,0.5911602209944752,0.6669164481079056,0.6729736640245462,0.7800061709348967,0.708169014084507,0.42071197411003236,0.6811320754716981,0.32934131736526945,0.8609929078014185,0.3417643429981493,0.6658733936220848,0.6294642857142857,0.6417370325693607,0.6033519553072626,0.5337392186707255,0.2677165354330709,0.36464702612562533,0.4816255104024888,0.5459034792368126,0.8083317035008801,0.5911602209944752,0.6669164481079056
146,0.5947,0.6811557146509845,0.7682813946312866,0.6987793427230047,0.42394822006472493,0.6679245283018868,0.3338323353293413,0.8645390070921986,0.3491671807526218,0.6401713469776297,0.625,0.6299758745476478,0.6229050279329609,0.4809741248097412,0.25196850393700787,0.37048360200111174,0.47987555901224965,0.6044893378226711,0.7956190103657343,0.6408839779005525,0.6629823904083927,0.6811557146509845,0.7682813946312866,0.6987793427230047,0.42394822006472493,0.6679245283018868,0.3338323353293413,0.8645390070921986,0.3491671807526218,0.6401713469776297,0.625,0.6299758745476478,0.6229050279329609,0.4809741248097412,0.25196850393700787,0.37048360200111174,0.47987555901224965,0.6044893378226711,0.7956190103657343,0.6408839779005525,0.6629823904083927
147,0.6082,0.7143952953208897,0.7645788336933045,0.7138028169014085,0.37540453074433655,0.6484276729559748,0.32934131736526945,0.8687943262411347,0.3183220234423196,0.6001903855306997,0.6205357142857143,0.6468636911942099,0.6731843575418994,0.5225773718924404,0.2755905511811024,0.339911061700945,0.48220882753256855,0.5836139169472503,0.7467240367690201,0.5911602209944752,0.6843387036343199,0.7143952953208897,0.7645788336933045,0.7138028169014085,0.37540453074433655,0.6484276729559748,0.32934131736526945,0.8687943262411347,0.3183220234423196,0.6001903855306997,0.6205357142857143,0.6468636911942099,0.6731843575418994,0.5225773718924404,0.2755905511811024,0.339911061700945,0.48220882753256855,0.5836139169472503,0.7467240367690201,0.5911602209944752,0.6843387036343199
148,0.5915,0.6734850421886985,0.7741437827830916,0.7166197183098592,0.44660194174757284,0.6465408805031446,0.3263473053892216,0.8730496453900709,0.32264034546576187,0.666825321275583,0.625,0.617913148371532,0.61731843575419,0.5154743784880771,0.23622047244094488,0.39299610894941633,0.502041609955279,0.5647586980920314,0.8097007627615881,0.5359116022099447,0.6727238666167104,0.6734850421886985,0.7741437827830916,0.7166197183098592,0.44660194174757284,0.6465408805031446,0.3263473053892216,0.8730496453900709,0.32264034546576187,0.666825321275583,0.625,0.617913148371532,0.61731843575419,0.5154743784880771,0.23622047244094488,0.39299610894941633,0.502041609955279,0.5647586980920314,0.8097007627615881,0.5359116022099447,0.6727238666167104
149,0.5938,0.6982868831500895,0.771366862079605,0.7061032863849765,0.37540453074433655,0.6578616352201258,0.32934131736526945,0.8588652482269503,0.34855027760641577,0.6306520704426464,0.6294642857142857,0.632388419782871,0.6284916201117319,0.5058346017250127,0.2755905511811024,0.32518065591995554,0.47909780283881004,0.5818181818181818,0.7840797965969099,0.574585635359116,0.6742225552641439,0.6982868831500895,0.771366862079605,0.7061032863849765,0.37540453074433655,0.6578616352201258,0.32934131736526945,0.8588652482269503,0.34855027760641577,0.6306520704426464,0.6294642857142857,0.632388419782871,0.6284916201117319,0.5058346017250127,0.2755905511811024,0.32518065591995554,0.47909780283881004,0.5818181818181818,0.7840797965969099,0.574585635359116,0.6742225552641439
150,0.5884,0.6742521094349271,0.7744523295279235,0.7025352112676057,0.42718446601941745,0.6459119496855346,0.3263473053892216,0.8687943262411347,0.3405305367057372,0.6573060447405997,0.6026785714285714,0.6281664656212304,0.6145251396648045,0.5169964485032978,0.25196850393700787,0.3843802112284603,0.506319268909197,0.5771043771043771,0.8143946802268727,0.5911602209944752,0.6556762832521543,0.6742521094349271,0.7744523295279235,0.7025352112676057,0.42718446601941745,0.6459119496855346,0.3263473053892216,0.8687943262411347,0.3405305367057372,0.6573060447405997,0.6026785714285714,0.6281664656212304,0.6145251396648045,0.5169964485032978,0.25196850393700787,0.3843802112284603,0.506319268909197,0.5771043771043771,0.8143946802268727,0.5911602209944752,0.6556762832521543
151,0.5937,0.7031449757095372,0.7840172786177105,0.6929577464788732,0.40129449838187703,0.6792452830188679,0.33532934131736525,0.8609929078014185,0.32634176434299816,0.6306520704426464,0.625,0.6516887816646562,0.6312849162011173,0.5073566717402334,0.25984251968503935,0.34185658699277377,0.4965973167412016,0.5795735129068462,0.7727361627224721,0.5911602209944752,0.6747845635069314,0.7031449757095372,0.7840172786177105,0.6929577464788732,0.40129449838187703,0.6792452830188679,0.33532934131736525,0.8609929078014185,0.32634176434299816,0.6306520704426464,0.625,0.6516887816646562,0.6312849162011173,0.5073566717402334,0.25984251968503935,0.34185658699277377,0.4965973167412016,0.5795735129068462,0.7727361627224721,0.5911602209944752,0.6747845635069314
152,0.5933,0.6793658910764511,0.7846343721073743,0.6974647887323944,0.39805825242718446,0.6452830188679245,0.3383233532934132,0.8595744680851064,0.32942628007402835,0.6601618277010948,0.6205357142857143,0.6130880579010857,0.6145251396648045,0.4865550481988838,0.25196850393700787,0.36631461923290715,0.48745868170328605,0.61324354657688,0.8186974379033836,0.6298342541436464,0.6727238666167104,0.6793658910764511,0.7846343721073743,0.6974647887323944,0.39805825242718446,0.6452830188679245,0.3383233532934132,0.8595744680851064,0.32942628007402835,0.6601618277010948,0.6205357142857143,0.6130880579010857,0.6145251396648045,0.4865550481988838,0.25196850393700787,0.36631461923290715,0.48745868170328605,0.61324354657688,0.8186974379033836,0.6298342541436464,0.6727238666167104
153,0.5917,0.7067246228586039,0.7861771058315334,0.6942723004694835,0.37540453074433655,0.6647798742138364,0.33083832335329344,0.8716312056737588,0.3337446020974707,0.6263683960019039,0.6339285714285714,0.6447527141133896,0.664804469273743,0.5362760020294267,0.25984251968503935,0.339633129516398,0.4804588761423294,0.5542087542087543,0.7699980442010561,0.585635359116022,0.672349194454852,0.7067246228586039,0.7861771058315334,0.6942723004694835,0.37540453074433655,0.6647798742138364,0.33083832335329344,0.8716312056737588,0.3337446020974707,0.6263683960019039,0.6339285714285714,0.6447527141133896,0.664804469273743,0.5362760020294267,0.25984251968503935,0.339633129516398,0.4804588761423294,0.5542087542087543,0.7699980442010561,0.585635359116022,0.672349194454852
154,0.5863,0.6734850421886985,0.7673557543967912,0.715868544600939,0.3851132686084142,0.6522012578616352,0.3338323353293413,0.8609929078014185,0.36397285626156695,0.6558781532603523,0.625,0.6260554885404102,0.6229050279329609,0.5185185185185185,0.23622047244094488,0.37298499166203447,0.4713202411044138,0.5560044893378226,0.816741638959515,0.585635359116022,0.6890221056575496,0.6734850421886985,0.7673557543967912,0.715868544600939,0.3851132686084142,0.6522012578616352,0.3338323353293413,0.8609929078014185,0.36397285626156695,0.6558781532603523,0.625,0.6260554885404102,0.6229050279329609,0.5185185185185185,0.23622047244094488,0.37298499166203447,0.4713202411044138,0.5560044893378226,0.816741638959515,0.585635359116022,0.6890221056575496
155,0.5947,0.6880593198670417,0.7790805307004011,0.707981220657277,0.42071197411003236,0.6710691823899371,0.344311377245509,0.8602836879432624,0.31153608883405304,0.6492146596858639,0.625,0.643546441495778,0.61731843575419,0.5114155251141552,0.25984251968503935,0.3504724847137298,0.5094302936029554,0.5874298540965207,0.7954234304713476,0.580110497237569,0.6849007118771075,0.6880593198670417,0.7790805307004011,0.707981220657277,0.42071197411003236,0.6710691823899371,0.344311377245509,0.8602836879432624,0.31153608883405304,0.6492146596858639,0.625,0.643546441495778,0.61731843575419,0.5114155251141552,0.25984251968503935,0.3504724847137298,0.5094302936029554,0.5874298540965207,0.7954234304713476,0.580110497237569,0.6849007118771075
156,0.5941,0.6990539503963181,0.7858685590867016,0.7181220657276995,0.42071197411003236,0.6540880503144654,0.33083832335329344,0.8652482269503546,0.3170882171499075,0.6244645406949072,0.625,0.6341978287092883,0.6312849162011173,0.5073566717402334,0.2283464566929134,0.36158977209560866,0.502041609955279,0.5872053872053872,0.7789947193428516,0.585635359116022,0.6526789059572874,0.6990539503963181,0.7858685590867016,0.7181220657276995,0.42071197411003236,0.6540880503144654,0.33083832335329344,0.8652482269503546,0.3170882171499075,0.6244645406949072,0.625,0.6341978287092883,0.6312849162011173,0.5073566717402334,0.2283464566929134,0.36158977209560866,0.502041609955279,0.5872053872053872,0.7789947193428516,0.585635359116022,0.6526789059572874
157,0.5865,0.6660700588084889,0.7682813946312866,0.6955868544600939,0.4336569579288026,0.6421383647798742,0.33083832335329344,0.8723404255319149,0.3325107958050586,0.6711089957163255,0.5714285714285714,0.6221351025331725,0.6145251396648045,0.5200405885337392,0.2440944881889764,0.3857698721511951,0.4855142912696869,0.5627384960718294,0.8132212008605515,0.56353591160221,0.681341326339453,0.6660700588084889,0.7682813946312866,0.6955868544600939,0.4336569579288026,0.6421383647798742,0.33083832335329344,0.8723404255319149,0.3325107958050586,0.6711089957163255,0.5714285714285714,0.6221351025331725,0.6145251396648045,0.5200405885337392,0.2440944881889764,0.3857698721511951,0.4855142912696869,0.5627384960718294,0.8132212008605515,0.56353591160221,0.681341326339453
158,0.588,0.6755305548453081,0.7630360999691453,0.7051643192488263,0.4077669902912621,0.650314465408805,0.33083832335329344,0.8709219858156029,0.33189389265885255,0.6749167063303189,0.6160714285714286,0.632086851628468,0.6340782122905028,0.5119228817858955,0.23622047244094488,0.3841022790439133,0.5012638537818394,0.5551066217732884,0.8128300410717778,0.5469613259668509,0.6837766953915324,0.6755305548453081,0.7630360999691453,0.7051643192488263,0.4077669902912621,0.650314465408805,0.33083832335329344,0.8709219858156029,0.33189389265885255,0.6749167063303189,0.6160714285714286,0.632086851628468,0.6340782122905028,0.5119228817858955,0.23622047244094488,0.3841022790439133,0.5012638537818394,0.5551066217732884,0.8128300410717778,0.5469613259668509,0.6837766953915324
159,0.6027,0.6982868831500895,0.7692070348657821,0.6749295774647888,0.4174757281553398,0.6716981132075471,0.34281437125748504,0.874468085106383,0.3207896360271437,0.6225606853879105,0.6071428571428571,0.6480699638118215,0.6871508379888268,0.4992389649923896,0.25984251968503935,0.35881045025013897,0.4956251215244021,0.6006734006734007,0.7635439076862899,0.6187845303867403,0.6871487448482577,0.6982868831500895,0.7692070348657821,0.6749295774647888,0.4174757281553398,0.6716981132075471,0.34281437125748504,0.874468085106383,0.3207896360271437,0.6225606853879105,0.6071428571428571,0.6480699638118215,0.6871508379888268,0.4992389649923896,0.25984251968503935,0.35881045025013897,0.4956251215244021,0.6006734006734007,0.7635439076862899,0.6187845303867403,0.6871487448482577
160,0.5831,0.659677831756584,0.7692070348657821,0.7141784037558685,0.39805825242718446,0.6553459119496855,0.32934131736526945,0.8673758865248227,0.36829117828500924,0.6711089957163255,0.6294642857142857,0.623341375150784,0.611731843575419,0.5104008117706748,0.23622047244094488,0.3443579766536965,0.47170911919113356,0.5777777777777777,0.8194797574809309,0.585635359116022,0.6702884975646309,0.659677831756584,0.7692070348657821,0.7141784037558685,0.39805825242718446,0.6553459119496855,0.32934131736526945,0.8673758865248227,0.36829117828500924,0.6711089957163255,0.6294642857142857,0.623341375150784,0.611731843575419,0.5104008117706748,0.23622047244094488,0.3443579766536965,0.47170911919113356,0.5777777777777777,0.8194797574809309,0.585635359116022,0.6702884975646309
161,0.5931,0.6913832779340322,0.785251465597038,0.711924882629108,0.45307443365695793,0.6314465408805031,0.3188622754491018,0.8716312056737588,0.3004318322023442,0.6477867682056164,0.5803571428571429,0.6151990349819059,0.6564245810055865,0.4885844748858447,0.25984251968503935,0.3941078376876042,0.5197355629010305,0.5930415263748597,0.7979659690983767,0.56353591160221,0.6605470213563133,0.6913832779340322,0.785251465597038,0.711924882629108,0.45307443365695793,0.6314465408805031,0.3188622754491018,0.8716312056737588,0.3004318322023442,0.6477867682056164,0.5803571428571429,0.6151990349819059,0.6564245810055865,0.4885844748858447,0.25984251968503935,0.3941078376876042,0.5197355629010305,0.5930415263748597,0.7979659690983767,0.56353591160221,0.6605470213563133
162,0.593,0.67808744566607,0.7682813946312866,0.683943661971831,0.42071197411003236,0.6748427672955974,0.3383233532934132,0.8638297872340426,0.3281924737816163,0.6539742979533556,0.6160714285714286,0.6519903498190591,0.6396648044692738,0.5266362252663622,0.2677165354330709,0.3807670928293496,0.48065331518568927,0.5539842873176206,0.7926853119499315,0.574585635359116,0.7100037467216186,0.67808744566607,0.7682813946312866,0.683943661971831,0.42071197411003236,0.6748427672955974,0.3383233532934132,0.8638297872340426,0.3281924737816163,0.6539742979533556,0.6160714285714286,0.6519903498190591,0.6396648044692738,0.5266362252663622,0.2677165354330709,0.3807670928293496,0.48065331518568927,0.5539842873176206,0.7926853119499315,0.574585635359116,0.7100037467216186
163,0.5834,0.6612119662490412,0.7756865165072508,0.6892018779342723,0.44336569579288027,0.6547169811320754,0.33083832335329344,0.8765957446808511,0.3596545342381246,0.7063303188957639,0.6116071428571429,0.6191194209891435,0.6089385474860335,0.4987316083206494,0.29133858267716534,0.3715953307392996,0.49348629204744315,0.5840628507295174,0.8351261490318795,0.585635359116022,0.6886474334956912,0.6612119662490412,0.7756865165072508,0.6892018779342723,0.44336569579288027,0.6547169811320754,0.33083832335329344,0.8765957446808511,0.3596545342381246,0.7063303188957639,0.6116071428571429,0.6191194209891435,0.6089385474860335,0.4987316083206494,0.29133858267716534,0.3715953307392996,0.49348629204744315,0.5840628507295174,0.8351261490318795,0.585635359116022,0.6886474334956912
164,0.5993,0.6926617233444132,0.7701326751002777,0.7008450704225352,0.4336569579288026,0.6295597484276729,0.33532934131736525,0.875177304964539,0.30845157310302285,0.6454069490718706,0.5714285714285714,0.6251507840772015,0.659217877094972,0.5124302384576357,0.2677165354330709,0.36964980544747084,0.4954306824810422,0.584287317620651,0.7787991394484647,0.6022099447513812,0.6708505058074186,0.6926617233444132,0.7701326751002777,0.7008450704225352,0.4336569579288026,0.6295597484276729,0.33532934131736525,0.875177304964539,0.30845157310302285,0.6454069490718706,0.5714285714285714,0.6251507840772015,0.659217877094972,0.5124302384576357,0.2677165354330709,0.36964980544747084,0.4954306824810422,0.584287317620651,0.7787991394484647,0.6022099447513812,0.6708505058074186
165,0.5812,0.6862694962925083,0.787102746066029,0.708169014084507,0.39158576051779936,0.6314465408805031,0.3248502994011976,0.8673758865248227,0.3133867982726712,0.658257972394098,0.5982142857142857,0.6278648974668275,0.6312849162011173,0.519533231861999,0.2755905511811024,0.35241801000555867,0.5238187828115886,0.5528619528619528,0.8010952474085664,0.574585635359116,0.6721618583739228,0.6862694962925083,0.787102746066029,0.708169014084507,0.39158576051779936,0.6314465408805031,0.3248502994011976,0.8673758865248227,0.3133867982726712,0.658257972394098,0.5982142857142857,0.6278648974668275,0.6312849162011173,0.519533231861999,0.2755905511811024,0.35241801000555867,0.5238187828115886,0.5528619528619528,0.8010952474085664,0.574585635359116,0.6721618583739228
166,0.6001,0.7046791102019944,0.7849429188522061,0.6961502347417841,0.47249190938511326,0.6591194968553459,0.3338323353293413,0.8617021276595744,0.3016656384947563,0.6192289386006663,0.6160714285714286,0.6562123039806996,0.6564245810055865,0.4926433282597666,0.2440944881889764,0.4118954974986103,0.4930974139607233,0.5735129068462402,0.775669861138275,0.5911602209944752,0.6717871862120645,0.7046791102019944,0.7849429188522061,0.6961502347417841,0.47249190938511326,0.6591194968553459,0.3338323353293413,0.8617021276595744,0.3016656384947563,0.6192289386006663,0.6160714285714286,0.6562123039806996,0.6564245810055865,0.4926433282597666,0.2440944881889764,0.4118954974986103,0.4930974139607233,0.5735129068462402,0.775669861138275,0.5911602209944752,0.6717871862120645
167,0.5863,0.6796215801585272,0.7744523295279235,0.7010328638497653,0.4174757281553398,0.6628930817610063,0.3278443113772455,0.875886524822695,0.31893892658852563,0.6458829128986197,0.6205357142857143,0.6444511459589868,0.6564245810055865,0.5164890918315576,0.25196850393700787,0.35630906058921624,0.5096247326463154,0.5474747474747474,0.7967924897320555,0.5469613259668509,0.6802173098538778,0.6796215801585272,0.7744523295279235,0.7010328638497653,0.4174757281553398,0.6628930817610063,0.3278443113772455,0.875886524822695,0.31893892658852563,0.6458829128986197,0.6205357142857143,0.6444511459589868,0.6564245810055865,0.5164890918315576,0.25196850393700787,0.35630906058921624,0.5096247326463154,0.5474747474747474,0.7967924897320555,0.5469613259668509,0.6802173098538778
168,0.5891,0.6837126054717464,0.7827830916383832,0.7029107981220657,0.44983818770226536,0.6584905660377358,0.3278443113772455,0.8609929078014185,0.3325107958050586,0.6625416468348405,0.625,0.6417370325693607,0.6424581005586593,0.5114155251141552,0.2755905511811024,0.37493051695386326,0.5037915613455182,0.569023569023569,0.8012908273029532,0.580110497237569,0.6770325964780817,0.6837126054717464,0.7827830916383832,0.7029107981220657,0.44983818770226536,0.6584905660377358,0.3278443113772455,0.8609929078014185,0.3325107958050586,0.6625416468348405,0.625,0.6417370325693607,0.6424581005586593,0.5114155251141552,0.2755905511811024,0.37493051695386326,0.5037915613455182,0.569023569023569,0.8012908273029532,0.580110497237569,0.6770325964780817
169,0.5901,0.6926617233444132,0.7695155816106141,0.6942723004694835,0.42394822006472493,0.6421383647798742,0.3383233532934132,0.8773049645390071,0.3269586674892042,0.6392194193241314,0.6071428571428571,0.6332931242460796,0.6675977653631285,0.5291730086250634,0.2677165354330709,0.3638132295719844,0.49037526735368464,0.5454545454545454,0.7862311754351653,0.5580110497237569,0.6766579243162233,0.6926617233444132,0.7695155816106141,0.6942723004694835,0.42394822006472493,0.6421383647798742,0.3383233532934132,0.8773049645390071,0.3269586674892042,0.6392194193241314,0.6071428571428571,0.6332931242460796,0.6675977653631285,0.5291730086250634,0.2677165354330709,0.3638132295719844,0.49037526735368464,0.5454545454545454,0.7862311754351653,0.5580110497237569,0.6766579243162233
170,0.5922,0.6844796727179749,0.7769207034865783,0.7017840375586855,0.459546925566343,0.6773584905660377,0.3413173652694611,0.8574468085106383,0.3096853793954349,0.6549262256068539,0.6205357142857143,0.6547044632086851,0.6340782122905028,0.5017757483510908,0.2755905511811024,0.3932740411339633,0.49679175578456153,0.5647586980920314,0.8010952474085664,0.56353591160221,0.6940801798426377,0.6844796727179749,0.7769207034865783,0.7017840375586855,0.459546925566343,0.6773584905660377,0.3413173652694611,0.8574468085106383,0.3096853793954349,0.6549262256068539,0.6205357142857143,0.6547044632086851,0.6340782122905028,0.5017757483510908,0.2755905511811024,0.3932740411339633,0.49679175578456153,0.5647586980920314,0.8010952474085664,0.56353591160221,0.6940801798426377
171,0.5947,0.6957299923293275,0.7784634372107374,0.7072300469483568,0.4174757281553398,0.6729559748427673,0.3458083832335329,0.8659574468085106,0.30104873534855026,0.626844359828653,0.6160714285714286,0.6525934861278649,0.6620111731843575,0.5119228817858955,0.2677165354330709,0.36770428015564205,0.5240132218549485,0.5777777777777777,0.7831018971249756,0.580110497237569,0.6835893593106033,0.6957299923293275,0.7784634372107374,0.7072300469483568,0.4174757281553398,0.6729559748427673,0.3458083832335329,0.8659574468085106,0.30104873534855026,0.626844359828653,0.6160714285714286,0.6525934861278649,0.6620111731843575,0.5119228817858955,0.2677165354330709,0.36770428015564205,0.5240132218549485,0.5777777777777777,0.7831018971249756,0.580110497237569,0.6835893593106033
172,0.5859,0.6970084377397086,0.7784634372107374,0.7089201877934272,0.4368932038834951,0.6446540880503144,0.32934131736526945,0.873758865248227,0.3312769895126465,0.6430271299381247,0.625,0.6308805790108565,0.6731843575418994,0.5180111618467783,0.2677165354330709,0.3818788215675375,0.5133190744701536,0.5488215488215489,0.7922941521611578,0.5524861878453039,0.6766579243162233,0.6970084377397086,0.7784634372107374,0.7089201877934272,0.4368932038834951,0.6446540880503144,0.32934131736526945,0.873758865248227,0.3312769895126465,0.6430271299381247,0.625,0.6308805790108565,0.6731843575418994,0.5180111618467783,0.2677165354330709,0.3818788215675375,0.5133190744701536,0.5488215488215489,0.7922941521611578,0.5524861878453039,0.6766579243162233
173,0.5895,0.6809000255689082,0.7735266892934279,0.7032863849765258,0.40129449838187703,0.6433962264150943,0.34880239520958084,0.8716312056737588,0.3504009870450339,0.6706330318895763,0.6116071428571429,0.6287696019300362,0.6201117318435754,0.4972095383054287,0.25984251968503935,0.36075597554196775,0.5008749756951196,0.6078563411896746,0.8069626442401721,0.5966850828729282,0.6809666541775946,0.6809000255689082,0.7735266892934279,0.7032863849765258,0.40129449838187703,0.6433962264150943,0.34880239520958084,0.8716312056737588,0.3504009870450339,0.6706330318895763,0.6116071428571429,0.6287696019300362,0.6201117318435754,0.4972095383054287,0.25984251968503935,0.36075597554196775,0.5008749756951196,0.6078563411896746,0.8069626442401721,0.5966850828729282,0.6809666541775946
174,0.5893,0.6832012273075939,0.7877198395556927,0.6923943661971831,0.4110032362459547,0.6452830188679245,0.3473053892215569,0.8687943262411347,0.33559531153608885,0.6706330318895763,0.625,0.6299758745476478,0.6396648044692738,0.504312531709792,0.25984251968503935,0.36520289049471927,0.4956251215244021,0.5831649831649832,0.8145902601212596,0.5966850828729282,0.6751592356687898,0.6832012273075939,0.7877198395556927,0.6923943661971831,0.4110032362459547,0.6452830188679245,0.3473053892215569,0.8687943262411347,0.33559531153608885,0.6706330318895763,0.625,0.6299758745476478,0.6396648044692738,0.504312531709792,0.25984251968503935,0.36520289049471927,0.4956251215244021,0.5831649831649832,0.8145902601212596,0.5966850828729282,0.6751592356687898
175,0.5981,0.6821784709792892,0.7682813946312866,0.6820657276995306,0.42394822006472493,0.6597484276729559,0.3413173652694611,0.8645390070921986,0.32264034546576187,0.6449309852451214,0.6160714285714286,0.6447527141133896,0.6508379888268156,0.4926433282597666,0.2755905511811024,0.3852140077821012,0.4944584872642427,0.6080808080808081,0.783884216702523,0.6022099447513812,0.6878980891719745,0.6821784709792892,0.7682813946312866,0.6820657276995306,0.42394822006472493,0.6597484276729559,0.3413173652694611,0.8645390070921986,0.32264034546576187,0.6449309852451214,0.6160714285714286,0.6447527141133896,0.6508379888268156,0.4926433282597666,0.2755905511811024,0.3852140077821012,0.4944584872642427,0.6080808080808081,0.783884216702523,0.6022099447513812,0.6878980891719745
176,0.5881,0.6878036307849655,0.7766121567417463,0.6910798122065728,0.4336569579288026,0.6471698113207547,0.34281437125748504,0.8723404255319149,0.31276989512646514,0.6577820085673489,0.6116071428571429,0.6405307599517491,0.6508379888268156,0.5220700152207002,0.25984251968503935,0.37604224569205114,0.5034026832587983,0.5622895622895623,0.8042245257187561,0.5469613259668509,0.6794679655301611,0.6878036307849655,0.7766121567417463,0.6910798122065728,0.4336569579288026,0.6471698113207547,0.34281437125748504,0.8723404255319149,0.31276989512646514,0.6577820085673489,0.6116071428571429,0.6405307599517491,0.6508379888268156,0.5220700152207002,0.25984251968503935,0.37604224569205114,0.5034026832587983,0.5622895622895623,0.8042245257187561,0.5469613259668509,0.6794679655301611
177,0.5921,0.6696497059575556,0.763653193458809,0.7094835680751174,0.41423948220064727,0.6484276729559748,0.33083832335329344,0.8709219858156029,0.3349784083898828,0.6596858638743456,0.6294642857142857,0.6338962605548853,0.6201117318435754,0.49061390157280566,0.2677165354330709,0.3440800444691495,0.48220882753256855,0.6121212121212121,0.8161548992763544,0.6077348066298343,0.6832146871487449,0.6696497059575556,0.763653193458809,0.7094835680751174,0.41423948220064727,0.6484276729559748,0.33083832335329344,0.8709219858156029,0.3349784083898828,0.6596858638743456,0.6294642857142857,0.6338962605548853,0.6201117318435754,0.49061390157280566,0.2677165354330709,0.3440800444691495,0.48220882753256855,0.6121212121212121,0.8161548992763544,0.6077348066298343,0.6832146871487449
178,0.5822,0.6775760675019177,0.7673557543967912,0.6923943661971831,0.4077669902912621,0.6679245283018868,0.3338323353293413,0.8588652482269503,0.3491671807526218,0.6663493574488338,0.6607142857142857,0.6583232810615199,0.5977653631284916,0.5362760020294267,0.25984251968503935,0.35908838243468594,0.49193077970056387,0.5622895622895623,0.8040289458243692,0.574585635359116,0.6955788684900712,0.6775760675019177,0.7673557543967912,0.6923943661971831,0.4077669902912621,0.6679245283018868,0.3338323353293413,0.8588652482269503,0.3491671807526218,0.6663493574488338,0.6607142857142857,0.6583232810615199,0.5977653631284916,0.5362760020294267,0.25984251968503935,0.35908838243468594,0.49193077970056387,0.5622895622895623,0.8040289458243692,0.574585635359116,0.6955788684900712
179,0.5953,0.7034006647916135,0.7781548904659056,0.7100469483568075,0.4077669902912621,0.6396226415094339,0.3188622754491018,0.8709219858156029,0.32510795805058607,0.6339838172298905,0.625,0.6269601930036188,0.6396648044692738,0.4926433282597666,0.2677165354330709,0.3362979433018344,0.5012638537818394,0.6053872053872054,0.786622335223939,0.5911602209944752,0.6824653428250281,0.7034006647916135,0.7781548904659056,0.7100469483568075,0.4077669902912621,0.6396226415094339,0.3188622754491018,0.8709219858156029,0.32510795805058607,0.6339838172298905,0.625,0.6269601930036188,0.6396648044692738,0.4926433282597666,0.2677165354330709,0.3362979433018344,0.5012638537818394,0.6053872053872054,0.786622335223939,0.5911602209944752,0.6824653428250281
180,0.5831,0.6762976220915367,0.775377969762419,0.7044131455399061,0.43042071197411,0.6515723270440251,0.33532934131736525,0.8659574468085106,0.3133867982726712,0.6677772489290814,0.6116071428571429,0.6420386007237636,0.6256983240223464,0.5240994419076611,0.28346456692913385,0.3738187882156754,0.5172078553373517,0.5582491582491582,0.8075493839233326,0.580110497237569,0.6835893593106033,0.6762976220915367,0.775377969762419,0.7044131455399061,0.43042071197411,0.6515723270440251,0.33532934131736525,0.8659574468085106,0.3133867982726712,0.6677772489290814,0.6116071428571429,0.6420386007237636,0.6256983240223464,0.5240994419076611,0.28346456692913385,0.3738187882156754,0.5172078553373517,0.5582491582491582,0.8075493839233326,0.580110497237569,0.6835893593106033
181,0.5867,0.6878036307849655,0.7688984881209503,0.6935211267605634,0.44660194174757284,0.6515723270440251,0.33532934131736525,0.8787234042553191,0.31523750771128933,0.6458829128986197,0.6205357142857143,0.6513872135102533,0.6368715083798883,0.5545408422120751,0.2755905511811024,0.3818788215675375,0.5137079525568734,0.5268237934904602,0.7887737140621944,0.5469613259668509,0.6916448107905583,0.6878036307849655,0.7688984881209503,0.6935211267605634,0.44660194174757284,0.6515723270440251,0.33532934131736525,0.8787234042553191,0.31523750771128933,0.6458829128986197,0.6205357142857143,0.6513872135102533,0.6368715083798883,0.5545408422120751,0.2755905511811024,0.3818788215675375,0.5137079525568734,0.5268237934904602,0.7887737140621944,0.5469613259668509,0.6916448107905583
182,0.5884,0.6729736640245462,0.7611848195001543,0.7066666666666667,0.4077669902912621,0.6534591194968553,0.3323353293413174,0.8673758865248227,0.3349784083898828,0.6496906235126131,0.6517857142857143,0.6414354644149578,0.6229050279329609,0.5154743784880771,0.2677165354330709,0.37242912729294053,0.49173634065720395,0.582267115600449,0.801681987091727,0.580110497237569,0.6863994005245411,0.6729736640245462,0.7611848195001543,0.7066666666666667,0.4077669902912621,0.6534591194968553,0.3323353293413174,0.8673758865248227,0.3349784083898828,0.6496906235126131,0.6517857142857143,0.6414354644149578,0.6229050279329609,0.5154743784880771,0.2677165354330709,0.37242912729294053,0.49173634065720395,0.582267115600449,0.801681987091727,0.580110497237569,0.6863994005245411
183,0.5861,0.6686269496292508,0.7658130206726319,0.6890140845070423,0.459546925566343,0.6584905660377358,0.33682634730538924,0.8638297872340426,0.31647131400370143,0.6496906235126131,0.6428571428571429,0.6550060313630881,0.6368715083798883,0.5423642820903095,0.2677165354330709,0.4163424124513619,0.4997083414349601,0.5212121212121212,0.8034422061412086,0.5303867403314917,0.6897714499812664,0.6686269496292508,0.7658130206726319,0.6890140845070423,0.459546925566343,0.6584905660377358,0.33682634730538924,0.8638297872340426,0.31647131400370143,0.6496906235126131,0.6428571428571429,0.6550060313630881,0.6368715083798883,0.5423642820903095,0.2677165354330709,0.4163424124513619,0.4997083414349601,0.5212121212121212,0.8034422061412086,0.5303867403314917,0.6897714499812664
184,0.5878,0.6514957811301457,0.7534711508793582,0.7098591549295775,0.4174757281553398,0.6515723270440251,0.3338323353293413,0.8687943262411347,0.3528685996298581,0.6853879105188005,0.6339285714285714,0.626357056694813,0.6089385474860335,0.4931506849315068,0.25984251968503935,0.3932740411339633,0.4831810227493681,0.6184062850729517,0.8296499119890475,0.6022099447513812,0.6871487448482577,0.6514957811301457,0.7534711508793582,0.7098591549295775,0.4174757281553398,0.6515723270440251,0.3338323353293413,0.8687943262411347,0.3528685996298581,0.6853879105188005,0.6339285714285714,0.626357056694813,0.6089385474860335,0.4931506849315068,0.25984251968503935,0.3932740411339633,0.4831810227493681,0.6184062850729517,0.8296499119890475,0.6022099447513812,0.6871487448482577
185,0.589,0.7062132446944516,0.7772292502314101,0.6707981220657278,0.42718446601941745,0.6553459119496855,0.34281437125748504,0.8659574468085106,0.28809376927822333,0.6130414088529271,0.6116071428571429,0.6622436670687576,0.6620111731843575,0.558599695585997,0.25984251968503935,0.3860478043357421,0.5127357573400739,0.47878787878787876,0.7658908664189321,0.49171270718232046,0.6869614087673286,0.7062132446944516,0.7772292502314101,0.6707981220657278,0.42718446601941745,0.6553459119496855,0.34281437125748504,0.8659574468085106,0.28809376927822333,0.6130414088529271,0.6116071428571429,0.6622436670687576,0.6620111731843575,0.558599695585997,0.25984251968503935,0.3860478043357421,0.5127357573400739,0.47878787878787876,0.7658908664189321,0.49171270718232046,0.6869614087673286
186,0.5774,0.6640245461518793,0.7846343721073743,0.6942723004694835,0.4045307443365696,0.6125786163522012,0.33083832335329344,0.8723404255319149,0.3738433066008637,0.6944312232270348,0.5982142857142857,0.5968033775633294,0.61731843575419,0.49974632166412986,0.2440944881889764,0.3460255697609783,0.516818977250632,0.5964085297418631,0.8441228241736749,0.574585635359116,0.6680404645934807,0.6640245461518793,0.7846343721073743,0.6942723004694835,0.4045307443365696,0.6125786163522012,0.33083832335329344,0.8723404255319149,0.3738433066008637,0.6944312232270348,0.5982142857142857,0.5968033775633294,0.61731843575419,0.49974632166412986,0.2440944881889764,0.3460255697609783,0.516818977250632,0.5964085297418631,0.8441228241736749,0.574585635359116,0.6680404645934807
187,0.585,0.6696497059575556,0.7658130206726319,0.6944600938967136,0.4336569579288026,0.6691823899371069,0.3338323353293413,0.8730496453900709,0.3442319555829735,0.6744407425035698,0.6428571428571429,0.6450542822677925,0.6480446927374302,0.5312024353120244,0.25196850393700787,0.3688160088938299,0.5111802449931946,0.5423120089786756,0.8093096029728144,0.5469613259668509,0.6985762457849382,0.6696497059575556,0.7658130206726319,0.6944600938967136,0.4336569579288026,0.6691823899371069,0.3338323353293413,0.8730496453900709,0.3442319555829735,0.6744407425035698,0.6428571428571429,0.6450542822677925,0.6480446927374302,0.5312024353120244,0.25196850393700787,0.3688160088938299,0.5111802449931946,0.5423120089786756,0.8093096029728144,0.5469613259668509,0.6985762457849382
188,0.6,0.714650984402966,0.7821659981487196,0.6882629107981221,0.44983818770226536,0.6522012578616352,0.3323353293413174,0.8531914893617021,0.2782233189389266,0.5911470728224655,0.6116071428571429,0.6519903498190591,0.6675977653631285,0.5322171486555048,0.2755905511811024,0.3832684824902724,0.5098191716896753,0.5521885521885522,0.7520046939174653,0.6022099447513812,0.6745972274260023,0.714650984402966,0.7821659981487196,0.6882629107981221,0.44983818770226536,0.6522012578616352,0.3323353293413174,0.8531914893617021,0.2782233189389266,0.5911470728224655,0.6116071428571429,0.6519903498190591,0.6675977653631285,0.5322171486555048,0.2755905511811024,0.3832684824902724,0.5098191716896753,0.5521885521885522,0.7520046939174653,0.6022099447513812,0.6745972274260023
189,0.5772,0.659677831756584,0.7593335390311632,0.6882629107981221,0.40129449838187703,0.6584905660377358,0.33682634730538924,0.8695035460992908,0.3479333744602097,0.6825321275583056,0.6473214285714286,0.6396260554885405,0.6312849162011173,0.5418569254185692,0.25196850393700787,0.37687604224569204,0.4892086330935252,0.5218855218855218,0.8206532368472521,0.5303867403314917,0.7030723117272387,0.659677831756584,0.7593335390311632,0.6882629107981221,0.40129449838187703,0.6584905660377358,0.33682634730538924,0.8695035460992908,0.3479333744602097,0.6825321275583056,0.6473214285714286,0.6396260554885405,0.6312849162011173,0.5418569254185692,0.25196850393700787,0.37687604224569204,0.4892086330935252,0.5218855218855218,0.8206532368472521,0.5303867403314917,0.7030723117272387
190,0.5984,0.7074916901048325,0.7726010490589325,0.6884507042253522,0.4368932038834951,0.6559748427672956,0.3383233532934132,0.8602836879432624,0.2948797038864898,0.6049500237981913,0.6473214285714286,0.6559107358262968,0.6620111731843575,0.49213597158802636,0.2677165354330709,0.3574207893274041,0.5152634649037526,0.5890011223344557,0.771562683356151,0.5911602209944752,0.6775946047208692,0.7074916901048325,0.7726010490589325,0.6884507042253522,0.4368932038834951,0.6559748427672956,0.3383233532934132,0.8602836879432624,0.2948797038864898,0.6049500237981913,0.6473214285714286,0.6559107358262968,0.6620111731843575,0.49213597158802636,0.2677165354330709,0.3574207893274041,0.5152634649037526,0.5890011223344557,0.771562683356151,0.5911602209944752,0.6775946047208692
191,0.5772,0.6663257478905651,0.7747608762727554,0.6905164319248827,0.41423948220064727,0.650314465408805,0.32934131736526945,0.8702127659574468,0.33867982726711904,0.6844359828653023,0.625,0.6417370325693607,0.6340782122905028,0.5377980720446474,0.28346456692913385,0.37048360200111174,0.504180439432238,0.5371492704826039,0.8202620770584784,0.5193370165745856,0.6931434994379918,0.6663257478905651,0.7747608762727554,0.6905164319248827,0.41423948220064727,0.650314465408805,0.32934131736526945,0.8702127659574468,0.33867982726711904,0.6844359828653023,0.625,0.6417370325693607,0.6340782122905028,0.5377980720446474,0.28346456692913385,0.37048360200111174,0.504180439432238,0.5371492704826039,0.8202620770584784,0.5193370165745856,0.6931434994379918
192,0.6005,0.7077473791869087,0.767664301141623,0.7044131455399061,0.42071197411003236,0.6610062893081761,0.3323353293413174,0.8560283687943262,0.28685996298581123,0.6073298429319371,0.6473214285714286,0.6562123039806996,0.664804469273743,0.5210553018772197,0.2992125984251969,0.36520289049471927,0.5061248298658371,0.5773288439955107,0.7541560727557207,0.569060773480663,0.6860247283626827,0.7077473791869087,0.767664301141623,0.7044131455399061,0.42071197411003236,0.6610062893081761,0.3323353293413174,0.8560283687943262,0.28685996298581123,0.6073298429319371,0.6473214285714286,0.6562123039806996,0.664804469273743,0.5210553018772197,0.2992125984251969,0.36520289049471927,0.5061248298658371,0.5773288439955107,0.7541560727557207,0.569060773480663,0.6860247283626827
193,0.5823,0.6543083610329838,0.7627275532243135,0.6726760563380282,0.42071197411003236,0.6496855345911949,0.3203592814371258,0.8645390070921986,0.3571869216533004,0.6868158019990481,0.625,0.6218335343787696,0.5949720670391061,0.4972095383054287,0.2755905511811024,0.3810450250138966,0.5026249270853588,0.6094276094276094,0.8329747701936241,0.6243093922651933,0.6965155488947171,0.6543083610329838,0.7627275532243135,0.6726760563380282,0.42071197411003236,0.6496855345911949,0.3203592814371258,0.8645390070921986,0.3571869216533004,0.6868158019990481,0.625,0.6218335343787696,0.5949720670391061,0.4972095383054287,0.2755905511811024,0.3810450250138966,0.5026249270853588,0.6094276094276094,0.8329747701936241,0.6243093922651933,0.6965155488947171
194,0.5852,0.6890820761953464,0.7645788336933045,0.7205633802816901,0.4174757281553398,0.6616352201257861,0.3263473053892216,0.8602836879432624,0.2850092535471931,0.638267491670633,0.6428571428571429,0.6571170084439083,0.6424581005586593,0.5971588026382547,0.25984251968503935,0.3941078376876042,0.49718063387128136,0.4792368125701459,0.7746919616663407,0.5027624309392266,0.6888347695766205,0.6890820761953464,0.7645788336933045,0.7205633802816901,0.4174757281553398,0.6616352201257861,0.3263473053892216,0.8602836879432624,0.2850092535471931,0.638267491670633,0.6428571428571429,0.6571170084439083,0.6424581005586593,0.5971588026382547,0.25984251968503935,0.3941078376876042,0.49718063387128136,0.4792368125701459,0.7746919616663407,0.5027624309392266,0.6888347695766205
195,0.5828,0.658399386346203,0.7710583153347732,0.708169014084507,0.37216828478964403,0.6377358490566037,0.3218562874251497,0.8624113475177305,0.364589759407773,0.6906235126130414,0.6205357142857143,0.5998190591073582,0.5782122905027933,0.46930492135971585,0.2755905511811024,0.339633129516398,0.5034026832587983,0.6359147025813693,0.8474476823782515,0.6519337016574586,0.6931434994379918,0.658399386346203,0.7710583153347732,0.708169014084507,0.37216828478964403,0.6377358490566037,0.3218562874251497,0.8624113475177305,0.364589759407773,0.6906235126130414,0.6205357142857143,0.5998190591073582,0.5782122905027933,0.46930492135971585,0.2755905511811024,0.339633129516398,0.5034026832587983,0.6359147025813693,0.8474476823782515,0.6519337016574586,0.6931434994379918
196,0.585,0.7064689337765278,0.7738352360382598,0.7051643192488263,0.42394822006472493,0.6490566037735849,0.32335329341317365,0.8687943262411347,0.28007402837754475,0.618277010947168,0.6026785714285714,0.6622436670687576,0.6703910614525139,0.5814307458143074,0.28346456692913385,0.3913285158421345,0.5131246354267937,0.4781144781144781,0.7680422452571876,0.4972375690607735,0.6856500562008243,0.7064689337765278,0.7738352360382598,0.7051643192488263,0.42394822006472493,0.6490566037735849,0.32335329341317365,0.8687943262411347,0.28007402837754475,0.618277010947168,0.6026785714285714,0.6622436670687576,0.6703910614525139,0.5814307458143074,0.28346456692913385,0.3913285158421345,0.5131246354267937,0.4781144781144781,0.7680422452571876,0.4972375690607735,0.6856500562008243
197,0.5818,0.6944515469189466,0.7867941993211972,0.6946478873239437,0.39805825242718446,0.6427672955974842,0.3218562874251497,0.8716312056737588,0.3269586674892042,0.6496906235126131,0.6071428571428571,0.640832328106152,0.611731843575419,0.5337392186707255,0.28346456692913385,0.3460255697609783,0.5218743923779895,0.5445566778900113,0.7973792294152161,0.5248618784530387,0.6738478831022855,0.6944515469189466,0.7867941993211972,0.6946478873239437,0.39805825242718446,0.6427672955974842,0.3218562874251497,0.8716312056737588,0.3269586674892042,0.6496906235126131,0.6071428571428571,0.640832328106152,0.611731843575419,0.5337392186707255,0.28346456692913385,0.3460255697609783,0.5218743923779895,0.5445566778900113,0.7973792294152161,0.5248618784530387,0.6738478831022855
198,0.5939,0.6839682945538226,0.7688984881209503,0.7134272300469483,0.42071197411003236,0.6666666666666666,0.3383233532934132,0.8716312056737588,0.3041332510795805,0.6287482151356497,0.6116071428571429,0.6537997587454765,0.6424581005586593,0.5063419583967529,0.2677165354330709,0.38660366870483603,0.5072914641259965,0.5872053872053872,0.7877958145902602,0.5911602209944752,0.6616710378418883,0.6839682945538226,0.7688984881209503,0.7134272300469483,0.42071197411003236,0.6666666666666666,0.3383233532934132,0.8716312056737588,0.3041332510795805,0.6287482151356497,0.6116071428571429,0.6537997587454765,0.6424581005586593,0.5063419583967529,0.2677165354330709,0.38660366870483603,0.5072914641259965,0.5872053872053872,0.7877958145902602,0.5911602209944752,0.6616710378418883
199,0.5971,0.6987982613142418,0.7574822585621722,0.7012206572769953,0.43042071197411,0.6735849056603773,0.33532934131736525,0.8624113475177305,0.3028994447871684,0.6101856258924322,0.6428571428571429,0.6761158021712907,0.6843575418994413,0.5494672754946728,0.25984251968503935,0.3991106170094497,0.5049581956056777,0.538047138047138,0.7625660082143556,0.5138121546961326,0.6815286624203821,0.6987982613142418,0.7574822585621722,0.7012206572769953,0.43042071197411,0.6735849056603773,0.33532934131736525,0.8624113475177305,0.3028994447871684,0.6101856258924322,0.6428571428571429,0.6761158021712907,0.6843575418994413,0.5494672754946728,0.25984251968503935,0.3991106170094497,0.5049581956056777,0.538047138047138,0.7625660082143556,0.5138121546961326,0.6815286624203821
