round,global_acc,per_client_gen_acc,agg_norm,first_mom_norm,second_mom_norm,delta_mom_norm,flash_amp_new,B_norm,ratio_norm,scaled_delta_norm,local_c00,local_c01,local_c02,local_c03,local_c04,local_c05,local_c06,local_c07,local_c08,local_c09,local_c10,local_c11,local_c12,local_c13,local_c14,local_c15,local_c16,local_c17,local_c18,local_c19
0,0.1581,0.1581,1.1287387609481812,0.11287388205528259,1.1287387609481812,0.0,0.0,1.1287387609481812,0.0,0.0,0.19457939145998465,0.002468373958654736,0.0020657276995305163,0.025889967637540454,0.005031446540880503,0.017964071856287425,0.6624113475177305,0.22208513263417642,0.4869109947643979,0.05357142857142857,0.08262967430639324,0.7011173184357542,0.3769660071029934,0.05511811023622047,0.0264035575319622,0.29010305269298076,0.008754208754208754,0.3450029336984158,0.049723756906077346,0.02716373173473211
1,0.1566,0.1566,1.1866275072097778,0.21505597233772278,1.129332423210144,0.008914630860090256,0.00788673374048026,1.1287981271743774,3703.14453125,0.018305350095033646,0.17744822296087956,0.0021598272138228943,0.0022535211267605635,0.025889967637540454,0.0037735849056603774,0.019461077844311378,0.6843971631205674,0.20851326341764342,0.47739171822941456,0.049107142857142856,0.07478890229191798,0.7039106145251397,0.3982749873160832,0.06299212598425197,0.02501389660922735,0.30138051720785536,0.019304152637485972,0.3221200860551535,0.049723756906077346,0.024166354439865118
2,0.1676,0.1676,1.194236159324646,0.30581533908843994,1.1299999952316284,0.012074635364115238,0.010676070216642537,1.1288655996322632,4117.68408203125,0.017920494079589844,0.20736384556379442,0.030854674483184203,0.002629107981220657,0.03559870550161812,0.013207547169811321,0.023952095808383235,0.6801418439716312,0.20974706971005552,0.4883388862446454,0.049107142857142856,0.08835946924004826,0.6983240223463687,0.3911719939117199,0.06299212598425197,0.02529182879377432,0.29379739451681897,0.023793490460157128,0.37160179933502835,0.06077348066298342,0.03147246159610341
3,0.1906,0.1906,1.2137222290039062,0.38599011301994324,1.1308679580688477,0.016644306480884552,0.014705166236247619,1.1289536952972412,4452.73681640625,0.025859182700514793,0.2717974942469957,0.09194692995988893,0.009765258215962441,0.03559870550161812,0.013836477987421384,0.0374251497005988,0.6680851063829787,0.23442319555829735,0.49452641599238456,0.05357142857142857,0.09800965018094089,0.664804469273743,0.37493658041603245,0.07086614173228346,0.028071150639244025,0.28426988139218357,0.03164983164983165,0.474672403676902,0.06629834254143646,0.05133008617459723
4,0.218,0.218,1.2075450420379639,0.45283031463623047,1.1316604614257812,0.02194603718817234,0.01937565398949911,1.1290349960327148,4345.63134765625,0.029379641637206078,0.34415750447455895,0.1511879049676026,0.07474178403755868,0.038834951456310676,0.015723270440251572,0.04341317365269461,0.6716312056737589,0.25046267735965455,0.49928605425987627,0.05803571428571429,0.10253317249698432,0.6452513966480447,0.3759512937595129,0.07086614173228346,0.03168426903835464,0.2702702702702703,0.05387205387205387,0.5820457656952865,0.08839779005524862,0.07418508804795804
5,0.262,0.262,1.131844162940979,0.5010323524475098,1.131662368774414,0.02579749934375286,0.02277598343067298,1.1290377378463745,3899.018798828125,0.031295280903577805,0.39324980823318845,0.201172477630361,0.1844131455399061,0.045307443365695796,0.03333333333333333,0.08083832335329341,0.6609929078014184,0.2652683528685996,0.5121370775821038,0.08035714285714286,0.1272617611580217,0.6340782122905028,0.3759512937595129,0.07874015748031496,0.033629794330183434,0.2710480264437099,0.10953984287317621,0.6708390377469197,0.13812154696132597,0.12083177219932559
6,0.3264,0.3264,1.1048296689987183,0.5381632447242737,1.1313971281051636,0.030127448961138725,0.02660502063578251,1.1290138959884644,3607.912109375,0.03403547406196594,0.42086422909741755,0.23233569885837704,0.30816901408450703,0.05825242718446602,0.15283018867924528,0.12724550898203593,0.6531914893617021,0.27267119062307216,0.5597334602570204,0.16517857142857142,0.23612786489746682,0.6229050279329609,0.4408929477422628,0.13385826771653545,0.045858810450250136,0.2856309546957029,0.22312008978675646,0.703109720320751,0.23756906077348067,0.23754215061820907
7,0.4013,0.4013,1.0351028442382812,0.5608652234077454,1.1304746866226196,0.03255762532353401,0.028774506145353075,1.1289238929748535,3238.7333984375,0.035420890897512436,0.4461774482229609,0.2989817957420549,0.4356807511737089,0.13268608414239483,0.25534591194968553,0.22305389221556887,0.6326241134751773,0.2924120913016656,0.5997144217039505,0.26339285714285715,0.33715319662243665,0.6256983240223464,0.5007610350076104,0.2047244094488189,0.09838799332962757,0.3099358351156912,0.3696969696969697,0.6765108546841385,0.39226519337016574,0.37411015361558636
8,0.4441,0.4441,0.8897977471351624,0.5645145773887634,1.1283223628997803,0.0321158692240715,0.028438176980403577,1.128710150718689,2706.757568359375,0.035831715911626816,0.45870621324469446,0.34557235421166305,0.5400938967136151,0.2815533980582524,0.33081761006289306,0.29790419161676646,0.5780141843971631,0.3479333744602097,0.5559257496430271,0.35714285714285715,0.3941495778045838,0.6061452513966481,0.5377980720446474,0.2992125984251969,0.20038910505836577,0.320824421543846,0.46038159371492704,0.6317230588695482,0.48066298342541436,0.4067066316972649
9,0.4662,0.4662,0.9204549193382263,0.5649116039276123,1.1264334917068481,0.03435865789651871,0.030475108420366624,1.1285209655761719,2909.561767578125,0.03859778866171837,0.4558936333418563,0.3582227707497686,0.5834741784037558,0.3365695792880259,0.3867924528301887,0.30538922155688625,0.5468085106382978,0.41147439851943246,0.5202284626368396,0.4375,0.44209891435464416,0.5558659217877095,0.5535261288685946,0.30708661417322836,0.3026681489716509,0.34357378961695506,0.5427609427609428,0.6145120281635048,0.5469613259668509,0.3683027351067816
10,0.4766,0.4766,0.888215184211731,0.5616741180419922,1.1243010759353638,0.03530384972691536,0.0313728036717377,1.1283063888549805,2737.3935546875,0.03848462179303169,0.4760930708258757,0.35668003702560935,0.5770892018779342,0.3656957928802589,0.44654088050314467,0.3263473053892216,0.5482269503546099,0.44540407156076495,0.5111851499286054,0.42410714285714285,0.4945717732207479,0.5810055865921788,0.5641806189751395,0.33858267716535434,0.3443579766536965,0.36360101108302545,0.5766554433221099,0.6338744377078036,0.574585635359116,0.3497564630947921
11,0.4846,0.4846,0.8509131073951721,0.5540874600410461,1.1218969821929932,0.036125194281339645,0.03217142342905574,1.1280629634857178,2633.87890625,0.03834844380617142,0.5031961135259524,0.3705646405430423,0.5472300469483569,0.34951456310679613,0.4647798742138365,0.33083832335329344,0.5390070921985816,0.46206045650832817,0.5306996668253213,0.46875,0.5271411338962606,0.5921787709497207,0.5733130390664637,0.30708661417322836,0.3371317398554753,0.3935446237604511,0.5941638608305275,0.6739683160571094,0.6077348066298343,0.35706257025103033
12,0.4909,0.4909,0.8188552856445312,0.5446458458900452,1.1192728281021118,0.037139229476451874,0.03315195061846726,1.1277962923049927,2549.891357421875,0.03878016769886017,0.5182817693684479,0.3825979635914841,0.5273239436619719,0.32362459546925565,0.4880503144654088,0.33682634730538924,0.5631205673758866,0.4521900061690315,0.5483103284150405,0.48660714285714285,0.5452352231604343,0.6061452513966481,0.5606291222729579,0.2992125984251969,0.30044469149527514,0.43379350573595177,0.6022446689113355,0.6986113827498533,0.5911602209944752,0.38235294117647056
13,0.5007,0.5007,0.7635211944580078,0.5313860177993774,1.1162766218185425,0.036938052624464035,0.03306079434862029,1.1274908781051636,2413.545166015625,0.03761766850948334,0.5085655842495526,0.3795124961431657,0.5293896713615024,0.31715210355987056,0.5088050314465409,0.35179640718562877,0.5858156028368794,0.42628007402837753,0.5497382198952879,0.5089285714285714,0.5651387213510254,0.6005586592178771,0.5712836123795028,0.30708661417322836,0.26848249027237353,0.47773672953529067,0.6024691358024692,0.7068257383141013,0.6243093922651933,0.3883476957662046
14,0.5072,0.5072,0.7595299482345581,0.5185031890869141,1.1132752895355225,0.037247344851493835,0.03342741708561098,1.1271827220916748,2428.74951171875,0.03774573281407356,0.5001278445410381,0.37025609379821045,0.5564319248826292,0.31715210355987056,0.5345911949685535,0.3727544910179641,0.6212765957446809,0.42381246144355333,0.5692527367920038,0.5,0.5841375150784077,0.6312849162011173,0.5859969558599696,0.30708661417322836,0.273207337409672,0.508458098386156,0.5952861952861953,0.7121063954625465,0.585635359116022,0.4037092544023979
15,0.5205,0.5205,0.7402466535568237,0.5053620338439941,1.1101657152175903,0.03679635375738144,0.03311509098368457,1.1268622875213623,2341.53466796875,0.036528438329696655,0.49399130657120943,0.3687133600740512,0.5947417840375587,0.36245954692556637,0.5566037735849056,0.38023952095808383,0.6553191489361702,0.446020974706971,0.5759162303664922,0.5,0.5980096501809409,0.6536312849162011,0.5849822425164891,0.2992125984251969,0.30739299610894943,0.5413182967139801,0.571043771043771,0.7070213182084881,0.580110497237569,0.4179467965530161
16,0.5334,0.5334,0.696782648563385,0.48900145292282104,1.106796383857727,0.03630424290895462,0.032771584596197,1.1265140771865845,2273.59033203125,0.03602847829461098,0.5042188698542572,0.3751928417155199,0.6133333333333333,0.3818770226537217,0.5685534591194968,0.39520958083832336,0.6943262411347517,0.48180135718692163,0.5963826749167064,0.5267857142857143,0.5943908323281062,0.6787709497206704,0.5839675291730086,0.3228346456692913,0.3568649249583102,0.5356795644565429,0.5445566778900113,0.7136710346176413,0.574585635359116,0.43424503559385536
17,0.5488,0.5488,0.7074599266052246,0.4739045798778534,1.1035186052322388,0.035930171608924866,0.03253016421698945,1.1261731386184692,2256.796630859375,0.03551962599158287,0.5221171055995909,0.40512187596420857,0.6259154929577465,0.40129449838187703,0.5679245283018868,0.4101796407185629,0.7198581560283688,0.5064774830351635,0.6206568300809139,0.5669642857142857,0.5916767189384801,0.6983240223463687,0.5941146626078133,0.36220472440944884,0.3877153974430239,0.5255687342018277,0.5212121212121212,0.7297085859573635,0.5580110497237569,0.4511052828774822
18,0.5612,0.5612,0.7007296681404114,0.4595393240451813,1.100220799446106,0.03546896204352379,0.032208765091763646,1.1258279085159302,2296.66357421875,0.035003114491701126,0.5622602914855536,0.4498611539648257,0.6169014084507042,0.42394822006472493,0.5773584905660377,0.44610778443113774,0.7319148936170212,0.5305367057371992,0.6363636363636364,0.5982142857142857,0.6010253317249699,0.7206703910614525,0.60882800608828,0.3858267716535433,0.4018899388549194,0.508458098386156,0.5335578002244669,0.7465284568746333,0.56353591160221,0.46796553016110903
19,0.5721,0.5721,0.6921981573104858,0.4461342990398407,1.0968921184539795,0.034827202558517456,0.03172188047725503,1.1254777908325195,2211.63623046875,0.03426280990242958,0.5962669394016875,0.48596112311015116,0.6009389671361502,0.4336569579288026,0.5786163522012578,0.4745508982035928,0.7191489361702128,0.5311536088834053,0.6420752022846263,0.6160714285714286,0.6197225572979493,0.6983240223463687,0.6210045662100456,0.41732283464566927,0.40161200667037245,0.4785144857087303,0.5600448933782267,0.7580676706434578,0.574585635359116,0.4820157362307981
20,0.5735,0.5735,0.6622251272201538,0.43153661489486694,1.0934011936187744,0.03429985046386719,0.031341203448847166,1.1251097917556763,2164.635009765625,0.033927906304597855,0.6213244694451547,0.5165072508485036,0.5938028169014085,0.4368932038834951,0.590566037735849,0.5029940119760479,0.6886524822695036,0.541024059222702,0.6392194193241314,0.6383928571428571,0.6348009650180941,0.6871508379888268,0.6428209030948757,0.4409448818897638,0.40411339633129517,0.4555706785922613,0.5975308641975309,0.7721494230393116,0.5966850828729282,0.48295241663544397
21,0.5745,0.5745,0.6536417007446289,0.41659244894981384,1.089882254600525,0.0338272750377655,0.031009098273537202,1.124737024307251,2085.99169921875,0.03338228538632393,0.6223472257734595,0.5192841715519901,0.6067605633802817,0.44336569579288027,0.60062893081761,0.5,0.6588652482269504,0.5471930906847625,0.6396953831508805,0.625,0.6531966224366706,0.6787709497206704,0.6555048198883815,0.4251968503937008,0.4002223457476376,0.433404627649232,0.632996632996633,0.7758654410326619,0.6077348066298343,0.4874484825777445
22,0.5765,0.5765,0.6695736646652222,0.4032212495803833,1.0864843130111694,0.03328424319624901,0.030606642135450418,1.1243737936019897,2160.3271484375,0.03277691826224327,0.5995908974686781,0.48626966985498304,0.6291079812206573,0.44660194174757284,0.6062893081761006,0.46706586826347307,0.6574468085106383,0.5478099938309685,0.6492146596858639,0.625,0.6685765983112183,0.6815642458100558,0.6641298833079655,0.4094488188976378,0.4010561423012785,0.43301574956251215,0.6435465768799102,0.7782123997653041,0.6298342541436464,0.4968152866242038
23,0.5815,0.5815,0.6643320322036743,0.39078447222709656,1.0830775499343872,0.0327545627951622,0.030214224800748472,1.1240079402923584,2062.470703125,0.032220032066106796,0.5768345691638967,0.46282011724776306,0.6493896713615024,0.41423948220064727,0.6050314465408805,0.44610778443113774,0.6773049645390071,0.540407156076496,0.6568300809138505,0.6428571428571429,0.6661640530759951,0.7094972067039106,0.6732623033992897,0.41732283464566927,0.3952195664257921,0.4528485319852226,0.644668911335578,0.7809505182867201,0.6243093922651933,0.5136755339078306
24,0.5823,0.5823,0.6824134588241577,0.3806746006011963,1.0798070430755615,0.03210942819714546,0.029708751809920088,1.1236531734466553,2090.207763671875,0.03142238408327103,0.5691638967016108,0.45850046282011725,0.6591549295774648,0.42071197411003236,0.6075471698113207,0.4416167664670659,0.6886524822695036,0.5286859962985812,0.666825321275583,0.6517857142857143,0.6670687575392038,0.7039106145251397,0.6763064434297311,0.4015748031496063,0.3841022790439133,0.4759867781450515,0.6482603815937149,0.7766477606102092,0.6187845303867403,0.5309104533533159
25,0.5888,0.5888,0.657347559928894,0.3700457513332367,1.0764036178588867,0.03155986964702606,0.029292522434391555,1.1232833862304688,1911.119384765625,0.031010061502456665,0.571976476604449,0.46220302375809935,0.6638497652582159,0.4174757281553398,0.6050314465408805,0.4535928143712575,0.7092198581560284,0.5163479333744602,0.6849119466920514,0.6428571428571429,0.658021712907117,0.723463687150838,0.6823947234906139,0.4015748031496063,0.3707615341856587,0.5018471709119191,0.6448933782267116,0.7793858791316253,0.6298342541436464,0.5543274634694643
26,0.5996,0.5996,0.6655924320220947,0.3607932925224304,1.073074221611023,0.031056996434926987,0.02891513063998878,1.122918963432312,1973.14501953125,0.030491216108202934,0.5985681411403733,0.497994446158593,0.6548356807511737,0.42718446601941745,0.5987421383647799,0.47754491017964074,0.7297872340425532,0.5249845774213449,0.6906235126130414,0.625,0.6562123039806996,0.7122905027932961,0.6884830035514967,0.41732283464566927,0.377153974430239,0.5201244409877503,0.6493827160493827,0.7881869743790338,0.6408839779005525,0.5672536530535781
27,0.6059,0.6059,0.6605185270309448,0.3522987961769104,1.0697364807128906,0.03050132468342781,0.02848630380382687,1.122551679611206,1905.5694580078125,0.02988448552787304,0.6249041165942214,0.5310089478556002,0.6390610328638497,0.45307443365695793,0.5974842767295597,0.5014970059880239,0.7446808510638298,0.5391733497840839,0.6958591147072822,0.6294642857142857,0.652291917973462,0.7094972067039106,0.6889903602232369,0.44881889763779526,0.3993885491939967,0.512541318296714,0.642648709315376,0.7928808918443184,0.6629834254143646,0.5773698014237543
28,0.6085,0.6085,0.6345729231834412,0.34242382645606995,1.0662643909454346,0.03011472523212433,0.02821674318717525,1.1221697330474854,1752.1126708984375,0.02971847727894783,0.6578880081820506,0.5677260104905894,0.6253521126760564,0.47249190938511326,0.5968553459119497,0.5329341317365269,0.7425531914893617,0.5397902529302899,0.7001427891480247,0.6294642857142857,0.643546441495778,0.7150837988826816,0.6905124302384577,0.4881889763779528,0.4130072262367982,0.5026249270853588,0.6363636363636364,0.7969880696264424,0.6574585635359116,0.5887973023604346
29,0.6125,0.6125,0.6253280639648438,0.33178406953811646,1.0627610683441162,0.02961428090929985,0.027839222350370812,1.1217827796936035,1679.638916015625,0.029073331505060196,0.6745077985170034,0.5850046282011725,0.6142723004694836,0.47249190938511326,0.6075471698113207,0.5404191616766467,0.7382978723404255,0.5471930906847625,0.6972870061875297,0.6294642857142857,0.6568154402895054,0.7178770949720671,0.6996448503297819,0.4881889763779528,0.4291272929405225,0.49426404822088277,0.6417508417508417,0.8024643066692744,0.6464088397790055,0.5816785312851255
30,0.6131,0.6131,0.6659932136535645,0.32434090971946716,1.0595290660858154,0.02908763661980629,0.027427477048943598,1.1214195489883423,1840.477294921875,0.028480753302574158,0.6755305548453081,0.5788336933045356,0.6135211267605634,0.5080906148867314,0.6257861635220126,0.5538922155688623,0.7368794326241135,0.5582973473164713,0.6915754402665397,0.6294642857142857,0.6746079613992763,0.7178770949720671,0.710806697108067,0.4881889763779528,0.4455252918287938,0.4913474625704842,0.6655443322109988,0.8059847447682378,0.6408839779005525,0.5665043087298614
31,0.6147,0.6147,0.6575286388397217,0.31769081950187683,1.0562666654586792,0.028574271127581596,0.02702655069067659,1.121051549911499,1768.634521484375,0.028010502457618713,0.658399386346203,0.5560012341869793,0.6247887323943662,0.5048543689320388,0.6339622641509434,0.5299401197604791,0.7475177304964539,0.5749537322640346,0.6834840552118039,0.625,0.6887816646562123,0.7374301675977654,0.7219685438863521,0.4645669291338583,0.46914952751528627,0.512541318296714,0.6875420875420876,0.8095051828672013,0.6519337016574586,0.5438366429374297
32,0.6179,0.6179,0.6717373728752136,0.31237030029296875,1.0531165599822998,0.028104789555072784,0.026661937229735495,1.120692253112793,1785.7935791015625,0.027582954615354538,0.6338532344668882,0.5248380129589633,0.6396244131455399,0.5210355987055016,0.6176100628930817,0.5029940119760479,0.7453900709219858,0.5909932140653917,0.680628272251309,0.6294642857142857,0.6827503015681544,0.7402234636871509,0.7290715372907154,0.4409448818897638,0.48971650917176207,0.5247909780283881,0.7063973063973064,0.8073538040289459,0.6629834254143646,0.5309104533533159
33,0.6168,0.6168,0.6416002511978149,0.3053346872329712,1.049800157546997,0.027618281543254852,0.02628309611955842,1.1203155517578125,1598.93310546875,0.02709820866584778,0.6205574021989261,0.5047824745448936,0.6553990610328638,0.5275080906148867,0.6050314465408805,0.49251497005988026,0.750354609929078,0.5940777297964219,0.675392670157068,0.6205357142857143,0.6839565741857659,0.7430167597765364,0.732623033992897,0.4330708661417323,0.49583101723179546,0.5409294186272604,0.7200897867564534,0.8085272833952669,0.6850828729281768,0.5327838141626077
34,0.6209,0.6209,0.652635395526886,0.29893437027931213,1.0465748310089111,0.027142051607370377,0.02590941554144641,1.1199454069137573,1585.0264892578125,0.026619477197527885,0.6238813602659167,0.5069423017587165,0.6584037558685446,0.5048543689320388,0.6050314465408805,0.5074850299401198,0.7588652482269503,0.6002467612584824,0.6782484531175631,0.6160714285714286,0.6857659831121834,0.7402234636871509,0.7366818873668188,0.4251968503937008,0.4983324068927182,0.5518180050554151,0.7212121212121212,0.8087228632896538,0.6961325966850829,0.5451479955039341
35,0.6242,0.6242,0.606763482093811,0.29015451669692993,1.0430951118469238,0.026624267920851707,0.025499849217525242,1.1195496320724487,1372.263916015625,0.02610894665122032,0.64919457939146,0.5353286022832459,0.656150234741784,0.49514563106796117,0.6075471698113207,0.5209580838323353,0.7695035460992907,0.5928439235040098,0.6777724892908139,0.6205357142857143,0.6836550060313631,0.7374301675977654,0.7346524606798579,0.48031496062992124,0.4947192884936076,0.5543457126190939,0.7113355780022447,0.8128300410717778,0.7071823204419889,0.5588235294117647
36,0.627,0.627,0.6136569380760193,0.28122711181640625,1.0396790504455566,0.02620161883533001,0.025177425090004497,1.1191579103469849,1329.0909423828125,0.025773396715521812,0.6681155714650985,0.5637149028077754,0.6505164319248826,0.47572815533980584,0.6163522012578616,0.5434131736526946,0.7780141843971631,0.5829734731647132,0.6768205616373155,0.625,0.6890832328106152,0.7402234636871509,0.7321156773211568,0.5275590551181102,0.481378543635353,0.5578456153995722,0.6989898989898989,0.8147858400156464,0.7071823204419889,0.5700636942675159
37,0.6299,0.6299,0.6632857918739319,0.27696919441223145,1.03659188747406,0.025666572153568268,0.0247366738921327,1.1187949180603027,1561.3372802734375,0.02505381591618061,0.6826898491434416,0.5880900956494909,0.6461971830985915,0.4854368932038835,0.6251572327044025,0.5703592814371258,0.776595744680851,0.5860579888957433,0.6887196573060448,0.6205357142857143,0.6966224366706876,0.7513966480446927,0.7255200405885337,0.5433070866141733,0.4663702056698166,0.5444293214077387,0.6902356902356902,0.8206532368472521,0.7071823204419889,0.5859872611464968
38,0.6303,0.6303,0.6417931914329529,0.2718247175216675,1.0333908796310425,0.025189990177750587,0.02435248673763986,1.1184195280075073,1443.819091796875,0.024677980691194534,0.6918946560981846,0.5982721382289417,0.6405633802816901,0.48220064724919093,0.6339622641509434,0.5733532934131736,0.7652482269503547,0.580505860579889,0.6977629700142789,0.6160714285714286,0.7056694813027744,0.7430167597765364,0.7234906139015728,0.5590551181102362,0.4705391884380211,0.5286797588955863,0.6859708193041526,0.8308233913553686,0.6961325966850829,0.6007868115399025
39,0.6312,0.6312,0.6709824800491333,0.268339067697525,1.030397891998291,0.024801943451166153,0.02404692082811359,1.1180615425109863,1500.6734619140625,0.02435930259525776,0.6987982613142418,0.6038259796359149,0.6428169014084507,0.49838187702265374,0.6364779874213836,0.5823353293413174,0.7652482269503547,0.5761875385564467,0.695383150880533,0.6160714285714286,0.7047647768395657,0.7430167597765364,0.7265347539320142,0.5433070866141733,0.46470261256253476,0.5292630760256659,0.6884399551066218,0.8366907881869744,0.6906077348066298,0.6035968527538403
40,0.6309,0.6309,0.6427587866783142,0.2633604407310486,1.0272458791732788,0.024343540892004967,0.02367482465534163,1.1176872253417969,1356.22802734375,0.02389833703637123,0.6939401687547941,0.5988892317186054,0.6565258215962442,0.5016181229773463,0.6484276729559748,0.5778443113772455,0.7645390070921986,0.580505860579889,0.6944312232270348,0.6339285714285714,0.7150180940892642,0.7458100558659218,0.7311009639776763,0.5354330708661418,0.4633129516397999,0.5409294186272604,0.6978675645342312,0.8404068061803247,0.6850828729281768,0.5947920569501686
41,0.6314,0.6314,0.6840643882751465,0.26084625720977783,1.0243834257125854,0.023938341066241264,0.02334574605553569,1.117337703704834,1432.0926513671875,0.023456430062651634,0.6816670928151368,0.5840789879666769,0.6747417840375587,0.5080906148867314,0.6465408805031446,0.5688622754491018,0.7787234042553192,0.5731030228254164,0.6944312232270348,0.6383928571428571,0.7138118214716526,0.7653631284916201,0.7361745306950787,0.5275590551181102,0.4563646470261256,0.5564845420960529,0.7068462401795735,0.8374731077645218,0.7016574585635359,0.5863619333083552
42,0.6361,0.6361,0.6700082421302795,0.25796180963516235,1.0214483737945557,0.023426590487360954,0.022912247784618364,1.1169798374176025,1392.7374267578125,0.02287982776761055,0.6783431347481462,0.5754396791113854,0.6764319248826292,0.5016181229773463,0.6396226415094339,0.5568862275449101,0.7936170212765957,0.5774213448488588,0.7010947168015231,0.6473214285714286,0.7071773220747889,0.776536312849162,0.7417554540842212,0.49606299212598426,0.4555308504724847,0.5683453237410072,0.7129068462401795,0.8407979659690984,0.7016574585635359,0.5805545147995504
43,0.6349,0.6349,0.677800178527832,0.25539931654930115,1.0185859203338623,0.023047756403684616,0.02260501635422511,1.1166269779205322,1374.388671875,0.02263483963906765,0.6757862439273843,0.5714285714285714,0.6726760563380282,0.5145631067961165,0.6327044025157232,0.5479041916167665,0.7971631205673759,0.5842072794571253,0.7077582103760114,0.6428571428571429,0.7008443908323281,0.7821229050279329,0.7498731608320649,0.49606299212598426,0.45803224013340743,0.5745673731285242,0.7180695847362514,0.846665362800704,0.7016574585635359,0.5790558261521169
44,0.6351,0.6351,0.6802011132240295,0.2537100613117218,1.0157601833343506,0.022659573704004288,0.022286055330859603,1.116275668144226,1357.84375,0.022216225042939186,0.6739964203528509,0.5766738660907127,0.6741784037558686,0.5242718446601942,0.6251572327044025,0.5449101796407185,0.8,0.5885256014805675,0.709662065683008,0.6473214285714286,0.7008443908323281,0.776536312849162,0.7579908675799086,0.4881889763779528,0.4660922734852696,0.5780672759090025,0.7209876543209877,0.8460786231175436,0.7071823204419889,0.577182465342825
45,0.6383,0.6383,0.6708630323410034,0.2504301965236664,1.0128928422927856,0.022337697446346283,0.022031615684190563,1.1159192323684692,1280.416259765625,0.02199835702776909,0.685758118128356,0.5887071891391545,0.6687323943661971,0.5242718446601942,0.6251572327044025,0.5568862275449101,0.8035460992907801,0.5928439235040098,0.7101380295097572,0.6607142857142857,0.6978287092882992,0.7793296089385475,0.7696600710299341,0.5039370078740157,0.46942745969983324,0.5784561539957224,0.7268237934904601,0.8462742030119303,0.712707182320442,0.5857999250655677
46,0.6414,0.6414,0.6776904463768005,0.2480594664812088,1.0100916624069214,0.021921759471297264,0.021681278054565434,1.1155669689178467,1264.6815185546875,0.021438438445329666,0.7026335975453848,0.6041345263807467,0.6589671361502347,0.5242718446601942,0.6289308176100629,0.5733532934131736,0.8092198581560284,0.5903763109191857,0.7134697762970015,0.6517857142857143,0.7002412545235223,0.776536312849162,0.7737189244038559,0.5039370078740157,0.4763757643135075,0.5716507874781256,0.7250280583613917,0.8472521024838646,0.7071823204419889,0.5974147620831772
47,0.6442,0.6442,0.6648664474487305,0.24486668407917023,1.0072251558303833,0.02152516506612301,0.021349561595093006,1.115207314491272,1219.3934326171875,0.021094923838973045,0.7123497826642803,0.6066029003394015,0.6552112676056338,0.5339805825242718,0.6327044025157232,0.5808383233532934,0.8063829787234043,0.5977791486736582,0.7158495954307472,0.6383928571428571,0.706875753920386,0.776536312849162,0.7737189244038559,0.5118110236220472,0.48082267926625905,0.5607622010499709,0.7277216610549944,0.8472521024838646,0.7237569060773481,0.6032221805919821
48,0.6441,0.6441,0.6475544571876526,0.2408359795808792,1.0042662620544434,0.021143078804016113,0.02103231711050007,1.1148377656936646,1099.90380859375,0.02072746865451336,0.7021222193812324,0.6032088861462511,0.6533333333333333,0.5533980582524272,0.6396226415094339,0.5733532934131736,0.8,0.6045650832819247,0.7120418848167539,0.6383928571428571,0.7174306393244874,0.7681564245810056,0.771689497716895,0.4881889763779528,0.49388549193996667,0.5595955667898114,0.7295173961840629,0.845491883434383,0.7237569060773481,0.6168977144998127
49,0.6462,0.6462,0.6930274367332458,0.23947052657604218,1.0016326904296875,0.020597243681550026,0.020543159901082908,1.1144955158233643,1253.12841796875,0.0199581291526556,0.6895934543594988,0.5902499228633138,0.6574647887323943,0.5436893203883495,0.6490566037735849,0.5718562874251497,0.7978723404255319,0.6014805675508945,0.7144217039504998,0.6607142857142857,0.721351025331725,0.776536312849162,0.7727042110603755,0.48031496062992124,0.5008337965536409,0.5588178106163718,0.731986531986532,0.8439272442792881,0.712707182320442,0.6242038216560509
50,0.6477,0.6477,0.6648578643798828,0.23645104467868805,0.9988272190093994,0.020338525995612144,0.02034204071355747,1.1141364574432373,1148.6541748046875,0.02005176432430744,0.6834569163896702,0.585930268435668,0.664037558685446,0.5469255663430421,0.6490566037735849,0.5823353293413174,0.7914893617021277,0.6008636644046884,0.714897667777249,0.65625,0.7234620024125452,0.7793296089385475,0.7640791476407914,0.4566929133858268,0.48916064480266813,0.5654287380906086,0.7362514029180696,0.8451007236456093,0.7071823204419889,0.6322592731360059
51,0.6492,0.6492,0.680446982383728,0.23458676040172577,0.9961472153663635,0.019972974434494972,0.020030116041748827,1.113787293434143,1172.729248046875,0.019549116492271423,0.6860138072104321,0.5856217216908362,0.6738028169014084,0.5080906148867314,0.6433962264150943,0.5808383233532934,0.7879432624113475,0.5879086983343615,0.7191813422179915,0.65625,0.7195416164053076,0.776536312849162,0.7595129375951294,0.4409448818897638,0.471650917176209,0.5730118607816449,0.7367003367003367,0.8476432622726384,0.7016574585635359,0.6376920194829524
52,0.6494,0.6494,0.6423713564872742,0.2312072068452835,0.9932334423065186,0.0195514764636755,0.01966487510047751,1.1134155988693237,1038.2611083984375,0.019120370969176292,0.6913832779340322,0.5908670163529774,0.6818779342723005,0.5016181229773463,0.6452830188679245,0.5748502994011976,0.7879432624113475,0.5829734731647132,0.7206092336982389,0.6339285714285714,0.7195416164053076,0.7877094972067039,0.7569761542364282,0.44881889763779526,0.4563646470261256,0.5809838615594012,0.741638608305275,0.8513592802659886,0.7016574585635359,0.6390033720494567
53,0.6502,0.6502,0.5784731507301331,0.22342650592327118,0.9899464845657349,0.019333615899086,0.019510252269130984,1.113008975982666,825.1129760742188,0.019158704206347466,0.7016108412170801,0.6050601666152422,0.6852582159624413,0.4854368932038835,0.6509433962264151,0.5868263473053892,0.7879432624113475,0.5700185070943862,0.7182294145644931,0.6473214285714286,0.7234620024125452,0.7932960893854749,0.763064434297311,0.4566929133858268,0.43718732629238466,0.5945945945945946,0.7490460157126824,0.8505769606884412,0.712707182320442,0.6309479205695017
54,0.6523,0.6523,0.6459845304489136,0.22032365202903748,0.9871003031730652,0.01895040087401867,0.01917862064525601,1.1126399040222168,1019.200927734375,0.018494347110390663,0.7161851188954231,0.622955877815489,0.6863849765258216,0.47249190938511326,0.6647798742138364,0.5988023952095808,0.7914893617021277,0.5663170882171499,0.7144217039504998,0.6517857142857143,0.7300965018094089,0.7905027932960894,0.7711821410451547,0.5039370078740157,0.41662034463590886,0.6025665953723508,0.7562289562289563,0.8488167416389595,0.7016574585635359,0.6180217309853878
55,0.6527,0.6527,0.6725659370422363,0.2181730568408966,0.9844524264335632,0.018661295995116234,0.018936780198160415,1.1122868061065674,1128.66796875,0.018315207213163376,0.7328049092303759,0.6328293736501079,0.6830046948356807,0.47249190938511326,0.670440251572327,0.6137724550898204,0.800709219858156,0.5619987661937076,0.7168015230842456,0.6607142857142857,0.7337153196622437,0.7877094972067039,0.778285134449518,0.5275590551181102,0.4180100055586437,0.6045109858059499,0.757351290684624,0.849599061216507,0.7182320441988951,0.6090295991007868
56,0.6504,0.6504,0.7036253809928894,0.2181488424539566,0.9820418357849121,0.01841210573911667,0.018729727534347995,1.1119532585144043,1193.04931640625,0.018098587170243263,0.7363845563794426,0.6368404813329219,0.6741784037558686,0.4886731391585761,0.670440251572327,0.6212574850299402,0.8078014184397163,0.5681677976557681,0.7201332698714897,0.6651785714285714,0.7388419782870929,0.7905027932960894,0.7757483510908169,0.5433070866141733,0.434130072262368,0.6058720591094692,0.7593714927048261,0.8505769606884412,0.7292817679558011,0.6028475084301237
57,0.6511,0.6511,0.6931630969047546,0.2184811681509018,0.9795747995376587,0.017994634807109833,0.018351108773746082,1.1116132736206055,1139.812744140625,0.0175166055560112,0.7399642035285093,0.6430114162295588,0.6696713615023474,0.517799352750809,0.6672955974842767,0.6182634730538922,0.8184397163120567,0.5879086983343615,0.7215611613517373,0.6651785714285714,0.73854041013269,0.7988826815642458,0.7777777777777778,0.5511811023622047,0.45803224013340743,0.6010110830254715,0.7488215488215488,0.8572266770975944,0.7182320441988951,0.5992881228924691
58,0.653,0.653,0.6997551918029785,0.21785838901996613,0.9771733283996582,0.017663197591900826,0.018057328981560684,1.1112775802612305,1146.33203125,0.01727265864610672,0.7379186908718998,0.6411601357605677,0.6623474178403755,0.540453074433657,0.6622641509433962,0.6167664670658682,0.826950354609929,0.6070326958667489,0.7287006187529748,0.6696428571428571,0.7331121833534379,0.7932960893854749,0.7813292744799594,0.5669291338582677,0.471372984991662,0.5982889364184328,0.7429854096520763,0.8648542929786818,0.6850828729281768,0.5991007868115399
59,0.654,0.654,0.6761726140975952,0.21609464287757874,0.9746236801147461,0.017384329810738564,0.017818683745656868,1.1109275817871094,1044.810302734375,0.01705762930214405,0.7338276655586806,0.6380746683122493,0.6679812206572769,0.5436893203883495,0.6584905660377358,0.6167664670658682,0.8340425531914893,0.6064157927205429,0.7358400761542123,0.6607142857142857,0.7255729794933655,0.7877094972067039,0.778285134449518,0.5748031496062992,0.4741523068371317,0.6008166439821117,0.7373737373737373,0.8685703109720321,0.6795580110497238,0.6071562382914949
60,0.6563,0.6563,0.7059099078178406,0.2169216424226761,0.9723041653633118,0.017042960971593857,0.017510416145431904,1.1105962991714478,1138.033935546875,0.016618771478533745,0.7322935310662235,0.6331379203949399,0.6807511737089202,0.5436893203883495,0.6415094339622641,0.6017964071856288,0.8411347517730496,0.5965453423812461,0.737743931461209,0.6473214285714286,0.7117008443908324,0.7849162011173184,0.7742262810755961,0.5669291338582677,0.4652584769316287,0.612482986583706,0.7304152637485971,0.8713084294934481,0.6961325966850829,0.6097789434245036
61,0.6564,0.6564,0.6810797452926636,0.2154223769903183,0.9698249101638794,0.016774771735072136,0.017278884749918996,1.1102498769760132,1030.5108642578125,0.01644294708967209,0.7256456149322424,0.6266584387534712,0.6899530516431925,0.540453074433657,0.6377358490566037,0.5913173652694611,0.8489361702127659,0.5940777297964219,0.7425035697287006,0.6473214285714286,0.7092882991556092,0.8016759776536313,0.7787924911212583,0.5511811023622047,0.453029460811562,0.6173439626677036,0.7313131313131314,0.8746332876980246,0.7071823204419889,0.6120269763956538
62,0.6562,0.6562,0.7108813524246216,0.21620000898838043,0.9675785899162292,0.01647792011499405,0.01701247610317217,1.1099222898483276,1117.8782958984375,0.016105948016047478,0.7177192533878803,0.6140080222153657,0.6937089201877934,0.5307443365695793,0.6371069182389937,0.5763473053892215,0.849645390070922,0.5909932140653917,0.7420276059019515,0.6428571428571429,0.7059710494571774,0.8100558659217877,0.7874175545408422,0.5748031496062992,0.4449694274596998,0.6185105969278631,0.7353535353535353,0.8758067670643458,0.7182320441988951,0.6159610340951668
63,0.656,0.656,0.7207654714584351,0.2164035588502884,0.9654228091239929,0.016196712851524353,0.016759448037247535,1.109601378440857,1126.5469970703125,0.015832306817173958,0.7110713372538993,0.6069114470842333,0.692018779342723,0.5339805825242718,0.6459119496855346,0.5778443113772455,0.8439716312056738,0.5903763109191857,0.7458353165159448,0.6383928571428571,0.7201447527141134,0.7988826815642458,0.791476407914764,0.5590551181102362,0.4463590883824347,0.6136496208438654,0.743658810325477,0.8750244474867983,0.7348066298342542,0.6268265267890596
64,0.6567,0.6567,0.699847400188446,0.2149825096130371,0.9631295800209045,0.01586836390197277,0.016458746034561773,1.109267234802246,1045.48046875,0.015516341663897038,0.7100485809255945,0.6069114470842333,0.6916431924882629,0.5372168284789643,0.6610062893081761,0.5958083832335329,0.8347517730496454,0.5842072794571253,0.7391718229414564,0.6339285714285714,0.7331121833534379,0.7988826815642458,0.7985794013191273,0.5196850393700787,0.4480266814897165,0.612677425627066,0.7551066217732885,0.8713084294934481,0.7292817679558011,0.6330086174597227
65,0.6575,0.6575,0.6781901717185974,0.21203796565532684,0.9606986045837402,0.015578830614686012,0.016199285868184372,1.1089198589324951,970.4837646484375,0.015270953997969627,0.7110713372538993,0.6143165689601975,0.688075117370892,0.5275080906148867,0.670440251572327,0.6062874251497006,0.8212765957446808,0.581122763726095,0.7391718229414564,0.6473214285714286,0.7424607961399277,0.7960893854748603,0.7985794013191273,0.5196850393700787,0.44608115619788774,0.6070386933696286,0.7636363636363637,0.8685703109720321,0.7348066298342542,0.6431247658298989
66,0.6598,0.6598,0.6827139258384705,0.20947572588920593,0.9583179950714111,0.015340506099164486,0.01599105424684809,1.108575463294983,942.0802001953125,0.01508099865168333,0.7174635643058042,0.6251157050293119,0.6779342723004694,0.540453074433657,0.6773584905660377,0.6167664670658682,0.8163120567375887,0.5842072794571253,0.7415516420752023,0.65625,0.7466827503015682,0.7960893854748603,0.7924911212582445,0.5275590551181102,0.45136186770428016,0.5963445459848338,0.7645342312008979,0.8630940739292001,0.7071823204419889,0.6498688647433496
67,0.6594,0.6594,0.6844623684883118,0.20778213441371918,0.955967903137207,0.015053868293762207,0.01573079749530934,1.1082323789596558,950.7525024414062,0.014722609892487526,0.726412682178471,0.6393088552915767,0.6683568075117371,0.5339805825242718,0.6742138364779874,0.6212574850299402,0.8099290780141843,0.5885256014805675,0.7467872441694431,0.65625,0.7445717732207479,0.7905027932960894,0.7889396245560629,0.5590551181102362,0.45969983324068925,0.5839004472097997,0.7618406285072952,0.8638763935067475,0.7016574585635359,0.6579243162233046
68,0.6596,0.6596,0.6809965372085571,0.20441333949565887,0.9536107778549194,0.014807634055614471,0.015511697960176306,1.107887625694275,900.8189086914062,0.014527720399200916,0.7363845563794426,0.6497994446158593,0.6580281690140845,0.5436893203883495,0.6685534591194968,0.6332335329341318,0.8134751773049645,0.594694632942628,0.746311280342694,0.6339285714285714,0.7424607961399277,0.7905027932960894,0.7879249112125825,0.5984251968503937,0.47387437465258475,0.5903169356406767,0.7578002244668911,0.8650498728730687,0.712707182320442,0.656238291494942
69,0.6602,0.6602,0.7082523107528687,0.2043626308441162,0.9514704346656799,0.014598644338548183,0.015327136472926169,1.1075599193572998,988.6416015625,0.014311867766082287,0.736895934543595,0.6538105522986732,0.6580281690140845,0.5566343042071198,0.670440251572327,0.6287425149700598,0.8198581560283688,0.5983960518198643,0.7458353165159448,0.6294642857142857,0.7367310012062727,0.7932960893854749,0.786910197869102,0.6141732283464567,0.4866592551417454,0.6017888391989111,0.75331088664422,0.8664189321337766,0.7237569060773481,0.6470588235294118
70,0.6604,0.6604,0.7296204566955566,0.2051873654127121,0.9495084881782532,0.014391225762665272,0.015140554704827024,1.1072465181350708,1023.164306640625,0.01411376241594553,0.7363845563794426,0.6538105522986732,0.6649765258215963,0.5631067961165048,0.6647798742138364,0.6197604790419161,0.826950354609929,0.6020974706971005,0.7415516420752023,0.6473214285714286,0.7361278648974668,0.7960893854748603,0.7843734145104008,0.5826771653543307,0.4874930516953863,0.6150106941473847,0.7548821548821549,0.8691570506551927,0.7292817679558011,0.6390033720494567
71,0.6629,0.6629,0.7130527496337891,0.20494535565376282,0.9474362134933472,0.01411813497543335,0.014885697925253655,1.1069223880767822,968.1200561523438,0.01377582922577858,0.7259013040143186,0.6457883369330454,0.6771830985915493,0.5533980582524272,0.6716981132075471,0.6077844311377245,0.8347517730496454,0.6002467612584824,0.7353641123274631,0.6294642857142857,0.7334137515078407,0.8100558659217877,0.786910197869102,0.5748031496062992,0.4858254585881045,0.6325102080497764,0.7595959595959596,0.8716995892822218,0.7237569060773481,0.6243911577369802
72,0.6636,0.6636,0.6061007976531982,0.19810757040977478,0.9446335434913635,0.013789662159979343,0.014582458770515562,1.1065348386764526,678.9518432617188,0.01352731604129076,0.7215545896190233,0.6402344955260721,0.6916431924882629,0.5048543689320388,0.6628930817610063,0.5973053892215568,0.8390070921985816,0.5903763109191857,0.732032365540219,0.6116071428571429,0.7313027744270205,0.8044692737430168,0.7904616945712836,0.5590551181102362,0.4594219010561423,0.6482597705619288,0.7692480359147026,0.8742421279092509,0.7292817679558011,0.6187710753091046
73,0.6642,0.6642,0.7366042733192444,0.19825246930122375,0.9427804946899414,0.01368588674813509,0.014501133288022964,1.1062266826629639,1018.6490478515625,0.013442379422485828,0.7212989005369471,0.6390003085467448,0.6965258215962441,0.47572815533980584,0.6654088050314465,0.592814371257485,0.8446808510638298,0.5737199259716225,0.737743931461209,0.6160714285714286,0.7288902291917974,0.7960893854748603,0.7919837645865043,0.5590551181102362,0.4321845469705392,0.6548706980361657,0.7741863075196409,0.8748288675924115,0.7237569060773481,0.6217684526039715
74,0.663,0.663,0.7067325711250305,0.19722600281238556,0.9407133460044861,0.013441065326333046,0.014272990165596544,1.1058992147445679,909.6590576171875,0.01313268393278122,0.7289695729992329,0.6488738043813638,0.6965258215962441,0.4627831715210356,0.6672955974842767,0.6137724550898204,0.8432624113475178,0.5681677976557681,0.7358400761542123,0.6294642857142857,0.7313027744270205,0.7960893854748603,0.7955352612886859,0.5748031496062992,0.4168982768204558,0.6564262103830449,0.7741863075196409,0.8738509681204772,0.7071823204419889,0.6283252154364931
75,0.6647,0.6647,0.6498528122901917,0.19441397488117218,0.9382510781288147,0.01314606238156557,0.013996323973090653,1.1055371761322021,757.4314575195312,0.012871330603957176,0.739452825364357,0.6593643937056464,0.6923943661971831,0.44983818770226536,0.6698113207547169,0.6317365269461078,0.8375886524822695,0.5607649599012955,0.7391718229414564,0.6294642857142857,0.744270205066345,0.7877094972067039,0.7940131912734653,0.5748031496062992,0.39994441356309063,0.64573206299825,0.7768799102132435,0.8742421279092509,0.6961325966850829,0.635256650430873
76,0.6655,0.6655,0.7390221357345581,0.19560711085796356,0.9364686608314514,0.012944569811224937,0.013808002712052533,1.1052312850952148,982.8801879882812,0.012625106610357761,0.7512145231398619,0.6726319037334156,0.691830985915493,0.45307443365695793,0.6767295597484276,0.6377245508982036,0.8262411347517731,0.5619987661937076,0.7363160399809614,0.6383928571428571,0.7506031363088058,0.7877094972067039,0.8001014713343481,0.5984251968503937,0.4013340744858255,0.6356212327435349,0.775084175084175,0.8744377078036378,0.6961325966850829,0.6395653802922443
77,0.6662,0.6662,0.7401056289672852,0.19781294465065002,0.9347091913223267,0.012704484164714813,0.013577385241627342,1.104926586151123,961.3991088867188,0.01236883457750082,0.7504474558936334,0.6735575439679111,0.6899530516431925,0.46601941747572817,0.6861635220125786,0.6392215568862275,0.8297872340425532,0.5743368291178285,0.7386958591147073,0.6383928571428571,0.752714113389626,0.7793296089385475,0.802130898021309,0.5905511811023622,0.42106725958866037,0.6255104024888197,0.7721661054994389,0.8726774887541561,0.6961325966850829,0.6448107905582615
78,0.6679,0.6679,0.7477012872695923,0.19979697465896606,0.9330247640609741,0.012502514757215977,0.013385635197569343,1.104627013206482,992.4475708007812,0.012191705405712128,0.7445666070058808,0.6713977167540882,0.6884507042253522,0.49514563106796117,0.6710691823899371,0.6347305389221557,0.8368794326241135,0.5903763109191857,0.7420276059019515,0.6383928571428571,0.7451749095295537,0.7905027932960894,0.8077118214104515,0.5669291338582677,0.44080044469149526,0.6257048415321796,0.7717171717171717,0.8730686485429298,0.7016574585635359,0.6408767328587486
79,0.6677,0.6677,0.7348634004592896,0.2010103017091751,0.9312518239021301,0.012189608067274094,0.013075445662580742,1.1043192148208618,950.6990356445312,0.011787169612944126,0.738174379953976,0.6655353286022833,0.6948356807511737,0.5145631067961165,0.6654088050314465,0.6302395209580839,0.8347517730496454,0.5990129549660703,0.7429795335554498,0.625,0.7403498190591074,0.7960893854748603,0.8082191780821918,0.5354330708661418,0.4571984435797665,0.6247326463153802,0.7717171717171717,0.8744377078036378,0.7071823204419889,0.6361933308355189
80,0.6647,0.6647,0.7426531910896301,0.20127210021018982,0.929555356502533,0.01199900358915329,0.01289445437641799,1.1040167808532715,945.643798828125,0.011709803715348244,0.730248018409614,0.6476396174020365,0.6987793427230047,0.5210355987055016,0.6534591194968553,0.6122754491017964,0.8382978723404255,0.6070326958667489,0.7467872441694431,0.6205357142857143,0.7352231604342582,0.7793296089385475,0.8107559614408929,0.5354330708661418,0.4669260700389105,0.6264825977056193,0.7710437710437711,0.8767846665362801,0.6906077348066298,0.6360059947545897
81,0.6667,0.6667,0.6885712146759033,0.19899463653564453,0.9274555444717407,0.011789110489189625,0.012697549774337579,1.1036792993545532,799.6342163085938,0.011612634174525738,0.7212989005369471,0.6303609996914532,0.7066666666666667,0.5372168284789643,0.6465408805031446,0.6062874251497006,0.8375886524822695,0.6101172115977791,0.7444074250356972,0.6160714285714286,0.726779252110977,0.7905027932960894,0.8127853881278538,0.5196850393700787,0.47915508615897723,0.627065914835699,0.7721661054994389,0.876980246430667,0.7016574585635359,0.6455601348819783
82,0.667,0.667,0.7367220520973206,0.19916751980781555,0.9257426857948303,0.011641592718660831,0.0125618393294103,1.1033732891082764,905.1936645507812,0.011396445333957672,0.7223216568652518,0.6260413452638075,0.7136150234741784,0.5372168284789643,0.6484276729559748,0.6002994011976048,0.8361702127659575,0.6002467612584824,0.7382198952879581,0.6205357142857143,0.7303980699638118,0.7877094972067039,0.808726534753932,0.5275590551181102,0.4724847137298499,0.6266770367489792,0.7717171717171717,0.8765890866418932,0.6961325966850829,0.6464968152866242
83,0.6667,0.6667,0.7141587734222412,0.198001891374588,0.9238666892051697,0.011461932212114334,0.01239306415280749,1.1030527353286743,851.0606079101562,0.011219510808587074,0.731782152902071,0.6334464671397717,0.7147417840375587,0.5210355987055016,0.6654088050314465,0.6047904191616766,0.8382978723404255,0.6002467612584824,0.7396477867682056,0.6205357142857143,0.7430639324487334,0.7793296089385475,0.8097412480974124,0.5433070866141733,0.4633129516397999,0.6212327435349018,0.7694725028058361,0.8761979268531195,0.7016574585635359,0.6470588235294118
84,0.6683,0.6683,0.70848548412323,0.19626949727535248,0.9219619631767273,0.011321036145091057,0.012265983428098566,1.1027287244796753,822.6329956054688,0.011156543157994747,0.7399642035285093,0.6420857759950632,0.71981220657277,0.49514563106796117,0.6767295597484276,0.6062874251497006,0.8312056737588652,0.5891425046267736,0.7372679676344598,0.6205357142857143,0.753015681544029,0.776536312849162,0.802130898021309,0.5511811023622047,0.4466370205669817,0.6214271825782617,0.7701459034792368,0.8761979268531195,0.712707182320442,0.6539902585237917
85,0.6688,0.6688,0.7440721988677979,0.1962037831544876,0.9203532934188843,0.011168030090630054,0.012121333011345322,1.1024283170700073,918.7996215820312,0.01091877743601799,0.747379186908719,0.6544276457883369,0.72,0.4886731391585761,0.6874213836477987,0.624251497005988,0.8226950354609929,0.5860579888957433,0.7277486910994765,0.6339285714285714,0.761761158021713,0.7877094972067039,0.8011161846778285,0.5511811023622047,0.433852140077821,0.6220104997083414,0.7719416386083052,0.8756111871699589,0.712707182320442,0.6579243162233046
86,0.6721,0.6721,0.6932216286659241,0.19300006330013275,0.9183600544929504,0.010942816734313965,0.011902645411703466,1.1020950078964233,775.2725219726562,0.010699700564146042,0.7542827921247762,0.6643011416229558,0.7136150234741784,0.48220064724919093,0.6981132075471698,0.6287425149700598,0.8191489361702128,0.579888957433683,0.7315564017134698,0.65625,0.7680940892641737,0.8072625698324022,0.806697108066971,0.5590551181102362,0.42773763201778764,0.6222049387517014,0.7703703703703704,0.8806962644240172,0.7182320441988951,0.6586736605470214
87,0.6718,0.6718,0.7166906595230103,0.19244520366191864,0.9165632724761963,0.010721581988036633,0.01168484213530329,1.1017770767211914,836.7593383789062,0.010432781651616096,0.7629762209153669,0.6732489972230793,0.7098591549295775,0.4919093851132686,0.7056603773584905,0.6332335329341318,0.8191489361702128,0.5792720542874769,0.7325083293669681,0.65625,0.7741254523522316,0.8016759776536313,0.808726534753932,0.5826771653543307,0.43635352973874375,0.618899475014583,0.7607182940516274,0.8840211226285938,0.7016574585635359,0.6588609966279505
88,0.6696,0.6696,0.7482650876045227,0.19294439256191254,0.9150333404541016,0.010554044507443905,0.0115214632932596,1.10148024559021,888.4776000976562,0.010260991752147675,0.7632319099974431,0.6772601049058933,0.7036619718309859,0.511326860841424,0.7037735849056603,0.6302395209580839,0.8319148936170213,0.5940777297964219,0.7344121846739647,0.6651785714285714,0.7747285886610374,0.8044692737430168,0.8112633181126332,0.5905511811023622,0.45525291828793774,0.6185105969278631,0.7600448933782267,0.8840211226285938,0.6906077348066298,0.6547396028475084
89,0.6701,0.6701,0.6998641490936279,0.19022531807422638,0.9131326079368591,0.010367155075073242,0.011340975023822059,1.101151704788208,760.11962890625,0.010169458575546741,0.7568396829455383,0.6744831842024067,0.692206572769953,0.5372168284789643,0.6918238993710691,0.6362275449101796,0.8347517730496454,0.608266502159161,0.7348881485007139,0.6607142857142857,0.7686972255729795,0.8128491620111732,0.8188736681887366,0.5826771653543307,0.4752640355753196,0.6181217188411433,0.762962962962963,0.8844122824173675,0.6795580110497238,0.6427500936680405
90,0.6695,0.6695,0.731835126876831,0.19037683308124542,0.9114983081817627,0.010205049067735672,0.01118363615168797,1.1008442640304565,826.6439208984375,0.009969770908355713,0.747379186908719,0.663992594878124,0.687699530516432,0.5339805825242718,0.6867924528301886,0.6332335329341318,0.8475177304964538,0.6236890808143122,0.732032365540219,0.6428571428571429,0.7623642943305187,0.8212290502793296,0.8224251648909183,0.6062992125984252,0.48999444135630904,0.6258992805755396,0.7681257014590348,0.8828476432622726,0.6795580110497238,0.6369426751592356
91,0.6689,0.6689,0.7499815821647644,0.19149821996688843,0.9100249409675598,0.010054778307676315,0.011036776113942144,1.100549340248108,878.0859375,0.009819683618843555,0.7348504218869855,0.6497994446158593,0.6884507042253522,0.5436893203883495,0.6773584905660377,0.6152694610778443,0.849645390070922,0.6329426280074029,0.7344121846739647,0.6428571428571429,0.752714113389626,0.8212290502793296,0.8209030948756976,0.5748031496062992,0.5,0.6360101108302547,0.773063973063973,0.8785448855857618,0.6850828729281768,0.637317347321094
92,0.6697,0.6697,0.7245174646377563,0.19090870022773743,0.9083573818206787,0.009827867150306702,0.010807485975018691,1.100237488746643,806.8112182617188,0.009570051915943623,0.7266683712605472,0.6393088552915767,0.683943661971831,0.5372168284789643,0.670440251572327,0.6062874251497006,0.8489361702127659,0.6286243059839605,0.7405997144217039,0.6339285714285714,0.7515078407720145,0.8100558659217877,0.8234398782343988,0.5511811023622047,0.4974986103390773,0.6428154773478515,0.778675645342312,0.8795227850576961,0.6961325966850829,0.6425627575871112
93,0.6715,0.6715,0.7526298761367798,0.19143837690353394,0.906932532787323,0.009758027270436287,0.010747524643135614,1.0999447107315063,832.3413696289062,0.009553872980177402,0.7202761442086423,0.6380746683122493,0.6892018779342723,0.5339805825242718,0.6679245283018868,0.6047904191616766,0.8439716312056738,0.6255397902529303,0.7415516420752023,0.625,0.753015681544029,0.8072625698324022,0.8280060882800608,0.5511811023622047,0.4886047804335742,0.6451487458681703,0.7874298540965208,0.8808918443184041,0.6961325966850829,0.6553016110902959
94,0.6692,0.6692,0.7030189037322998,0.18942256271839142,0.905120849609375,0.009522704407572746,0.010509309449923754,1.0996195077896118,748.6270751953125,0.009268335998058319,0.7274354385067757,0.642394322739895,0.6989671361502348,0.5372168284789643,0.6735849056603773,0.6137724550898204,0.8390070921985816,0.6088834053053671,0.7505949547834364,0.625,0.7518094089264173,0.7932960893854749,0.8244545915778793,0.5354330708661418,0.4669260700389105,0.650009721952168,0.793939393939394,0.8799139448464698,0.7016574585635359,0.6704758336455602
95,0.6689,0.6689,0.6999823451042175,0.1872524917125702,0.9033000469207764,0.009303940460085869,0.010288554658121084,1.099292278289795,754.1635131835938,0.009080286137759686,0.731782152902071,0.6433199629743906,0.7115492957746479,0.517799352750809,0.6823899371069182,0.6152694610778443,0.8340425531914893,0.5977791486736582,0.7524988100904332,0.6473214285714286,0.755729794933655,0.7877094972067039,0.8224251648909183,0.5433070866141733,0.45163979988882713,0.6484542096052888,0.796408529741863,0.8797183649520829,0.6850828729281768,0.6809666541775946
96,0.6691,0.6691,0.757641077041626,0.18909305334091187,0.9019600749015808,0.009255393408238888,0.010250058297702353,1.099003791809082,852.2684326171875,0.009023969061672688,0.7432881615954998,0.6559703795124961,0.7138028169014085,0.5080906148867314,0.6861635220125786,0.6272455089820359,0.8297872340425532,0.5879086983343615,0.752022846263684,0.6428571428571429,0.7566344993968637,0.7960893854748603,0.8163368848300355,0.5590551181102362,0.434130072262368,0.639510013610733,0.7961840628507295,0.8785448855857618,0.7016574585635359,0.6826526789059573
97,0.6703,0.6703,0.745784342288971,0.18899542093276978,0.9005321860313416,0.009183656424283981,0.010186720525987647,1.0987071990966797,816.5630493164062,0.009054829366505146,0.752492968550243,0.6658438753471151,0.7203755868544601,0.5080906148867314,0.6830188679245283,0.6392215568862275,0.826950354609929,0.5835903763109191,0.7491670633031889,0.6383928571428571,0.7638721351025332,0.7905027932960894,0.8061897513952309,0.5905511811023622,0.43468593663146193,0.6340657203966557,0.7916947250280584,0.882260903579112,0.6906077348066298,0.6807793180966654
98,0.6701,0.6701,0.6952150464057922,0.18731006979942322,0.8987113237380981,0.008917649276554585,0.009911678380909733,1.0983778238296509,728.9180908203125,0.00869645457714796,0.759140884684224,0.6744831842024067,0.7143661971830986,0.5145631067961165,0.6874213836477987,0.6452095808383234,0.8319148936170213,0.5928439235040098,0.7510709186101856,0.6517857142857143,0.7602533172496985,0.7877094972067039,0.7985794013191273,0.6141732283464567,0.44191217342968314,0.6299825004860976,0.7831649831649832,0.8865636612556229,0.6850828729281768,0.6747845635069314
99,0.6695,0.6695,0.7178637385368347,0.18669912219047546,0.8970833420753479,0.008837302215397358,0.009840180528207504,1.0980632305145264,751.2598266601562,0.008705592714250088,0.7632319099974431,0.6769515581610615,0.7064788732394366,0.5339805825242718,0.6855345911949685,0.6422155688622755,0.8326241134751773,0.6002467612584824,0.7444074250356972,0.6428571428571429,0.7560313630880579,0.8044692737430168,0.7950279046169457,0.6377952755905512,0.4574763757643135,0.6245382072720203,0.775084175084175,0.8885194601994915,0.6685082872928176,0.6674784563506931
100,0.6648,0.5531900000000001,1.1713941097259521,0.20814688503742218,0.9002403616905212,0.02804659493267536,0.03111999431546358,1.0981389284133911,1745.28076171875,0.02821733057498932,0.7629762209153669,0.6846652267818575,0.6976525821596244,0.5436893203883495,0.6371069182389937,0.33532934131736525,0.8191489361702128,0.11536088834053054,0.4088529271775345,0.5669642857142857,0.6525934861278649,0.7793296089385475,0.3952308472856418,0.25984251968503935,0.49082823790994995,0.35135135135135137,0.7021324354657688,0.5871308429493448,0.6243093922651933,0.6294492319220681
101,0.6506,0.54557,1.0358730554580688,0.23913177847862244,0.9016976356506348,0.0220537967979908,0.024430989876355606,1.0980784893035889,1244.5833740234375,0.02166658453643322,0.7522372794681668,0.689601974699167,0.684319248826291,0.5889967637540453,0.6377358490566037,0.32335329341317365,0.8226950354609929,0.11782850092535473,0.4293193717277487,0.5803571428571429,0.6525934861278649,0.770949720670391,0.4048706240487062,0.25196850393700787,0.5319622012229016,0.368656426210383,0.6157126823793491,0.5988656366125562,0.580110497237569,0.6228924690895467
102,0.6162,0.52843,0.9158841967582703,0.26054421067237854,0.9018406271934509,0.016963552683591843,0.018789088763455787,1.0979112386703491,962.8507690429688,0.01637849025428295,0.7113270263359754,0.6846652267818575,0.6593427230046949,0.6181229773462783,0.630817610062893,0.312874251497006,0.8354609929078014,0.15114127082048118,0.49214659685863876,0.59375,0.6308805790108565,0.7318435754189944,0.41603247082699135,0.2283464566929134,0.5425236242356865,0.3960723313241299,0.5232323232323233,0.6458048112654019,0.5580110497237569,0.6157736980142375
103,0.5635,0.5098,0.8088154196739197,0.2664012312889099,0.9009579420089722,0.01206975057721138,0.013381722156942121,1.0976603031158447,826.3665771484375,0.011213739402592182,0.6246484275121452,0.6803455723542117,0.6398122065727699,0.5728155339805825,0.6264150943396226,0.3068862275449102,0.8453900709219858,0.2282541640962369,0.5959067110899572,0.5848214285714286,0.5980096501809409,0.6424581005586593,0.4353120243531202,0.2204724409448819,0.5169538632573653,0.42387711452459653,0.448709315375982,0.7486798357128888,0.49171270718232046,0.6176470588235294
104,0.5268,0.49887999999999993,0.8469244241714478,0.2679979205131531,0.9004335999488831,0.010607912205159664,0.011767824280968892,1.097438097000122,877.5421752929688,0.010101957246661186,0.5691638967016108,0.6747917309472385,0.6388732394366197,0.5145631067961165,0.6144654088050314,0.2994011976047904,0.8524822695035461,0.28932757557063543,0.6963350785340314,0.5669642857142857,0.5654402895054282,0.5754189944134078,0.4794520547945205,0.2204724409448819,0.4635908838243469,0.45848726424265995,0.4022446689113356,0.8286720125171132,0.4696132596685083,0.6219557886849008
105,0.5139,0.49839,0.8434869647026062,0.26520392298698425,0.8998820185661316,0.010003743693232536,0.011104388240709664,1.097213625907898,894.8787841796875,0.009590446949005127,0.5435949884939913,0.6732489972230793,0.6446948356807511,0.44336569579288027,0.6176100628930817,0.2994011976047904,0.8531914893617021,0.3325107958050586,0.7277486910994765,0.5714285714285714,0.5636308805790109,0.5558659217877095,0.5164890918315576,0.2204724409448819,0.3968871595330739,0.48065331518568927,0.39326599326599326,0.8607471151965578,0.4585635359116022,0.6236418134132634
106,0.5121,0.5028699999999999,0.7736144661903381,0.2608708143234253,0.8987070918083191,0.009175386279821396,0.010198192682220398,1.096937656402588,758.2697143554688,0.008716201409697533,0.5425722321656865,0.6788028386300524,0.6538967136150234,0.35275080906148865,0.6169811320754717,0.2964071856287425,0.8602836879432624,0.3892658852560148,0.7382198952879581,0.5848214285714286,0.5678528347406514,0.5418994413407822,0.5372907153729072,0.23622047244094488,0.301556420233463,0.49640287769784175,0.4204264870931538,0.8722863289653824,0.49171270718232046,0.623267141251405
107,0.5134,0.5089,0.7426623106002808,0.2546277642250061,0.8972809910774231,0.00912586972117424,0.010159259532174246,1.0966405868530273,708.5027465820312,0.008839228190481663,0.5530554845308105,0.6880592409750077,0.6689201877934272,0.28802588996763756,0.630188679245283,0.30389221556886226,0.8609929078014185,0.4435533621221468,0.7310804378867206,0.6071428571428571,0.5732810615199035,0.5446927374301676,0.5362760020294267,0.2204724409448819,0.2148415786548082,0.5024304880419989,0.4729517396184063,0.8703305300215138,0.5138121546961326,0.623267141251405
108,0.5216,0.51726,0.7804630398750305,0.25037682056427,0.8961881995201111,0.008808430284261703,0.009817817810101789,1.096369981765747,770.1992797851562,0.00859619677066803,0.5650728713883917,0.6966985498302993,0.6869483568075118,0.22006472491909385,0.6446540880503144,0.3068862275449102,0.8574468085106383,0.4873534855027761,0.7196573060447407,0.6383928571428571,0.5787092882991556,0.5614525139664804,0.4987316083206494,0.2440944881889764,0.15425236242356866,0.4868753645732063,0.5519640852974186,0.8597692157246235,0.580110497237569,0.6185837392281753
109,0.5303,0.52297,0.7317139506340027,0.24044367671012878,0.8946931958198547,0.00857242476195097,0.009570715510576557,1.096065878868103,658.0110473632812,0.008323169313371181,0.5701866530299157,0.6948472693613083,0.6955868544600939,0.18770226537216828,0.6584905660377358,0.30538922155688625,0.8453900709219858,0.5151141270820481,0.7020466444550214,0.6294642857142857,0.5787092882991556,0.5726256983240223,0.4622019279553526,0.25984251968503935,0.11311839911061701,0.4639315574567373,0.6237934904601571,0.8529239194210835,0.6132596685082873,0.6198950917946796
110,0.5381,0.5268200000000001,0.7959920167922974,0.23485440015792847,0.8937602043151855,0.008612045086920261,0.009624975546952921,1.0958069562911987,778.8550415039062,0.008485849015414715,0.5804142163129634,0.6942301758716446,0.6980281690140845,0.1779935275080906,0.670440251572327,0.3083832335329341,0.8368794326241135,0.5342381246144355,0.6920514040932889,0.65625,0.5922798552472859,0.5754189944134078,0.4368340943683409,0.25196850393700787,0.09394107837687604,0.4392377989500292,0.677665544332211,0.8406023860747115,0.6408839779005525,0.6228924690895467
111,0.5435,0.52866,0.7893251180648804,0.22994862496852875,0.8927762508392334,0.008384807966649532,0.009381327775017973,1.0955432653427124,752.7130737304688,0.008172883652150631,0.5883405778573255,0.7007096575131132,0.6969014084507043,0.1650485436893204,0.6817610062893081,0.312874251497006,0.8304964539007093,0.5367057371992597,0.6801523084245598,0.6696428571428571,0.6019300361881785,0.5754189944134078,0.4180618975139523,0.25984251968503935,0.09088382434685936,0.41532179661676066,0.7007856341189674,0.8323880305104635,0.6519337016574586,0.629261895841139
112,0.5499,0.5318799999999999,0.7820227742195129,0.22585561871528625,0.8917368650436401,0.008374016731977463,0.009380162352282955,1.095274567604065,719.6021728515625,0.008129410445690155,0.5924316031705447,0.6929959888923172,0.6970892018779342,0.1779935275080906,0.6823899371069182,0.3143712574850299,0.8283687943262411,0.5305367057371992,0.6772965254640647,0.6696428571428571,0.603437876960193,0.5837988826815642,0.42364282090309485,0.25984251968503935,0.09505280711506392,0.40909974722924364,0.6915824915824916,0.8241736749462155,0.6243093922651933,0.6421880854252529
113,0.5533,0.53279,0.7868507504463196,0.22276493906974792,0.8907490968704224,0.008091140538454056,0.009073337519319918,1.095009446144104,718.9660034179688,0.007793816737830639,0.6001022756328305,0.6954643628509719,0.6929577464788732,0.19741100323624594,0.6723270440251572,0.312874251497006,0.8382978723404255,0.5046267735965454,0.672536887196573,0.6517857142857143,0.6010253317249699,0.6061452513966481,0.4383561643835616,0.23622047244094488,0.11867704280155641,0.4087108691425238,0.6588103254769921,0.8163504791707412,0.6022099447513812,0.6528662420382165
114,0.5524,0.52941,0.7868510484695435,0.22082988917827606,0.8897702097892761,0.007824190892279148,0.008783624335764515,1.0947448015213013,726.2510375976562,0.007538288831710815,0.6077729480951163,0.6970070965751312,0.6927699530516432,0.21359223300970873,0.6597484276729559,0.312874251497006,0.8482269503546099,0.486119679210364,0.6734888148500714,0.6383928571428571,0.600422195416164,0.611731843575419,0.4576357179096905,0.2440944881889764,0.150917176209005,0.4073497958390045,0.5993265993265994,0.8106786622335224,0.585635359116022,0.6597976770325965
115,0.5496,0.5241,0.7731941938400269,0.21781349182128906,0.8886802196502686,0.007446110248565674,0.008369423174871443,1.0944703817367554,710.1195678710938,0.007150845602154732,0.6103298389158783,0.6960814563406356,0.6897652582159625,0.23948220064724918,0.6396226415094339,0.312874251497006,0.8574468085106383,0.4583590376310919,0.6739647786768206,0.6383928571428571,0.5898673100120627,0.6033519553072626,0.48909183155758496,0.25196850393700787,0.1903835464146748,0.41201633287964223,0.5333333333333333,0.805789164873851,0.5524861878453039,0.6635443986511802
116,0.5478,0.5208600000000001,0.7830334901809692,0.2163006216287613,0.8876858949661255,0.0073344106785953045,0.008253096757966294,1.0942033529281616,717.724609375,0.007165817078202963,0.6108412170800307,0.6942301758716446,0.6908920187793427,0.284789644012945,0.630817610062893,0.3188622754491018,0.8624113475177305,0.41702652683528685,0.6711089957163255,0.6116071428571429,0.583232810615199,0.6033519553072626,0.5027904616945713,0.28346456692913385,0.23596442468037798,0.4172661870503597,0.4794612794612795,0.8050068452963035,0.5027624309392266,0.6599850131135256
117,0.549,0.51858,0.7675608992576599,0.2136278748512268,0.8865652680397034,0.007289831060916185,0.00821329013585296,1.0939253568649292,687.7079467773438,0.0071290344931185246,0.6197903349526975,0.6926874421474853,0.6901408450704225,0.3106796116504854,0.6264150943396226,0.3188622754491018,0.8666666666666667,0.38741517581739665,0.6634935744883389,0.6026785714285714,0.5817249698431846,0.6061452513966481,0.5048198883815322,0.2755905511811024,0.2687604224569205,0.42154384600427763,0.4547699214365881,0.7973792294152161,0.49171270718232046,0.6534282502810042
118,0.558,0.52125,0.7618529200553894,0.2105378806591034,0.8854051828384399,0.007235815282911062,0.00816310128032035,1.0936436653137207,652.5787353515625,0.00704073254019022,0.6287394528253644,0.6936130823819808,0.7030985915492958,0.3333333333333333,0.6213836477987421,0.32335329341317365,0.8631205673758865,0.351634793337446,0.6415992384578773,0.5758928571428571,0.5865500603136309,0.6145251396648045,0.5093860984271943,0.2755905511811024,0.2840466926070039,0.4258215049581956,0.4664421997755331,0.7883825542734207,0.48066298342541436,0.6446234544773324
119,0.5673,0.5257400000000001,0.7677860260009766,0.20812702178955078,0.8843064308166504,0.00705557968467474,0.007969646937011769,1.093366265296936,665.2643432617188,0.006910361815243959,0.637432881615955,0.6942301758716446,0.7113615023474178,0.33980582524271846,0.6352201257861635,0.3278443113772455,0.8617021276595744,0.3312769895126465,0.6254164683484055,0.5848214285714286,0.5995174909529554,0.6312849162011173,0.49670218163368846,0.2755905511811024,0.29683157309616454,0.4244604316546763,0.5003367003367003,0.7766477606102092,0.5027624309392266,0.6337579617834395
120,0.5767,0.52971,0.7355188727378845,0.20547786355018616,0.8829426169395447,0.006750782020390034,0.007637126993337101,1.093066930770874,601.217529296875,0.006491006352007389,0.6417795960112503,0.689601974699167,0.7168075117370892,0.35275080906148865,0.6433962264150943,0.32335329341317365,0.8546099290780141,0.31030228254164094,0.6059019514516897,0.5848214285714286,0.6097708082026538,0.6396648044692738,0.48452562151192285,0.2755905511811024,0.30628126737076156,0.42193272409099747,0.5443322109988776,0.7699980442010561,0.5469613259668509,0.6300112401648558
121,0.5864,0.5351600000000001,0.7750163078308105,0.20415601134300232,0.8819286227226257,0.006747348699718714,0.007642009247488639,1.0927950143814087,683.61767578125,0.006622083019465208,0.6509844029659934,0.6948472693613083,0.7136150234741784,0.35275080906148865,0.6547169811320754,0.3278443113772455,0.8411347517730496,0.3078346699568168,0.6054259876249405,0.5982142857142857,0.6070566948130277,0.6368715083798883,0.4672754946727549,0.29133858267716534,0.30906058921623125,0.4176550651370795,0.5916947250280583,0.7692157246235087,0.569060773480663,0.6384413638066692
122,0.5874,0.5356799999999999,0.6692699193954468,0.198539599776268,0.8800565600395203,0.006364516448229551,0.007223731979186521,1.0924537181854248,500.1413879394531,0.006144585553556681,0.6474047558169266,0.6994754705337859,0.7044131455399061,0.3559870550161812,0.6559748427672956,0.3323353293413174,0.8354609929078014,0.3207896360271437,0.6197049024274155,0.6071428571428571,0.6112786489746683,0.6256983240223464,0.4520547945205479,0.28346456692913385,0.3010005558643691,0.41571067470348044,0.6231200897867565,0.7764521807158224,0.5966850828729282,0.6526789059572874
123,0.585,0.53512,0.7599068284034729,0.1977691650390625,0.8789364099502563,0.006383050698786974,0.007253990886850351,1.092171549797058,664.2647705078125,0.006353684235364199,0.6415239069291742,0.7084233261339092,0.691830985915493,0.34951456310679613,0.6597484276729559,0.3218562874251497,0.8290780141843972,0.32140653917334977,0.6363636363636364,0.625,0.6010253317249699,0.6061452513966481,0.44951801116184675,0.2755905511811024,0.29266259032796,0.4178495041804394,0.6379349046015713,0.7895560336397418,0.6243093922651933,0.6708505058074186
124,0.5794,0.53422,0.7143083810806274,0.19481831789016724,0.8774429559707642,0.006252697203308344,0.00711793197362316,1.0918591022491455,565.6149291992188,0.006163881625980139,0.6364101252876502,0.7219993829065103,0.6854460093896714,0.3365695792880259,0.6578616352201258,0.3278443113772455,0.8347517730496454,0.33991363355953114,0.6539742979533556,0.6383928571428571,0.5980096501809409,0.6005586592178771,0.44799594114662605,0.2755905511811024,0.2818232351306281,0.4287380906085942,0.6343434343434343,0.8040289458243692,0.6077348066298343,0.6785312851255152
125,0.5753,0.53501,0.784832239151001,0.19535765051841736,0.8765652775764465,0.006423986051231623,0.0073202372693830925,1.0915952920913696,680.7554931640625,0.006400381214916706,0.6274610074149833,0.7374267201481024,0.6815023474178403,0.3559870550161812,0.6540880503144654,0.33532934131736525,0.8418439716312057,0.3608883405305367,0.6792003807710614,0.6339285714285714,0.5871531966224367,0.5921787709497207,0.4505327245053272,0.25984251968503935,0.2757087270705948,0.43904335990666926,0.630976430976431,0.8196753373753178,0.6022099447513812,0.6790932933683027
126,0.5721,0.53491,0.7011892199516296,0.19216911494731903,0.8749856352806091,0.006130495574325323,0.006998397379383406,1.0912747383117676,533.3023681640625,0.005935182794928551,0.6246484275121452,0.740203640851589,0.6818779342723005,0.36245954692556637,0.6446540880503144,0.33532934131736525,0.8460992907801419,0.3867982726711906,0.6877677296525464,0.6294642857142857,0.583232810615199,0.5837988826815642,0.4520547945205479,0.2440944881889764,0.2726514730405781,0.44273770173050747,0.6244668911335578,0.8280852728339527,0.6132596685082873,0.675346571749719
127,0.573,0.5371900000000001,0.764307975769043,0.19253461062908173,0.8739481568336487,0.0061738197691738605,0.007056212097773092,1.0909967422485352,657.1553344726562,0.006093300879001617,0.6141651751470212,0.7309472385066338,0.6942723004694835,0.3656957928802589,0.640251572327044,0.33682634730538924,0.8524822695035461,0.39235040098704504,0.6939552594002856,0.625,0.5811218335343787,0.5782122905027933,0.4520547945205479,0.2440944881889764,0.2687604224569205,0.44254326268714755,0.6181818181818182,0.833170350088011,0.6132596685082873,0.6764705882352942
128,0.574,0.53782,0.7202631831169128,0.19046778976917267,0.8725453019142151,0.005974804051220417,0.006839718602032115,1.090688943862915,587.4630126953125,0.005830768495798111,0.6113525952441831,0.7247763036099969,0.7027230046948357,0.35275080906148865,0.6427672955974842,0.3413173652694611,0.8588652482269503,0.3929673041332511,0.695383150880533,0.6339285714285714,0.5784077201447527,0.5782122905027933,0.4561136478944698,0.2440944881889764,0.27709838799332964,0.4392377989500292,0.6078563411896746,0.8323880305104635,0.5966850828729282,0.6710378418883477
129,0.5692,0.5351,0.7518686056137085,0.18970416486263275,0.8714213371276855,0.005947323981672525,0.006817031781057974,1.090402603149414,621.1567993164062,0.0058390675112605095,0.6075172590130401,0.7152113545202098,0.7203755868544601,0.35275080906148865,0.6408805031446541,0.33682634730538924,0.8581560283687943,0.391733497840839,0.6849119466920514,0.625,0.5741857659831122,0.5865921787709497,0.4591577879249112,0.2677165354330709,0.2868260144524736,0.4279603344351546,0.6085297418630752,0.8314101310385292,0.585635359116022,0.6635443986511802
130,0.5724,0.53576,0.7406162023544312,0.1889745444059372,0.8702105283737183,0.005814664997160435,0.006674236373169897,1.090108871459961,601.2075805664062,0.00568406330421567,0.6041933009460496,0.705029311940759,0.7314553990610329,0.36245954692556637,0.6440251572327044,0.32335329341317365,0.8539007092198582,0.39358420727945714,0.680628272251309,0.6160714285714286,0.5802171290711701,0.6033519553072626,0.4596651445966514,0.25984251968503935,0.2954419121734297,0.42154384600427763,0.6080808080808081,0.8231957754742812,0.56353591160221,0.6569876358186587
131,0.5742,0.5356799999999999,0.7218347787857056,0.18716906011104584,0.8688522577285767,0.005635860376060009,0.006479100704729778,1.089802861213684,556.4249267578125,0.005521404556930065,0.6108412170800307,0.7016352977476088,0.7316431924882629,0.37540453074433655,0.6496855345911949,0.3323353293413174,0.8553191489361702,0.36952498457742133,0.6649214659685864,0.6116071428571429,0.5895657418576599,0.5949720670391061,0.4703196347031963,0.2440944881889764,0.3079488604780434,0.4184328213105192,0.6047138047138048,0.8132212008605515,0.5524861878453039,0.6524915698763581
132,0.5761,0.53553,0.7321544289588928,0.1860685795545578,0.8675919771194458,0.0055896220728755,0.006435267904974943,1.0895037651062012,573.8955688476562,0.005514940246939659,0.6123753515724879,0.7019438444924406,0.7284507042253521,0.39158576051779936,0.6591194968553459,0.3398203592814371,0.8539007092198582,0.36027143738433065,0.661113755354593,0.6205357142857143,0.5949939686369119,0.5949720670391061,0.4809741248097412,0.2755905511811024,0.31823235130628125,0.41882169939723896,0.602020202020202,0.8089184431840407,0.5524861878453039,0.6538029224428625
133,0.5793,0.5385,0.7587655782699585,0.18619327247142792,0.866571307182312,0.005594982765614986,0.006449017757152788,1.0892232656478882,625.118408203125,0.00553705170750618,0.6185118895423165,0.7087318728787412,0.7151173708920188,0.37540453074433655,0.6654088050314465,0.3473053892215569,0.8524822695035461,0.3473164713140037,0.6577820085673489,0.6160714285714286,0.6049457177322075,0.5893854748603352,0.4855403348554033,0.2677165354330709,0.3254585881045025,0.4197938946140385,0.6008978675645342,0.814003520438099,0.5469613259668509,0.6599850131135256
134,0.5787,0.53872,0.7805832028388977,0.18763086199760437,0.865753710269928,0.005643313750624657,0.0065108619481619445,1.0889583826065063,644.67431640625,0.005602921824902296,0.623114293019688,0.7158284480098734,0.7015962441314554,0.3883495145631068,0.6584905660377358,0.35179640718562877,0.85177304964539,0.3362122146822949,0.6687291765825797,0.6071428571428571,0.6037394451145959,0.5837988826815642,0.49518011161846776,0.28346456692913385,0.3254585881045025,0.4223216021777173,0.5934904601571268,0.8224134558967339,0.5580110497237569,0.6624203821656051
135,0.5723,0.53427,0.7639277577400208,0.18771398067474365,0.8647948503494263,0.00559075316414237,0.0064573647693630856,1.088681697845459,630.7059936523438,0.005504278466105461,0.6223472257734595,0.7198395556926874,0.687699530516432,0.39805825242718446,0.6566037735849056,0.35778443113772457,0.85177304964539,0.3417643429981493,0.6872917658257972,0.59375,0.6010253317249699,0.5977653631284916,0.4961948249619482,0.2755905511811024,0.33073929961089493,0.4289325296519541,0.5905723905723905,0.8353217289262663,0.5524861878453039,0.6691644810790558
136,0.5673,0.5320400000000001,0.7584260106086731,0.18771971762180328,0.8637958765029907,0.005528849083930254,0.006393241728079787,1.088401436805725,609.440185546875,0.00542641244828701,0.6246484275121452,0.7281703178031472,0.6786854460093896,0.3948220064724919,0.6484276729559748,0.3502994011976048,0.8489361702127659,0.3466995681677977,0.7006187529747739,0.59375,0.5931845597104946,0.5921787709497207,0.4946727549467275,0.2677165354330709,0.3329627570872707,0.43846004277658956,0.5809203142536475,0.8433405045961275,0.569060773480663,0.6730985387785687
137,0.5646,0.53064,0.6726086139678955,0.18326789140701294,0.8620939254760742,0.005106000695377588,0.005915927044164015,1.0880651473999023,476.7664489746094,0.004939173813909292,0.6274610074149833,0.7355754396791114,0.6751173708920187,0.4077669902912621,0.6377358490566037,0.3473053892215569,0.850354609929078,0.3417643429981493,0.7125178486435031,0.6071428571428571,0.5898673100120627,0.5893854748603352,0.4946727549467275,0.2755905511811024,0.33657587548638135,0.4468209216410655,0.5721661054994388,0.8531194993154704,0.5524861878453039,0.6747845635069314
138,0.565,0.5305899999999999,0.7015639543533325,0.18042844533920288,0.8606369495391846,0.005129780154675245,0.005953528521982168,1.08774733543396,525.4777221679688,0.005182943306863308,0.6249041165942214,0.7405121875964209,0.6741784037558686,0.43042071197411,0.6408805031446541,0.33682634730538924,0.851063829787234,0.3442319555829735,0.7177534507377439,0.5982142857142857,0.5838359469240049,0.5865921787709497,0.48909183155758496,0.2677165354330709,0.33935519733185104,0.4551818005055415,0.572615039281706,0.8568355173088207,0.580110497237569,0.6717871862120645
139,0.5668,0.53216,0.7475982308387756,0.18005111813545227,0.8595801591873169,0.005298334173858166,0.006156700357653623,1.0874602794647217,592.5131225585938,0.005337849725037813,0.6215801585272309,0.7389694538722617,0.6828169014084507,0.43042071197411,0.6314465408805031,0.3263473053892216,0.8567375886524823,0.34238124614435533,0.7206092336982389,0.6026785714285714,0.5790108564535585,0.5977653631284916,0.47691527143581935,0.2677165354330709,0.35714285714285715,0.4606260937196189,0.5744107744107744,0.8572266770975944,0.585635359116022,0.6730985387785687
140,0.5701,0.53348,0.6917321681976318,0.17694921791553497,0.8580641150474548,0.0050998106598854065,0.005936472692266621,1.0871363878250122,502.89373779296875,0.004978184588253498,0.6195346458706213,0.734341252699784,0.687699530516432,0.44660194174757284,0.6377358490566037,0.3203592814371258,0.8631205673758865,0.34361505243676743,0.7129938124702523,0.6205357142857143,0.5738841978287093,0.5893854748603352,0.4713343480466768,0.25984251968503935,0.3674263479710951,0.4594594594594595,0.584287317620651,0.8535106591042441,0.5911602209944752,0.6644810790558262
141,0.5723,0.5341,0.6904217600822449,0.17524302005767822,0.8565501570701599,0.004931490868330002,0.0057506733893893216,1.0868120193481445,491.7747497558594,0.004820886999368668,0.6169777550498594,0.7331070657204567,0.6993427230046948,0.44336569579288027,0.6396226415094339,0.32934131736526945,0.8624113475177305,0.33867982726711904,0.6996668253212756,0.6294642857142857,0.5768998793727382,0.5977653631284916,0.4622019279553526,0.25984251968503935,0.3624235686492496,0.4571261909391406,0.5925925925925926,0.8447095638568355,0.6077348066298343,0.6584863244660921
142,0.5767,0.53554,0.7369565367698669,0.17545175552368164,0.8554370999336243,0.005014359951019287,0.005854907443182822,1.0865185260772705,571.6578979492188,0.005016020964831114,0.626949629250831,0.7337241592101204,0.708169014084507,0.43042071197411,0.6389937106918239,0.3338323353293413,0.8588652482269503,0.3337446020974707,0.6844359828653023,0.625,0.5808202653799759,0.5865921787709497,0.4596651445966514,0.2677165354330709,0.35102834908282377,0.45382072720202216,0.6038159371492705,0.8353217289262663,0.6077348066298343,0.6556762832521543
143,0.5796,0.53609,0.689653217792511,0.17262785136699677,0.8539385199546814,0.004812397062778473,0.005628939333595085,1.0861941576004028,493.4092712402344,0.004711084999144077,0.6302735873178216,0.7297130515273064,0.7196244131455399,0.41423948220064727,0.6477987421383647,0.33083832335329344,0.8609929078014185,0.3417643429981493,0.6696811042360781,0.6339285714285714,0.5877563329312424,0.5893854748603352,0.45662100456621,0.25196850393700787,0.3337965536409116,0.45090414155162356,0.6127946127946128,0.8218267162135733,0.6077348066298343,0.6508055451479955
144,0.5862,0.5390699999999999,0.7657637596130371,0.1747344583272934,0.853101909160614,0.005019659176468849,0.005877119723806754,1.0859209299087524,607.6845703125,0.005036990158259869,0.6379442597801074,0.7229250231410058,0.7254460093896714,0.3948220064724919,0.6610062893081761,0.3263473053892216,0.8595744680851064,0.3454657618753856,0.6530223702998572,0.6473214285714286,0.5995174909529554,0.5949720670391061,0.4515474378488077,0.25984251968503935,0.3196220122290161,0.44254326268714755,0.622895622895623,0.809896342655975,0.6022099447513812,0.649306856500562
145,0.5871,0.53993,0.7481362819671631,0.17589440941810608,0.8521163463592529,0.004907757043838501,0.0057527406018918455,1.0856355428695679,594.909423828125,0.0048544518649578094,0.6402454615187931,0.7257019438444925,0.7233802816901408,0.3883495145631068,0.6679245283018868,0.3383233532934132,0.8567375886524823,0.35903763109191855,0.6449309852451214,0.6428571428571429,0.6076598311218335,0.6089385474860335,0.4485032978183663,0.25196850393700787,0.3068371317398555,0.4355434571261909,0.6327721661054995,0.8022687267748876,0.6077348066298343,0.6494941925814912
146,0.5843,0.53902,0.7102707624435425,0.17630435526371002,0.850814938545227,0.004682817030698061,0.005497458213982035,1.085325002670288,510.80316162109375,0.004584502428770065,0.6417795960112503,0.7337241592101204,0.715868544600939,0.39158576051779936,0.6691823899371069,0.3458083832335329,0.8539007092198582,0.3621221468229488,0.6430271299381247,0.6339285714285714,0.6127864897466827,0.6061452513966481,0.4530695078640284,0.25984251968503935,0.30183435241801,0.4320435543457126,0.6320987654320988,0.8005085077254058,0.6077348066298343,0.6481828400149869
147,0.5824,0.53789,0.7144837975502014,0.1746612936258316,0.8495598435401917,0.004638340324163437,0.005453279224725427,1.0850178003311157,526.9949340820312,0.004681565333157778,0.6433137305037074,0.7324899722307929,0.7008450704225352,0.39805825242718446,0.6685534591194968,0.3458083832335329,0.8624113475177305,0.3584207279457125,0.6363636363636364,0.6517857142857143,0.6209288299155609,0.6229050279329609,0.4611872146118721,0.2677165354330709,0.2951639799888827,0.4283492125218744,0.6249158249158249,0.7958145902601212,0.6187845303867403,0.65436493068565
148,0.5804,0.53699,0.7708735466003418,0.17682451009750366,0.8488091826438904,0.0048393444158136845,0.0056946247635942466,1.0847489833831787,612.4143676757812,0.004831511061638594,0.6471490667348504,0.7337241592101204,0.6935211267605634,0.3851132686084142,0.6660377358490566,0.35179640718562877,0.8602836879432624,0.3571869216533004,0.6358876725368872,0.65625,0.6161037394451147,0.6340782122905028,0.46778285134449515,0.2755905511811024,0.2896053362979433,0.4265992611316352,0.6139169472502806,0.803051046352435,0.6077348066298343,0.6592356687898089
149,0.5781,0.53684,0.7762854099273682,0.17860108613967896,0.848114550113678,0.004907621536403894,0.0057796931353335905,1.0844842195510864,608.5322265625,0.004886162467300892,0.6422909741754027,0.7358839864239433,0.6882629107981221,0.3883495145631068,0.6584905660377358,0.35179640718562877,0.8702127659574468,0.36644046884639114,0.6558781532603523,0.6696428571428571,0.6049457177322075,0.6256983240223464,0.47082699137493655,0.25984251968503935,0.29266259032796,0.425043748784756,0.6053872053872054,0.8138079405437121,0.585635359116022,0.6665417759460472
150,0.5752,0.53708,0.7654675245285034,0.17978957295417786,0.8473280668258667,0.004819262772798538,0.00568089511741661,1.084212064743042,597.520263671875,0.004719509277492762,0.6353873689593454,0.7346497994446158,0.6890140845070423,0.37540453074433655,0.6459119496855346,0.34281437125748504,0.875177304964539,0.38062924120913016,0.6772965254640647,0.65625,0.5983112183353438,0.6145251396648045,0.4759005580923389,0.2677165354330709,0.2951639799888827,0.4221271631343574,0.6042648709315376,0.8278896929395658,0.56353591160221,0.6768452603971525
151,0.5689,0.5347,0.759183406829834,0.18096958100795746,0.8464919328689575,0.0046923281624913216,0.005536723100840262,1.0839358568191528,588.4552612304688,0.004619893617928028,0.6203017131168499,0.726627584078988,0.6955868544600939,0.3948220064724919,0.6396226415094339,0.33682634730538924,0.8787234042553191,0.3929673041332511,0.7020466444550214,0.6205357142857143,0.5856453558504222,0.611731843575419,0.4748858447488584,0.25196850393700787,0.2907170650361312,0.4260159440015555,0.6031425364758698,0.8406023860747115,0.56353591160221,0.6850880479580367
152,0.5662,0.53429,0.7796769738197327,0.1814192235469818,0.8458499312400818,0.004756910260766745,0.00561718208301792,1.0836743116378784,614.344970703125,0.004704272374510765,0.6013807210432115,0.7186053687133601,0.7062910798122066,0.3786407766990291,0.6327044025157232,0.33083832335329344,0.873758865248227,0.3972856261566934,0.7201332698714897,0.625,0.5741857659831122,0.5949720670391061,0.4698122780314561,0.25196850393700787,0.2971095052807115,0.42776589539179466,0.6114478114478115,0.8472521024838646,0.580110497237569,0.6897714499812664
153,0.5666,0.53455,0.7758513689041138,0.1812591403722763,0.8451787233352661,0.004799251910299063,0.0056716764176987485,1.0834101438522339,617.3377075195312,0.004764263518154621,0.5911531577601636,0.7062634989200864,0.7175586854460094,0.39805825242718446,0.6320754716981132,0.3323353293413174,0.8709219858156029,0.3997532387415176,0.7386958591147073,0.6428571428571429,0.5705669481302774,0.5837988826815642,0.465246067985794,0.25196850393700787,0.3096164535853252,0.4283492125218744,0.6184062850729517,0.8492079014277333,0.6132596685082873,0.6899587860621956
154,0.5692,0.53603,0.7405213117599487,0.1799921840429306,0.8441964387893677,0.004603703040629625,0.005446903026737573,1.083121418952942,528.7095336914062,0.00449241790920496,0.5865507542827921,0.6966985498302993,0.7263849765258216,0.42394822006472493,0.6345911949685534,0.3278443113772455,0.8680851063829788,0.38186304750154226,0.7334602570204665,0.6339285714285714,0.5768998793727382,0.5810055865921788,0.465246067985794,0.2755905511811024,0.3265703168426904,0.4295158467820338,0.6163860830527497,0.8460786231175436,0.6243093922651933,0.6858373922817534
155,0.5708,0.53594,0.7097645998001099,0.17740145325660706,0.8429581522941589,0.00439855270087719,0.0052118137480163685,1.0828124284744263,490.51446533203125,0.004286190960556269,0.5870621324469445,0.7025609379821043,0.7276995305164319,0.4336569579288026,0.6471698113207547,0.32934131736526945,0.8659574468085106,0.36273904996915485,0.7267967634459781,0.6428571428571429,0.583232810615199,0.5921787709497207,0.4637239979705733,0.2677165354330709,0.34741523068371316,0.43379350573595177,0.6089786756453424,0.838451007236456,0.6187845303867403,0.6809666541775946
156,0.5743,0.5366899999999999,0.7769664525985718,0.1782166212797165,0.8423238396644592,0.004572200123220682,0.005421642206912903,1.082549810409546,590.9293823242188,0.004580534528940916,0.5990795193045257,0.7155199012650416,0.7233802816901408,0.44336569579288027,0.6484276729559748,0.3338323353293413,0.8652482269503546,0.3479333744602097,0.709662065683008,0.6383928571428571,0.5871531966224367,0.5949720670391061,0.4687975646879756,0.29133858267716534,0.35992217898832685,0.4421543846004278,0.6038159371492705,0.8294543320946607,0.6132596685082873,0.6760959160734358
157,0.5767,0.53693,0.7650132775306702,0.17796702682971954,0.8415858745574951,0.004487499129027128,0.0053258656055489295,1.0822786092758179,570.5587158203125,0.0044177137315273285,0.6141651751470212,0.73033014501697,0.7064788732394366,0.4336569579288026,0.6528301886792452,0.3278443113772455,0.8652482269503546,0.34238124614435533,0.7087101380295098,0.6428571428571429,0.5913751507840772,0.5810055865921788,0.4667681380010147,0.29133858267716534,0.3529738743746526,0.4514874586817033,0.5984287317620651,0.8278896929395658,0.6022099447513812,0.672349194454852
158,0.5753,0.5350900000000001,0.7838185429573059,0.17910031974315643,0.8410279750823975,0.004633872304111719,0.005503228445181132,1.0820214748382568,598.4306030273438,0.004608196206390858,0.6254154947583738,0.7408207343412527,0.6931455399061033,0.42394822006472493,0.6578616352201258,0.32934131736526945,0.8609929078014185,0.33066008636644045,0.6963350785340314,0.6383928571428571,0.5934861278648975,0.5893854748603352,0.4687975646879756,0.2677165354330709,0.34185658699277377,0.4577095080692203,0.5988776655443322,0.8251515744181498,0.5966850828729282,0.6742225552641439
159,0.5735,0.5330299999999999,0.7700493931770325,0.17995843291282654,0.8403477668762207,0.004573068115860224,0.005435407682650942,1.0817543268203735,575.8209838867188,0.0044999271631240845,0.6353873689593454,0.7516198704103672,0.6861971830985916,0.41423948220064727,0.6647798742138364,0.32934131736526945,0.8531914893617021,0.32510795805058607,0.6906235126130414,0.6473214285714286,0.6019300361881785,0.6005586592178771,0.46778285134449515,0.2677165354330709,0.3193440800444691,0.45907058137273965,0.6053872053872054,0.8247604146293761,0.6022099447513812,0.6682278006744099
160,0.5759,0.53481,0.7954174876213074,0.18193568289279938,0.8399103879928589,0.004600134212523699,0.005470421436347821,1.0815058946609497,629.323486328125,0.004584603942930698,0.6381999488621836,0.7571737118173403,0.6794366197183098,0.41423948220064727,0.6628930817610063,0.33532934131736525,0.851063829787234,0.3337446020974707,0.6882436934792956,0.6428571428571429,0.6076598311218335,0.5977653631284916,0.465246067985794,0.2677165354330709,0.3096164535853252,0.45070970250826364,0.61324354657688,0.8210443966360258,0.5966850828729282,0.6659797677032596
161,0.5715,0.53209,0.748500645160675,0.18145889043807983,0.8390456438064575,0.004392888396978378,0.005229344892585954,1.0812240839004517,549.749755859375,0.004306406248360872,0.6392227051904884,0.750077136686208,0.6856338028169014,0.42718446601941745,0.6584905660377358,0.3323353293413174,0.8560283687943262,0.34361505243676743,0.6887196573060448,0.6428571428571429,0.6052472858866104,0.5726256983240223,0.4637239979705733,0.28346456692913385,0.29849916620344635,0.4400155551234688,0.6276094276094276,0.8241736749462155,0.6077348066298343,0.6631697264893218
162,0.5679,0.53162,0.777458667755127,0.18083778023719788,0.838452160358429,0.0044356826692819595,0.00528402079206993,1.0809630155563354,592.4120483398438,0.00440728385001421,0.6302735873178216,0.7355754396791114,0.692018779342723,0.4336569579288026,0.6528301886792452,0.3383233532934132,0.8567375886524823,0.3565700185070944,0.6968110423607806,0.625,0.6073582629674307,0.5726256983240223,0.4672754946727549,0.29133858267716534,0.29933296275708726,0.4343768228660315,0.6260381593714927,0.8335615098767847,0.6187845303867403,0.6605470213563133
163,0.5668,0.5319100000000001,0.7933744192123413,0.18102703988552094,0.8380133509635925,0.004578396212309599,0.0054568812368139185,1.0807136297225952,608.4923095703125,0.004549927078187466,0.6284837637432882,0.7210737426720149,0.7034741784037559,0.42394822006472493,0.6484276729559748,0.344311377245509,0.85177304964539,0.3756940160394818,0.6972870061875297,0.625,0.6028347406513872,0.5865921787709497,0.4764079147640791,0.28346456692913385,0.30822679266259034,0.42990472486875364,0.621324354657688,0.8327791902992372,0.6132596685082873,0.6594230048707381
164,0.5671,0.5327,0.7343679666519165,0.1787858009338379,0.8370404243469238,0.004262630827724934,0.005086426267619199,1.0804227590560913,515.41552734375,0.004093059804290533,0.613909486064945,0.7102746066029003,0.7126760563380282,0.42718446601941745,0.6515723270440251,0.3398203592814371,0.8524822695035461,0.39111659469463295,0.7010947168015231,0.6294642857142857,0.6031363088057901,0.6005586592178771,0.47995941146626075,0.29133858267716534,0.32045580878265706,0.43671009138635036,0.6168350168350168,0.8368863680813612,0.5966850828729282,0.664293742974897
165,0.567,0.53319,0.7573311924934387,0.17890053987503052,0.8362809419631958,0.004286179319024086,0.005119165030765137,1.0801481008529663,551.1497192382812,0.004271830432116985,0.6116082843262592,0.7059549521752545,0.7192488262910798,0.4110032362459547,0.6427672955974842,0.33532934131736525,0.8602836879432624,0.39235040098704504,0.6972870061875297,0.6339285714285714,0.600422195416164,0.6061452513966481,0.480466768138001,0.29133858267716534,0.32323513062812675,0.4392377989500292,0.6215488215488215,0.8333659299823978,0.585635359116022,0.6678531285125515
166,0.5669,0.53284,0.6626001596450806,0.17422179877758026,0.8347229957580566,0.0038143277633935213,0.004564105310915455,1.0798110961914062,425.0039978027344,0.0037015697453171015,0.6054717463564305,0.6997840172786177,0.7173708920187793,0.43042071197411,0.6320754716981132,0.3413173652694611,0.8617021276595744,0.38741517581739665,0.7058543550690147,0.6339285714285714,0.5983112183353438,0.6005586592178771,0.4779299847792998,0.29133858267716534,0.3346303501945525,0.44273770173050747,0.6219977553310887,0.8370819479757481,0.580110497237569,0.6736605470213564
167,0.567,0.53251,0.754931628704071,0.17314758896827698,0.8339629173278809,0.004028314258903265,0.004824542713579446,1.0795350074768066,546.1687622070312,0.004152756184339523,0.6016364101252877,0.6976241900647948,0.7126760563380282,0.4401294498381877,0.6352201257861635,0.3323353293413174,0.8631205673758865,0.37939543491671807,0.7120418848167539,0.6339285714285714,0.5983112183353438,0.6033519553072626,0.47691527143581935,0.3228346456692913,0.35019455252918286,0.4462376045109858,0.6184062850729517,0.8370819479757481,0.585635359116022,0.6822780067440989
168,0.5687,0.53244,0.7996423840522766,0.17531751096248627,0.8336267471313477,0.004270040430128574,0.0051161078228141015,1.0792914628982544,606.9231567382812,0.004379170015454292,0.6087957044234211,0.7087318728787412,0.707981220657277,0.44983818770226536,0.6383647798742138,0.3323353293413174,0.8687943262411347,0.3738433066008637,0.7082341742027606,0.6428571428571429,0.6010253317249699,0.6033519553072626,0.4667681380010147,0.3228346456692913,0.3546414674819344,0.4534318491153024,0.6280583613916947,0.8374731077645218,0.5911602209944752,0.6841513675533908
169,0.5709,0.53381,0.796409010887146,0.17738528549671173,0.8332626819610596,0.004277671687304974,0.0051274877563139525,1.0790455341339111,609.6256713867188,0.004263733513653278,0.623114293019688,0.728478864547979,0.6967136150234742,0.44660194174757284,0.6389937106918239,0.32335329341317365,0.873758865248227,0.36705737199259714,0.7058543550690147,0.6383928571428571,0.6037394451145959,0.6061452513966481,0.4637239979705733,0.29133858267716534,0.34936075597554195,0.46198716702313825,0.6276094276094276,0.8349305691374926,0.5911602209944752,0.6862120644436118
170,0.5705,0.533,0.7091835737228394,0.17504160106182098,0.8321135640144348,0.003923737909644842,0.004709727555914403,1.078739047050476,466.82733154296875,0.003828097600489855,0.6274610074149833,0.7463745757482259,0.6867605633802817,0.42071197411003236,0.6371069182389937,0.3218562874251497,0.8794326241134752,0.364589759407773,0.7049024274155165,0.6339285714285714,0.6010253317249699,0.611731843575419,0.4581430745814307,0.28346456692913385,0.34824902723735407,0.46432043554345714,0.6260381593714927,0.8374731077645218,0.6022099447513812,0.6875234170101161
171,0.5696,0.53279,0.8030680418014526,0.17740407586097717,0.8318281173706055,0.0043202913366258144,0.005187494570026987,1.0784986019134521,602.766357421875,0.004446197766810656,0.6305292763998978,0.7485344029620488,0.6858215962441314,0.4045307443365696,0.6383647798742138,0.3263473053892216,0.8780141843971632,0.36150524367674275,0.7001427891480247,0.6339285714285714,0.594692400482509,0.6089385474860335,0.45256215119228815,0.2677165354330709,0.3368538076709283,0.4629593622399378,0.6251402918069585,0.8411891257578721,0.6187845303867403,0.6790932933683027
172,0.5681,0.53167,0.8021803498268127,0.1800467073917389,0.8315368890762329,0.004367700777947903,0.005246254953091892,1.07825767993927,606.224365234375,0.004327930975705385,0.6272053183329072,0.7488429497068806,0.6899530516431925,0.37216828478964403,0.6377358490566037,0.3248502994011976,0.873758865248227,0.36644046884639114,0.7039504997620181,0.6339285714285714,0.5865500603136309,0.6033519553072626,0.4485032978183663,0.25196850393700787,0.32712618121178433,0.45382072720202216,0.6103254769921437,0.8482300019557989,0.6187845303867403,0.6729112026976396
173,0.5626,0.52888,0.7296103835105896,0.1776183396577835,0.8305795788764954,0.003968819510191679,0.004772627432186043,1.077965497970581,484.977294921875,0.003832113230600953,0.6236256711838405,0.7485344029620488,0.6961502347417841,0.36893203883495146,0.630188679245283,0.3323353293413174,0.8716312056737588,0.3744602097470697,0.7172774869109948,0.6294642857142857,0.5841375150784077,0.5949720670391061,0.4576357179096905,0.25984251968503935,0.32045580878265706,0.44468209216410653,0.6011223344556678,0.8544885585761783,0.6243093922651933,0.6704758336455602
174,0.5594,0.5282,0.6563010811805725,0.17266260087490082,0.8290181756019592,0.003600623458623886,0.004338005557544066,1.0776262283325195,391.66204833984375,0.0035211353097110987,0.6195346458706213,0.7389694538722617,0.7083568075117371,0.3851132686084142,0.630188679245283,0.33682634730538924,0.8673758865248227,0.38309685379395436,0.723940980485483,0.6294642857142857,0.5829312424607962,0.5837988826815642,0.46930492135971585,0.2677165354330709,0.321011673151751,0.43826560373322965,0.5892255892255892,0.8587913162526892,0.6187845303867403,0.6712251779692768
175,0.5598,0.52908,0.785958468914032,0.17302361130714417,0.8285986185073853,0.0040395609103143215,0.004869295608980526,1.07737398147583,575.4318237304688,0.00421078922227025,0.6103298389158783,0.7334156124652885,0.715868544600939,0.42071197411003236,0.6320754716981132,0.33083832335329344,0.8609929078014185,0.3744602097470697,0.7287006187529748,0.6473214285714286,0.5895657418576599,0.5837988826815642,0.4779299847792998,0.2677165354330709,0.3349082823790995,0.42776589539179466,0.5905723905723905,0.8609426950909447,0.6132596685082873,0.6706631697264893
176,0.5612,0.5296700000000001,0.7660470008850098,0.17356650531291962,0.827996551990509,0.004099077079445124,0.004944625004293206,1.077107548713684,541.6895751953125,0.004091197624802589,0.6072615699309639,0.7253933970996606,0.7231924882629108,0.42718446601941745,0.6327044025157232,0.3338323353293413,0.8602836879432624,0.3658235657001851,0.7282246549262256,0.6473214285714286,0.5913751507840772,0.5754189944134078,0.4865550481988838,0.25984251968503935,0.349082823790995,0.4302936029554735,0.5912457912457912,0.8642675532955212,0.6132596685082873,0.6697264893218434
177,0.5641,0.53094,0.7218902111053467,0.1730518788099289,0.8270028829574585,0.0038065644912421703,0.004597284103221831,1.0768108367919922,483.8831481933594,0.0037430201191455126,0.6039376118639734,0.7161369947547054,0.7252582159624413,0.4368932038834951,0.6377358490566037,0.3338323353293413,0.8546099290780141,0.35225169648365207,0.7253688719657306,0.6473214285714286,0.5958986731001207,0.5782122905027933,0.4865550481988838,0.2677165354330709,0.37215119510839356,0.431265798172273,0.6011223344556678,0.8630940739292001,0.6132596685082873,0.6674784563506931
178,0.5694,0.53331,0.7736305594444275,0.17408837378025055,0.8264861702919006,0.003970916382968426,0.004798770693131538,1.0765503644943237,552.0742797851562,0.004047327674925327,0.600869342879059,0.7145942610305461,0.7250704225352113,0.4563106796116505,0.6459119496855346,0.3323353293413174,0.8546099290780141,0.3429981492905614,0.7215611613517373,0.6383928571428571,0.5952955367913149,0.5698324022346368,0.4748858447488584,0.28346456692913385,0.37937743190661477,0.43321018860587207,0.6249158249158249,0.8568355173088207,0.6077348066298343,0.6727238666167104
179,0.5736,0.53537,0.7649360299110413,0.17464444041252136,0.8258934020996094,0.003940886352211237,0.004765894058659461,1.0762836933135986,548.1101684570312,0.003952838014811277,0.6026591664535924,0.7118173403270596,0.7230046948356808,0.4401294498381877,0.6528301886792452,0.3413173652694611,0.8524822695035461,0.3337446020974707,0.7110899571632556,0.6160714285714286,0.6022316043425814,0.5698324022346368,0.47234906139015725,0.28346456692913385,0.3802112284602557,0.43515457903947113,0.6419753086419753,0.8437316643849012,0.6187845303867403,0.6759085799925065
180,0.581,0.5385,0.7840963006019592,0.1751684695482254,0.8254860043525696,0.0039945426397025585,0.004833164286710089,1.07603120803833,574.2836303710938,0.004044861067086458,0.6123753515724879,0.7198395556926874,0.7171830985915493,0.45307443365695793,0.6628930817610063,0.3398203592814371,0.849645390070922,0.33189389265885255,0.694907187053784,0.6205357142857143,0.6106755126658625,0.5865921787709497,0.4733637747336377,0.28346456692913385,0.3860478043357421,0.4421543846004278,0.6448933782267116,0.8316057109329161,0.6132596685082873,0.6742225552641439
181,0.5849,0.53986,0.7735840082168579,0.17639198899269104,0.8249830603599548,0.003983591217547655,0.004822848565213489,1.0757713317871094,565.4776000976562,0.003993629477918148,0.6289951419074405,0.7232335698858378,0.7113615023474178,0.44660194174757284,0.6591194968553459,0.3338323353293413,0.850354609929078,0.3269586674892042,0.6834840552118039,0.625,0.6112786489746683,0.6033519553072626,0.4703196347031963,0.29133858267716534,0.3810450250138966,0.44798755590122497,0.6415263748597082,0.8183062781146098,0.6187845303867403,0.6706631697264893
182,0.5869,0.5401,0.7872298359870911,0.17779016494750977,0.8246140480041504,0.004082547966390848,0.0049448625253652725,1.0755213499069214,570.9108276367188,0.004112786613404751,0.6417795960112503,0.7358839864239433,0.7059154929577465,0.4336569579288026,0.660377358490566,0.33083832335329344,0.8560283687943262,0.32757557063541026,0.6692051404093289,0.625,0.6136911942098915,0.61731843575419,0.46930492135971585,0.2755905511811024,0.3688160088938299,0.4518763367684231,0.6361391694725028,0.8163504791707412,0.5911602209944752,0.6727238666167104
183,0.5843,0.5374700000000001,0.7677723169326782,0.1787312626838684,0.824065089225769,0.003912915475666523,0.004742553680629434,1.0752577781677246,534.3882446289062,0.003853356232866645,0.6499616466376885,0.7451403887688985,0.6976525821596244,0.43042071197411,0.6509433962264151,0.32934131736526945,0.8624113475177305,0.3288093769278223,0.6706330318895763,0.625,0.6100723763570567,0.6229050279329609,0.4667681380010147,0.29133858267716534,0.36464702612562533,0.4526540929418627,0.6219977553310887,0.8198709172697046,0.580110497237569,0.6805919820157362
184,0.582,0.53631,0.7013136148452759,0.1757029891014099,0.8229281902313232,0.0034786774776875973,0.004222063911553913,1.0749486684799194,449.1009216308594,0.00339394505135715,0.6479161339810791,0.746066029003394,0.6931455399061033,0.41423948220064727,0.6358490566037736,0.3248502994011976,0.8652482269503546,0.3281924737816163,0.6772965254640647,0.6205357142857143,0.6016284680337757,0.61731843575419,0.46626078132927445,0.2992125984251969,0.35825458588104503,0.44779311685786505,0.6186307519640853,0.8257383141013104,0.5911602209944752,0.6865867366054702
185,0.5782,0.53542,0.7945203185081482,0.1756029725074768,0.8226489424705505,0.003959568217396736,0.004807349361148861,1.074704885482788,580.815185546875,0.004174294415861368,0.6405011506008693,0.7392780006170935,0.6916431924882629,0.3948220064724919,0.6333333333333333,0.3278443113772455,0.8652482269503546,0.34855027760641577,0.6844359828653023,0.6294642857142857,0.5971049457177322,0.611731843575419,0.46473871131405375,0.2992125984251969,0.3504724847137298,0.44040443321018863,0.6206509539842873,0.8361040485038138,0.5966850828729282,0.6847133757961783
186,0.5714,0.53254,0.7772034406661987,0.17542046308517456,0.822206974029541,0.003871198045089841,0.00470258169235447,1.0744484663009644,544.7022094726562,0.003848203457891941,0.6310406545640501,0.7321814254859611,0.6955868544600939,0.3851132686084142,0.6377358490566037,0.33083832335329344,0.8645390070921986,0.3689080814312153,0.6887196573060448,0.6339285714285714,0.5931845597104946,0.611731843575419,0.465246067985794,0.2992125984251969,0.3235130628126737,0.4372934085164301,0.62334455667789,0.8441228241736749,0.6132596685082873,0.6847133757961783
187,0.5688,0.5330600000000001,0.8115113973617554,0.17754758894443512,0.8221005797386169,0.00410939147695899,0.004992575121577444,1.074217677116394,593.3231201171875,0.004166457336395979,0.6090513935054973,0.7204566491823511,0.699906103286385,0.37216828478964403,0.6484276729559748,0.3323353293413174,0.8595744680851064,0.3880320789636027,0.694907187053784,0.6428571428571429,0.591978287092883,0.5977653631284916,0.4667681380010147,0.29133858267716534,0.3104502501389661,0.4310713591289131,0.6305274971941639,0.8535106591042441,0.6022099447513812,0.6826526789059573
188,0.5655,0.53362,0.792658269405365,0.17890353500843048,0.8218115568161011,0.0040119970217347145,0.004875960951811714,1.0739729404449463,570.5555419921875,0.00393633171916008,0.5990795193045257,0.7155199012650416,0.7085446009389671,0.3818770226537217,0.6490566037735849,0.32934131736526945,0.8539007092198582,0.4028377544725478,0.709186101856259,0.6339285714285714,0.5949939686369119,0.5977653631284916,0.4682902080162354,0.28346456692913385,0.3007226236798221,0.433404627649232,0.6267115600448934,0.861725014668492,0.6077348066298343,0.6832146871487449
189,0.5645,0.53533,0.7744139432907104,0.17870856821537018,0.8213510513305664,0.0039026914164423943,0.004745773000627686,1.0737152099609375,542.2472534179688,0.003869905835017562,0.5944771158271542,0.710891700092564,0.7115492957746479,0.3818770226537217,0.6597484276729559,0.33682634730538924,0.850354609929078,0.40777297964219616,0.7201332698714897,0.6428571428571429,0.5955971049457177,0.5921787709497207,0.4764079147640791,0.28346456692913385,0.2962757087270706,0.43826560373322965,0.613692480359147,0.8644631331899081,0.6077348066298343,0.6877107530910453
190,0.5609,0.5338900000000001,0.8021891713142395,0.17959894239902496,0.821161687374115,0.003937490284442902,0.004789192132047371,1.073477864265442,587.9219360351562,0.0039666821248829365,0.5896190232677064,0.7136686207960506,0.7143661971830986,0.4077669902912621,0.6729559748427673,0.3398203592814371,0.851063829787234,0.4096236890808143,0.7215611613517373,0.6517857142857143,0.6067551266586249,0.5810055865921788,0.4865550481988838,0.2755905511811024,0.29766536964980544,0.4421543846004278,0.5991021324354657,0.8634852337179738,0.585635359116022,0.6832146871487449
191,0.5611,0.53362,0.7792423367500305,0.17957009375095367,0.8207530975341797,0.0039086854085326195,0.004756520444232391,1.0732240676879883,548.3834838867188,0.0038920112419873476,0.5939657376630018,0.7182968219685283,0.7138028169014085,0.43042071197411,0.6773584905660377,0.3398203592814371,0.8588652482269503,0.391733497840839,0.7191813422179915,0.6741071428571429,0.612183353437877,0.5837988826815642,0.4941653982749873,0.25984251968503935,0.30211228460255696,0.45245965389850284,0.5973063973063973,0.8589868961470761,0.585635359116022,0.6819033345822405
192,0.5662,0.5359,0.740838885307312,0.17693252861499786,0.8199924826622009,0.0036679827608168125,0.004467742200175554,1.072943091392517,476.4187316894531,0.003623995231464505,0.6062388136026592,0.7260104905893243,0.7138028169014085,0.4174757281553398,0.6842767295597484,0.3323353293413174,0.8631205673758865,0.3701418877236274,0.7110899571632556,0.65625,0.6158021712907117,0.5782122905027933,0.4972095383054287,0.25196850393700787,0.3157309616453585,0.466653704063776,0.6017957351290685,0.8513592802659886,0.569060773480663,0.6760959160734358
193,0.5684,0.5354300000000001,0.7831799983978271,0.17699691653251648,0.8196326494216919,0.0037569450214505196,0.004578108151190519,1.0726925134658813,547.3346557617188,0.0038596238009631634,0.6131424188187165,0.7352668929342795,0.7128638497652582,0.41423948220064727,0.6773584905660377,0.33083832335329344,0.8631205673758865,0.36397285626156695,0.6968110423607806,0.6517857142857143,0.6139927623642943,0.5782122905027933,0.4972095383054287,0.25984251968503935,0.3226792662590328,0.47034804588761425,0.6114478114478115,0.8433405045961275,0.5524861878453039,0.6719745222929936
194,0.5745,0.53708,0.7107478976249695,0.17389149963855743,0.8186153769493103,0.0034257706720381975,0.004179729624875092,1.0723916292190552,451.0054626464844,0.003341762349009514,0.6305292763998978,0.7445232952792348,0.7109859154929578,0.41423948220064727,0.6710691823899371,0.3278443113772455,0.8588652482269503,0.351634793337446,0.6758686339838172,0.6339285714285714,0.6076598311218335,0.5865921787709497,0.495687468290208,0.25196850393700787,0.33240689271817675,0.47540346101497183,0.6179573512906846,0.8284764326227264,0.5524861878453039,0.6695391532409142
195,0.5793,0.53791,0.799734354019165,0.1755644977092743,0.818428635597229,0.003816315671429038,0.0046572886345954585,1.0721534490585327,573.5358276367188,0.004002363421022892,0.6389670161084122,0.7451403887688985,0.7083568075117371,0.4368932038834951,0.6584905660377358,0.3278443113772455,0.8546099290780141,0.34238124614435533,0.6639695383150881,0.6071428571428571,0.6046441495778045,0.6005586592178771,0.4926433282597666,0.25196850393700787,0.34213451917732074,0.4736535096247326,0.6255892255892256,0.816741638959515,0.5580110497237569,0.6656050955414012
196,0.5829,0.53681,0.7891936898231506,0.17584390938282013,0.8181415796279907,0.0038178798276931047,0.004660830218662538,1.071907877922058,549.4674072265625,0.003842661390081048,0.6497059575556123,0.7423634680654119,0.7062910798122066,0.4563106796116505,0.6421383647798742,0.33532934131736525,0.8539007092198582,0.3281924737816163,0.6501665873393622,0.6116071428571429,0.6025331724969843,0.6033519553072626,0.487062404870624,0.2440944881889764,0.3593663146192329,0.46198716702313825,0.6368125701459035,0.8106786622335224,0.574585635359116,0.6622330460846759
197,0.5866,0.53772,0.7385856509208679,0.17545349895954132,0.8173843026161194,0.0035292671527713537,0.004312481485152376,1.0716263055801392,479.6679992675781,0.0035028636921197176,0.6527742265405267,0.7315643319962974,0.7077934272300469,0.47249190938511326,0.6327044025157232,0.3383233532934132,0.8524822695035461,0.32449105490438,0.6392194193241314,0.625,0.5958986731001207,0.6312849162011173,0.47539320142059865,0.25984251968503935,0.3735408560311284,0.4522652148551429,0.6417508417508417,0.8048112654019167,0.6077348066298343,0.6627950543274634
198,0.5836,0.53524,0.7499969601631165,0.17558343708515167,0.816737949848175,0.0034512816928327084,0.004220522837999006,1.0713529586791992,498.1679992675781,0.003542721038684249,0.6486832012273076,0.7275532243134835,0.7049765258215962,0.47572815533980584,0.6232704402515723,0.3278443113772455,0.8539007092198582,0.3300431832202344,0.652546406473108,0.6116071428571429,0.5826296743063932,0.6312849162011173,0.46930492135971585,0.2755905511811024,0.3807670928293496,0.4439043359906669,0.6352413019079686,0.8134167807549384,0.6132596685082873,0.6657924316223305
199,0.5807,0.5347500000000001,0.7808933258056641,0.17682789266109467,0.8163872957229614,0.0037041124887764454,0.004531649204922176,1.0711017847061157,528.9981689453125,0.0038895171601325274,0.6405011506008693,0.7210737426720149,0.7053521126760564,0.47572815533980584,0.6213836477987421,0.3263473053892216,0.850354609929078,0.33991363355953114,0.6663493574488338,0.6071428571428571,0.5811218335343787,0.6284916201117319,0.46473871131405375,0.28346456692913385,0.38465814341300725,0.44040443321018863,0.625364758698092,0.8228046156855076,0.6187845303867403,0.6712251779692768
