round,global_acc,local_c00,local_c01,local_c02,local_c03,local_c04,local_c05,local_c06,local_c07,local_c08,local_c09,local_c10,local_c11,local_c12,local_c13,local_c14,local_c15,local_c16,local_c17,local_c18,local_c19,hybrid_c00,hybrid_c01,hybrid_c02,hybrid_c03,hybrid_c04,hybrid_c05,hybrid_c06,hybrid_c07,hybrid_c08,hybrid_c09,hybrid_c10,hybrid_c11,hybrid_c12,hybrid_c13,hybrid_c14,hybrid_c15,hybrid_c16,hybrid_c17,hybrid_c18,hybrid_c19
0,0.2218,0.20192307692307693,0.04048207663782447,0.0431924882629108,0.042071197411003236,0.1232876712328767,0.03177570093457944,0.6084710743801653,0.20908071748878923,0.34766022380467954,0.11570247933884298,0.24616956077630234,0.7409470752089137,0.4017946161515454,0.125,0.0490075961774075,0.4340959409594096,0.05814997754827122,0.3821631136319186,0.1111111111111111,0.04129263913824058,0.20192307692307693,0.04048207663782447,0.0431924882629108,0.042071197411003236,0.1232876712328767,0.03177570093457944,0.6084710743801653,0.20908071748878923,0.34766022380467954,0.11570247933884298,0.24616956077630234,0.7409470752089137,0.4017946161515454,0.125,0.0490075961774075,0.4340959409594096,0.05814997754827122,0.3821631136319186,0.1111111111111111,0.04129263913824058
1,0.2654,0.30288461538461536,0.07818294190358467,0.012957746478873239,0.05177993527508091,0.2363013698630137,0.044859813084112146,0.6895661157024794,0.31053811659192826,0.5696846388606307,0.1652892561983471,0.3472931562819203,0.7966573816155988,0.38534396809571286,0.23369565217391305,0.10095564812545944,0.3974907749077491,0.018410417602155366,0.5354977508312145,0.1111111111111111,0.0742818671454219,0.30288461538461536,0.07818294190358467,0.012957746478873239,0.05177993527508091,0.2363013698630137,0.044859813084112146,0.6895661157024794,0.31053811659192826,0.5696846388606307,0.1652892561983471,0.3472931562819203,0.7966573816155988,0.38534396809571286,0.23369565217391305,0.10095564812545944,0.3974907749077491,0.018410417602155366,0.5354977508312145,0.1111111111111111,0.0742818671454219
2,0.3396,0.34539473684210525,0.14091470951792337,0.08431924882629108,0.06472491909385113,0.3013698630136986,0.07850467289719626,0.7458677685950413,0.32623318385650224,0.6739572736520855,0.2231404958677686,0.33605720122574056,0.7938718662952646,0.3813559322033898,0.32065217391304346,0.11810830678755208,0.5520295202952029,0.061068702290076333,0.6176413064736945,0.15789473684210525,0.26974865350089766,0.34539473684210525,0.14091470951792337,0.08431924882629108,0.06472491909385113,0.3013698630136986,0.07850467289719626,0.7458677685950413,0.32623318385650224,0.6739572736520855,0.2231404958677686,0.33605720122574056,0.7938718662952646,0.3813559322033898,0.32065217391304346,0.11810830678755208,0.5520295202952029,0.061068702290076333,0.6176413064736945,0.15789473684210525,0.26974865350089766
3,0.4126,0.3567813765182186,0.1915945611866502,0.2552112676056338,0.0744336569579288,0.3527397260273973,0.11962616822429907,0.7871900826446281,0.3077354260089686,0.7095625635808749,0.2892561983471074,0.3023493360572012,0.7771587743732591,0.39730807577268196,0.33695652173913043,0.12276402842440579,0.6518081180811808,0.10574764256847777,0.6696655583805985,0.2573099415204678,0.5031418312387792,0.3567813765182186,0.1915945611866502,0.2552112676056338,0.0744336569579288,0.3527397260273973,0.11962616822429907,0.7871900826446281,0.3077354260089686,0.7095625635808749,0.2892561983471074,0.3023493360572012,0.7771587743732591,0.39730807577268196,0.33695652173913043,0.12276402842440579,0.6518081180811808,0.10574764256847777,0.6696655583805985,0.2573099415204678,0.5031418312387792
4,0.4247,0.3805668016194332,0.1810877626699629,0.28713615023474176,0.10355987055016182,0.3184931506849315,0.13457943925233645,0.7675619834710744,0.3480941704035874,0.7202441505595117,0.2809917355371901,0.355464759959142,0.807799442896936,0.40927218344965105,0.33695652173913043,0.14212202891448175,0.6017712177121771,0.11315671306690615,0.7005671816937219,0.24561403508771928,0.566427289048474,0.3805668016194332,0.1810877626699629,0.28713615023474176,0.10355987055016182,0.3184931506849315,0.13457943925233645,0.7675619834710744,0.3480941704035874,0.7202441505595117,0.2809917355371901,0.355464759959142,0.807799442896936,0.40927218344965105,0.33695652173913043,0.14212202891448175,0.6017712177121771,0.11315671306690615,0.7005671816937219,0.24561403508771928,0.566427289048474
5,0.4789,0.4008097165991903,0.22775030902348578,0.42704225352112674,0.10679611650485436,0.3664383561643836,0.18317757009345795,0.7784090909090909,0.3374439461883408,0.7393184130213631,0.35537190082644626,0.3503575076608784,0.8022284122562674,0.43020937188434694,0.3641304347826087,0.1399166870864984,0.6552029520295203,0.1621014818140997,0.7365538822609036,0.32748538011695905,0.6916517055655296,0.4008097165991903,0.22775030902348578,0.42704225352112674,0.10679611650485436,0.3664383561643836,0.18317757009345795,0.7784090909090909,0.3374439461883408,0.7393184130213631,0.35537190082644626,0.3503575076608784,0.8022284122562674,0.43020937188434694,0.3641304347826087,0.1399166870864984,0.6552029520295203,0.1621014818140997,0.7365538822609036,0.32748538011695905,0.6916517055655296
6,0.5061,0.40789473684210525,0.2407292954264524,0.4831924882629108,0.1650485436893204,0.3801369863013699,0.21495327102803738,0.8011363636363636,0.351457399103139,0.7655137334689726,0.371900826446281,0.3707865168539326,0.7910863509749304,0.4666001994017946,0.3641304347826087,0.18279833374172996,0.6881180811808119,0.21171980242478672,0.7394875806767064,0.38011695906432746,0.716786355475763,0.40789473684210525,0.2407292954264524,0.4831924882629108,0.1650485436893204,0.3801369863013699,0.21495327102803738,0.8011363636363636,0.351457399103139,0.7655137334689726,0.371900826446281,0.3707865168539326,0.7910863509749304,0.4666001994017946,0.3641304347826087,0.18279833374172996,0.6881180811808119,0.21171980242478672,0.7394875806767064,0.38011695906432746,0.716786355475763
7,0.5192,0.41953441295546556,0.2521631644004944,0.47624413145539907,0.19093851132686085,0.410958904109589,0.2205607476635514,0.8125,0.3710762331838565,0.7807731434384537,0.38016528925619836,0.38508682328907046,0.8022284122562674,0.49700897308075775,0.40217391304347827,0.19578534672874295,0.7123247232472325,0.25258194881005835,0.7432035986700567,0.38596491228070173,0.7223967684021544,0.41953441295546556,0.2521631644004944,0.47624413145539907,0.19093851132686085,0.410958904109589,0.2205607476635514,0.8125,0.3710762331838565,0.7807731434384537,0.38016528925619836,0.38508682328907046,0.8022284122562674,0.49700897308075775,0.40217391304347827,0.19578534672874295,0.7123247232472325,0.25258194881005835,0.7432035986700567,0.38596491228070173,0.7223967684021544
8,0.538,0.4410425101214575,0.27595797280593326,0.5186854460093897,0.24271844660194175,0.4315068493150685,0.2336448598130841,0.8130165289256198,0.4147982062780269,0.7825534079348931,0.4049586776859504,0.39734422880490294,0.8189415041782729,0.4930209371884347,0.42934782608695654,0.25459446214163195,0.7056826568265683,0.26740008980691515,0.7662820262077058,0.40350877192982454,0.7522441651705566,0.4410425101214575,0.27595797280593326,0.5186854460093897,0.24271844660194175,0.4315068493150685,0.2336448598130841,0.8130165289256198,0.4147982062780269,0.7825534079348931,0.4049586776859504,0.39734422880490294,0.8189415041782729,0.4930209371884347,0.42934782608695654,0.25459446214163195,0.7056826568265683,0.26740008980691515,0.7662820262077058,0.40350877192982454,0.7522441651705566
9,0.5555,0.4526821862348178,0.30778739184178,0.5461032863849765,0.2815533980582524,0.4383561643835616,0.2691588785046729,0.8192148760330579,0.4198430493273543,0.7767039674465921,0.4380165289256198,0.44433094994892747,0.8161559888579387,0.5528414755732801,0.42391304347826086,0.2666013232050968,0.701549815498155,0.3493488998652896,0.7778212399765304,0.43859649122807015,0.7484290843806104,0.4526821862348178,0.30778739184178,0.5461032863849765,0.2815533980582524,0.4383561643835616,0.2691588785046729,0.8192148760330579,0.4198430493273543,0.7767039674465921,0.4380165289256198,0.44433094994892747,0.8161559888579387,0.5528414755732801,0.42391304347826086,0.2666013232050968,0.701549815498155,0.3493488998652896,0.7778212399765304,0.43859649122807015,0.7484290843806104
10,0.5712,0.4668522267206478,0.3099505562422744,0.6052582159624413,0.284789644012945,0.4623287671232877,0.2841121495327103,0.8259297520661157,0.43553811659192826,0.8001017293997965,0.4628099173553719,0.4453524004085802,0.8161559888579387,0.5543369890329013,0.46195652173913043,0.2830188679245283,0.724280442804428,0.35047148630444547,0.7676510854684139,0.4502923976608187,0.7538150807899462,0.4668522267206478,0.3099505562422744,0.6052582159624413,0.284789644012945,0.4623287671232877,0.2841121495327103,0.8259297520661157,0.43553811659192826,0.8001017293997965,0.4628099173553719,0.4453524004085802,0.8161559888579387,0.5543369890329013,0.46195652173913043,0.2830188679245283,0.724280442804428,0.35047148630444547,0.7676510854684139,0.4502923976608187,0.7538150807899462
11,0.5756,0.4729251012145749,0.33868974042027195,0.5926760563380282,0.2686084142394822,0.4794520547945205,0.29345794392523367,0.8223140495867769,0.43385650224215244,0.7950152594099695,0.47107438016528924,0.45352400408580185,0.7994428969359332,0.5548354935194417,0.4782608695652174,0.2842440578289635,0.7597047970479704,0.38504714863044454,0.7615881087424213,0.4853801169590643,0.749326750448833,0.4729251012145749,0.33868974042027195,0.5926760563380282,0.2686084142394822,0.4794520547945205,0.29345794392523367,0.8223140495867769,0.43385650224215244,0.7950152594099695,0.47107438016528924,0.45352400408580185,0.7994428969359332,0.5548354935194417,0.4782608695652174,0.2842440578289635,0.7597047970479704,0.38504714863044454,0.7615881087424213,0.4853801169590643,0.749326750448833
12,0.5946,0.4832995951417004,0.34517923362175523,0.5887323943661972,0.32038834951456313,0.4623287671232877,0.31401869158878504,0.8166322314049587,0.47477578475336324,0.7952695829094608,0.49586776859504134,0.5076608784473953,0.8272980501392758,0.6096709870388833,0.483695652173913,0.3418279833374173,0.7266420664206642,0.43780871127076787,0.7827107373362019,0.5087719298245614,0.7879263913824057,0.4832995951417004,0.34517923362175523,0.5887323943661972,0.32038834951456313,0.4623287671232877,0.31401869158878504,0.8166322314049587,0.47477578475336324,0.7952695829094608,0.49586776859504134,0.5076608784473953,0.8272980501392758,0.6096709870388833,0.483695652173913,0.3418279833374173,0.7266420664206642,0.43780871127076787,0.7827107373362019,0.5087719298245614,0.7879263913824057
13,0.6046,0.5131578947368421,0.39184177997527814,0.6375586854460094,0.33980582524271846,0.5102739726027398,0.37009345794392523,0.8285123966942148,0.4786995515695067,0.8034079348931842,0.5454545454545454,0.5107252298263534,0.8133704735376045,0.6236291126620139,0.5271739130434783,0.35334476843910806,0.7210332103321033,0.4483610237988325,0.772931742616859,0.5029239766081871,0.7995960502692998,0.5131578947368421,0.39184177997527814,0.6375586854460094,0.33980582524271846,0.5102739726027398,0.37009345794392523,0.8285123966942148,0.4786995515695067,0.8034079348931842,0.5454545454545454,0.5107252298263534,0.8133704735376045,0.6236291126620139,0.5271739130434783,0.35334476843910806,0.7210332103321033,0.4483610237988325,0.772931742616859,0.5029239766081871,0.7995960502692998
14,0.6135,0.49544534412955465,0.3804079110012361,0.631924882629108,0.3786407766990291,0.4965753424657534,0.34953271028037386,0.831095041322314,0.4977578475336323,0.8026449643947101,0.512396694214876,0.5280898876404494,0.8245125348189415,0.634097706879362,0.532608695652174,0.38421955403087477,0.7487822878228783,0.47305792546026043,0.7699980442010561,0.5263157894736842,0.8159784560143627,0.49544534412955465,0.3804079110012361,0.631924882629108,0.3786407766990291,0.4965753424657534,0.34953271028037386,0.831095041322314,0.4977578475336323,0.8026449643947101,0.512396694214876,0.5280898876404494,0.8245125348189415,0.634097706879362,0.532608695652174,0.38421955403087477,0.7487822878228783,0.47305792546026043,0.7699980442010561,0.5263157894736842,0.8159784560143627
15,0.629,0.5088562753036437,0.39864029666254636,0.6591549295774648,0.4336569579288026,0.5273972602739726,0.3514018691588785,0.8357438016528925,0.5213004484304933,0.8062054933875891,0.512396694214876,0.5280898876404494,0.8161559888579387,0.6515453639082752,0.5217391304347826,0.41680960548885077,0.743321033210332,0.5002245172878311,0.7823195775474281,0.5321637426900585,0.8121633752244165,0.5088562753036437,0.39864029666254636,0.6591549295774648,0.4336569579288026,0.5273972602739726,0.3514018691588785,0.8357438016528925,0.5213004484304933,0.8062054933875891,0.512396694214876,0.5280898876404494,0.8161559888579387,0.6515453639082752,0.5217391304347826,0.41680960548885077,0.743321033210332,0.5002245172878311,0.7823195775474281,0.5321637426900585,0.8121633752244165
16,0.6342,0.5199898785425101,0.4137824474660074,0.6505164319248826,0.42071197411003236,0.5376712328767124,0.37383177570093457,0.8372933884297521,0.5184977578475336,0.8115462868769074,0.5619834710743802,0.5372829417773238,0.807799442896936,0.6600199401794616,0.532608695652174,0.4163195295270767,0.7628044280442804,0.5127974854063763,0.7735184823000195,0.5555555555555556,0.7930879712746858,0.5199898785425101,0.4137824474660074,0.6505164319248826,0.42071197411003236,0.5376712328767124,0.37383177570093457,0.8372933884297521,0.5184977578475336,0.8115462868769074,0.5619834710743802,0.5372829417773238,0.807799442896936,0.6600199401794616,0.532608695652174,0.4163195295270767,0.7628044280442804,0.5127974854063763,0.7735184823000195,0.5555555555555556,0.7930879712746858
17,0.6427,0.5313765182186235,0.4338689740420272,0.6685446009389672,0.4174757281553398,0.5308219178082192,0.40373831775700936,0.827995867768595,0.530829596412556,0.8151068158697864,0.5785123966942148,0.5383043922369765,0.8050139275766016,0.6764705882352942,0.5597826086956522,0.42710120068610635,0.7644280442804428,0.5505163897620117,0.7772345002933698,0.5847953216374269,0.8105924596050269,0.5313765182186235,0.4338689740420272,0.6685446009389672,0.4174757281553398,0.5308219178082192,0.40373831775700936,0.827995867768595,0.530829596412556,0.8151068158697864,0.5785123966942148,0.5383043922369765,0.8050139275766016,0.6764705882352942,0.5597826086956522,0.42710120068610635,0.7644280442804428,0.5505163897620117,0.7772345002933698,0.5847953216374269,0.8105924596050269
18,0.6416,0.541497975708502,0.44252163164400493,0.6328638497652582,0.4692556634304207,0.5308219178082192,0.4,0.8486570247933884,0.5515695067264574,0.8179043743641913,0.5454545454545454,0.5352400408580184,0.8217270194986073,0.674975074775673,0.5597826086956522,0.450624846851262,0.7583763837638376,0.5235743152222722,0.7942499511050264,0.543859649122807,0.8076750448833034,0.541497975708502,0.44252163164400493,0.6328638497652582,0.4692556634304207,0.5308219178082192,0.4,0.8486570247933884,0.5515695067264574,0.8179043743641913,0.5454545454545454,0.5352400408580184,0.8217270194986073,0.674975074775673,0.5597826086956522,0.450624846851262,0.7583763837638376,0.5235743152222722,0.7942499511050264,0.543859649122807,0.8076750448833034
19,0.6518,0.5437753036437247,0.43016069221260816,0.6670422535211268,0.47896440129449835,0.5308219178082192,0.3925233644859813,0.8357438016528925,0.5745515695067265,0.8257884028484231,0.5950413223140496,0.5832482124616956,0.8245125348189415,0.6839481555333998,0.5543478260869565,0.4788042146532713,0.7539483394833948,0.5545577009429726,0.787991394484647,0.5614035087719298,0.7998204667863554,0.5437753036437247,0.43016069221260816,0.6670422535211268,0.47896440129449835,0.5308219178082192,0.3925233644859813,0.8357438016528925,0.5745515695067265,0.8257884028484231,0.5950413223140496,0.5832482124616956,0.8245125348189415,0.6839481555333998,0.5543478260869565,0.4788042146532713,0.7539483394833948,0.5545577009429726,0.787991394484647,0.5614035087719298,0.7998204667863554
20,0.6615,0.5306174089068826,0.43912237330037085,0.7064788732394366,0.459546925566343,0.5376712328767124,0.4093457943925234,0.8517561983471075,0.5655829596412556,0.8156154628687691,0.5454545454545454,0.5485188968335035,0.7994428969359332,0.7008973080757727,0.5869565217391305,0.47635383484440086,0.7763837638376384,0.5720700493938033,0.7721494230393116,0.5847953216374269,0.7991472172351886,0.5306174089068826,0.43912237330037085,0.7064788732394366,0.459546925566343,0.5376712328767124,0.4093457943925234,0.8517561983471075,0.5655829596412556,0.8156154628687691,0.5454545454545454,0.5485188968335035,0.7994428969359332,0.7008973080757727,0.5869565217391305,0.47635383484440086,0.7763837638376384,0.5720700493938033,0.7721494230393116,0.5847953216374269,0.7991472172351886
21,0.6632,0.541497975708502,0.43325092707045737,0.6659154929577464,0.459546925566343,0.5308219178082192,0.4074766355140187,0.8414256198347108,0.5610986547085202,0.8257884028484231,0.5702479338842975,0.5863125638406538,0.8161559888579387,0.7223330009970089,0.5760869565217391,0.444743935309973,0.7676752767527675,0.6140547822182308,0.7922941521611578,0.6257309941520468,0.8168761220825853,0.541497975708502,0.43325092707045737,0.6659154929577464,0.459546925566343,0.5308219178082192,0.4074766355140187,0.8414256198347108,0.5610986547085202,0.8257884028484231,0.5702479338842975,0.5863125638406538,0.8161559888579387,0.7223330009970089,0.5760869565217391,0.444743935309973,0.7676752767527675,0.6140547822182308,0.7922941521611578,0.6257309941520468,0.8168761220825853
22,0.664,0.5526315789473685,0.453646477132262,0.7044131455399061,0.42071197411003236,0.5342465753424658,0.41495327102803736,0.8305785123966942,0.5364349775784754,0.8217192268565615,0.5702479338842975,0.5944841675178754,0.8133704735376045,0.7153539381854437,0.5706521739130435,0.4224454790492526,0.7721033210332103,0.6174225415356982,0.797574809309603,0.6081871345029239,0.8265260323159784,0.5526315789473685,0.453646477132262,0.7044131455399061,0.42071197411003236,0.5342465753424658,0.41495327102803736,0.8305785123966942,0.5364349775784754,0.8217192268565615,0.5702479338842975,0.5944841675178754,0.8133704735376045,0.7153539381854437,0.5706521739130435,0.4224454790492526,0.7721033210332103,0.6174225415356982,0.797574809309603,0.6081871345029239,0.8265260323159784
23,0.6709,0.5700910931174089,0.47404202719406674,0.6610328638497652,0.49838187702265374,0.5582191780821918,0.4392523364485981,0.8502066115702479,0.5958520179372198,0.828585961342828,0.5867768595041323,0.5903983656792645,0.8161559888579387,0.7213359920239282,0.5760869565217391,0.5042881646655232,0.7566051660516605,0.6017063313875168,0.8010952474085664,0.6198830409356725,0.8177737881508079,0.5700910931174089,0.47404202719406674,0.6610328638497652,0.49838187702265374,0.5582191780821918,0.4392523364485981,0.8502066115702479,0.5958520179372198,0.828585961342828,0.5867768595041323,0.5903983656792645,0.8161559888579387,0.7213359920239282,0.5760869565217391,0.5042881646655232,0.7566051660516605,0.6017063313875168,0.8010952474085664,0.6198830409356725,0.8177737881508079
24,0.6765,0.5718623481781376,0.47496909765142153,0.7147417840375587,0.4919093851132686,0.547945205479452,0.45794392523364486,0.8465909090909091,0.5908071748878924,0.8168870803662258,0.5702479338842975,0.6016343207354443,0.8161559888579387,0.7357926221335992,0.5760869565217391,0.48125459446214164,0.7569003690036901,0.6268522676246071,0.7924897320555447,0.6374269005847953,0.8348294434470377,0.5718623481781376,0.47496909765142153,0.7147417840375587,0.4919093851132686,0.547945205479452,0.45794392523364486,0.8465909090909091,0.5908071748878924,0.8168870803662258,0.5702479338842975,0.6016343207354443,0.8161559888579387,0.7357926221335992,0.5760869565217391,0.48125459446214164,0.7569003690036901,0.6268522676246071,0.7924897320555447,0.6374269005847953,0.8348294434470377
25,0.6727,0.5612348178137652,0.4490111248454883,0.7177464788732394,0.4627831715210356,0.5513698630136986,0.41682242990654206,0.8419421487603306,0.570627802690583,0.8280773143438453,0.5619834710743802,0.5903983656792645,0.7994428969359332,0.7203389830508474,0.5434782608695652,0.4587111002205342,0.7808118081180812,0.6241580601706331,0.7983571288871504,0.6081871345029239,0.828096947935368,0.5612348178137652,0.4490111248454883,0.7177464788732394,0.4627831715210356,0.5513698630136986,0.41682242990654206,0.8419421487603306,0.570627802690583,0.8280773143438453,0.5619834710743802,0.5903983656792645,0.7994428969359332,0.7203389830508474,0.5434782608695652,0.4587111002205342,0.7808118081180812,0.6241580601706331,0.7983571288871504,0.6081871345029239,0.828096947935368
26,0.6833,0.5918522267206477,0.48825710754017304,0.6935211267605634,0.5436893203883495,0.5787671232876712,0.4822429906542056,0.8538223140495868,0.6115470852017937,0.8316378433367243,0.6033057851239669,0.6036772216547498,0.8105849582172702,0.7248255234297108,0.5815217391304348,0.5265866209262435,0.7552767527675277,0.6216883700044904,0.8001173479366321,0.6257309941520468,0.8209156193895871,0.5918522267206477,0.48825710754017304,0.6935211267605634,0.5436893203883495,0.5787671232876712,0.4822429906542056,0.8538223140495868,0.6115470852017937,0.8316378433367243,0.6033057851239669,0.6036772216547498,0.8105849582172702,0.7248255234297108,0.5815217391304348,0.5265866209262435,0.7552767527675277,0.6216883700044904,0.8001173479366321,0.6257309941520468,0.8209156193895871
27,0.6821,0.5731275303643725,0.47126081582200247,0.704225352112676,0.4886731391585761,0.5582191780821918,0.45607476635514016,0.8533057851239669,0.5919282511210763,0.8313835198372329,0.5867768595041323,0.6118488253319714,0.8105849582172702,0.7482552342971087,0.5760869565217391,0.490075961774075,0.7859778597785978,0.6537943421643466,0.8008996675141795,0.6549707602339181,0.8249551166965888,0.5731275303643725,0.47126081582200247,0.704225352112676,0.4886731391585761,0.5582191780821918,0.45607476635514016,0.8533057851239669,0.5919282511210763,0.8313835198372329,0.5867768595041323,0.6118488253319714,0.8105849582172702,0.7482552342971087,0.5760869565217391,0.490075961774075,0.7859778597785978,0.6537943421643466,0.8008996675141795,0.6549707602339181,0.8249551166965888
28,0.6871,0.5913461538461539,0.47867737948084055,0.6736150234741785,0.5501618122977346,0.5547945205479452,0.45794392523364486,0.8414256198347108,0.6238789237668162,0.8359613428280773,0.6198347107438017,0.6281920326864147,0.7994428969359332,0.744765702891326,0.5706521739130435,0.5393285959323695,0.7564575645756457,0.65828468792097,0.8173283786426755,0.6432748538011696,0.8278725314183124,0.5913461538461539,0.47867737948084055,0.6736150234741785,0.5501618122977346,0.5547945205479452,0.45794392523364486,0.8414256198347108,0.6238789237668162,0.8359613428280773,0.6198347107438017,0.6281920326864147,0.7994428969359332,0.744765702891326,0.5706521739130435,0.5393285959323695,0.7564575645756457,0.65828468792097,0.8173283786426755,0.6432748538011696,0.8278725314183124
29,0.6857,0.5964068825910931,0.4932014833127318,0.7029107981220657,0.5598705501618123,0.5684931506849316,0.47102803738317756,0.8548553719008265,0.6160313901345291,0.8385045778229908,0.5867768595041323,0.6189989785495403,0.8245125348189415,0.7333000997008973,0.592391304347826,0.522666013232051,0.7788929889298893,0.6194431971261787,0.8052024251906904,0.6023391812865497,0.8083482944344704,0.5964068825910931,0.4932014833127318,0.7029107981220657,0.5598705501618123,0.5684931506849316,0.47102803738317756,0.8548553719008265,0.6160313901345291,0.8385045778229908,0.5867768595041323,0.6189989785495403,0.8245125348189415,0.7333000997008973,0.592391304347826,0.522666013232051,0.7788929889298893,0.6194431971261787,0.8052024251906904,0.6023391812865497,0.8083482944344704
30,0.6905,0.5989372469635628,0.5067985166872683,0.67981220657277,0.49838187702265374,0.5787671232876712,0.48785046728971965,0.8651859504132231,0.5980941704035875,0.8354526958290946,0.6198347107438017,0.6087844739530133,0.7994428969359332,0.7422731804586241,0.5978260869565217,0.5060034305317325,0.7961623616236162,0.6299955096542433,0.8120477214942304,0.6140350877192983,0.8296678635547576,0.5989372469635628,0.5067985166872683,0.67981220657277,0.49838187702265374,0.5787671232876712,0.48785046728971965,0.8651859504132231,0.5980941704035875,0.8354526958290946,0.6198347107438017,0.6087844739530133,0.7994428969359332,0.7422731804586241,0.5978260869565217,0.5060034305317325,0.7961623616236162,0.6299955096542433,0.8120477214942304,0.6140350877192983,0.8296678635547576
31,0.6974,0.5994433198380567,0.4972187886279357,0.7312676056338028,0.5954692556634305,0.5821917808219178,0.4822429906542056,0.8517561983471075,0.6446188340807175,0.8415564598168871,0.6198347107438017,0.6220633299284984,0.7994428969359332,0.7437686939182453,0.6032608695652174,0.5753491791227641,0.7623616236162362,0.6380781320161653,0.8122433013886172,0.6374269005847953,0.822262118491921,0.5994433198380567,0.4972187886279357,0.7312676056338028,0.5954692556634305,0.5821917808219178,0.4822429906542056,0.8517561983471075,0.6446188340807175,0.8415564598168871,0.6198347107438017,0.6220633299284984,0.7994428969359332,0.7437686939182453,0.6032608695652174,0.5753491791227641,0.7623616236162362,0.6380781320161653,0.8122433013886172,0.6374269005847953,0.822262118491921
32,0.6955,0.5936234817813765,0.48516687268232384,0.6912676056338029,0.5436893203883495,0.5684931506849316,0.4747663551401869,0.8589876033057852,0.6272421524663677,0.8387589013224822,0.5950413223140496,0.6312563840653729,0.807799442896936,0.752741774675972,0.5760869565217391,0.5415339377603529,0.8,0.651549169286035,0.8087228632896538,0.6432748538011696,0.8303411131059246,0.5936234817813765,0.48516687268232384,0.6912676056338029,0.5436893203883495,0.5684931506849316,0.4747663551401869,0.8589876033057852,0.6272421524663677,0.8387589013224822,0.5950413223140496,0.6312563840653729,0.807799442896936,0.752741774675972,0.5760869565217391,0.5415339377603529,0.8,0.651549169286035,0.8087228632896538,0.6432748538011696,0.8303411131059246
33,0.6952,0.6017206477732794,0.4919653893695921,0.715868544600939,0.540453074433657,0.571917808219178,0.497196261682243,0.8512396694214877,0.6154708520179372,0.8496948118006104,0.5867768595041323,0.6414708886618999,0.7994428969359332,0.752741774675972,0.5760869565217391,0.5322224944866454,0.7701845018450184,0.6605298607992816,0.818110698220223,0.6432748538011696,0.8433572710951526,0.6017206477732794,0.4919653893695921,0.715868544600939,0.540453074433657,0.571917808219178,0.497196261682243,0.8512396694214877,0.6154708520179372,0.8496948118006104,0.5867768595041323,0.6414708886618999,0.7994428969359332,0.752741774675972,0.5760869565217391,0.5322224944866454,0.7701845018450184,0.6605298607992816,0.818110698220223,0.6432748538011696,0.8433572710951526
34,0.6999,0.6052631578947368,0.5027812113720643,0.7233802816901408,0.5598705501618123,0.571917808219178,0.4822429906542056,0.8672520661157025,0.6227578475336323,0.8428280773143438,0.628099173553719,0.6281920326864147,0.8105849582172702,0.7612163509471586,0.5760869565217391,0.5498652291105122,0.7901107011070111,0.6524472384373596,0.8136123606493253,0.6549707602339181,0.8240574506283662,0.6052631578947368,0.5027812113720643,0.7233802816901408,0.5598705501618123,0.571917808219178,0.4822429906542056,0.8672520661157025,0.6227578475336323,0.8428280773143438,0.628099173553719,0.6281920326864147,0.8105849582172702,0.7612163509471586,0.5760869565217391,0.5498652291105122,0.7901107011070111,0.6524472384373596,0.8136123606493253,0.6549707602339181,0.8240574506283662
35,0.7044,0.6212044534412956,0.546353522867738,0.7098591549295775,0.56957928802589,0.5924657534246576,0.5327102803738317,0.8713842975206612,0.624439461883408,0.8359613428280773,0.628099173553719,0.627170582226762,0.7938718662952646,0.7582253240279162,0.6141304347826086,0.5579514824797843,0.7901107011070111,0.6571621014818141,0.8042245257187561,0.6608187134502924,0.8276481149012568,0.6212044534412956,0.546353522867738,0.7098591549295775,0.56957928802589,0.5924657534246576,0.5327102803738317,0.8713842975206612,0.624439461883408,0.8359613428280773,0.628099173553719,0.627170582226762,0.7938718662952646,0.7582253240279162,0.6141304347826086,0.5579514824797843,0.7901107011070111,0.6571621014818141,0.8042245257187561,0.6608187134502924,0.8276481149012568
36,0.7048,0.6262651821862348,0.5349196538936959,0.7250704225352113,0.517799352750809,0.5924657534246576,0.5345794392523364,0.8646694214876033,0.6121076233183856,0.8420651068158698,0.628099173553719,0.6465781409601634,0.807799442896936,0.7686939182452642,0.5760869565217391,0.5260965449644694,0.7802214022140221,0.6699595868881904,0.8141991003324858,0.6491228070175439,0.8451526032315978,0.6262651821862348,0.5349196538936959,0.7250704225352113,0.517799352750809,0.5924657534246576,0.5345794392523364,0.8646694214876033,0.6121076233183856,0.8420651068158698,0.628099173553719,0.6465781409601634,0.807799442896936,0.7686939182452642,0.5760869565217391,0.5260965449644694,0.7802214022140221,0.6699595868881904,0.8141991003324858,0.6491228070175439,0.8451526032315978
37,0.7048,0.6232287449392713,0.5197775030902348,0.7156807511737089,0.5663430420711975,0.589041095890411,0.508411214953271,0.8600206611570248,0.6395739910313901,0.853763987792472,0.6115702479338843,0.6486210418794689,0.7994428969359332,0.7477567298105683,0.6086956521739131,0.5581965204606714,0.785239852398524,0.6643466546924113,0.8231957754742812,0.6432748538011696,0.8312387791741472,0.6232287449392713,0.5197775030902348,0.7156807511737089,0.5663430420711975,0.589041095890411,0.508411214953271,0.8600206611570248,0.6395739910313901,0.853763987792472,0.6115702479338843,0.6486210418794689,0.7994428969359332,0.7477567298105683,0.6086956521739131,0.5581965204606714,0.785239852398524,0.6643466546924113,0.8231957754742812,0.6432748538011696,0.8312387791741472
38,0.7081,0.6072874493927125,0.5033992583436341,0.7342723004694836,0.5760517799352751,0.5821917808219178,0.491588785046729,0.8636363636363636,0.6429372197309418,0.8446083418107834,0.6198347107438017,0.6486210418794689,0.807799442896936,0.7726819541375872,0.5978260869565217,0.5503553050722862,0.7912915129151291,0.6784912438257746,0.8226090357911207,0.6491228070175439,0.8462746858168761,0.6072874493927125,0.5033992583436341,0.7342723004694836,0.5760517799352751,0.5821917808219178,0.491588785046729,0.8636363636363636,0.6429372197309418,0.8446083418107834,0.6198347107438017,0.6486210418794689,0.807799442896936,0.7726819541375872,0.5978260869565217,0.5503553050722862,0.7912915129151291,0.6784912438257746,0.8226090357911207,0.6491228070175439,0.8462746858168761
39,0.7104,0.6171558704453441,0.51946847960445,0.7100469483568075,0.6116504854368932,0.5958904109589042,0.5214953271028038,0.8729338842975206,0.6625560538116592,0.8504577822990844,0.6033057851239669,0.6455566905005107,0.8161559888579387,0.7617148554336989,0.6141304347826086,0.5883361921097771,0.786420664206642,0.6596317916479569,0.8237825151574418,0.6140350877192983,0.8449281867145422,0.6171558704453441,0.51946847960445,0.7100469483568075,0.6116504854368932,0.5958904109589042,0.5214953271028038,0.8729338842975206,0.6625560538116592,0.8504577822990844,0.6033057851239669,0.6455566905005107,0.8161559888579387,0.7617148554336989,0.6141304347826086,0.5883361921097771,0.786420664206642,0.6596317916479569,0.8237825151574418,0.6140350877192983,0.8449281867145422
40,0.7072,0.6384109311740891,0.5550061804697157,0.6869483568075118,0.5760517799352751,0.6232876712328768,0.5532710280373832,0.8682851239669421,0.624439461883408,0.8514750762970499,0.5950413223140496,0.6496424923391215,0.7966573816155988,0.7701894317048853,0.6195652173913043,0.5344278363146288,0.7983763837638377,0.6836551414458913,0.8239780950518286,0.6374269005847953,0.8435816876122083,0.6384109311740891,0.5550061804697157,0.6869483568075118,0.5760517799352751,0.6232876712328768,0.5532710280373832,0.8682851239669421,0.624439461883408,0.8514750762970499,0.5950413223140496,0.6496424923391215,0.7966573816155988,0.7701894317048853,0.6195652173913043,0.5344278363146288,0.7983763837638377,0.6836551414458913,0.8239780950518286,0.6374269005847953,0.8435816876122083
41,0.7164,0.6227226720647774,0.5287391841779975,0.7290140845070423,0.6310679611650486,0.6027397260273972,0.5289719626168224,0.868801652892562,0.6636771300448431,0.8491861648016277,0.628099173553719,0.651685393258427,0.8272980501392758,0.7706879361914257,0.6086956521739131,0.5910316098995344,0.7917343173431735,0.6755725190839694,0.818110698220223,0.6374269005847953,0.8512118491921006,0.6227226720647774,0.5287391841779975,0.7290140845070423,0.6310679611650486,0.6027397260273972,0.5289719626168224,0.868801652892562,0.6636771300448431,0.8491861648016277,0.628099173553719,0.651685393258427,0.8272980501392758,0.7706879361914257,0.6086956521739131,0.5910316098995344,0.7917343173431735,0.6755725190839694,0.818110698220223,0.6374269005847953,0.8512118491921006
42,0.7164,0.6265182186234818,0.5327564894932015,0.7267605633802817,0.5922330097087378,0.6061643835616438,0.5476635514018692,0.8646694214876033,0.6619955156950673,0.8519837232960326,0.5950413223140496,0.6557711950970377,0.8189415041782729,0.7701894317048853,0.6195652173913043,0.5849056603773585,0.7940959409594096,0.6897171082173328,0.8159593193819675,0.631578947368421,0.8426840215439856,0.6265182186234818,0.5327564894932015,0.7267605633802817,0.5922330097087378,0.6061643835616438,0.5476635514018692,0.8646694214876033,0.6619955156950673,0.8519837232960326,0.5950413223140496,0.6557711950970377,0.8189415041782729,0.7701894317048853,0.6195652173913043,0.5849056603773585,0.7940959409594096,0.6897171082173328,0.8159593193819675,0.631578947368421,0.8426840215439856
43,0.7165,0.6330971659919028,0.542027194066749,0.712112676056338,0.598705501618123,0.6232876712328768,0.5476635514018692,0.8600206611570248,0.6748878923766816,0.8514750762970499,0.6115702479338843,0.6598569969356486,0.7855153203342619,0.7532402791625125,0.6304347826086957,0.5844155844155844,0.8020664206642066,0.6850022451728783,0.8228046156855076,0.6257309941520468,0.8310143626570916,0.6330971659919028,0.542027194066749,0.712112676056338,0.598705501618123,0.6232876712328768,0.5476635514018692,0.8600206611570248,0.6748878923766816,0.8514750762970499,0.6115702479338843,0.6598569969356486,0.7855153203342619,0.7532402791625125,0.6304347826086957,0.5844155844155844,0.8020664206642066,0.6850022451728783,0.8228046156855076,0.6257309941520468,0.8310143626570916
44,0.7149,0.6222165991902834,0.5253399258343634,0.7220657276995305,0.6019417475728155,0.6027397260273972,0.5233644859813084,0.8713842975206612,0.6608744394618834,0.8448626653102747,0.628099173553719,0.6475995914198162,0.8356545961002786,0.7816550348953141,0.6141304347826086,0.5866209262435678,0.7997047970479705,0.6885945217781769,0.8310189712497555,0.6257309941520468,0.8633303411131059,0.6222165991902834,0.5253399258343634,0.7220657276995305,0.6019417475728155,0.6027397260273972,0.5233644859813084,0.8713842975206612,0.6608744394618834,0.8448626653102747,0.628099173553719,0.6475995914198162,0.8356545961002786,0.7816550348953141,0.6141304347826086,0.5866209262435678,0.7997047970479705,0.6885945217781769,0.8310189712497555,0.6257309941520468,0.8633303411131059
45,0.7152,0.6346153846153846,0.5466625463535228,0.7391549295774648,0.5954692556634305,0.6095890410958904,0.5514018691588785,0.8729338842975206,0.647982062780269,0.8499491353001017,0.6363636363636364,0.6618998978549541,0.8105849582172702,0.7741774675972084,0.6358695652173914,0.5599117863268807,0.8033948339483394,0.6890435563538393,0.8233913553686681,0.631578947368421,0.8464991023339318,0.6346153846153846,0.5466625463535228,0.7391549295774648,0.5954692556634305,0.6095890410958904,0.5514018691588785,0.8729338842975206,0.647982062780269,0.8499491353001017,0.6363636363636364,0.6618998978549541,0.8105849582172702,0.7741774675972084,0.6358695652173914,0.5599117863268807,0.8033948339483394,0.6890435563538393,0.8233913553686681,0.631578947368421,0.8464991023339318
46,0.7186,0.6467611336032388,0.5611866501854141,0.7293896713615023,0.627831715210356,0.6267123287671232,0.5700934579439252,0.8708677685950413,0.679372197309417,0.8507121057985758,0.628099173553719,0.6537282941777324,0.807799442896936,0.769690927218345,0.6358695652173914,0.6072041166380789,0.7988191881918819,0.6740008980691513,0.8224134558967339,0.5789473684210527,0.8507630161579892,0.6467611336032388,0.5611866501854141,0.7293896713615023,0.627831715210356,0.6267123287671232,0.5700934579439252,0.8708677685950413,0.679372197309417,0.8507121057985758,0.628099173553719,0.6537282941777324,0.807799442896936,0.769690927218345,0.6358695652173914,0.6072041166380789,0.7988191881918819,0.6740008980691513,0.8224134558967339,0.5789473684210527,0.8507630161579892
47,0.7188,0.6275303643724697,0.5336835599505563,0.7312676056338028,0.6245954692556634,0.5993150684931506,0.5383177570093458,0.8806818181818182,0.6922645739910314,0.8555442522889115,0.6446280991735537,0.658835546475996,0.8245125348189415,0.7766699900299102,0.625,0.6094094584660622,0.8098892988929889,0.6742254153569824,0.8226090357911207,0.6198830409356725,0.8368491921005387,0.6275303643724697,0.5336835599505563,0.7312676056338028,0.6245954692556634,0.5993150684931506,0.5383177570093458,0.8806818181818182,0.6922645739910314,0.8555442522889115,0.6446280991735537,0.658835546475996,0.8245125348189415,0.7766699900299102,0.625,0.6094094584660622,0.8098892988929889,0.6742254153569824,0.8226090357911207,0.6198830409356725,0.8368491921005387
48,0.7183,0.6492914979757085,0.5587144622991347,0.7113615023474178,0.5857605177993528,0.636986301369863,0.5738317757009346,0.871900826446281,0.6636771300448431,0.8484231943031536,0.6528925619834711,0.6629213483146067,0.8105849582172702,0.7776669990029911,0.6358695652173914,0.5697133055623622,0.793210332103321,0.6986977997305792,0.8355173088206532,0.6432748538011696,0.8507630161579892,0.6492914979757085,0.5587144622991347,0.7113615023474178,0.5857605177993528,0.636986301369863,0.5738317757009346,0.871900826446281,0.6636771300448431,0.8484231943031536,0.6528925619834711,0.6629213483146067,0.8105849582172702,0.7776669990029911,0.6358695652173914,0.5697133055623622,0.793210332103321,0.6986977997305792,0.8355173088206532,0.6432748538011696,0.8507630161579892
49,0.7209,0.6490384615384616,0.5432632880098888,0.7421596244131455,0.5922330097087378,0.6061643835616438,0.5588785046728972,0.871900826446281,0.6547085201793722,0.8598677517802645,0.6115702479338843,0.6853932584269663,0.807799442896936,0.7831505483549352,0.6195652173913043,0.5650575839255084,0.7942435424354244,0.6966771441400987,0.8274985331507921,0.631578947368421,0.8408886894075404,0.6490384615384616,0.5432632880098888,0.7421596244131455,0.5922330097087378,0.6061643835616438,0.5588785046728972,0.871900826446281,0.6547085201793722,0.8598677517802645,0.6115702479338843,0.6853932584269663,0.807799442896936,0.7831505483549352,0.6195652173913043,0.5650575839255084,0.7942435424354244,0.6966771441400987,0.8274985331507921,0.631578947368421,0.8408886894075404
50,0.7173,0.6513157894736842,0.542336217552534,0.7091079812206573,0.6116504854368932,0.636986301369863,0.5327102803738317,0.8786157024793388,0.6670403587443946,0.8674974567650051,0.628099173553719,0.6618998978549541,0.8217270194986073,0.7637088733798604,0.6358695652173914,0.5856407743200196,0.8013284132841328,0.6692860350246969,0.8396244866027772,0.6198830409356725,0.8377468581687613,0.6513157894736842,0.542336217552534,0.7091079812206573,0.6116504854368932,0.636986301369863,0.5327102803738317,0.8786157024793388,0.6670403587443946,0.8674974567650051,0.628099173553719,0.6618998978549541,0.8217270194986073,0.7637088733798604,0.6358695652173914,0.5856407743200196,0.8013284132841328,0.6692860350246969,0.8396244866027772,0.6198830409356725,0.8377468581687613
51,0.7222,0.6649797570850202,0.5723114956736712,0.739906103286385,0.6310679611650486,0.6506849315068494,0.5738317757009346,0.868801652892562,0.6855381165919282,0.8611393692777213,0.6859504132231405,0.6700715015321757,0.7966573816155988,0.7676969092721835,0.625,0.6145552560646901,0.7843542435424354,0.6778176919622811,0.8308233913553686,0.6140350877192983,0.850314183123878,0.6649797570850202,0.5723114956736712,0.739906103286385,0.6310679611650486,0.6506849315068494,0.5738317757009346,0.868801652892562,0.6855381165919282,0.8611393692777213,0.6859504132231405,0.6700715015321757,0.7966573816155988,0.7676969092721835,0.625,0.6145552560646901,0.7843542435424354,0.6778176919622811,0.8308233913553686,0.6140350877192983,0.850314183123878
52,0.7189,0.6255060728744939,0.5336835599505563,0.72018779342723,0.6019417475728155,0.6198630136986302,0.5289719626168224,0.8858471074380165,0.6603139013452914,0.8578331637843337,0.6198347107438017,0.6557711950970377,0.8189415041782729,0.7936191425722832,0.6141304347826086,0.5831903945111492,0.8270110701107011,0.7056578356533453,0.829063172305887,0.631578947368421,0.8451526032315978,0.6255060728744939,0.5336835599505563,0.72018779342723,0.6019417475728155,0.6198630136986302,0.5289719626168224,0.8858471074380165,0.6603139013452914,0.8578331637843337,0.6198347107438017,0.6557711950970377,0.8189415041782729,0.7936191425722832,0.6141304347826086,0.5831903945111492,0.8270110701107011,0.7056578356533453,0.829063172305887,0.631578947368421,0.8451526032315978
53,0.7188,0.6548582995951417,0.5559332509270705,0.6989671361502348,0.6116504854368932,0.6301369863013698,0.5514018691588785,0.8858471074380165,0.6844170403587444,0.8649542217700915,0.6446280991735537,0.6700715015321757,0.8356545961002786,0.7836490528414756,0.6521739130434783,0.614310218083803,0.8044280442804428,0.6757970363718007,0.833170350088011,0.6023391812865497,0.8135098743267505,0.6548582995951417,0.5559332509270705,0.6989671361502348,0.6116504854368932,0.6301369863013698,0.5514018691588785,0.8858471074380165,0.6844170403587444,0.8649542217700915,0.6446280991735537,0.6700715015321757,0.8356545961002786,0.7836490528414756,0.6521739130434783,0.614310218083803,0.8044280442804428,0.6757970363718007,0.833170350088011,0.6023391812865497,0.8135098743267505
54,0.7256,0.6414473684210527,0.5491347342398022,0.7211267605633803,0.6245954692556634,0.6095890410958904,0.5289719626168224,0.8817148760330579,0.6737668161434978,0.8578331637843337,0.6446280991735537,0.669050051072523,0.8217270194986073,0.7946161515453639,0.6413043478260869,0.5868659642244548,0.8196309963099631,0.6930848675348001,0.8357128887150401,0.6374269005847953,0.84762118491921,0.6414473684210527,0.5491347342398022,0.7211267605633803,0.6245954692556634,0.6095890410958904,0.5289719626168224,0.8817148760330579,0.6737668161434978,0.8578331637843337,0.6446280991735537,0.669050051072523,0.8217270194986073,0.7946161515453639,0.6413043478260869,0.5868659642244548,0.8196309963099631,0.6930848675348001,0.8357128887150401,0.6374269005847953,0.84762118491921
55,0.7254,0.6503036437246964,0.5475896168108776,0.7139906103286385,0.6084142394822006,0.6198630136986302,0.5308411214953271,0.8801652892561983,0.6765695067264574,0.8652085452695829,0.6446280991735537,0.6884576098059244,0.83008356545961,0.7931206380857427,0.6304347826086957,0.5912766478804214,0.8144649446494465,0.7054333183655142,0.8312145511441423,0.631578947368421,0.8289946140035906,0.6503036437246964,0.5475896168108776,0.7139906103286385,0.6084142394822006,0.6198630136986302,0.5308411214953271,0.8801652892561983,0.6765695067264574,0.8652085452695829,0.6446280991735537,0.6884576098059244,0.83008356545961,0.7931206380857427,0.6304347826086957,0.5912766478804214,0.8144649446494465,0.7054333183655142,0.8312145511441423,0.631578947368421,0.8289946140035906
56,0.7263,0.6629554655870445,0.5840543881334982,0.7367136150234742,0.6440129449838188,0.6404109589041096,0.5570093457943925,0.8796487603305785,0.702354260089686,0.8550356052899288,0.6942148760330579,0.6629213483146067,0.7938718662952646,0.7771684945164506,0.6413043478260869,0.6314628767458956,0.8085608856088561,0.6919622810956444,0.8327791902992372,0.631578947368421,0.843132854578097,0.6629554655870445,0.5840543881334982,0.7367136150234742,0.6440129449838188,0.6404109589041096,0.5570093457943925,0.8796487603305785,0.702354260089686,0.8550356052899288,0.6942148760330579,0.6629213483146067,0.7938718662952646,0.7771684945164506,0.6413043478260869,0.6314628767458956,0.8085608856088561,0.6919622810956444,0.8327791902992372,0.631578947368421,0.843132854578097
57,0.7276,0.6287955465587044,0.5290482076637825,0.7427230046948357,0.6472491909385113,0.6198630136986302,0.5196261682242991,0.878099173553719,0.7001121076233184,0.8606307222787386,0.6528925619834711,0.6792645556690501,0.83008356545961,0.8045862412761715,0.5978260869565217,0.6223964714530752,0.8163837638376383,0.721823080377189,0.8364952082925875,0.631578947368421,0.8408886894075404,0.6287955465587044,0.5290482076637825,0.7427230046948357,0.6472491909385113,0.6198630136986302,0.5196261682242991,0.878099173553719,0.7001121076233184,0.8606307222787386,0.6528925619834711,0.6792645556690501,0.83008356545961,0.8045862412761715,0.5978260869565217,0.6223964714530752,0.8163837638376383,0.721823080377189,0.8364952082925875,0.631578947368421,0.8408886894075404
58,0.7232,0.6540991902834008,0.5602595797280593,0.7276995305164319,0.6181229773462783,0.6472602739726028,0.5383177570093458,0.8817148760330579,0.6860986547085202,0.8710579857578841,0.6198347107438017,0.676200204290092,0.8245125348189415,0.7851445663010967,0.625,0.5969125214408233,0.8097416974169742,0.7007184553210597,0.8488167416389595,0.631578947368421,0.8420107719928187,0.6540991902834008,0.5602595797280593,0.7276995305164319,0.6181229773462783,0.6472602739726028,0.5383177570093458,0.8817148760330579,0.6860986547085202,0.8710579857578841,0.6198347107438017,0.676200204290092,0.8245125348189415,0.7851445663010967,0.625,0.5969125214408233,0.8097416974169742,0.7007184553210597,0.8488167416389595,0.631578947368421,0.8420107719928187
59,0.7245,0.6551113360323887,0.5580964153275649,0.7395305164319249,0.6181229773462783,0.6404109589041096,0.5551401869158878,0.8801652892561983,0.6748878923766816,0.8664801627670397,0.6115702479338843,0.6833503575076609,0.8217270194986073,0.7941176470588235,0.6195652173913043,0.5853957363391326,0.8123985239852398,0.70655590480467,0.8404068061803247,0.6432748538011696,0.8478456014362658,0.6551113360323887,0.5580964153275649,0.7395305164319249,0.6181229773462783,0.6404109589041096,0.5551401869158878,0.8801652892561983,0.6748878923766816,0.8664801627670397,0.6115702479338843,0.6833503575076609,0.8217270194986073,0.7941176470588235,0.6195652173913043,0.5853957363391326,0.8123985239852398,0.70655590480467,0.8404068061803247,0.6432748538011696,0.8478456014362658
60,0.7261,0.652580971659919,0.5593325092707045,0.7389671361502348,0.6213592233009708,0.636986301369863,0.5532710280373832,0.8765495867768595,0.6827354260089686,0.8634282807731435,0.5950413223140496,0.6782431052093973,0.8105849582172702,0.7986041874376869,0.6141304347826086,0.5898064199950992,0.8125461254612546,0.7117198024247867,0.8525327596323098,0.6257309941520468,0.8586175942549371,0.652580971659919,0.5593325092707045,0.7389671361502348,0.6213592233009708,0.636986301369863,0.5532710280373832,0.8765495867768595,0.6827354260089686,0.8634282807731435,0.5950413223140496,0.6782431052093973,0.8105849582172702,0.7986041874376869,0.6141304347826086,0.5898064199950992,0.8125461254612546,0.7117198024247867,0.8525327596323098,0.6257309941520468,0.8586175942549371
61,0.7268,0.659919028340081,0.5642768850432633,0.7387793427230047,0.6343042071197411,0.6472602739726028,0.5551401869158878,0.8744834710743802,0.6877802690582959,0.865971515768057,0.6115702479338843,0.6721144024514811,0.8050139275766016,0.7846460618145563,0.6304347826086957,0.60132320509679,0.8131365313653136,0.6975752132914235,0.8415802855466458,0.631578947368421,0.8516606822262118,0.659919028340081,0.5642768850432633,0.7387793427230047,0.6343042071197411,0.6472602739726028,0.5551401869158878,0.8744834710743802,0.6877802690582959,0.865971515768057,0.6115702479338843,0.6721144024514811,0.8050139275766016,0.7846460618145563,0.6304347826086957,0.60132320509679,0.8131365313653136,0.6975752132914235,0.8415802855466458,0.631578947368421,0.8516606822262118
62,0.7249,0.6490384615384616,0.5488257107540173,0.7357746478873239,0.6601941747572816,0.6232876712328768,0.5457943925233645,0.8837809917355371,0.7124439461883408,0.8646998982706002,0.6198347107438017,0.6751787538304392,0.8189415041782729,0.7846460618145563,0.6358695652173914,0.6197010536633178,0.811070110701107,0.6980242478670857,0.8484255818501858,0.6374269005847953,0.850314183123878,0.6490384615384616,0.5488257107540173,0.7357746478873239,0.6601941747572816,0.6232876712328768,0.5457943925233645,0.8837809917355371,0.7124439461883408,0.8646998982706002,0.6198347107438017,0.6751787538304392,0.8189415041782729,0.7846460618145563,0.6358695652173914,0.6197010536633178,0.811070110701107,0.6980242478670857,0.8484255818501858,0.6374269005847953,0.850314183123878
63,0.7291,0.6627024291497976,0.5747836835599506,0.7382159624413146,0.6440129449838188,0.636986301369863,0.5682242990654206,0.8775826446280992,0.7017937219730942,0.8636826042726348,0.628099173553719,0.6833503575076609,0.8217270194986073,0.7931206380857427,0.6413043478260869,0.6157804459691252,0.8101845018450184,0.7168837000449034,0.8431449247017406,0.672514619883041,0.8610861759425493,0.6627024291497976,0.5747836835599506,0.7382159624413146,0.6440129449838188,0.636986301369863,0.5682242990654206,0.8775826446280992,0.7017937219730942,0.8636826042726348,0.628099173553719,0.6833503575076609,0.8217270194986073,0.7931206380857427,0.6413043478260869,0.6157804459691252,0.8101845018450184,0.7168837000449034,0.8431449247017406,0.672514619883041,0.8610861759425493
64,0.7282,0.6627024291497976,0.568912237330037,0.7230046948356808,0.6472491909385113,0.6404109589041096,0.5588785046728972,0.8853305785123967,0.7152466367713004,0.8692777212614445,0.6198347107438017,0.6813074565883555,0.8245125348189415,0.7851445663010967,0.657608695652174,0.6383239402107327,0.8153505535055351,0.70655590480467,0.8415802855466458,0.6491228070175439,0.8512118491921006,0.6627024291497976,0.568912237330037,0.7230046948356808,0.6472491909385113,0.6404109589041096,0.5588785046728972,0.8853305785123967,0.7152466367713004,0.8692777212614445,0.6198347107438017,0.6813074565883555,0.8245125348189415,0.7851445663010967,0.657608695652174,0.6383239402107327,0.8153505535055351,0.70655590480467,0.8415802855466458,0.6491228070175439,0.8512118491921006
65,0.7255,0.6411943319838057,0.5398640296662547,0.7494835680751174,0.6472491909385113,0.6095890410958904,0.5177570093457944,0.8765495867768595,0.7062780269058296,0.8705493387589013,0.628099173553719,0.6976506639427987,0.8189415041782729,0.8005982053838484,0.6141304347826086,0.6064690026954178,0.8107749077490775,0.7292321508756174,0.8503813807940543,0.6491228070175439,0.8527827648114902,0.6411943319838057,0.5398640296662547,0.7494835680751174,0.6472491909385113,0.6095890410958904,0.5177570093457944,0.8765495867768595,0.7062780269058296,0.8705493387589013,0.628099173553719,0.6976506639427987,0.8189415041782729,0.8005982053838484,0.6141304347826086,0.6064690026954178,0.8107749077490775,0.7292321508756174,0.8503813807940543,0.6491228070175439,0.8527827648114902
66,0.7272,0.6700404858299596,0.5791100123609394,0.7494835680751174,0.6472491909385113,0.6506849315068494,0.5570093457943925,0.8662190082644629,0.7062780269058296,0.8626653102746694,0.6115702479338843,0.693564862104188,0.7966573816155988,0.7901296111665005,0.625,0.6192109777015438,0.7986715867158671,0.7195779074988774,0.8435360844905144,0.6783625730994152,0.8451526032315978,0.6700404858299596,0.5791100123609394,0.7494835680751174,0.6472491909385113,0.6506849315068494,0.5570093457943925,0.8662190082644629,0.7062780269058296,0.8626653102746694,0.6115702479338843,0.693564862104188,0.7966573816155988,0.7901296111665005,0.625,0.6192109777015438,0.7986715867158671,0.7195779074988774,0.8435360844905144,0.6783625730994152,0.8451526032315978
67,0.7232,0.6447368421052632,0.5417181705809642,0.731830985915493,0.6731391585760518,0.6232876712328768,0.502803738317757,0.8817148760330579,0.7242152466367713,0.8708036622583927,0.6115702479338843,0.6915219611848825,0.8356545961002786,0.7946161515453639,0.6195652173913043,0.6402842440578289,0.8137269372693727,0.7056578356533453,0.8529239194210835,0.6491228070175439,0.8438061041292639,0.6447368421052632,0.5417181705809642,0.731830985915493,0.6731391585760518,0.6232876712328768,0.502803738317757,0.8817148760330579,0.7242152466367713,0.8708036622583927,0.6115702479338843,0.6915219611848825,0.8356545961002786,0.7946161515453639,0.6195652173913043,0.6402842440578289,0.8137269372693727,0.7056578356533453,0.8529239194210835,0.6491228070175439,0.8438061041292639
68,0.7258,0.6632085020242915,0.569221260815822,0.7310798122065728,0.6440129449838188,0.6541095890410958,0.5327102803738317,0.8739669421487604,0.6933856502242153,0.8634282807731435,0.5950413223140496,0.6956077630234934,0.8217270194986073,0.7951146560319042,0.625,0.6081842685616271,0.8239114391143911,0.7168837000449034,0.8497946411108938,0.6608187134502924,0.8590664272890485,0.6632085020242915,0.569221260815822,0.7310798122065728,0.6440129449838188,0.6541095890410958,0.5327102803738317,0.8739669421487604,0.6933856502242153,0.8634282807731435,0.5950413223140496,0.6956077630234934,0.8217270194986073,0.7951146560319042,0.625,0.6081842685616271,0.8239114391143911,0.7168837000449034,0.8497946411108938,0.6608187134502924,0.8590664272890485
69,0.7277,0.666244939271255,0.5695302843016069,0.7451643192488263,0.656957928802589,0.6335616438356164,0.5495327102803739,0.8698347107438017,0.7045964125560538,0.8641912512716174,0.6115702479338843,0.6986721144024515,0.8189415041782729,0.7951146560319042,0.6141304347826086,0.6255819652046067,0.8079704797047971,0.7224966322406825,0.8437316643849012,0.7076023391812866,0.8539048473967684,0.666244939271255,0.5695302843016069,0.7451643192488263,0.656957928802589,0.6335616438356164,0.5495327102803739,0.8698347107438017,0.7045964125560538,0.8641912512716174,0.6115702479338843,0.6986721144024515,0.8189415041782729,0.7951146560319042,0.6141304347826086,0.6255819652046067,0.8079704797047971,0.7224966322406825,0.8437316643849012,0.7076023391812866,0.8539048473967684
70,0.7318,0.6728238866396761,0.5871446229913473,0.735962441314554,0.6504854368932039,0.636986301369863,0.5700934579439252,0.8760330578512396,0.702354260089686,0.8619023397761953,0.6198347107438017,0.693564862104188,0.8161559888579387,0.8005982053838484,0.6521739130434783,0.6179857877971086,0.8121033210332104,0.719128872923215,0.8474476823782515,0.6666666666666666,0.8574955116696589,0.6728238866396761,0.5871446229913473,0.735962441314554,0.6504854368932039,0.636986301369863,0.5700934579439252,0.8760330578512396,0.702354260089686,0.8619023397761953,0.6198347107438017,0.693564862104188,0.8161559888579387,0.8005982053838484,0.6521739130434783,0.6179857877971086,0.8121033210332104,0.719128872923215,0.8474476823782515,0.6666666666666666,0.8574955116696589
71,0.7259,0.6707995951417004,0.5701483312731768,0.7451643192488263,0.6148867313915858,0.636986301369863,0.5476635514018692,0.8806818181818182,0.6905829596412556,0.8552899287894201,0.6363636363636364,0.6772216547497446,0.8356545961002786,0.8020937188434696,0.625,0.6042636608674344,0.8100369003690037,0.694207453973956,0.8560531977312732,0.6549707602339181,0.8545780969479354,0.6707995951417004,0.5701483312731768,0.7451643192488263,0.6148867313915858,0.636986301369863,0.5476635514018692,0.8806818181818182,0.6905829596412556,0.8552899287894201,0.6363636363636364,0.6772216547497446,0.8356545961002786,0.8020937188434696,0.625,0.6042636608674344,0.8100369003690037,0.694207453973956,0.8560531977312732,0.6549707602339181,0.8545780969479354
72,0.7308,0.6634615384615384,0.565512978986403,0.7581220657276996,0.6472491909385113,0.636986301369863,0.5570093457943925,0.8796487603305785,0.7057174887892377,0.8720752797558494,0.5867768595041323,0.686414708886619,0.83008356545961,0.7971086739780658,0.6195652173913043,0.6197010536633178,0.813579335793358,0.70655590480467,0.8464697829063172,0.6374269005847953,0.8601885098743267,0.6634615384615384,0.565512978986403,0.7581220657276996,0.6472491909385113,0.636986301369863,0.5570093457943925,0.8796487603305785,0.7057174887892377,0.8720752797558494,0.5867768595041323,0.686414708886619,0.83008356545961,0.7971086739780658,0.6195652173913043,0.6197010536633178,0.813579335793358,0.70655590480467,0.8464697829063172,0.6374269005847953,0.8601885098743267
73,0.7282,0.673582995951417,0.5704573547589616,0.72,0.6504854368932039,0.6506849315068494,0.5532710280373832,0.8858471074380165,0.7102017937219731,0.8730925737538149,0.6033057851239669,0.7048008171603677,0.8495821727019499,0.8060817547357926,0.6521739130434783,0.6226415094339622,0.8109225092250922,0.7090255949708127,0.8501858008996676,0.6549707602339181,0.8530071813285458,0.673582995951417,0.5704573547589616,0.72,0.6504854368932039,0.6506849315068494,0.5532710280373832,0.8858471074380165,0.7102017937219731,0.8730925737538149,0.6033057851239669,0.7048008171603677,0.8495821727019499,0.8060817547357926,0.6521739130434783,0.6226415094339622,0.8109225092250922,0.7090255949708127,0.8501858008996676,0.6549707602339181,0.8530071813285458
74,0.7269,0.6786437246963563,0.5611866501854141,0.7216901408450704,0.6472491909385113,0.636986301369863,0.5457943925233645,0.8837809917355371,0.7219730941704036,0.8791963377416073,0.6198347107438017,0.7017364657814096,0.841225626740947,0.7826520438683948,0.6358695652173914,0.6317079147267827,0.8087084870848709,0.6874719353390211,0.8552708781537258,0.6198830409356725,0.854802513464991,0.6786437246963563,0.5611866501854141,0.7216901408450704,0.6472491909385113,0.636986301369863,0.5457943925233645,0.8837809917355371,0.7219730941704036,0.8791963377416073,0.6198347107438017,0.7017364657814096,0.841225626740947,0.7826520438683948,0.6358695652173914,0.6317079147267827,0.8087084870848709,0.6874719353390211,0.8552708781537258,0.6198830409356725,0.854802513464991
75,0.7335,0.6796558704453441,0.5837453646477132,0.7607511737089202,0.6537216828478964,0.6404109589041096,0.5738317757009346,0.8817148760330579,0.7006726457399103,0.8657171922685656,0.6198347107438017,0.6894790602655771,0.83008356545961,0.80259222333001,0.6413043478260869,0.6290124969370252,0.8228782287822878,0.7202514593623709,0.8402112262859378,0.6549707602339181,0.8631059245960503,0.6796558704453441,0.5837453646477132,0.7607511737089202,0.6537216828478964,0.6404109589041096,0.5738317757009346,0.8817148760330579,0.7006726457399103,0.8657171922685656,0.6198347107438017,0.6894790602655771,0.83008356545961,0.80259222333001,0.6413043478260869,0.6290124969370252,0.8228782287822878,0.7202514593623709,0.8402112262859378,0.6549707602339181,0.8631059245960503
76,0.7238,0.6857287449392713,0.5726205191594561,0.7226291079812207,0.6116504854368932,0.6335616438356164,0.5626168224299065,0.8853305785123967,0.695067264573991,0.8741098677517802,0.6198347107438017,0.693564862104188,0.8440111420612814,0.7846460618145563,0.6358695652173914,0.5883361921097771,0.8219926199261992,0.6879209699146834,0.8542929786817915,0.6491228070175439,0.8399910233393177,0.6857287449392713,0.5726205191594561,0.7226291079812207,0.6116504854368932,0.6335616438356164,0.5626168224299065,0.8853305785123967,0.695067264573991,0.8741098677517802,0.6198347107438017,0.693564862104188,0.8440111420612814,0.7846460618145563,0.6358695652173914,0.5883361921097771,0.8219926199261992,0.6879209699146834,0.8542929786817915,0.6491228070175439,0.8399910233393177
77,0.733,0.6753542510121457,0.5772558714462299,0.7556807511737089,0.6699029126213593,0.6506849315068494,0.5607476635514018,0.8863636363636364,0.7253363228699552,0.8708036622583927,0.628099173553719,0.6915219611848825,0.8384401114206128,0.7961116650049851,0.6467391304347826,0.6488605733888753,0.8290774907749078,0.7132914234396048,0.8374731077645218,0.6549707602339181,0.8346050269299821,0.6753542510121457,0.5772558714462299,0.7556807511737089,0.6699029126213593,0.6506849315068494,0.5607476635514018,0.8863636363636364,0.7253363228699552,0.8708036622583927,0.628099173553719,0.6915219611848825,0.8384401114206128,0.7961116650049851,0.6467391304347826,0.6488605733888753,0.8290774907749078,0.7132914234396048,0.8374731077645218,0.6549707602339181,0.8346050269299821
78,0.7295,0.6637145748987854,0.5531520395550061,0.7472300469483568,0.6440129449838188,0.6232876712328768,0.5383177570093458,0.8853305785123967,0.7096412556053812,0.8771617497456765,0.6363636363636364,0.6894790602655771,0.8217270194986073,0.7966101694915254,0.6304347826086957,0.6258270031854938,0.8156457564575645,0.7130669061517737,0.8572266770975944,0.672514619883041,0.8671454219030521,0.6637145748987854,0.5531520395550061,0.7472300469483568,0.6440129449838188,0.6232876712328768,0.5383177570093458,0.8853305785123967,0.7096412556053812,0.8771617497456765,0.6363636363636364,0.6894790602655771,0.8217270194986073,0.7966101694915254,0.6304347826086957,0.6258270031854938,0.8156457564575645,0.7130669061517737,0.8572266770975944,0.672514619883041,0.8671454219030521
79,0.7267,0.6786437246963563,0.5707663782447466,0.7282629107981221,0.6537216828478964,0.6575342465753424,0.5457943925233645,0.8894628099173554,0.7051569506726457,0.876144455747711,0.628099173553719,0.686414708886619,0.83008356545961,0.7886340977068793,0.6358695652173914,0.6179857877971086,0.8239114391143911,0.695554557700943,0.8582045765695286,0.6374269005847953,0.8597396768402155,0.6786437246963563,0.5707663782447466,0.7282629107981221,0.6537216828478964,0.6575342465753424,0.5457943925233645,0.8894628099173554,0.7051569506726457,0.876144455747711,0.628099173553719,0.686414708886619,0.83008356545961,0.7886340977068793,0.6358695652173914,0.6179857877971086,0.8239114391143911,0.695554557700943,0.8582045765695286,0.6374269005847953,0.8597396768402155
80,0.7277,0.6811740890688259,0.5726205191594561,0.7307042253521127,0.6148867313915858,0.6472602739726028,0.5420560747663551,0.8910123966942148,0.7006726457399103,0.8858087487283826,0.628099173553719,0.7017364657814096,0.8245125348189415,0.8005982053838484,0.6304347826086957,0.6067140406763049,0.8087084870848709,0.7153120790300853,0.860551535302171,0.6900584795321637,0.8460502692998204,0.6811740890688259,0.5726205191594561,0.7307042253521127,0.6148867313915858,0.6472602739726028,0.5420560747663551,0.8910123966942148,0.7006726457399103,0.8858087487283826,0.628099173553719,0.7017364657814096,0.8245125348189415,0.8005982053838484,0.6304347826086957,0.6067140406763049,0.8087084870848709,0.7153120790300853,0.860551535302171,0.6900584795321637,0.8460502692998204
81,0.7329,0.666244939271255,0.5750927070457355,0.7607511737089202,0.6440129449838188,0.6472602739726028,0.5401869158878505,0.8837809917355371,0.7057174887892377,0.8730925737538149,0.628099173553719,0.6843718079673136,0.8050139275766016,0.8070787637088733,0.6413043478260869,0.6201911296250919,0.8343911439114391,0.7164346654692412,0.8398200664971641,0.6842105263157895,0.8505385996409336,0.666244939271255,0.5750927070457355,0.7607511737089202,0.6440129449838188,0.6472602739726028,0.5401869158878505,0.8837809917355371,0.7057174887892377,0.8730925737538149,0.628099173553719,0.6843718079673136,0.8050139275766016,0.8070787637088733,0.6413043478260869,0.6201911296250919,0.8343911439114391,0.7164346654692412,0.8398200664971641,0.6842105263157895,0.8505385996409336
82,0.7261,0.6839574898785425,0.573238566131026,0.7447887323943662,0.6407766990291263,0.6404109589041096,0.5476635514018692,0.8915289256198347,0.7130044843049327,0.883265513733469,0.6198347107438017,0.710929519918284,0.8328690807799443,0.7971086739780658,0.6304347826086957,0.6152903700073511,0.7927675276752768,0.7108217332734621,0.8709172697046743,0.6549707602339181,0.8673698384201077,0.6839574898785425,0.573238566131026,0.7447887323943662,0.6407766990291263,0.6404109589041096,0.5476635514018692,0.8915289256198347,0.7130044843049327,0.883265513733469,0.6198347107438017,0.710929519918284,0.8328690807799443,0.7971086739780658,0.6304347826086957,0.6152903700073511,0.7927675276752768,0.7108217332734621,0.8709172697046743,0.6549707602339181,0.8673698384201077
83,0.7198,0.6882591093117408,0.5630407911001236,0.6995305164319249,0.6440129449838188,0.6506849315068494,0.5383177570093458,0.8832644628099173,0.7062780269058296,0.8850457782299085,0.5950413223140496,0.7150153217568948,0.8105849582172702,0.7946161515453639,0.6521739130434783,0.6069590786571919,0.811070110701107,0.7166591827570723,0.861920594562879,0.6666666666666666,0.8478456014362658,0.6882591093117408,0.5630407911001236,0.6995305164319249,0.6440129449838188,0.6506849315068494,0.5383177570093458,0.8832644628099173,0.7062780269058296,0.8850457782299085,0.5950413223140496,0.7150153217568948,0.8105849582172702,0.7946161515453639,0.6521739130434783,0.6069590786571919,0.811070110701107,0.7166591827570723,0.861920594562879,0.6666666666666666,0.8478456014362658
84,0.7301,0.6854757085020243,0.5791100123609394,0.7607511737089202,0.6375404530744336,0.6404109589041096,0.5514018691588785,0.8848140495867769,0.7062780269058296,0.8733468972533062,0.6115702479338843,0.7037793667007151,0.8133704735376045,0.8050847457627118,0.6304347826086957,0.6174957118353345,0.8194833948339484,0.7209250112258644,0.8529239194210835,0.631578947368421,0.8557001795332136,0.6854757085020243,0.5791100123609394,0.7607511737089202,0.6375404530744336,0.6404109589041096,0.5514018691588785,0.8848140495867769,0.7062780269058296,0.8733468972533062,0.6115702479338843,0.7037793667007151,0.8133704735376045,0.8050847457627118,0.6304347826086957,0.6174957118353345,0.8194833948339484,0.7209250112258644,0.8529239194210835,0.631578947368421,0.8557001795332136
85,0.7274,0.6816801619433198,0.57663782447466,0.7194366197183099,0.6310679611650486,0.6506849315068494,0.5383177570093458,0.8997933884297521,0.7062780269058296,0.8827568667344863,0.6363636363636364,0.6802860061287027,0.8272980501392758,0.8010967098703888,0.6521739130434783,0.615045332026464,0.8231734317343173,0.7034126627750337,0.8613338548797184,0.6549707602339181,0.8442549371633752,0.6816801619433198,0.57663782447466,0.7194366197183099,0.6310679611650486,0.6506849315068494,0.5383177570093458,0.8997933884297521,0.7062780269058296,0.8827568667344863,0.6363636363636364,0.6802860061287027,0.8272980501392758,0.8010967098703888,0.6521739130434783,0.615045332026464,0.8231734317343173,0.7034126627750337,0.8613338548797184,0.6549707602339181,0.8442549371633752
86,0.7328,0.6761133603238867,0.5744746600741656,0.7731455399061032,0.6375404530744336,0.6267123287671232,0.5476635514018692,0.8817148760330579,0.7202914798206278,0.8611393692777213,0.6528925619834711,0.686414708886619,0.8356545961002786,0.8040877367896311,0.6413043478260869,0.6290124969370252,0.8231734317343173,0.7222721149528514,0.853706238998631,0.6842105263157895,0.8671454219030521,0.6761133603238867,0.5744746600741656,0.7731455399061032,0.6375404530744336,0.6267123287671232,0.5476635514018692,0.8817148760330579,0.7202914798206278,0.8611393692777213,0.6528925619834711,0.686414708886619,0.8356545961002786,0.8040877367896311,0.6413043478260869,0.6290124969370252,0.8231734317343173,0.7222721149528514,0.853706238998631,0.6842105263157895,0.8671454219030521
87,0.7278,0.6907894736842105,0.576946847960445,0.7404694835680751,0.6440129449838188,0.6438356164383562,0.5383177570093458,0.9034090909090909,0.7286995515695067,0.8822482197355036,0.6528925619834711,0.6966292134831461,0.8384401114206128,0.7966101694915254,0.657608695652174,0.633668218573879,0.814169741697417,0.6944319712617871,0.8599647956190104,0.6491228070175439,0.8339317773788151,0.6907894736842105,0.576946847960445,0.7404694835680751,0.6440129449838188,0.6438356164383562,0.5383177570093458,0.9034090909090909,0.7286995515695067,0.8822482197355036,0.6528925619834711,0.6966292134831461,0.8384401114206128,0.7966101694915254,0.657608695652174,0.633668218573879,0.814169741697417,0.6944319712617871,0.8599647956190104,0.6491228070175439,0.8339317773788151
88,0.7307,0.694838056680162,0.6010506798516687,0.748356807511737,0.6148867313915858,0.6506849315068494,0.5831775700934579,0.8915289256198347,0.7113228699551569,0.8725839267548321,0.6446280991735537,0.6802860061287027,0.8133704735376045,0.7981056829511466,0.6956521739130435,0.6145552560646901,0.8234686346863469,0.70655590480467,0.8451007236456093,0.6608187134502924,0.8563734290843806,0.694838056680162,0.6010506798516687,0.748356807511737,0.6148867313915858,0.6506849315068494,0.5831775700934579,0.8915289256198347,0.7113228699551569,0.8725839267548321,0.6446280991735537,0.6802860061287027,0.8133704735376045,0.7981056829511466,0.6956521739130435,0.6145552560646901,0.8234686346863469,0.70655590480467,0.8451007236456093,0.6608187134502924,0.8563734290843806
89,0.7268,0.6794028340080972,0.5686032138442522,0.7541784037558685,0.6181229773462783,0.6438356164383562,0.5401869158878505,0.8941115702479339,0.7057174887892377,0.8718209562563581,0.6694214876033058,0.6670071501532175,0.8189415041782729,0.7981056829511466,0.6467391304347826,0.6089193825042881,0.8371955719557196,0.719128872923215,0.8476432622726384,0.631578947368421,0.8379712746858169,0.6794028340080972,0.5686032138442522,0.7541784037558685,0.6181229773462783,0.6438356164383562,0.5401869158878505,0.8941115702479339,0.7057174887892377,0.8718209562563581,0.6694214876033058,0.6670071501532175,0.8189415041782729,0.7981056829511466,0.6467391304347826,0.6089193825042881,0.8371955719557196,0.719128872923215,0.8476432622726384,0.631578947368421,0.8379712746858169
90,0.7238,0.6796558704453441,0.5664400494437577,0.724131455399061,0.6245954692556634,0.6335616438356164,0.5401869158878505,0.8915289256198347,0.719170403587444,0.8784333672431333,0.6446280991735537,0.7139938712972421,0.8328690807799443,0.8030907278165503,0.6358695652173914,0.615045332026464,0.7964575645756458,0.713515940727436,0.872873068648543,0.6608187134502924,0.8649012567324955,0.6796558704453441,0.5664400494437577,0.724131455399061,0.6245954692556634,0.6335616438356164,0.5401869158878505,0.8915289256198347,0.719170403587444,0.8784333672431333,0.6446280991735537,0.7139938712972421,0.8328690807799443,0.8030907278165503,0.6358695652173914,0.615045332026464,0.7964575645756458,0.713515940727436,0.872873068648543,0.6608187134502924,0.8649012567324955
91,0.7262,0.6837044534412956,0.5735475896168108,0.7288262910798122,0.627831715210356,0.684931506849315,0.5401869158878505,0.890495867768595,0.7169282511210763,0.8830111902339777,0.6776859504132231,0.7007150153217568,0.8272980501392758,0.8045862412761715,0.657608695652174,0.6167605978926733,0.8159409594095941,0.714863044454423,0.8648542929786818,0.6608187134502924,0.8557001795332136,0.6837044534412956,0.5735475896168108,0.7288262910798122,0.627831715210356,0.684931506849315,0.5401869158878505,0.890495867768595,0.7169282511210763,0.8830111902339777,0.6776859504132231,0.7007150153217568,0.8272980501392758,0.8045862412761715,0.657608695652174,0.6167605978926733,0.8159409594095941,0.714863044454423,0.8648542929786818,0.6608187134502924,0.8557001795332136
92,0.7295,0.6907894736842105,0.5800370828182941,0.7496713615023474,0.6375404530744336,0.660958904109589,0.5532710280373832,0.8796487603305785,0.7286995515695067,0.8751271617497457,0.6611570247933884,0.7078651685393258,0.8272980501392758,0.8020937188434696,0.6413043478260869,0.6282773829943641,0.8149077490774908,0.7198024247867085,0.8574222569919813,0.6783625730994152,0.8559245960502693,0.6907894736842105,0.5800370828182941,0.7496713615023474,0.6375404530744336,0.660958904109589,0.5532710280373832,0.8796487603305785,0.7286995515695067,0.8751271617497457,0.6611570247933884,0.7078651685393258,0.8272980501392758,0.8020937188434696,0.6413043478260869,0.6282773829943641,0.8149077490774908,0.7198024247867085,0.8574222569919813,0.6783625730994152,0.8559245960502693
93,0.7304,0.6783906882591093,0.5522249690976514,0.7387793427230047,0.6666666666666666,0.6575342465753424,0.525233644859813,0.8992768595041323,0.7303811659192825,0.8830111902339777,0.6611570247933884,0.6986721144024515,0.8272980501392758,0.8145563310069791,0.6413043478260869,0.6495956873315364,0.8121033210332104,0.734171531207903,0.861725014668492,0.6666666666666666,0.8525583482944344,0.6783906882591093,0.5522249690976514,0.7387793427230047,0.6666666666666666,0.6575342465753424,0.525233644859813,0.8992768595041323,0.7303811659192825,0.8830111902339777,0.6611570247933884,0.6986721144024515,0.8272980501392758,0.8145563310069791,0.6413043478260869,0.6495956873315364,0.8121033210332104,0.734171531207903,0.861725014668492,0.6666666666666666,0.8525583482944344
94,0.7324,0.6910425101214575,0.5886897404202719,0.756244131455399,0.6537216828478964,0.6678082191780822,0.577570093457944,0.8827479338842975,0.7354260089686099,0.874618514750763,0.6446280991735537,0.6956077630234934,0.8272980501392758,0.8055832502492523,0.6630434782608695,0.6412643959813771,0.8163837638376383,0.7155365963179164,0.8492079014277333,0.672514619883041,0.8617594254937163,0.6910425101214575,0.5886897404202719,0.756244131455399,0.6537216828478964,0.6678082191780822,0.577570093457944,0.8827479338842975,0.7354260089686099,0.874618514750763,0.6446280991735537,0.6956077630234934,0.8272980501392758,0.8055832502492523,0.6630434782608695,0.6412643959813771,0.8163837638376383,0.7155365963179164,0.8492079014277333,0.672514619883041,0.8617594254937163
95,0.7295,0.6821862348178138,0.5605686032138443,0.7539906103286385,0.6116504854368932,0.636986301369863,0.5514018691588785,0.8817148760330579,0.7180493273542601,0.8791963377416073,0.6198347107438017,0.7058222676200204,0.8384401114206128,0.8050847457627118,0.6358695652173914,0.6174957118353345,0.8157933579335793,0.7153120790300853,0.8636808136123606,0.6608187134502924,0.8608617594254937,0.6821862348178138,0.5605686032138443,0.7539906103286385,0.6116504854368932,0.636986301369863,0.5514018691588785,0.8817148760330579,0.7180493273542601,0.8791963377416073,0.6198347107438017,0.7058222676200204,0.8384401114206128,0.8050847457627118,0.6358695652173914,0.6174957118353345,0.8157933579335793,0.7153120790300853,0.8636808136123606,0.6608187134502924,0.8608617594254937
96,0.7315,0.6938259109311741,0.5868355995055624,0.7489201877934273,0.6504854368932039,0.6643835616438356,0.5663551401869159,0.8899793388429752,0.7253363228699552,0.8743641912512716,0.6363636363636364,0.693564862104188,0.8467966573816156,0.8080757726819542,0.6793478260869565,0.6309728007841215,0.8222878228782288,0.7171082173327347,0.8587913162526892,0.6666666666666666,0.8577199281867145,0.6938259109311741,0.5868355995055624,0.7489201877934273,0.6504854368932039,0.6643835616438356,0.5663551401869159,0.8899793388429752,0.7253363228699552,0.8743641912512716,0.6363636363636364,0.693564862104188,0.8467966573816156,0.8080757726819542,0.6793478260869565,0.6309728007841215,0.8222878228782288,0.7171082173327347,0.8587913162526892,0.6666666666666666,0.8577199281867145
97,0.7299,0.6814271255060729,0.5698393077873919,0.7477934272300469,0.6310679611650486,0.6472602739726028,0.5364485981308411,0.8832644628099173,0.7152466367713004,0.8751271617497457,0.6363636363636364,0.7037793667007151,0.8189415041782729,0.8165503489531406,0.6467391304347826,0.6123499142367067,0.8268634686346863,0.739559946115851,0.8615294347741053,0.695906432748538,0.8579443447037702,0.6814271255060729,0.5698393077873919,0.7477934272300469,0.6310679611650486,0.6472602739726028,0.5364485981308411,0.8832644628099173,0.7152466367713004,0.8751271617497457,0.6363636363636364,0.7037793667007151,0.8189415041782729,0.8165503489531406,0.6467391304347826,0.6123499142367067,0.8268634686346863,0.739559946115851,0.8615294347741053,0.695906432748538,0.8579443447037702
98,0.7334,0.687753036437247,0.5868355995055624,0.7536150234741784,0.656957928802589,0.6541095890410958,0.5663551401869159,0.8775826446280992,0.726457399103139,0.873855544252289,0.6528925619834711,0.6823289070480082,0.7994428969359332,0.8075772681954138,0.6413043478260869,0.6339132565547659,0.8290774907749078,0.7265379434216435,0.8548797183649521,0.6491228070175439,0.8633303411131059,0.687753036437247,0.5868355995055624,0.7536150234741784,0.656957928802589,0.6541095890410958,0.5663551401869159,0.8775826446280992,0.726457399103139,0.873855544252289,0.6528925619834711,0.6823289070480082,0.7994428969359332,0.8075772681954138,0.6413043478260869,0.6339132565547659,0.8290774907749078,0.7265379434216435,0.8548797183649521,0.6491228070175439,0.8633303411131059
99,0.7286,0.7057186234817814,0.595797280593325,0.7301408450704225,0.6537216828478964,0.6541095890410958,0.5682242990654206,0.890495867768595,0.7275784753363229,0.8850457782299085,0.6198347107438017,0.6956077630234934,0.83008356545961,0.8055832502492523,0.6793478260869565,0.6287674589561382,0.8146125461254613,0.7132914234396048,0.8628984940348132,0.6432748538011696,0.8601885098743267,0.7057186234817814,0.595797280593325,0.7301408450704225,0.6537216828478964,0.6541095890410958,0.5682242990654206,0.890495867768595,0.7275784753363229,0.8850457782299085,0.6198347107438017,0.6956077630234934,0.83008356545961,0.8055832502492523,0.6793478260869565,0.6287674589561382,0.8146125461254613,0.7132914234396048,0.8628984940348132,0.6432748538011696,0.8601885098743267
100,0.6715,0.5751518218623481,0.5546971569839307,0.7369014084507042,0.20064724919093851,0.4315068493150685,0.22990654205607478,0.875,0.5224215246636771,0.7815361139369278,0.4132231404958678,0.5280898876404494,0.6852367688022284,0.8070787637088733,0.43478260869565216,0.21391815731438374,0.7907011070110701,0.6787157611136058,0.7058478388421671,0.5906432748538012,0.7989228007181328,0.5751518218623481,0.5546971569839307,0.7369014084507042,0.9158576051779935,0.8732876712328768,0.874766355140187,0.875,0.5224215246636771,0.7815361139369278,0.4132231404958678,0.5280898876404494,0.6852367688022284,0.8070787637088733,0.8097826086956522,0.9710855182553296,0.7907011070110701,0.6787157611136058,0.7058478388421671,0.5906432748538012,0.7989228007181328
101,0.655,0.583502024291498,0.5970333745364648,0.6450704225352113,0.19093851132686085,0.4417808219178082,0.2261682242990654,0.8899793388429752,0.5482062780269058,0.7995930824008138,0.4297520661157025,0.5066394279877426,0.6657381615598886,0.8150548354935194,0.45652173913043476,0.22249448664543003,0.7814022140221403,0.6841041760215537,0.7365538822609036,0.6023391812865497,0.7724416517055656,0.583502024291498,0.5970333745364648,0.6450704225352113,0.948220064724919,0.9178082191780822,0.9196261682242991,0.8899793388429752,0.5482062780269058,0.7995930824008138,0.4297520661157025,0.5066394279877426,0.6657381615598886,0.8150548354935194,0.8858695652173914,0.9786816956628277,0.7814022140221403,0.6841041760215537,0.7365538822609036,0.6023391812865497,0.7724416517055656
102,0.6495,0.5164473684210527,0.5475896168108776,0.656150234741784,0.1779935275080906,0.4315068493150685,0.2261682242990654,0.8827479338842975,0.625,0.8390132248219736,0.4462809917355372,0.45965270684371806,0.6518105849582173,0.8060817547357926,0.45108695652173914,0.18965939720656702,0.767380073800738,0.6798383475527615,0.805789164873851,0.5730994152046783,0.8155296229802513,0.5164473684210527,0.5475896168108776,0.656150234741784,0.9676375404530745,0.934931506849315,0.9439252336448598,0.8827479338842975,0.625,0.8390132248219736,0.4462809917355372,0.45965270684371806,0.6518105849582173,0.8060817547357926,0.8967391304347826,0.9845626072041166,0.767380073800738,0.6798383475527615,0.805789164873851,0.5730994152046783,0.8155296229802513
103,0.64,0.5270748987854251,0.561495673671199,0.6045070422535211,0.16828478964401294,0.4246575342465753,0.21869158878504674,0.8915289256198347,0.570067264573991,0.8288402848423194,0.4132231404958678,0.45045965270684374,0.6350974930362117,0.8140578265204387,0.43478260869565216,0.1935800049007596,0.7912915129151291,0.6903906600808262,0.7905339331116761,0.6140350877192983,0.8061041292639138,0.5270748987854251,0.561495673671199,0.6045070422535211,0.970873786407767,0.958904109589041,0.9046728971962616,0.8915289256198347,0.570067264573991,0.8288402848423194,0.4132231404958678,0.45045965270684374,0.6350974930362117,0.8140578265204387,0.9293478260869565,0.9855427591276648,0.7912915129151291,0.6903906600808262,0.7905339331116761,0.6140350877192983,0.8061041292639138
104,0.6343,0.5895748987854251,0.6390605686032138,0.5663849765258216,0.255663430420712,0.4383561643835616,0.20934579439252338,0.9034090909090909,0.5386771300448431,0.8278229908443541,0.4297520661157025,0.46884576098059244,0.6350974930362117,0.8000997008973081,0.44021739130434784,0.3045822102425876,0.7582287822878229,0.6535698248765155,0.7520046939174653,0.6023391812865497,0.7369838420107719,0.5895748987854251,0.6390605686032138,0.5663849765258216,0.9385113268608414,0.9212328767123288,0.9233644859813084,0.9034090909090909,0.5386771300448431,0.8278229908443541,0.4297520661157025,0.46884576098059244,0.6350974930362117,0.8000997008973081,0.9456521739130435,0.3045822102425876,0.7582287822878229,0.6535698248765155,0.7520046939174653,0.6023391812865497,0.7369838420107719
105,0.6407,0.5766700404858299,0.6242274412855378,0.6193427230046948,0.2524271844660194,0.4486301369863014,0.21869158878504674,0.8827479338842975,0.554372197309417,0.8331637843336724,0.4628099173553719,0.466802860061287,0.6295264623955432,0.8040877367896311,0.44565217391304346,0.30115167851016905,0.752029520295203,0.655590480466996,0.778407979659691,0.6081871345029239,0.770870736086176,0.5766700404858299,0.6242274412855378,0.6193427230046948,0.2524271844660194,0.4486301369863014,0.21869158878504674,0.8827479338842975,0.554372197309417,0.8331637843336724,0.4628099173553719,0.466802860061287,0.6295264623955432,0.8040877367896311,0.8858695652173914,0.30115167851016905,0.752029520295203,0.655590480466996,0.778407979659691,0.6081871345029239,0.770870736086176
106,0.632,0.6090587044534413,0.6637824474660075,0.5183098591549296,0.284789644012945,0.4315068493150685,0.21121495327102804,0.887396694214876,0.5291479820627802,0.8217192268565615,0.45454545454545453,0.48416751787538304,0.6323119777158774,0.7966101694915254,0.43478260869565216,0.35064935064935066,0.7554243542435425,0.6564885496183206,0.7459417171914727,0.5847953216374269,0.7567324955116697,0.6090587044534413,0.6637824474660075,0.5183098591549296,0.284789644012945,0.4315068493150685,0.21121495327102804,0.887396694214876,0.5291479820627802,0.8217192268565615,0.45454545454545453,0.48416751787538304,0.6323119777158774,0.7966101694915254,0.43478260869565216,0.35064935064935066,0.7554243542435425,0.6564885496183206,0.7459417171914727,0.5847953216374269,0.7567324955116697
107,0.6312,0.5650303643724697,0.6205191594561187,0.5446009389671361,0.27184466019417475,0.4452054794520548,0.20747663551401868,0.8941115702479339,0.5622197309417041,0.8387589013224822,0.48760330578512395,0.4606741573033708,0.637883008356546,0.8015952143569293,0.46195652173913043,0.3217348689046802,0.7573431734317343,0.6636731028289178,0.782515157441815,0.6081871345029239,0.7856822262118492,0.5650303643724697,0.6205191594561187,0.5446009389671361,0.27184466019417475,0.4452054794520548,0.20747663551401868,0.8941115702479339,0.5622197309417041,0.8387589013224822,0.48760330578512395,0.4606741573033708,0.637883008356546,0.8015952143569293,0.46195652173913043,0.3217348689046802,0.7573431734317343,0.6636731028289178,0.782515157441815,0.6081871345029239,0.7856822262118492
108,0.6333,0.5824898785425101,0.6560568603213844,0.5256338028169014,0.3074433656957929,0.4520547945205479,0.2,0.9013429752066116,0.5336322869955157,0.82706002034588,0.4793388429752066,0.4729315628192033,0.6323119777158774,0.80259222333001,0.44021739130434784,0.36241117373192844,0.7678228782287823,0.6775931746744499,0.756503031488363,0.6023391812865497,0.7641382405745063,0.5824898785425101,0.6560568603213844,0.5256338028169014,0.3074433656957929,0.4520547945205479,0.2,0.9013429752066116,0.5336322869955157,0.82706002034588,0.4793388429752066,0.4729315628192033,0.6323119777158774,0.80259222333001,0.44021739130434784,0.36241117373192844,0.7678228782287823,0.6775931746744499,0.756503031488363,0.6023391812865497,0.7641382405745063
109,0.6251,0.5708502024291497,0.6402966625463535,0.5376525821596244,0.30097087378640774,0.4554794520547945,0.20934579439252338,0.8930785123966942,0.5392376681614349,0.8367243133265514,0.47107438016528924,0.45454545454545453,0.6211699164345403,0.7966101694915254,0.45108695652173914,0.35604018622886546,0.7713653136531365,0.6576111360574765,0.781146098181107,0.6081871345029239,0.7966786355475763,0.5708502024291497,0.6402966625463535,0.5376525821596244,0.30097087378640774,0.4554794520547945,0.20934579439252338,0.8930785123966942,0.5392376681614349,0.8367243133265514,0.47107438016528924,0.45454545454545453,0.6211699164345403,0.7966101694915254,0.45108695652173914,0.35604018622886546,0.7713653136531365,0.6576111360574765,0.781146098181107,0.6081871345029239,0.7966786355475763
110,0.6305,0.5602226720647774,0.619592088998764,0.5716431924882629,0.2783171521035599,0.4589041095890411,0.2205607476635514,0.8977272727272727,0.5196188340807175,0.8359613428280773,0.47107438016528924,0.4586312563840654,0.6295264623955432,0.8020937188434696,0.45652173913043476,0.3508943886302377,0.7681180811808118,0.6681634485855411,0.7885781341678075,0.6023391812865497,0.7912926391382405,0.5602226720647774,0.619592088998764,0.5716431924882629,0.2783171521035599,0.4589041095890411,0.2205607476635514,0.8977272727272727,0.5196188340807175,0.8359613428280773,0.47107438016528924,0.4586312563840654,0.6295264623955432,0.8020937188434696,0.45652173913043476,0.3508943886302377,0.7681180811808118,0.6681634485855411,0.7885781341678075,0.6023391812865497,0.7912926391382405
111,0.6321,0.5794534412955465,0.6415327564894932,0.5290140845070422,0.26537216828478966,0.4589041095890411,0.20373831775700935,0.8879132231404959,0.5375560538116592,0.83646998982706,0.4628099173553719,0.4759959141981614,0.6128133704735376,0.8030907278165503,0.44565217391304346,0.3513844645920118,0.7628044280442804,0.6856757970363718,0.7795814590260122,0.6140350877192983,0.7823159784560144,0.5794534412955465,0.6415327564894932,0.5290140845070422,0.26537216828478966,0.4589041095890411,0.20373831775700935,0.8879132231404959,0.5375560538116592,0.83646998982706,0.4628099173553719,0.4759959141981614,0.6128133704735376,0.8030907278165503,0.44565217391304346,0.3513844645920118,0.7628044280442804,0.6856757970363718,0.7795814590260122,0.6140350877192983,0.7823159784560144
112,0.6242,0.5759109311740891,0.6480222496909765,0.5543661971830985,0.32038834951456313,0.4452054794520548,0.2,0.9018595041322314,0.5168161434977578,0.8362156663275687,0.4380165289256198,0.4616956077630235,0.6239554317548747,0.8055832502492523,0.44021739130434784,0.36902719921587845,0.767970479704797,0.6823080377189044,0.7930764717387052,0.631578947368421,0.7733393177737882,0.5759109311740891,0.6480222496909765,0.5543661971830985,0.32038834951456313,0.4452054794520548,0.2,0.9018595041322314,0.5168161434977578,0.8362156663275687,0.4380165289256198,0.4616956077630235,0.6239554317548747,0.8055832502492523,0.44021739130434784,0.36902719921587845,0.767970479704797,0.6823080377189044,0.7930764717387052,0.631578947368421,0.7733393177737882
113,0.6334,0.5794534412955465,0.6375154511742892,0.5968075117370892,0.27184466019417475,0.4486301369863014,0.21682242990654205,0.8946280991735537,0.5498878923766816,0.8430824008138352,0.45454545454545453,0.4616956077630235,0.6128133704735376,0.7986041874376869,0.45108695652173914,0.3481989708404803,0.7577859778597786,0.6740008980691513,0.7856444357520047,0.6198830409356725,0.8000448833034112,0.5794534412955465,0.6375154511742892,0.5968075117370892,0.27184466019417475,0.4486301369863014,0.21682242990654205,0.8946280991735537,0.5498878923766816,0.8430824008138352,0.45454545454545453,0.4616956077630235,0.6128133704735376,0.7986041874376869,0.45108695652173914,0.3481989708404803,0.7577859778597786,0.6740008980691513,0.7856444357520047,0.6198830409356725,0.8000448833034112
114,0.6225,0.5743927125506073,0.6396786155747837,0.5697652582159625,0.30097087378640774,0.4486301369863014,0.20934579439252338,0.8884297520661157,0.5112107623318386,0.8509664292980671,0.45454545454545453,0.45352400408580185,0.5988857938718662,0.7901296111665005,0.44021739130434784,0.37221269296740994,0.7635424354243543,0.6713066906151773,0.7905339331116761,0.6023391812865497,0.8025134649910234,0.5743927125506073,0.6396786155747837,0.5697652582159625,0.30097087378640774,0.4486301369863014,0.20934579439252338,0.8884297520661157,0.5112107623318386,0.8509664292980671,0.45454545454545453,0.45352400408580185,0.5988857938718662,0.7901296111665005,0.44021739130434784,0.37221269296740994,0.7635424354243543,0.6713066906151773,0.7905339331116761,0.6023391812865497,0.8025134649910234
115,0.6352,0.5847672064777328,0.649876390605686,0.5990610328638498,0.2977346278317152,0.4554794520547945,0.21869158878504674,0.8961776859504132,0.5184977578475336,0.8326551373346898,0.47107438016528924,0.4576098059244127,0.6183844011142061,0.7951146560319042,0.45652173913043476,0.38201421220289145,0.7707749077490775,0.6686124831612034,0.7881869743790338,0.631578947368421,0.8002692998204668,0.5847672064777328,0.649876390605686,0.5990610328638498,0.2977346278317152,0.4554794520547945,0.21869158878504674,0.8961776859504132,0.5184977578475336,0.8326551373346898,0.47107438016528924,0.4576098059244127,0.6183844011142061,0.7951146560319042,0.45652173913043476,0.38201421220289145,0.7707749077490775,0.6686124831612034,0.7881869743790338,0.631578947368421,0.8002692998204668
116,0.63,0.5910931174089069,0.6554388133498146,0.5692018779342723,0.3300970873786408,0.4486301369863014,0.2130841121495327,0.8858471074380165,0.5190582959641256,0.8395218718209563,0.4793388429752066,0.47088866189989786,0.6044568245125348,0.7986041874376869,0.44021739130434784,0.3947561872090174,0.7800738007380074,0.6908396946564885,0.7809505182867201,0.6257309941520468,0.7847845601436265,0.5910931174089069,0.6554388133498146,0.5692018779342723,0.3300970873786408,0.4486301369863014,0.2130841121495327,0.8858471074380165,0.5190582959641256,0.8395218718209563,0.4793388429752066,0.47088866189989786,0.6044568245125348,0.7986041874376869,0.44021739130434784,0.3947561872090174,0.7800738007380074,0.6908396946564885,0.7809505182867201,0.6257309941520468,0.7847845601436265
117,0.6322,0.5857793522267206,0.6504944375772559,0.5830985915492958,0.31715210355987056,0.4349315068493151,0.21495327102803738,0.8910123966942148,0.5072869955156951,0.840793489318413,0.4793388429752066,0.45658835546475995,0.6044568245125348,0.7931206380857427,0.44565217391304346,0.3822592501837785,0.7555719557195572,0.6674898967220476,0.7969880696264424,0.6023391812865497,0.8108168761220825,0.5857793522267206,0.6504944375772559,0.5830985915492958,0.31715210355987056,0.4349315068493151,0.21495327102803738,0.8910123966942148,0.5072869955156951,0.840793489318413,0.4793388429752066,0.45658835546475995,0.6044568245125348,0.7931206380857427,0.44565217391304346,0.3822592501837785,0.7555719557195572,0.6674898967220476,0.7969880696264424,0.6023391812865497,0.8108168761220825
118,0.628,0.5759109311740891,0.6504944375772559,0.6189671361502347,0.31715210355987056,0.4383561643835616,0.22429906542056074,0.8915289256198347,0.5330717488789237,0.8435910478128179,0.47107438016528924,0.4402451481103167,0.6072423398328691,0.8005982053838484,0.43478260869565216,0.38470962999264885,0.7577859778597786,0.652896273013022,0.8104830823391356,0.5964912280701754,0.8173249551166966,0.5759109311740891,0.6504944375772559,0.6189671361502347,0.31715210355987056,0.4383561643835616,0.22429906542056074,0.8915289256198347,0.5330717488789237,0.8435910478128179,0.47107438016528924,0.4402451481103167,0.6072423398328691,0.8005982053838484,0.43478260869565216,0.38470962999264885,0.7577859778597786,0.652896273013022,0.8104830823391356,0.5964912280701754,0.8173249551166966
119,0.6351,0.6075404858299596,0.6699629171817059,0.5682629107981221,0.313915857605178,0.4349315068493151,0.2130841121495327,0.8899793388429752,0.4971973094170404,0.8214649033570702,0.4628099173553719,0.46782431052093976,0.6239554317548747,0.8215353938185443,0.44021739130434784,0.38323940210732665,0.7716605166051661,0.6894925909295015,0.7699980442010561,0.6257309941520468,0.7856822262118492,0.6075404858299596,0.6699629171817059,0.5682629107981221,0.313915857605178,0.4349315068493151,0.2130841121495327,0.8899793388429752,0.4971973094170404,0.8214649033570702,0.4628099173553719,0.46782431052093976,0.6239554317548747,0.8215353938185443,0.44021739130434784,0.38323940210732665,0.7716605166051661,0.6894925909295015,0.7699980442010561,0.6257309941520468,0.7856822262118492
120,0.6258,0.5845141700404858,0.6449320148331273,0.5710798122065728,0.34627831715210355,0.4452054794520548,0.205607476635514,0.8889462809917356,0.5061659192825112,0.8402848423194303,0.4628099173553719,0.4627170582226762,0.6155988857938719,0.8090727816550349,0.43478260869565216,0.4057828963489341,0.76,0.6885945217781769,0.7836886368081362,0.6374269005847953,0.7888240574506283,0.5845141700404858,0.6449320148331273,0.5710798122065728,0.34627831715210355,0.4452054794520548,0.205607476635514,0.8889462809917356,0.5061659192825112,0.8402848423194303,0.4628099173553719,0.4627170582226762,0.6155988857938719,0.8090727816550349,0.43478260869565216,0.4057828963489341,0.76,0.6885945217781769,0.7836886368081362,0.6374269005847953,0.7888240574506283
121,0.628,0.5855263157894737,0.6526576019777504,0.5998122065727699,0.30097087378640774,0.4554794520547945,0.205607476635514,0.8920454545454546,0.5196188340807175,0.8351983723296033,0.48760330578512395,0.4637385086823289,0.6239554317548747,0.8095712861415753,0.44565217391304346,0.3844645920117618,0.7554243542435425,0.6740008980691513,0.7877958145902602,0.6491228070175439,0.7816427289048474,0.5855263157894737,0.6526576019777504,0.5998122065727699,0.30097087378640774,0.4554794520547945,0.205607476635514,0.8920454545454546,0.5196188340807175,0.8351983723296033,0.48760330578512395,0.4637385086823289,0.6239554317548747,0.8095712861415753,0.44565217391304346,0.3844645920117618,0.7554243542435425,0.6740008980691513,0.7877958145902602,0.6491228070175439,0.7816427289048474
122,0.6266,0.5885627530364372,0.673053152039555,0.592112676056338,0.343042071197411,0.4486301369863014,0.21495327102803738,0.8941115702479339,0.522982062780269,0.8369786368260427,0.48760330578512395,0.4463738508682329,0.6128133704735376,0.8000997008973081,0.45108695652173914,0.41607449154618964,0.7597047970479704,0.6681634485855411,0.7930764717387052,0.6257309941520468,0.7877019748653501,0.5885627530364372,0.673053152039555,0.592112676056338,0.343042071197411,0.4486301369863014,0.21495327102803738,0.8941115702479339,0.522982062780269,0.8369786368260427,0.48760330578512395,0.4463738508682329,0.6128133704735376,0.8000997008973081,0.45108695652173914,0.41607449154618964,0.7597047970479704,0.6681634485855411,0.7930764717387052,0.6257309941520468,0.7877019748653501
123,0.6329,0.5953947368421053,0.6520395550061805,0.6369953051643192,0.31715210355987056,0.4417808219178082,0.2130841121495327,0.893595041322314,0.5044843049327354,0.8374872838250255,0.47107438016528924,0.466802860061287,0.6211699164345403,0.7996011964107677,0.45108695652173914,0.39500122518990444,0.7608856088560886,0.6659182757072295,0.7832974770193624,0.6140350877192983,0.7908438061041293,0.5953947368421053,0.6520395550061805,0.6369953051643192,0.31715210355987056,0.4417808219178082,0.2130841121495327,0.893595041322314,0.5044843049327354,0.8374872838250255,0.47107438016528924,0.466802860061287,0.6211699164345403,0.7996011964107677,0.45108695652173914,0.39500122518990444,0.7608856088560886,0.6659182757072295,0.7832974770193624,0.6140350877192983,0.7908438061041293
124,0.6318,0.5708502024291497,0.6316440049443758,0.5628169014084508,0.2912621359223301,0.4486301369863014,0.205607476635514,0.8899793388429752,0.5336322869955157,0.8415564598168871,0.47107438016528924,0.45965270684371806,0.6072423398328691,0.8150548354935194,0.45652173913043476,0.37294780691007107,0.778450184501845,0.6937584193982936,0.7960101701545081,0.6198830409356725,0.7921903052064632,0.5708502024291497,0.6316440049443758,0.5628169014084508,0.2912621359223301,0.4486301369863014,0.205607476635514,0.8899793388429752,0.5336322869955157,0.8415564598168871,0.47107438016528924,0.45965270684371806,0.6072423398328691,0.8150548354935194,0.45652173913043476,0.37294780691007107,0.778450184501845,0.6937584193982936,0.7960101701545081,0.6198830409356725,0.7921903052064632
125,0.6265,0.59084008097166,0.6696538936959209,0.5780281690140845,0.3592233009708738,0.4315068493150685,0.20934579439252338,0.8966942148760331,0.5067264573991032,0.840793489318413,0.4628099173553719,0.4616956077630235,0.6183844011142061,0.8055832502492523,0.45652173913043476,0.42489585885812303,0.7571955719557195,0.652896273013022,0.7915118325836104,0.6140350877192983,0.8179982046678635,0.59084008097166,0.6696538936959209,0.5780281690140845,0.3592233009708738,0.4315068493150685,0.20934579439252338,0.8966942148760331,0.5067264573991032,0.840793489318413,0.4628099173553719,0.4616956077630235,0.6183844011142061,0.8055832502492523,0.45652173913043476,0.42489585885812303,0.7571955719557195,0.652896273013022,0.7915118325836104,0.6140350877192983,0.8179982046678635
126,0.629,0.5984311740890689,0.6711990111248455,0.5984976525821596,0.32362459546925565,0.4486301369863014,0.2130841121495327,0.8930785123966942,0.5,0.8372329603255341,0.48760330578512395,0.45658835546475995,0.6183844011142061,0.7976071784646062,0.45108695652173914,0.418034795393286,0.7625092250922509,0.6598563089357881,0.7795814590260122,0.5847953216374269,0.8067773788150808,0.5984311740890689,0.6711990111248455,0.5984976525821596,0.32362459546925565,0.4486301369863014,0.2130841121495327,0.8930785123966942,0.5,0.8372329603255341,0.48760330578512395,0.45658835546475995,0.6183844011142061,0.7976071784646062,0.45108695652173914,0.418034795393286,0.7625092250922509,0.6598563089357881,0.7795814590260122,0.5847953216374269,0.8067773788150808
127,0.6319,0.5913461538461539,0.6696538936959209,0.6311737089201878,0.343042071197411,0.4520547945205479,0.2205607476635514,0.8951446280991735,0.48710762331838564,0.8377416073245167,0.4462809917355372,0.4514811031664964,0.6072423398328691,0.7941176470588235,0.45108695652173914,0.4155844155844156,0.7694464944649446,0.655590480466996,0.7954234304713476,0.6081871345029239,0.8043087971274686,0.5913461538461539,0.6696538936959209,0.6311737089201878,0.343042071197411,0.4520547945205479,0.2205607476635514,0.8951446280991735,0.48710762331838564,0.8377416073245167,0.4462809917355372,0.4514811031664964,0.6072423398328691,0.7941176470588235,0.45108695652173914,0.4155844155844156,0.7694464944649446,0.655590480466996,0.7954234304713476,0.6081871345029239,0.8043087971274686
128,0.622,0.5718623481781376,0.6486402966625463,0.6144600938967136,0.36893203883495146,0.4589041095890411,0.20747663551401868,0.8966942148760331,0.5134529147982063,0.8466429298067142,0.47107438016528924,0.4514811031664964,0.6044568245125348,0.8050847457627118,0.43478260869565216,0.4072531242342563,0.7512915129151292,0.6690615177368657,0.8091140230784275,0.6023391812865497,0.7939856373429084,0.5718623481781376,0.6486402966625463,0.6144600938967136,0.36893203883495146,0.4589041095890411,0.20747663551401868,0.8966942148760331,0.5134529147982063,0.8466429298067142,0.47107438016528924,0.4514811031664964,0.6044568245125348,0.8050847457627118,0.43478260869565216,0.4072531242342563,0.7512915129151292,0.6690615177368657,0.8091140230784275,0.6023391812865497,0.7939856373429084
129,0.6302,0.5883097165991903,0.6721260815822002,0.6191549295774648,0.34627831715210355,0.4452054794520548,0.21869158878504674,0.8992768595041323,0.5011210762331838,0.8405391658189216,0.4628099173553719,0.45965270684371806,0.6239554317548747,0.8170488534396809,0.45652173913043476,0.4121538838519971,0.7715129151291513,0.6757970363718007,0.7883825542734207,0.6140350877192983,0.7885996409335727,0.5883097165991903,0.6721260815822002,0.6191549295774648,0.34627831715210355,0.4452054794520548,0.21869158878504674,0.8992768595041323,0.5011210762331838,0.8405391658189216,0.4628099173553719,0.45965270684371806,0.6239554317548747,0.8170488534396809,0.45652173913043476,0.4121538838519971,0.7715129151291513,0.6757970363718007,0.7883825542734207,0.6140350877192983,0.7885996409335727
130,0.62,0.5910931174089069,0.6631644004944376,0.6035680751173709,0.3559870550161812,0.4486301369863014,0.2,0.8951446280991735,0.4876681614349776,0.8440996948118006,0.47107438016528924,0.46782431052093976,0.5988857938718662,0.8095712861415753,0.45108695652173914,0.4219554030874786,0.7496678966789668,0.6809609339919174,0.8038333659299824,0.631578947368421,0.775359066427289,0.5910931174089069,0.6631644004944376,0.6035680751173709,0.3559870550161812,0.4486301369863014,0.2,0.8951446280991735,0.4876681614349776,0.8440996948118006,0.47107438016528924,0.46782431052093976,0.5988857938718662,0.8095712861415753,0.45108695652173914,0.4219554030874786,0.7496678966789668,0.6809609339919174,0.8038333659299824,0.631578947368421,0.775359066427289
131,0.6278,0.6072874493927125,0.6813967861557478,0.5904225352112676,0.3592233009708738,0.4520547945205479,0.20934579439252338,0.8915289256198347,0.48654708520179374,0.832909460834181,0.47107438016528924,0.47497446373850866,0.6100278551532033,0.8130608175473579,0.44021739130434784,0.4528301886792453,0.745830258302583,0.6811854512797485,0.779777038920399,0.6374269005847953,0.7964542190305206,0.6072874493927125,0.6813967861557478,0.5904225352112676,0.3592233009708738,0.4520547945205479,0.20934579439252338,0.8915289256198347,0.48654708520179374,0.832909460834181,0.47107438016528924,0.47497446373850866,0.6100278551532033,0.8130608175473579,0.44021739130434784,0.4528301886792453,0.745830258302583,0.6811854512797485,0.779777038920399,0.6374269005847953,0.7964542190305206
132,0.6317,0.5857793522267206,0.676761433868974,0.643755868544601,0.36245954692556637,0.4452054794520548,0.2130841121495327,0.8966942148760331,0.4938340807174888,0.8504577822990844,0.45454545454545453,0.45352400408580185,0.6128133704735376,0.8085742771684945,0.44021739130434784,0.4295515804949767,0.7601476014760148,0.6701841041760216,0.7940543712106396,0.6257309941520468,0.8056552962298025,0.5857793522267206,0.676761433868974,0.643755868544601,0.36245954692556637,0.4452054794520548,0.2130841121495327,0.8966942148760331,0.4938340807174888,0.8504577822990844,0.45454545454545453,0.45352400408580185,0.6128133704735376,0.8085742771684945,0.44021739130434784,0.4295515804949767,0.7601476014760148,0.6701841041760216,0.7940543712106396,0.6257309941520468,0.8056552962298025
133,0.6254,0.5824898785425101,0.6508034610630408,0.572018779342723,0.3074433656957929,0.4520547945205479,0.2130841121495327,0.8987603305785123,0.5269058295964125,0.8504577822990844,0.4628099173553719,0.4637385086823289,0.6155988857938719,0.8140578265204387,0.45108695652173914,0.3908355795148248,0.7617712177121772,0.6861248316120341,0.8034422061412086,0.6432748538011696,0.7829892280071813,0.5824898785425101,0.6508034610630408,0.572018779342723,0.3074433656957929,0.4520547945205479,0.2130841121495327,0.8987603305785123,0.5269058295964125,0.8504577822990844,0.4628099173553719,0.4637385086823289,0.6155988857938719,0.8140578265204387,0.45108695652173914,0.3908355795148248,0.7617712177121772,0.6861248316120341,0.8034422061412086,0.6432748538011696,0.7829892280071813
134,0.6297,0.604251012145749,0.6761433868974042,0.6195305164319249,0.35275080906148865,0.4417808219178082,0.21682242990654205,0.8842975206611571,0.47757847533632286,0.8212105798575788,0.4793388429752066,0.473953013278856,0.6350974930362117,0.806580259222333,0.44565217391304346,0.4489095809850527,0.7670848708487085,0.6744499326448137,0.7719538431449247,0.6374269005847953,0.7879263913824057,0.604251012145749,0.6761433868974042,0.6195305164319249,0.35275080906148865,0.4417808219178082,0.21682242990654205,0.8842975206611571,0.47757847533632286,0.8212105798575788,0.4793388429752066,0.473953013278856,0.6350974930362117,0.806580259222333,0.44565217391304346,0.4489095809850527,0.7670848708487085,0.6744499326448137,0.7719538431449247,0.6374269005847953,0.7879263913824057
135,0.6311,0.5817307692307693,0.6501854140914709,0.5868544600938967,0.32362459546925565,0.4486301369863014,0.21682242990654205,0.9003099173553719,0.5297085201793722,0.844354018311292,0.48760330578512395,0.46782431052093976,0.6211699164345403,0.8165503489531406,0.44565217391304346,0.39720656701788776,0.7775645756457564,0.6809609339919174,0.7864267553295521,0.6491228070175439,0.7915170556552962,0.5817307692307693,0.6501854140914709,0.5868544600938967,0.32362459546925565,0.4486301369863014,0.21682242990654205,0.9003099173553719,0.5297085201793722,0.844354018311292,0.48760330578512395,0.46782431052093976,0.6211699164345403,0.8165503489531406,0.44565217391304346,0.39720656701788776,0.7775645756457564,0.6809609339919174,0.7864267553295521,0.6491228070175439,0.7915170556552962
136,0.6282,0.6024797570850202,0.669344870210136,0.6033802816901408,0.37216828478964403,0.4417808219178082,0.2130841121495327,0.8966942148760331,0.4798206278026906,0.8420651068158698,0.4462809917355372,0.4821246169560776,0.6267409470752089,0.810568295114656,0.44565217391304346,0.43616760597892673,0.749520295202952,0.6670408621463852,0.7887737140621944,0.6608187134502924,0.7946588868940754,0.6024797570850202,0.669344870210136,0.6033802816901408,0.37216828478964403,0.4417808219178082,0.2130841121495327,0.8966942148760331,0.4798206278026906,0.8420651068158698,0.4462809917355372,0.4821246169560776,0.6267409470752089,0.810568295114656,0.44565217391304346,0.43616760597892673,0.749520295202952,0.6670408621463852,0.7887737140621944,0.6608187134502924,0.7946588868940754
137,0.6197,0.583248987854251,0.6715080346106304,0.6084507042253521,0.3883495145631068,0.4349315068493151,0.21869158878504674,0.8951446280991735,0.5140134529147982,0.8611393692777213,0.47107438016528924,0.4433094994892748,0.6016713091922006,0.8075772681954138,0.45108695652173914,0.4437637833864249,0.7344649446494464,0.6636731028289178,0.8151769998044202,0.6549707602339181,0.8211400359066428,0.583248987854251,0.6715080346106304,0.6084507042253521,0.3883495145631068,0.4349315068493151,0.21869158878504674,0.8951446280991735,0.5140134529147982,0.8611393692777213,0.47107438016528924,0.4433094994892748,0.6016713091922006,0.8075772681954138,0.45108695652173914,0.4437637833864249,0.7344649446494464,0.6636731028289178,0.8151769998044202,0.6549707602339181,0.8211400359066428
138,0.6324,0.5981781376518218,0.6634734239802225,0.6105164319248826,0.34627831715210355,0.4452054794520548,0.2130841121495327,0.8930785123966942,0.5112107623318386,0.8440996948118006,0.4628099173553719,0.48723186925434114,0.6128133704735376,0.8160518444666002,0.44565217391304346,0.41729968145062485,0.7467158671586716,0.6847777278850471,0.7971836495208292,0.6491228070175439,0.789721723518851,0.5981781376518218,0.6634734239802225,0.6105164319248826,0.34627831715210355,0.4452054794520548,0.2130841121495327,0.8930785123966942,0.5112107623318386,0.8440996948118006,0.4628099173553719,0.48723186925434114,0.6128133704735376,0.8160518444666002,0.44565217391304346,0.41729968145062485,0.7467158671586716,0.6847777278850471,0.7971836495208292,0.6491228070175439,0.789721723518851
139,0.6181,0.5875506072874493,0.6640914709517923,0.6052582159624413,0.36245954692556637,0.4452054794520548,0.2130841121495327,0.8977272727272727,0.507847533632287,0.8611393692777213,0.45454545454545453,0.449438202247191,0.5793871866295265,0.7981056829511466,0.45108695652173914,0.4364126439598138,0.7577859778597786,0.6591827570722946,0.8157637394875806,0.6374269005847953,0.7883752244165171,0.5875506072874493,0.6640914709517923,0.6052582159624413,0.36245954692556637,0.4452054794520548,0.2130841121495327,0.8977272727272727,0.507847533632287,0.8611393692777213,0.45454545454545453,0.449438202247191,0.5793871866295265,0.7981056829511466,0.45108695652173914,0.4364126439598138,0.7577859778597786,0.6591827570722946,0.8157637394875806,0.6374269005847953,0.7883752244165171
140,0.6392,0.6260121457489879,0.6786155747836835,0.6067605633802817,0.35275080906148865,0.4486301369863014,0.2205607476635514,0.8925619834710744,0.4702914798206278,0.82706002034588,0.45454545454545453,0.5076608784473953,0.637883008356546,0.8140578265204387,0.44565217391304346,0.4293065425140897,0.7676752767527675,0.6762460709474629,0.7508312145511441,0.631578947368421,0.7892728904847397,0.6260121457489879,0.6786155747836835,0.6067605633802817,0.35275080906148865,0.4486301369863014,0.2205607476635514,0.8925619834710744,0.4702914798206278,0.82706002034588,0.45454545454545453,0.5076608784473953,0.637883008356546,0.8140578265204387,0.44565217391304346,0.4293065425140897,0.7676752767527675,0.6762460709474629,0.7508312145511441,0.631578947368421,0.7892728904847397
141,0.6193,0.576163967611336,0.6603831891223733,0.6005633802816901,0.3559870550161812,0.4315068493150685,0.21495327102803738,0.8966942148760331,0.5347533632286996,0.8685147507629705,0.47107438016528924,0.4627170582226762,0.5766016713091922,0.8040877367896311,0.4673913043478261,0.42391570693457487,0.7543911439114391,0.6841041760215537,0.8247604146293761,0.695906432748538,0.7995960502692998,0.576163967611336,0.6603831891223733,0.6005633802816901,0.3559870550161812,0.4315068493150685,0.21495327102803738,0.8966942148760331,0.5347533632286996,0.8685147507629705,0.47107438016528924,0.4627170582226762,0.5766016713091922,0.8040877367896311,0.4673913043478261,0.42391570693457487,0.7543911439114391,0.6841041760215537,0.8247604146293761,0.695906432748538,0.7995960502692998
142,0.6239,0.5893218623481782,0.6557478368355995,0.6129577464788732,0.34627831715210355,0.4486301369863014,0.22990654205607478,0.8951446280991735,0.5218609865470852,0.844354018311292,0.47107438016528924,0.4759959141981614,0.6267409470752089,0.8130608175473579,0.44021739130434784,0.41950502327860817,0.7588191881918819,0.6695105523125281,0.7981615489927636,0.6549707602339181,0.7933123877917415,0.5893218623481782,0.6557478368355995,0.6129577464788732,0.34627831715210355,0.4486301369863014,0.22990654205607478,0.8951446280991735,0.5218609865470852,0.844354018311292,0.47107438016528924,0.4759959141981614,0.6267409470752089,0.8130608175473579,0.44021739130434784,0.41950502327860817,0.7588191881918819,0.6695105523125281,0.7981615489927636,0.6549707602339181,0.7933123877917415
143,0.629,0.611336032388664,0.6894313967861557,0.6133333333333333,0.35275080906148865,0.4486301369863014,0.21869158878504674,0.8951446280991735,0.5011210762331838,0.8331637843336724,0.45454545454545453,0.48927477017364657,0.6350974930362117,0.8145563310069791,0.42934782608695654,0.4234256309728008,0.7530627306273062,0.6683879658733722,0.771562683356151,0.6491228070175439,0.7816427289048474,0.611336032388664,0.6894313967861557,0.6133333333333333,0.35275080906148865,0.4486301369863014,0.21869158878504674,0.8951446280991735,0.5011210762331838,0.8331637843336724,0.45454545454545453,0.48927477017364657,0.6350974930362117,0.8145563310069791,0.42934782608695654,0.4234256309728008,0.7530627306273062,0.6683879658733722,0.771562683356151,0.6491228070175439,0.7816427289048474
144,0.6227,0.583248987854251,0.6603831891223733,0.5885446009389671,0.3333333333333333,0.4554794520547945,0.21869158878504674,0.893595041322314,0.5207399103139013,0.8583418107833164,0.4628099173553719,0.45454545454545453,0.6044568245125348,0.8005982053838484,0.45652173913043476,0.411663807890223,0.7709225092250922,0.6757970363718007,0.807158224134559,0.6608187134502924,0.7926391382405745,0.583248987854251,0.6603831891223733,0.5885446009389671,0.3333333333333333,0.4554794520547945,0.21869158878504674,0.893595041322314,0.5207399103139013,0.8583418107833164,0.4628099173553719,0.45454545454545453,0.6044568245125348,0.8005982053838484,0.45652173913043476,0.411663807890223,0.7709225092250922,0.6757970363718007,0.807158224134559,0.6608187134502924,0.7926391382405745
145,0.6233,0.5936234817813765,0.6603831891223733,0.5870422535211267,0.36893203883495146,0.4349315068493151,0.21495327102803738,0.8992768595041323,0.507847533632287,0.8420651068158698,0.45454545454545453,0.4586312563840654,0.6239554317548747,0.7911266201395812,0.44565217391304346,0.42048517520215634,0.7750553505535055,0.662550516389762,0.7942499511050264,0.631578947368421,0.7807450628366248,0.5936234817813765,0.6603831891223733,0.5870422535211267,0.36893203883495146,0.4349315068493151,0.21495327102803738,0.8992768595041323,0.507847533632287,0.8420651068158698,0.45454545454545453,0.4586312563840654,0.6239554317548747,0.7911266201395812,0.44565217391304346,0.42048517520215634,0.7750553505535055,0.662550516389762,0.7942499511050264,0.631578947368421,0.7807450628366248
146,0.6201,0.6085526315789473,0.7005562422744128,0.5981220657276995,0.42071197411003236,0.4315068493150685,0.21495327102803738,0.8987603305785123,0.46524663677130046,0.8341810783316378,0.45454545454545453,0.4790602655771195,0.6044568245125348,0.8090727816550349,0.42934782608695654,0.4805194805194805,0.7521771217712178,0.6699595868881904,0.7944455309994133,0.6549707602339181,0.7661579892280072,0.6085526315789473,0.7005562422744128,0.5981220657276995,0.42071197411003236,0.4315068493150685,0.21495327102803738,0.8987603305785123,0.46524663677130046,0.8341810783316378,0.45454545454545453,0.4790602655771195,0.6044568245125348,0.8090727816550349,0.42934782608695654,0.4805194805194805,0.7521771217712178,0.6699595868881904,0.7944455309994133,0.6549707602339181,0.7661579892280072
147,0.6241,0.5769230769230769,0.6440049443757726,0.6351173708920188,0.3559870550161812,0.4520547945205479,0.2336448598130841,0.893595041322314,0.5184977578475336,0.861648016276704,0.45454545454545453,0.45965270684371806,0.6072423398328691,0.8020937188434696,0.44021739130434784,0.4065180102915952,0.7535055350553506,0.6571621014818141,0.8075493839233326,0.631578947368421,0.8119389587073609,0.5769230769230769,0.6440049443757726,0.6351173708920188,0.3559870550161812,0.4520547945205479,0.2336448598130841,0.893595041322314,0.5184977578475336,0.861648016276704,0.45454545454545453,0.45965270684371806,0.6072423398328691,0.8020937188434696,0.44021739130434784,0.4065180102915952,0.7535055350553506,0.6571621014818141,0.8075493839233326,0.631578947368421,0.8119389587073609
148,0.628,0.5885627530364372,0.6640914709517923,0.6330516431924883,0.3786407766990291,0.4349315068493151,0.21682242990654205,0.8920454545454546,0.5201793721973094,0.8438453713123093,0.4793388429752066,0.47191011235955055,0.6100278551532033,0.8070787637088733,0.42934782608695654,0.40798823817691743,0.7471586715867159,0.6679389312977099,0.8157637394875806,0.6666666666666666,0.7933123877917415,0.5885627530364372,0.6640914709517923,0.6330516431924883,0.3786407766990291,0.4349315068493151,0.21682242990654205,0.8920454545454546,0.5201793721973094,0.8438453713123093,0.4793388429752066,0.47191011235955055,0.6100278551532033,0.8070787637088733,0.42934782608695654,0.40798823817691743,0.7471586715867159,0.6679389312977099,0.8157637394875806,0.6666666666666666,0.7933123877917415
149,0.6306,0.5946356275303644,0.6637824474660075,0.6195305164319249,0.40129449838187703,0.4520547945205479,0.2336448598130841,0.8982438016528925,0.4899103139013453,0.8499491353001017,0.4462809917355372,0.4759959141981614,0.6239554317548747,0.8085742771684945,0.45108695652173914,0.444253859348199,0.7602952029520296,0.6659182757072295,0.7856444357520047,0.6549707602339181,0.7939856373429084,0.5946356275303644,0.6637824474660075,0.6195305164319249,0.40129449838187703,0.4520547945205479,0.2336448598130841,0.8982438016528925,0.4899103139013453,0.8499491353001017,0.4462809917355372,0.4759959141981614,0.6239554317548747,0.8085742771684945,0.45108695652173914,0.444253859348199,0.7602952029520296,0.6659182757072295,0.7856444357520047,0.6549707602339181,0.7939856373429084
150,0.5614,0.4876012145748988,0.5905438813349815,0.5049765258215962,0.21035598705501618,0.7157534246575342,0.5327102803738317,0.2964876033057851,0.6541479820627802,0.7349949135300101,0.5041322314049587,0.42288049029622066,0.5153203342618384,0.7716849451645065,0.657608695652174,0.2908600833129135,0.7487822878228783,0.7173327346205658,0.32172892626637983,0.5730994152046783,0.6644973070017953,0.4876012145748988,0.5905438813349815,0.5049765258215962,0.21035598705501618,0.7157534246575342,0.5327102803738317,0.8822314049586777,0.6541479820627802,0.7349949135300101,0.5454545454545454,0.42288049029622066,0.5153203342618384,0.7716849451645065,0.657608695652174,0.2908600833129135,0.7487822878228783,0.7173327346205658,0.9153139057304909,0.5730994152046783,0.941427289048474
151,0.5495,0.5126518218623481,0.6069221260815822,0.48901408450704226,0.37216828478964403,0.7054794520547946,0.5401869158878505,0.31663223140495866,0.5397982062780269,0.7301627670396744,0.45454545454545453,0.4606741573033708,0.5348189415041783,0.7622133599202393,0.6847826086956522,0.4410683655966675,0.737859778597786,0.6910642119443197,0.30275767651085467,0.5614035087719298,0.6501346499102334,0.5126518218623481,0.6069221260815822,0.48901408450704226,0.37216828478964403,0.7054794520547946,0.5401869158878505,0.9457644628099173,0.5397982062780269,0.7301627670396744,0.5289256198347108,0.4606741573033708,0.5348189415041783,0.7622133599202393,0.6847826086956522,0.4410683655966675,0.737859778597786,0.6910642119443197,0.9499315470369646,0.5614035087719298,0.9717235188509874
152,0.5546,0.5083502024291497,0.5936341161928307,0.6112676056338028,0.3948220064724919,0.6883561643835616,0.5177570093457944,0.3197314049586777,0.5028026905829597,0.7243133265513734,0.4380165289256198,0.4484167517875383,0.520891364902507,0.7607178464606181,0.6793478260869565,0.4560156824307768,0.7504059040590406,0.7067804220925011,0.3141013103852924,0.5789473684210527,0.6128815080789947,0.5083502024291497,0.5936341161928307,0.6112676056338028,0.3948220064724919,0.6883561643835616,0.5177570093457944,0.9628099173553719,0.5028026905829597,0.7243133265513734,0.5867768595041323,0.4484167517875383,0.520891364902507,0.7607178464606181,0.6793478260869565,0.4560156824307768,0.7504059040590406,0.7067804220925011,0.9587326422843732,0.5789473684210527,0.9762118491921006
153,0.5402,0.5096153846153846,0.6063040791100124,0.5064788732394366,0.42394822006472493,0.7123287671232876,0.5196261682242991,0.3347107438016529,0.4960762331838565,0.714649033570702,0.45454545454545453,0.46884576098059244,0.5125348189415042,0.765702891326022,0.6793478260869565,0.4761087968635139,0.752619926199262,0.72586439155815,0.3072560140817524,0.6140350877192983,0.5951526032315978,0.5096153846153846,0.6063040791100124,0.5064788732394366,0.42394822006472493,0.7123287671232876,0.5196261682242991,0.9416322314049587,0.4960762331838565,0.714649033570702,0.628099173553719,0.46884576098059244,0.5125348189415042,0.765702891326022,0.6793478260869565,0.4761087968635139,0.752619926199262,0.72586439155815,0.9628398200664972,0.6140350877192983,0.9833931777378815
154,0.4875,0.38031376518218624,0.45333745364647715,0.5061032863849765,0.39805825242718446,0.6472602739726028,0.45607476635514016,0.5294421487603306,0.547085201793722,0.797558494404883,0.4793388429752066,0.4198161389172625,0.3286908077994429,0.646061814556331,0.6141304347826086,0.45135996079392304,0.6699630996309963,0.7249663224068253,0.5298259338939957,0.5964912280701754,0.6943447037701975,0.38031376518218624,0.45333745364647715,0.5061032863849765,0.39805825242718446,0.6472602739726028,0.45607476635514016,0.5294421487603306,0.547085201793722,0.797558494404883,0.6859504132231405,0.4198161389172625,0.3286908077994429,0.646061814556331,0.6141304347826086,0.45135996079392304,0.6699630996309963,0.7249663224068253,0.5298259338939957,0.5964912280701754,0.9847396768402155
155,0.4769,0.34134615384615385,0.4122373300370828,0.39943661971830985,0.3883495145631068,0.636986301369863,0.4785046728971963,0.5005165289256198,0.5823991031390134,0.7998474059003052,0.5454545454545454,0.42594484167517876,0.3370473537604457,0.6719840478564307,0.6521739130434783,0.4170546434697378,0.6879704797047971,0.7373147732375392,0.5904557011539214,0.6257309941520468,0.7405745062836625,0.34134615384615385,0.4122373300370828,0.39943661971830985,0.3883495145631068,0.636986301369863,0.4785046728971963,0.5005165289256198,0.5823991031390134,0.7998474059003052,0.7520661157024794,0.42594484167517876,0.3370473537604457,0.6719840478564307,0.6521739130434783,0.4170546434697378,0.6879704797047971,0.7373147732375392,0.5904557011539214,0.6257309941520468,0.7405745062836625
156,0.4739,0.3408400809716599,0.40512978986402964,0.5168075117370892,0.3786407766990291,0.6335616438356164,0.4672897196261682,0.5253099173553719,0.554372197309417,0.8110376398779248,0.5454545454545454,0.4136874361593463,0.3370473537604457,0.6485543369890329,0.6413043478260869,0.4371477579024749,0.6605166051660517,0.7081275258194881,0.6117739096420888,0.5906432748538012,0.7903949730700179,0.3408400809716599,0.40512978986402964,0.5168075117370892,0.3786407766990291,0.6335616438356164,0.4672897196261682,0.5253099173553719,0.554372197309417,0.8110376398779248,0.743801652892562,0.4136874361593463,0.3370473537604457,0.6485543369890329,0.6413043478260869,0.4371477579024749,0.6605166051660517,0.7081275258194881,0.6117739096420888,0.5906432748538012,0.7903949730700179
157,0.4697,0.35880566801619435,0.4310877626699629,0.4407511737089202,0.4045307443365696,0.6472602739726028,0.4934579439252336,0.5263429752066116,0.5644618834080718,0.806968463886063,0.5454545454545454,0.41470888661899896,0.3426183844011142,0.6600199401794616,0.6413043478260869,0.4410683655966675,0.6748339483394834,0.7171082173327347,0.6082534715431254,0.6257309941520468,0.7520197486535009,0.35880566801619435,0.4310877626699629,0.4407511737089202,0.4045307443365696,0.6472602739726028,0.4934579439252336,0.5263429752066116,0.5644618834080718,0.806968463886063,0.5454545454545454,0.41470888661899896,0.3426183844011142,0.6600199401794616,0.6413043478260869,0.4410683655966675,0.6748339483394834,0.7171082173327347,0.6082534715431254,0.6257309941520468,0.7520197486535009
158,0.4821,0.3524797570850202,0.4252163164400494,0.48807511737089204,0.39158576051779936,0.6575342465753424,0.48598130841121495,0.4772727272727273,0.5723094170403588,0.7955239064089522,0.5041322314049587,0.4157303370786517,0.4011142061281337,0.707876370887338,0.657608695652174,0.4359225679980397,0.6884132841328413,0.7189043556353839,0.6094269509094465,0.631578947368421,0.7643626570915619,0.3524797570850202,0.4252163164400494,0.48807511737089204,0.39158576051779936,0.6575342465753424,0.48598130841121495,0.4772727272727273,0.5723094170403588,0.7955239064089522,0.5041322314049587,0.4157303370786517,0.4011142061281337,0.707876370887338,0.657608695652174,0.4359225679980397,0.6884132841328413,0.7189043556353839,0.6094269509094465,0.631578947368421,0.7643626570915619
159,0.4901,0.353997975708502,0.42552533992583436,0.5284507042253521,0.39158576051779936,0.6232876712328768,0.45981308411214955,0.4994834710743802,0.5678251121076233,0.8036622583926755,0.5041322314049587,0.39938712972420837,0.3398328690807799,0.6764705882352942,0.657608695652174,0.44082332761578047,0.6767527675276753,0.6989223170184105,0.5888910619988266,0.6023391812865497,0.7627917414721723,0.353997975708502,0.42552533992583436,0.5284507042253521,0.39158576051779936,0.6232876712328768,0.45981308411214955,0.4994834710743802,0.5678251121076233,0.8036622583926755,0.5041322314049587,0.39938712972420837,0.3398328690807799,0.6764705882352942,0.657608695652174,0.44082332761578047,0.6767527675276753,0.6989223170184105,0.5888910619988266,0.6023391812865497,0.7627917414721723
160,0.4717,0.354251012145749,0.4279975278121137,0.4505164319248826,0.43042071197411,0.660958904109589,0.5009345794392523,0.5129132231404959,0.5650224215246636,0.8001017293997965,0.5206611570247934,0.42083758937691523,0.33147632311977715,0.6819541375872383,0.6739130434782609,0.45797598627787306,0.6701107011070111,0.7141894925909295,0.6107960101701545,0.6198830409356725,0.7782764811490126,0.354251012145749,0.4279975278121137,0.4505164319248826,0.43042071197411,0.660958904109589,0.5009345794392523,0.5129132231404959,0.5650224215246636,0.8001017293997965,0.5206611570247934,0.42083758937691523,0.33147632311977715,0.6819541375872383,0.6739130434782609,0.45797598627787306,0.6701107011070111,0.7141894925909295,0.6107960101701545,0.6198830409356725,0.7782764811490126
161,0.4768,0.3433704453441296,0.4100741656365884,0.5136150234741784,0.3948220064724919,0.6506849315068494,0.47289719626168225,0.5149793388429752,0.5554932735426009,0.8034079348931842,0.47107438016528924,0.4198161389172625,0.3370473537604457,0.6694915254237288,0.6684782608695652,0.4567507963734379,0.6766051660516605,0.7074539739559946,0.6244866027772344,0.6257309941520468,0.749326750448833,0.3433704453441296,0.4100741656365884,0.5136150234741784,0.3948220064724919,0.6506849315068494,0.47289719626168225,0.5149793388429752,0.5554932735426009,0.8034079348931842,0.47107438016528924,0.4198161389172625,0.3370473537604457,0.6694915254237288,0.6684782608695652,0.4567507963734379,0.6766051660516605,0.7074539739559946,0.6244866027772344,0.6257309941520468,0.749326750448833
162,0.48,0.3565283400809717,0.4211990111248455,0.47455399061032866,0.41423948220064727,0.636986301369863,0.4785046728971963,0.5015495867768595,0.554372197309417,0.8003560528992879,0.5041322314049587,0.42696629213483145,0.36768802228412256,0.7013958125623131,0.657608695652174,0.47096299926488605,0.6749815498154982,0.7189043556353839,0.608840211226286,0.6374269005847953,0.7710951526032316,0.3565283400809717,0.4211990111248455,0.47455399061032866,0.41423948220064727,0.636986301369863,0.4785046728971963,0.5015495867768595,0.554372197309417,0.8003560528992879,0.5041322314049587,0.42696629213483145,0.36768802228412256,0.7013958125623131,0.657608695652174,0.47096299926488605,0.6749815498154982,0.7189043556353839,0.608840211226286,0.6374269005847953,0.7710951526032316
163,0.4682,0.3236336032388664,0.39555006180469715,0.5455399061032864,0.41423948220064727,0.6301369863013698,0.4785046728971963,0.5191115702479339,0.5554932735426009,0.8064598168870803,0.4793388429752066,0.40755873340143,0.362116991643454,0.6774675972083749,0.6793478260869565,0.4636118598382749,0.6761623616236162,0.6894925909295015,0.6596909837668687,0.5906432748538012,0.7966786355475763,0.3236336032388664,0.39555006180469715,0.5455399061032864,0.41423948220064727,0.6301369863013698,0.4785046728971963,0.5191115702479339,0.5554932735426009,0.8064598168870803,0.4793388429752066,0.40755873340143,0.362116991643454,0.6774675972083749,0.6793478260869565,0.4636118598382749,0.6761623616236162,0.6894925909295015,0.6596909837668687,0.5906432748538012,0.7966786355475763
164,0.4814,0.35450404858299595,0.41656365883807167,0.4373708920187793,0.37216828478964403,0.636986301369863,0.47102803738317756,0.5144628099173554,0.5594170403587444,0.7995930824008138,0.512396694214876,0.42083758937691523,0.3231197771587744,0.6719840478564307,0.6521739130434783,0.4364126439598138,0.6943173431734317,0.7366412213740458,0.5881087424212791,0.6666666666666666,0.7809694793536804,0.35450404858299595,0.41656365883807167,0.4373708920187793,0.37216828478964403,0.636986301369863,0.47102803738317756,0.5144628099173554,0.5594170403587444,0.7995930824008138,0.512396694214876,0.42083758937691523,0.3231197771587744,0.6719840478564307,0.6521739130434783,0.4364126439598138,0.6943173431734317,0.7366412213740458,0.5881087424212791,0.6666666666666666,0.7809694793536804
165,0.4638,0.3410931174089069,0.4079110012360939,0.5678873239436619,0.3851132686084142,0.6575342465753424,0.48598130841121495,0.5919421487603306,0.5728699551569507,0.8168870803662258,0.49586776859504134,0.4065372829417773,0.28690807799442897,0.6186440677966102,0.6467391304347826,0.4300416564567508,0.6454612546125461,0.691513246519982,0.6665362800704088,0.6140350877192983,0.7769299820466786,0.3410931174089069,0.4079110012360939,0.5678873239436619,0.3851132686084142,0.6575342465753424,0.48598130841121495,0.5919421487603306,0.5728699551569507,0.8168870803662258,0.49586776859504134,0.4065372829417773,0.28690807799442897,0.6186440677966102,0.6467391304347826,0.4300416564567508,0.6454612546125461,0.691513246519982,0.6665362800704088,0.6140350877192983,0.7769299820466786
166,0.4843,0.3793016194331984,0.44221260815822,0.47136150234741786,0.4110032362459547,0.6198630136986302,0.47102803738317756,0.47882231404958675,0.5644618834080718,0.7947609359104781,0.48760330578512395,0.40960163432073543,0.362116991643454,0.6904287138584247,0.6739130434782609,0.44670423915706936,0.6898892988929889,0.7029636281993713,0.5693330725601408,0.6140350877192983,0.7504488330341114,0.3793016194331984,0.44221260815822,0.47136150234741786,0.4110032362459547,0.6198630136986302,0.47102803738317756,0.47882231404958675,0.5644618834080718,0.7947609359104781,0.48760330578512395,0.40960163432073543,0.362116991643454,0.6904287138584247,0.6739130434782609,0.44670423915706936,0.6898892988929889,0.7029636281993713,0.5693330725601408,0.6140350877192983,0.7504488330341114
167,0.4517,0.2942813765182186,0.3532138442521632,0.49690140845070424,0.3818770226537217,0.6198630136986302,0.4485981308411215,0.5645661157024794,0.5448430493273543,0.8079857578840285,0.5206611570247934,0.4198161389172625,0.31197771587743733,0.6545363908275175,0.6304347826086957,0.4479294290615045,0.6453136531365313,0.7103726986977997,0.7068257383141013,0.6432748538011696,0.7982495511669659,0.2942813765182186,0.3532138442521632,0.49690140845070424,0.3818770226537217,0.6198630136986302,0.4485981308411215,0.5645661157024794,0.5448430493273543,0.8079857578840285,0.5206611570247934,0.4198161389172625,0.31197771587743733,0.6545363908275175,0.6304347826086957,0.4479294290615045,0.6453136531365313,0.7103726986977997,0.7068257383141013,0.6432748538011696,0.7982495511669659
168,0.4783,0.3643724696356275,0.43016069221260816,0.5196244131455399,0.4174757281553398,0.6404109589041096,0.4803738317757009,0.49793388429752067,0.5347533632286996,0.8049338758901322,0.4628099173553719,0.40960163432073543,0.35376044568245124,0.6689930209371885,0.6467391304347826,0.45699583435432495,0.6897416974169742,0.7040862146385272,0.5798943868570311,0.5964912280701754,0.7661579892280072,0.3643724696356275,0.43016069221260816,0.5196244131455399,0.4174757281553398,0.6404109589041096,0.4803738317757009,0.49793388429752067,0.5347533632286996,0.8049338758901322,0.4628099173553719,0.40960163432073543,0.35376044568245124,0.6689930209371885,0.6467391304347826,0.45699583435432495,0.6897416974169742,0.7040862146385272,0.5798943868570311,0.5964912280701754,0.7661579892280072
169,0.4633,0.3061740890688259,0.37762669962917184,0.49126760563380284,0.4174757281553398,0.6198630136986302,0.4411214953271028,0.5160123966942148,0.5532511210762332,0.8102746693794507,0.48760330578512395,0.4157303370786517,0.3370473537604457,0.6899302093718843,0.6630434782608695,0.46434697378093603,0.6795571955719557,0.7189043556353839,0.6696655583805985,0.631578947368421,0.7915170556552962,0.3061740890688259,0.37762669962917184,0.49126760563380284,0.4174757281553398,0.6198630136986302,0.4411214953271028,0.5160123966942148,0.5532511210762332,0.8102746693794507,0.48760330578512395,0.4157303370786517,0.3370473537604457,0.6899302093718843,0.6630434782608695,0.46434697378093603,0.6795571955719557,0.7189043556353839,0.6696655583805985,0.631578947368421,0.7915170556552962
170,0.4644,0.3689271255060729,0.4338689740420272,0.4375586854460094,0.42718446601941745,0.6506849315068494,0.4953271028037383,0.5160123966942148,0.5414798206278026,0.8056968463886063,0.48760330578512395,0.4279877425944842,0.3147632311977716,0.6485543369890329,0.6630434782608695,0.457730948296986,0.6823616236162362,0.7215985630893579,0.6043418736553883,0.6374269005847953,0.7697486535008977,0.3689271255060729,0.4338689740420272,0.4375586854460094,0.42718446601941745,0.6506849315068494,0.4953271028037383,0.5160123966942148,0.5414798206278026,0.8056968463886063,0.48760330578512395,0.4279877425944842,0.3147632311977716,0.6485543369890329,0.6630434782608695,0.457730948296986,0.6823616236162362,0.7215985630893579,0.6043418736553883,0.6374269005847953,0.7697486535008977
171,0.475,0.3342611336032389,0.4020395550061805,0.5590610328638498,0.4045307443365696,0.6301369863013698,0.45607476635514016,0.5454545454545454,0.5498878923766816,0.819175991861648,0.4793388429752066,0.41062308478038817,0.29526462395543174,0.6445663010967099,0.6413043478260869,0.46704239157069344,0.6674538745387454,0.7137404580152672,0.6409153139057305,0.6198830409356725,0.7856822262118492,0.3342611336032389,0.4020395550061805,0.5590610328638498,0.4045307443365696,0.6301369863013698,0.45607476635514016,0.5454545454545454,0.5498878923766816,0.819175991861648,0.4793388429752066,0.41062308478038817,0.29526462395543174,0.6445663010967099,0.6413043478260869,0.46704239157069344,0.6674538745387454,0.7137404580152672,0.6409153139057305,0.6198830409356725,0.7856822262118492
172,0.472,0.3314777327935223,0.3967861557478368,0.4764319248826291,0.4110032362459547,0.6472602739726028,0.4747663551401869,0.4757231404958678,0.547645739910314,0.8006103763987793,0.512396694214876,0.42390194075587334,0.3788300835654596,0.7013958125623131,0.6521739130434783,0.45577064444988974,0.6860516605166052,0.7251908396946565,0.6418932133776648,0.6257309941520468,0.7820915619389587,0.3314777327935223,0.3967861557478368,0.4764319248826291,0.4110032362459547,0.6472602739726028,0.4747663551401869,0.4757231404958678,0.547645739910314,0.8006103763987793,0.512396694214876,0.42390194075587334,0.3788300835654596,0.7013958125623131,0.6521739130434783,0.45577064444988974,0.6860516605166052,0.7251908396946565,0.6418932133776648,0.6257309941520468,0.7820915619389587
173,0.4786,0.40536437246963564,0.4805315203955501,0.4514553990610329,0.4336569579288026,0.6541095890410958,0.502803738317757,0.5294421487603306,0.5297085201793722,0.8008646998982706,0.5206611570247934,0.4402451481103167,0.3231197771587744,0.6550348953140578,0.6684782608695652,0.46949277137956386,0.6671586715867158,0.7397844634036821,0.5660082143555643,0.6432748538011696,0.7529174147217235,0.40536437246963564,0.4805315203955501,0.4514553990610329,0.4336569579288026,0.6541095890410958,0.502803738317757,0.5294421487603306,0.5297085201793722,0.8008646998982706,0.5206611570247934,0.4402451481103167,0.3231197771587744,0.6550348953140578,0.6684782608695652,0.46949277137956386,0.6671586715867158,0.7397844634036821,0.5660082143555643,0.6432748538011696,0.7529174147217235
174,0.466,0.3033906882591093,0.357849196538937,0.5348356807511737,0.37216828478964403,0.5958904109589042,0.4616822429906542,0.5366735537190083,0.554932735426009,0.8044252288911495,0.5206611570247934,0.4198161389172625,0.31754874651810583,0.6849451645064806,0.625,0.4405782896348934,0.6777859778597786,0.7308037718904355,0.6935263054957951,0.6491228070175439,0.802737881508079,0.3033906882591093,0.357849196538937,0.5348356807511737,0.37216828478964403,0.5958904109589042,0.4616822429906542,0.5366735537190083,0.554932735426009,0.8044252288911495,0.5206611570247934,0.4198161389172625,0.31754874651810583,0.6849451645064806,0.625,0.4405782896348934,0.6777859778597786,0.7308037718904355,0.6935263054957951,0.6491228070175439,0.802737881508079
175,0.4991,0.40055668016194335,0.48022249690976515,0.47380281690140846,0.4368932038834951,0.636986301369863,0.491588785046729,0.44214876033057854,0.5369955156950673,0.796795523906409,0.47107438016528924,0.4136874361593463,0.38997214484679665,0.7193419740777667,0.657608695652174,0.4895858858123009,0.699040590405904,0.7067804220925011,0.5188734598083317,0.6374269005847953,0.7540394973070018,0.40055668016194335,0.48022249690976515,0.47380281690140846,0.4368932038834951,0.636986301369863,0.491588785046729,0.44214876033057854,0.5369955156950673,0.796795523906409,0.47107438016528924,0.4136874361593463,0.38997214484679665,0.7193419740777667,0.657608695652174,0.4895858858123009,0.699040590405904,0.7067804220925011,0.5188734598083317,0.6374269005847953,0.7540394973070018
176,0.4479,0.3147773279352227,0.37391841779975277,0.5184976525821596,0.3818770226537217,0.6164383561643836,0.4654205607476635,0.5826446280991735,0.5381165919282511,0.8171414038657172,0.4793388429752066,0.4187946884576098,0.3064066852367688,0.6296111665004985,0.657608695652174,0.464101935800049,0.651070110701107,0.7072294566681635,0.6941130451789556,0.631578947368421,0.775359066427289,0.3147773279352227,0.37391841779975277,0.5184976525821596,0.3818770226537217,0.6164383561643836,0.4654205607476635,0.5826446280991735,0.5381165919282511,0.8171414038657172,0.4793388429752066,0.4187946884576098,0.3064066852367688,0.6296111665004985,0.657608695652174,0.464101935800049,0.651070110701107,0.7072294566681635,0.6941130451789556,0.631578947368421,0.775359066427289
177,0.4888,0.3894230769230769,0.47249690976514214,0.5092957746478873,0.4368932038834951,0.6335616438356164,0.491588785046729,0.4881198347107438,0.5375560538116592,0.8046795523906409,0.48760330578512395,0.4167517875383044,0.35097493036211697,0.6744765702891325,0.6467391304347826,0.48002940455770643,0.6755719557195572,0.7144140098787607,0.5464502249168786,0.5906432748538012,0.7567324955116697,0.3894230769230769,0.47249690976514214,0.5092957746478873,0.4368932038834951,0.6335616438356164,0.491588785046729,0.4881198347107438,0.5375560538116592,0.8046795523906409,0.48760330578512395,0.4167517875383044,0.35097493036211697,0.6744765702891325,0.6467391304347826,0.48002940455770643,0.6755719557195572,0.7144140098787607,0.5464502249168786,0.5906432748538012,0.7567324955116697
178,0.4619,0.31781376518218624,0.3912237330037083,0.5198122065727699,0.3948220064724919,0.613013698630137,0.4897196261682243,0.5304752066115702,0.5504484304932735,0.8102746693794507,0.45454545454545453,0.4187946884576098,0.35097493036211697,0.6620139581256231,0.6358695652173914,0.4535653026219064,0.6780811808118081,0.7166591827570723,0.6751417954234304,0.6198830409356725,0.7798473967684022,0.31781376518218624,0.3912237330037083,0.5198122065727699,0.3948220064724919,0.613013698630137,0.4897196261682243,0.5304752066115702,0.5504484304932735,0.8102746693794507,0.45454545454545453,0.4187946884576098,0.35097493036211697,0.6620139581256231,0.6358695652173914,0.4535653026219064,0.6780811808118081,0.7166591827570723,0.6751417954234304,0.6198830409356725,0.7798473967684022
179,0.4714,0.37955465587044535,0.44592088998763907,0.47136150234741786,0.3948220064724919,0.636986301369863,0.4822429906542056,0.5237603305785123,0.5605381165919282,0.8201932858596134,0.48760330578512395,0.4157303370786517,0.32590529247910865,0.6580259222333001,0.6521739130434783,0.4496446949277138,0.6557933579335793,0.7090255949708127,0.6066888323880305,0.6549707602339181,0.7726660682226212,0.37955465587044535,0.44592088998763907,0.47136150234741786,0.3948220064724919,0.636986301369863,0.4822429906542056,0.5237603305785123,0.5605381165919282,0.8201932858596134,0.48760330578512395,0.4157303370786517,0.32590529247910865,0.6580259222333001,0.6521739130434783,0.4496446949277138,0.6557933579335793,0.7090255949708127,0.6066888323880305,0.6549707602339181,0.7726660682226212
180,0.4741,0.3567813765182186,0.42058096415327567,0.5098591549295775,0.45307443365695793,0.6404109589041096,0.4953271028037383,0.5149793388429752,0.5257847533632287,0.8092573753814852,0.49586776859504134,0.43615934627170583,0.3286908077994429,0.6764705882352942,0.6684782608695652,0.4797843665768194,0.6714391143911439,0.7296811854512798,0.6325053784470956,0.6140350877192983,0.7912926391382405,0.3567813765182186,0.42058096415327567,0.5098591549295775,0.45307443365695793,0.6404109589041096,0.4953271028037383,0.5149793388429752,0.5257847533632287,0.8092573753814852,0.49586776859504134,0.43615934627170583,0.3286908077994429,0.6764705882352942,0.6684782608695652,0.4797843665768194,0.6714391143911439,0.7296811854512798,0.6325053784470956,0.6140350877192983,0.7912926391382405
181,0.4562,0.32616396761133604,0.3841161928306551,0.452018779342723,0.39805825242718446,0.636986301369863,0.47289719626168225,0.5774793388429752,0.5336322869955157,0.8290946083418108,0.5206611570247934,0.40551583248212464,0.28969359331476324,0.6425722831505484,0.6141304347826086,0.45577064444988974,0.6500369003690037,0.7337224966322407,0.663602581654606,0.6491228070175439,0.7713195691202872,0.32616396761133604,0.3841161928306551,0.452018779342723,0.39805825242718446,0.636986301369863,0.47289719626168225,0.5774793388429752,0.5336322869955157,0.8290946083418108,0.5206611570247934,0.40551583248212464,0.28969359331476324,0.6425722831505484,0.6141304347826086,0.45577064444988974,0.6500369003690037,0.7337224966322407,0.663602581654606,0.6491228070175439,0.7713195691202872
182,0.4736,0.3241396761133603,0.3915327564894932,0.5799061032863849,0.4174757281553398,0.6267123287671232,0.4485981308411215,0.5263429752066116,0.5414798206278026,0.8176500508646999,0.4297520661157025,0.4014300306435138,0.34540389972144847,0.6580259222333001,0.6521739130434783,0.4660622396471453,0.6797047970479705,0.699595868881904,0.6514766282026208,0.6432748538011696,0.781867145421903,0.3241396761133603,0.3915327564894932,0.5799061032863849,0.4174757281553398,0.6267123287671232,0.4485981308411215,0.5263429752066116,0.5414798206278026,0.8176500508646999,0.4297520661157025,0.4014300306435138,0.34540389972144847,0.6580259222333001,0.6521739130434783,0.4660622396471453,0.6797047970479705,0.699595868881904,0.6514766282026208,0.6432748538011696,0.781867145421903
183,0.4701,0.3618421052631579,0.4279975278121137,0.42178403755868543,0.3948220064724919,0.6506849315068494,0.5214953271028038,0.5340909090909091,0.5644618834080718,0.7965412004069176,0.512396694214876,0.4279877425944842,0.3426183844011142,0.674975074775673,0.6739130434782609,0.44547904925263415,0.6932841328413284,0.7242927705433319,0.6295716800312928,0.6257309941520468,0.7805206463195691,0.3618421052631579,0.4279975278121137,0.42178403755868543,0.3948220064724919,0.6506849315068494,0.5214953271028038,0.5340909090909091,0.5644618834080718,0.7965412004069176,0.512396694214876,0.4279877425944842,0.3426183844011142,0.674975074775673,0.6739130434782609,0.44547904925263415,0.6932841328413284,0.7242927705433319,0.6295716800312928,0.6257309941520468,0.7805206463195691
184,0.4833,0.3352732793522267,0.40451174289245984,0.5817840375586855,0.42394822006472493,0.6267123287671232,0.4542056074766355,0.518595041322314,0.5454035874439462,0.8158697863682605,0.4628099173553719,0.41062308478038817,0.3426183844011142,0.6804586241276172,0.6413043478260869,0.4783141386914972,0.6754243542435424,0.7034126627750337,0.6201838451007237,0.6198830409356725,0.7641382405745063,0.3352732793522267,0.40451174289245984,0.5817840375586855,0.42394822006472493,0.6267123287671232,0.4542056074766355,0.518595041322314,0.5454035874439462,0.8158697863682605,0.4628099173553719,0.41062308478038817,0.3426183844011142,0.6804586241276172,0.6413043478260869,0.4783141386914972,0.6754243542435424,0.7034126627750337,0.6201838451007237,0.6198830409356725,0.7641382405745063
185,0.471,0.39296558704453444,0.4638442521631644,0.47737089201877936,0.3559870550161812,0.6404109589041096,0.508411214953271,0.5733471074380165,0.5835201793721974,0.8186673448626653,0.512396694214876,0.4341164453524004,0.30362116991643456,0.6261216350947159,0.6684782608695652,0.405047782406273,0.6568265682656826,0.7103726986977997,0.6141208683747311,0.6257309941520468,0.7805206463195691,0.39296558704453444,0.4638442521631644,0.47737089201877936,0.3559870550161812,0.6404109589041096,0.508411214953271,0.5733471074380165,0.5835201793721974,0.8186673448626653,0.512396694214876,0.4341164453524004,0.30362116991643456,0.6261216350947159,0.6684782608695652,0.405047782406273,0.6568265682656826,0.7103726986977997,0.6141208683747311,0.6257309941520468,0.7805206463195691
186,0.4833,0.3491902834008097,0.41934487021013594,0.5412206572769953,0.41423948220064727,0.6301369863013698,0.4934579439252336,0.4684917355371901,0.5358744394618834,0.7945066124109867,0.4049586776859504,0.4187946884576098,0.41225626740947074,0.7218344965104686,0.6521739130434783,0.4645920117618231,0.6960885608856089,0.7126178715761113,0.6192059456287894,0.6257309941520468,0.7549371633752244,0.3491902834008097,0.41934487021013594,0.5412206572769953,0.41423948220064727,0.6301369863013698,0.4934579439252336,0.4684917355371901,0.5358744394618834,0.7945066124109867,0.4049586776859504,0.4187946884576098,0.41225626740947074,0.7218344965104686,0.6521739130434783,0.4645920117618231,0.6960885608856089,0.7126178715761113,0.6192059456287894,0.6257309941520468,0.7549371633752244
187,0.4541,0.3727226720647773,0.44406674907292953,0.4144600938967136,0.39805825242718446,0.6506849315068494,0.5233644859813084,0.6007231404958677,0.5610986547085202,0.8181586978636826,0.5289256198347108,0.424923391215526,0.25348189415041783,0.6136590229312063,0.6358695652173914,0.451114922813036,0.647380073800738,0.7346205657835654,0.6426755329552122,0.6374269005847953,0.7666068222621185,0.3727226720647773,0.44406674907292953,0.4144600938967136,0.39805825242718446,0.6506849315068494,0.5233644859813084,0.6007231404958677,0.5610986547085202,0.8181586978636826,0.5289256198347108,0.424923391215526,0.25348189415041783,0.6136590229312063,0.6358695652173914,0.451114922813036,0.647380073800738,0.7346205657835654,0.6426755329552122,0.6374269005847953,0.7666068222621185
188,0.4825,0.3481781376518219,0.42058096415327567,0.5538028169014084,0.42718446601941745,0.6164383561643836,0.4747663551401869,0.4865702479338843,0.5353139013452914,0.7973041709053916,0.4214876033057851,0.4330949948927477,0.362116991643454,0.7088733798604188,0.6467391304347826,0.4876255819652046,0.6705535055350553,0.7287831162999551,0.61979268531195,0.6081871345029239,0.7984739676840216,0.3481781376518219,0.42058096415327567,0.5538028169014084,0.42718446601941745,0.6164383561643836,0.4747663551401869,0.4865702479338843,0.5353139013452914,0.7973041709053916,0.4214876033057851,0.4330949948927477,0.362116991643454,0.7088733798604188,0.6467391304347826,0.4876255819652046,0.6705535055350553,0.7287831162999551,0.61979268531195,0.6081871345029239,0.7984739676840216
189,0.466,0.3441295546558704,0.40482076637824477,0.4473239436619718,0.3948220064724919,0.6198630136986302,0.4691588785046729,0.5511363636363636,0.5538116591928252,0.8217192268565615,0.49586776859504134,0.4279877425944842,0.30362116991643456,0.6535393818544367,0.6195652173913043,0.4555256064690027,0.6724723247232473,0.7224966322406825,0.6276158810874242,0.6257309941520468,0.7484290843806104,0.3441295546558704,0.40482076637824477,0.4473239436619718,0.3948220064724919,0.6198630136986302,0.4691588785046729,0.5511363636363636,0.5538116591928252,0.8217192268565615,0.49586776859504134,0.4279877425944842,0.30362116991643456,0.6535393818544367,0.6195652173913043,0.4555256064690027,0.6724723247232473,0.7224966322406825,0.6276158810874242,0.6257309941520468,0.7484290843806104
190,0.4794,0.35096153846153844,0.4147095179233622,0.5568075117370892,0.4045307443365696,0.6095890410958904,0.4654205607476635,0.5082644628099173,0.5257847533632287,0.809003051881994,0.4628099173553719,0.42390194075587334,0.3426183844011142,0.6819541375872383,0.6467391304347826,0.45846606223964714,0.6851660516605166,0.705208801077683,0.6149031879522785,0.6023391812865497,0.7899461400359067,0.35096153846153844,0.4147095179233622,0.5568075117370892,0.4045307443365696,0.6095890410958904,0.4654205607476635,0.5082644628099173,0.5257847533632287,0.809003051881994,0.4628099173553719,0.42390194075587334,0.3426183844011142,0.6819541375872383,0.6467391304347826,0.45846606223964714,0.6851660516605166,0.705208801077683,0.6149031879522785,0.6023391812865497,0.7899461400359067
191,0.4662,0.3557692307692308,0.42490729295426455,0.39211267605633804,0.4045307443365696,0.6404109589041096,0.48785046728971965,0.5087809917355371,0.5661434977578476,0.8059511698880977,0.512396694214876,0.4157303370786517,0.32590529247910865,0.6729810568295115,0.6413043478260869,0.437882871845136,0.6909225092250922,0.723170184104176,0.6317230588695482,0.6432748538011696,0.7807450628366248,0.3557692307692308,0.42490729295426455,0.39211267605633804,0.4045307443365696,0.6404109589041096,0.48785046728971965,0.5087809917355371,0.5661434977578476,0.8059511698880977,0.512396694214876,0.4157303370786517,0.32590529247910865,0.6729810568295115,0.6413043478260869,0.437882871845136,0.6909225092250922,0.723170184104176,0.6317230588695482,0.6432748538011696,0.7807450628366248
192,0.4808,0.35374493927125505,0.42181705809641534,0.5344600938967136,0.4110032362459547,0.6404109589041096,0.49906542056074765,0.5010330578512396,0.5437219730941704,0.7978128179043744,0.4628099173553719,0.42696629213483145,0.362116991643454,0.6999002991026919,0.6521739130434783,0.45577064444988974,0.6950553505535055,0.7254153569824876,0.6393506747506357,0.6491228070175439,0.7901705565529623,0.35374493927125505,0.42181705809641534,0.5344600938967136,0.4110032362459547,0.6404109589041096,0.49906542056074765,0.5010330578512396,0.5437219730941704,0.7978128179043744,0.4628099173553719,0.42696629213483145,0.362116991643454,0.6999002991026919,0.6521739130434783,0.45577064444988974,0.6950553505535055,0.7254153569824876,0.6393506747506357,0.6491228070175439,0.7901705565529623
193,0.4651,0.3724696356275304,0.4363411619283066,0.40431924882629106,0.39158576051779936,0.6335616438356164,0.4897196261682243,0.5666322314049587,0.5482062780269058,0.8173957273652085,0.5206611570247934,0.4341164453524004,0.28133704735376047,0.6480558325024925,0.6358695652173914,0.4334721881891693,0.6532841328413285,0.7337224966322407,0.6149031879522785,0.6549707602339181,0.7780520646319569,0.3724696356275304,0.4363411619283066,0.40431924882629106,0.39158576051779936,0.6335616438356164,0.4897196261682243,0.5666322314049587,0.5482062780269058,0.8173957273652085,0.5206611570247934,0.4341164453524004,0.28133704735376047,0.6480558325024925,0.6358695652173914,0.4334721881891693,0.6532841328413285,0.7337224966322407,0.6149031879522785,0.6549707602339181,0.7780520646319569
194,0.486,0.32818825910931176,0.38906056860321386,0.5692018779342723,0.37540453074433655,0.6061643835616438,0.4635514018691589,0.503099173553719,0.554932735426009,0.8077314343845371,0.512396694214876,0.41266598569969354,0.3593314763231198,0.6929212362911267,0.6141304347826086,0.451114922813036,0.6928413284132842,0.7011674898967221,0.6454136514766282,0.6257309941520468,0.7706463195691203,0.32818825910931176,0.38906056860321386,0.5692018779342723,0.37540453074433655,0.6061643835616438,0.4635514018691589,0.503099173553719,0.554932735426009,0.8077314343845371,0.512396694214876,0.41266598569969354,0.3593314763231198,0.6929212362911267,0.6141304347826086,0.451114922813036,0.6928413284132842,0.7011674898967221,0.6454136514766282,0.6257309941520468,0.7706463195691203
195,0.4664,0.39043522267206476,0.4656983930778739,0.4253521126760563,0.40129449838187703,0.6472602739726028,0.5009345794392523,0.5578512396694215,0.5448430493273543,0.8074771108850458,0.5289256198347108,0.43820224719101125,0.28690807799442897,0.6485543369890329,0.6304347826086957,0.43518745405537856,0.6565313653136531,0.7265379434216435,0.6076667318599648,0.6549707602339181,0.7755834829443446,0.39043522267206476,0.4656983930778739,0.4253521126760563,0.40129449838187703,0.6472602739726028,0.5009345794392523,0.5578512396694215,0.5448430493273543,0.8074771108850458,0.5289256198347108,0.43820224719101125,0.28690807799442897,0.6485543369890329,0.6304347826086957,0.43518745405537856,0.6565313653136531,0.7265379434216435,0.6076667318599648,0.6549707602339181,0.7755834829443446
196,0.4966,0.3724696356275304,0.44932014833127315,0.5806572769953051,0.3786407766990291,0.6267123287671232,0.4803738317757009,0.47262396694214875,0.554932735426009,0.8036622583926755,0.4793388429752066,0.4218590398365679,0.3816155988857939,0.7148554336989033,0.6358695652173914,0.4452340112717471,0.6968265682656827,0.7004939380332286,0.6002346958732643,0.631578947368421,0.7670556552962298,0.3724696356275304,0.44932014833127315,0.5806572769953051,0.3786407766990291,0.6267123287671232,0.4803738317757009,0.47262396694214875,0.554932735426009,0.8036622583926755,0.4793388429752066,0.4218590398365679,0.3816155988857939,0.7148554336989033,0.6358695652173914,0.4452340112717471,0.6968265682656827,0.7004939380332286,0.6002346958732643,0.631578947368421,0.7670556552962298
197,0.469,0.40308704453441296,0.48331273176761436,0.4364319248826291,0.4401294498381877,0.6198630136986302,0.508411214953271,0.5769628099173554,0.547085201793722,0.8222278738555443,0.5454545454545454,0.432073544433095,0.2479108635097493,0.6345962113659023,0.625,0.47218818916932126,0.6370479704797049,0.7310282891782667,0.5877175826325054,0.6491228070175439,0.7668312387791741,0.40308704453441296,0.48331273176761436,0.4364319248826291,0.4401294498381877,0.6198630136986302,0.508411214953271,0.5769628099173554,0.547085201793722,0.8222278738555443,0.5454545454545454,0.432073544433095,0.2479108635097493,0.6345962113659023,0.625,0.47218818916932126,0.6370479704797049,0.7310282891782667,0.5877175826325054,0.6491228070175439,0.7668312387791741
198,0.4641,0.3102226720647773,0.3711372064276885,0.5536150234741785,0.42718446601941745,0.6027397260273972,0.4616822429906542,0.5041322314049587,0.5369955156950673,0.8125635808748728,0.4628099173553719,0.40858018386108275,0.35097493036211697,0.6979062811565304,0.6358695652173914,0.490075961774075,0.6991881918819188,0.6980242478670857,0.6964600039115979,0.6140350877192983,0.8000448833034112,0.3102226720647773,0.3711372064276885,0.5536150234741785,0.42718446601941745,0.6027397260273972,0.4616822429906542,0.5041322314049587,0.5369955156950673,0.8125635808748728,0.4628099173553719,0.40858018386108275,0.35097493036211697,0.6979062811565304,0.6358695652173914,0.490075961774075,0.6991881918819188,0.6980242478670857,0.6964600039115979,0.6140350877192983,0.8000448833034112
199,0.4698,0.3800607287449393,0.4619901112484549,0.4604694835680751,0.47249190938511326,0.613013698630137,0.4897196261682243,0.5051652892561983,0.5325112107623319,0.8003560528992879,0.48760330578512395,0.4402451481103167,0.3064066852367688,0.6864406779661016,0.6467391304347826,0.5003675569713305,0.6612546125461255,0.719128872923215,0.596518677879914,0.6491228070175439,0.7713195691202872,0.3800607287449393,0.4619901112484549,0.4604694835680751,0.47249190938511326,0.613013698630137,0.4897196261682243,0.5051652892561983,0.5325112107623319,0.8003560528992879,0.48760330578512395,0.4402451481103167,0.3064066852367688,0.6864406779661016,0.6467391304347826,0.5003675569713305,0.6612546125461255,0.719128872923215,0.596518677879914,0.6491228070175439,0.7713195691202872
