round,global_acc,local_c00,local_c01,local_c02,local_c03,local_c04,local_c05,local_c06,local_c07,local_c08,local_c09,local_c10,local_c11,local_c12,local_c13,local_c14,local_c15,local_c16,local_c17,local_c18,local_c19,hybrid_c00,hybrid_c01,hybrid_c02,hybrid_c03,hybrid_c04,hybrid_c05,hybrid_c06,hybrid_c07,hybrid_c08,hybrid_c09,hybrid_c10,hybrid_c11,hybrid_c12,hybrid_c13,hybrid_c14,hybrid_c15,hybrid_c16,hybrid_c17,hybrid_c18,hybrid_c19
0,0.2084,0.4073127077473792,0.1946929959888923,0.002629107981220657,0.03559870550161812,0.010691823899371069,0.0344311377245509,0.5127659574468085,0.27884022208513265,0.4926225606853879,0.05803571428571429,0.10193003618817853,0.547486033519553,0.2389649923896499,0.09448818897637795,0.033351862145636464,0.17032860198327823,0.007407407407407408,0.6737727361627225,0.055248618784530384,0.08317721993255901,0.4073127077473792,0.1946929959888923,0.002629107981220657,0.03559870550161812,0.010691823899371069,0.0344311377245509,0.5127659574468085,0.27884022208513265,0.4926225606853879,0.05803571428571429,0.10193003618817853,0.547486033519553,0.2389649923896499,0.09448818897637795,0.033351862145636464,0.17032860198327823,0.007407407407407408,0.6737727361627225,0.055248618784530384,0.08317721993255901
1,0.2355,0.4507798517003324,0.2437519284171552,0.056338028169014086,0.042071197411003236,0.01761006289308176,0.04790419161676647,0.5574468085106383,0.2874768661320173,0.5059495478343646,0.08035714285714286,0.11067551266586248,0.5502793296089385,0.24403855910705224,0.09448818897637795,0.03418565869927738,0.18238382267159245,0.013019079685746353,0.7557207119108156,0.06077348066298342,0.10696890221056575,0.4507798517003324,0.2437519284171552,0.056338028169014086,0.042071197411003236,0.01761006289308176,0.04790419161676647,0.5574468085106383,0.2874768661320173,0.5059495478343646,0.08035714285714286,0.11067551266586248,0.5502793296089385,0.24403855910705224,0.09448818897637795,0.03418565869927738,0.18238382267159245,0.013019079685746353,0.7557207119108156,0.06077348066298342,0.10696890221056575
2,0.2985,0.4789056507287139,0.29435359456957727,0.2916431924882629,0.05825242718446602,0.05157232704402516,0.13622754491017963,0.5432624113475177,0.26958667489204197,0.49214659685863876,0.12053571428571429,0.13841978287092882,0.5251396648044693,0.289193302891933,0.14960629921259844,0.032795997776542525,0.23877114524596538,0.10998877665544332,0.7570897711715235,0.16574585635359115,0.18977144998126638,0.4789056507287139,0.29435359456957727,0.2916431924882629,0.05825242718446602,0.05157232704402516,0.13622754491017963,0.5432624113475177,0.26958667489204197,0.49214659685863876,0.12053571428571429,0.13841978287092882,0.5251396648044693,0.289193302891933,0.14960629921259844,0.032795997776542525,0.23877114524596538,0.10998877665544332,0.7570897711715235,0.16574585635359115,0.18977144998126638
3,0.3463,0.48197391971362824,0.30885529157667385,0.28507042253521125,0.07119741100323625,0.18867924528301888,0.18712574850299402,0.6049645390070922,0.2745219000616903,0.5573536411232747,0.20982142857142858,0.2855850422195416,0.6145251396648045,0.4211060375443937,0.1968503937007874,0.03557531962201223,0.27532568539762786,0.2729517396184063,0.7525914336006259,0.287292817679558,0.261521168977145,0.48197391971362824,0.30885529157667385,0.28507042253521125,0.07119741100323625,0.18867924528301888,0.18712574850299402,0.6049645390070922,0.2745219000616903,0.5573536411232747,0.20982142857142858,0.2855850422195416,0.6145251396648045,0.4211060375443937,0.1968503937007874,0.03557531962201223,0.27532568539762786,0.2729517396184063,0.7525914336006259,0.287292817679558,0.261521168977145
4,0.39,0.530043467143953,0.36963900030854674,0.3504225352112676,0.08090614886731391,0.25157232704402516,0.26497005988023953,0.6212765957446809,0.28809376927822333,0.581151832460733,0.24107142857142858,0.3365500603136309,0.6340782122905028,0.4733637747336377,0.30708661417322836,0.04168982768204558,0.3387128135329574,0.34971941638608306,0.753764912966947,0.34806629834254144,0.3158486324466092,0.530043467143953,0.36963900030854674,0.3504225352112676,0.08090614886731391,0.25157232704402516,0.26497005988023953,0.6212765957446809,0.28809376927822333,0.581151832460733,0.24107142857142858,0.3365500603136309,0.6340782122905028,0.4733637747336377,0.30708661417322836,0.04168982768204558,0.3387128135329574,0.34971941638608306,0.753764912966947,0.34806629834254144,0.3158486324466092
5,0.4413,0.5556123753515725,0.4162295587781549,0.4666666666666667,0.11326860841423948,0.3320754716981132,0.33083832335329344,0.6347517730496454,0.2924120913016656,0.5692527367920038,0.33035714285714285,0.39505428226779254,0.6284916201117319,0.4911212582445459,0.30708661417322836,0.06281267370761534,0.43612677425627067,0.41414141414141414,0.752395853706239,0.4530386740331492,0.3572499063319595,0.5556123753515725,0.4162295587781549,0.4666666666666667,0.11326860841423948,0.3320754716981132,0.33083832335329344,0.6347517730496454,0.2924120913016656,0.5692527367920038,0.33035714285714285,0.39505428226779254,0.6284916201117319,0.4911212582445459,0.30708661417322836,0.06281267370761534,0.43612677425627067,0.41414141414141414,0.752395853706239,0.4530386740331492,0.3572499063319595
6,0.4642,0.5868064433648683,0.4483184202406665,0.4955868544600939,0.19741100323624594,0.35157232704402513,0.36826347305389223,0.649645390070922,0.3584207279457125,0.5859114707282247,0.35714285714285715,0.4203860072376357,0.6536312849162011,0.5469304921359716,0.36220472440944884,0.1461923290717065,0.3997666731479681,0.44399551066217735,0.7735184823000195,0.5027624309392266,0.3424503559385538,0.5868064433648683,0.4483184202406665,0.4955868544600939,0.19741100323624594,0.35157232704402513,0.36826347305389223,0.649645390070922,0.3584207279457125,0.5859114707282247,0.35714285714285715,0.4203860072376357,0.6536312849162011,0.5469304921359716,0.36220472440944884,0.1461923290717065,0.3997666731479681,0.44399551066217735,0.7735184823000195,0.5027624309392266,0.3424503559385538
7,0.4984,0.5960112503196113,0.4831842024066646,0.5699530516431925,0.2686084142394822,0.35660377358490564,0.38922155688622756,0.7085106382978723,0.40653917334978407,0.5859114707282247,0.42410714285714285,0.41827503015681544,0.6815642458100558,0.5408422120750888,0.3700787401574803,0.22707059477487493,0.49115302352712426,0.43703703703703706,0.771562683356151,0.48066298342541436,0.3574372424128887,0.5960112503196113,0.4831842024066646,0.5699530516431925,0.2686084142394822,0.35660377358490564,0.38922155688622756,0.7085106382978723,0.40653917334978407,0.5859114707282247,0.42410714285714285,0.41827503015681544,0.6815642458100558,0.5408422120750888,0.3700787401574803,0.22707059477487493,0.49115302352712426,0.43703703703703706,0.771562683356151,0.48066298342541436,0.3574372424128887
8,0.515,0.6131424188187165,0.4983029929034249,0.5823474178403756,0.28802588996763756,0.4188679245283019,0.4116766467065868,0.6836879432624113,0.4225786551511413,0.6059019514516897,0.46875,0.48160434258142343,0.6731843575418994,0.5657026889903602,0.3543307086614173,0.22429127292940523,0.45887614232937973,0.4861952861952862,0.7827107373362019,0.5027624309392266,0.3909704008992132,0.6131424188187165,0.4983029929034249,0.5823474178403756,0.28802588996763756,0.4188679245283019,0.4116766467065868,0.6836879432624113,0.4225786551511413,0.6059019514516897,0.46875,0.48160434258142343,0.6731843575418994,0.5657026889903602,0.3543307086614173,0.22429127292940523,0.45887614232937973,0.4861952861952862,0.7827107373362019,0.5027624309392266,0.3909704008992132
9,0.5398,0.623114293019688,0.521443998765813,0.596056338028169,0.35275080906148865,0.4911949685534591,0.4505988023952096,0.700709219858156,0.4663787785317705,0.6130414088529271,0.5044642857142857,0.5358866103739445,0.7206703910614525,0.5946220192795535,0.3937007874015748,0.29210672595886605,0.4736535096247326,0.52996632996633,0.785253275963231,0.5359116022099447,0.4170101161483702,0.623114293019688,0.521443998765813,0.596056338028169,0.35275080906148865,0.4911949685534591,0.4505988023952096,0.700709219858156,0.4663787785317705,0.6130414088529271,0.5044642857142857,0.5358866103739445,0.7206703910614525,0.5946220192795535,0.3937007874015748,0.29210672595886605,0.4736535096247326,0.52996632996633,0.785253275963231,0.5359116022099447,0.4170101161483702
10,0.5432,0.6292508309895167,0.5180499845726627,0.5996244131455399,0.3592233009708738,0.4767295597484277,0.44011976047904194,0.675177304964539,0.47069710055521286,0.6211327939076631,0.47767857142857145,0.5298552472858866,0.6955307262569832,0.589041095890411,0.3858267716535433,0.27959977765425237,0.4573206299825005,0.5456790123456791,0.8063759045570116,0.5303867403314917,0.43911577369801424,0.6292508309895167,0.5180499845726627,0.5996244131455399,0.3592233009708738,0.4767295597484277,0.44011976047904194,0.675177304964539,0.47069710055521286,0.6211327939076631,0.47767857142857145,0.5298552472858866,0.6955307262569832,0.589041095890411,0.3858267716535433,0.27959977765425237,0.4573206299825005,0.5456790123456791,0.8063759045570116,0.5303867403314917,0.43911577369801424
11,0.5526,0.6264382510866786,0.5109534094415303,0.6345539906103287,0.36893203883495146,0.5006289308176101,0.43263473053892215,0.7219858156028369,0.47069710055521286,0.6396953831508805,0.5178571428571429,0.5533775633293124,0.729050279329609,0.6164383561643836,0.3937007874015748,0.28904947192884933,0.4837643398794478,0.559371492704826,0.8097007627615881,0.5193370165745856,0.4400524541026602,0.6264382510866786,0.5109534094415303,0.6345539906103287,0.36893203883495146,0.5006289308176101,0.43263473053892215,0.7219858156028369,0.47069710055521286,0.6396953831508805,0.5178571428571429,0.5533775633293124,0.729050279329609,0.6164383561643836,0.3937007874015748,0.28904947192884933,0.4837643398794478,0.559371492704826,0.8097007627615881,0.5193370165745856,0.4400524541026602
12,0.5629,0.641268217847098,0.5418080839247146,0.6020657276995305,0.4110032362459547,0.5616352201257861,0.49550898203592814,0.724822695035461,0.5027760641579272,0.6515944788196097,0.5714285714285714,0.6085645355850422,0.7541899441340782,0.6235413495687468,0.4251968503937008,0.32684824902723736,0.46743146023721566,0.5586980920314254,0.8161548992763544,0.5469613259668509,0.47751967028849757,0.641268217847098,0.5418080839247146,0.6020657276995305,0.4110032362459547,0.5616352201257861,0.49550898203592814,0.724822695035461,0.5027760641579272,0.6515944788196097,0.5714285714285714,0.6085645355850422,0.7541899441340782,0.6235413495687468,0.4251968503937008,0.32684824902723736,0.46743146023721566,0.5586980920314254,0.8161548992763544,0.5469613259668509,0.47751967028849757
13,0.5766,0.6417795960112503,0.5501388460351744,0.6368075117370892,0.3948220064724919,0.5433962264150943,0.4820359281437126,0.7397163120567376,0.47871684145589144,0.6430271299381247,0.5535714285714286,0.5907720144752714,0.7458100558659218,0.6494165398274987,0.4094488188976378,0.29683157309616454,0.5382072720202217,0.6127946127946128,0.8034422061412086,0.6077348066298343,0.4866991382540277,0.6417795960112503,0.5501388460351744,0.6368075117370892,0.3948220064724919,0.5433962264150943,0.4820359281437126,0.7397163120567376,0.47871684145589144,0.6430271299381247,0.5535714285714286,0.5907720144752714,0.7458100558659218,0.6494165398274987,0.4094488188976378,0.29683157309616454,0.5382072720202217,0.6127946127946128,0.8034422061412086,0.6077348066298343,0.4866991382540277
14,0.5809,0.6742521094349271,0.5816106140080222,0.5861032863849766,0.39805825242718446,0.6069182389937107,0.5374251497005988,0.700709219858156,0.48982109808760027,0.6401713469776297,0.59375,0.6489746682750301,0.7374301675977654,0.6641298833079655,0.48031496062992124,0.30906058921623125,0.4837643398794478,0.6415263748597082,0.8269117934676316,0.5966850828729282,0.4771449981266392,0.6742521094349271,0.5816106140080222,0.5861032863849766,0.39805825242718446,0.6069182389937107,0.5374251497005988,0.700709219858156,0.48982109808760027,0.6401713469776297,0.59375,0.6489746682750301,0.7374301675977654,0.6641298833079655,0.48031496062992124,0.30906058921623125,0.4837643398794478,0.6415263748597082,0.8269117934676316,0.5966850828729282,0.4771449981266392
15,0.5925,0.6653029915622602,0.5726627584078988,0.6251643192488263,0.39158576051779936,0.5522012578616352,0.5119760479041916,0.7198581560283688,0.4910549043800123,0.6792003807710614,0.5714285714285714,0.6100723763570567,0.7318435754189944,0.6524606798579401,0.4645669291338583,0.3157309616453585,0.531207466459265,0.6379349046015713,0.8239780950518286,0.5966850828729282,0.5342825028100412,0.6653029915622602,0.5726627584078988,0.6251643192488263,0.39158576051779936,0.5522012578616352,0.5119760479041916,0.7198581560283688,0.4910549043800123,0.6792003807710614,0.5714285714285714,0.6100723763570567,0.7318435754189944,0.6524606798579401,0.4645669291338583,0.3157309616453585,0.531207466459265,0.6379349046015713,0.8239780950518286,0.5966850828729282,0.5342825028100412
16,0.6039,0.6665814369726413,0.5686516507250848,0.667793427230047,0.47249190938511326,0.5949685534591195,0.5059880239520959,0.7340425531914894,0.5582973473164713,0.6787244169443122,0.625,0.6480699638118215,0.7569832402234636,0.6722475900558093,0.48031496062992124,0.4291272929405225,0.5051526346490375,0.6345679012345679,0.8161548992763544,0.6243093922651933,0.5288497564630948,0.6665814369726413,0.5686516507250848,0.667793427230047,0.47249190938511326,0.5949685534591195,0.5059880239520959,0.7340425531914894,0.5582973473164713,0.6787244169443122,0.625,0.6480699638118215,0.7569832402234636,0.6722475900558093,0.48031496062992124,0.4291272929405225,0.5051526346490375,0.6345679012345679,0.8161548992763544,0.6243093922651933,0.5288497564630948
17,0.5984,0.6678598823830223,0.560629435359457,0.5986854460093897,0.4563106796116505,0.5666666666666667,0.49850299401197606,0.7198581560283688,0.5595311536088834,0.6991908614945264,0.6026785714285714,0.6399276236429433,0.7625698324022346,0.6702181633688483,0.4566929133858268,0.40522512506948305,0.47248687536457323,0.6451178451178451,0.84255818501858,0.6298342541436464,0.5524541026601724,0.6678598823830223,0.560629435359457,0.5986854460093897,0.4563106796116505,0.5666666666666667,0.49850299401197606,0.7198581560283688,0.5595311536088834,0.6991908614945264,0.6026785714285714,0.6399276236429433,0.7625698324022346,0.6702181633688483,0.4566929133858268,0.40522512506948305,0.47248687536457323,0.6451178451178451,0.84255818501858,0.6298342541436464,0.5524541026601724
18,0.6146,0.6934287905906418,0.6081456340635606,0.6377464788732394,0.49514563106796117,0.6056603773584905,0.5374251497005988,0.7439716312056738,0.5829734731647132,0.6853879105188005,0.6339285714285714,0.6577201447527141,0.7653631284916201,0.6829020801623541,0.5433070866141733,0.4613674263479711,0.516624538207272,0.6480359147025814,0.8204576569528652,0.6353591160220995,0.5329711502435369,0.6934287905906418,0.6081456340635606,0.6377464788732394,0.49514563106796117,0.6056603773584905,0.5374251497005988,0.7439716312056738,0.5829734731647132,0.6853879105188005,0.6339285714285714,0.6577201447527141,0.7653631284916201,0.6829020801623541,0.5433070866141733,0.4613674263479711,0.516624538207272,0.6480359147025814,0.8204576569528652,0.6353591160220995,0.5329711502435369
19,0.6244,0.6970084377397086,0.6022832459117556,0.676056338028169,0.47249190938511326,0.6358490566037736,0.5464071856287425,0.7531914893617021,0.5484268969771746,0.6977629700142789,0.6473214285714286,0.6770205066344994,0.7569832402234636,0.710806697108067,0.5511811023622047,0.3977209560867148,0.5339296130663037,0.6781144781144781,0.8278896929395658,0.6850828729281768,0.5522667665792431,0.6970084377397086,0.6022832459117556,0.676056338028169,0.47249190938511326,0.6358490566037736,0.5464071856287425,0.7531914893617021,0.5484268969771746,0.6977629700142789,0.6473214285714286,0.6770205066344994,0.7569832402234636,0.710806697108067,0.5511811023622047,0.3977209560867148,0.5339296130663037,0.6781144781144781,0.8278896929395658,0.6850828729281768,0.5522667665792431
20,0.6291,0.6888263871132703,0.5945695772909596,0.6480751173708921,0.4692556634304207,0.6534591194968553,0.5479041916167665,0.7531914893617021,0.5700185070943862,0.7125178486435031,0.65625,0.6899879372738239,0.7458100558659218,0.6991374936580416,0.5433070866141733,0.43274041133963315,0.5255687342018277,0.671604938271605,0.8329747701936241,0.6850828729281768,0.5974147620831772,0.6888263871132703,0.5945695772909596,0.6480751173708921,0.4692556634304207,0.6534591194968553,0.5479041916167665,0.7531914893617021,0.5700185070943862,0.7125178486435031,0.65625,0.6899879372738239,0.7458100558659218,0.6991374936580416,0.5433070866141733,0.43274041133963315,0.5255687342018277,0.671604938271605,0.8329747701936241,0.6850828729281768,0.5974147620831772
21,0.6377,0.7197647660444899,0.6340635606294354,0.6563380281690141,0.5275080906148867,0.6415094339622641,0.5853293413173652,0.775886524822695,0.5903763109191857,0.6906235126130414,0.6339285714285714,0.6836550060313631,0.7737430167597765,0.7356671740233384,0.6062992125984252,0.4608115619788771,0.5545401516624539,0.6951739618406285,0.8243692548406024,0.7071823204419889,0.5376545522667666,0.7197647660444899,0.6340635606294354,0.6563380281690141,0.5275080906148867,0.6415094339622641,0.5853293413173652,0.775886524822695,0.5903763109191857,0.6906235126130414,0.6339285714285714,0.6836550060313631,0.7737430167597765,0.7356671740233384,0.6062992125984252,0.4608115619788771,0.5545401516624539,0.6951739618406285,0.8243692548406024,0.7071823204419889,0.5376545522667666
22,0.6419,0.6952186141651752,0.5964208577599507,0.672300469483568,0.5210355987055016,0.6446540880503144,0.5688622754491018,0.776595744680851,0.5971622455274522,0.714897667777249,0.6607142857142857,0.6875753920386007,0.7821229050279329,0.7265347539320142,0.5669291338582677,0.4744302390216787,0.5419016138440599,0.6891133557800224,0.8308233913553686,0.7016574585635359,0.5651929561633571,0.6952186141651752,0.5964208577599507,0.672300469483568,0.5210355987055016,0.6446540880503144,0.5688622754491018,0.776595744680851,0.5971622455274522,0.714897667777249,0.6607142857142857,0.6875753920386007,0.7821229050279329,0.7265347539320142,0.5669291338582677,0.4744302390216787,0.5419016138440599,0.6891133557800224,0.8308233913553686,0.7016574585635359,0.5651929561633571
23,0.6444,0.738174379953976,0.6470225239123727,0.6589671361502347,0.49838187702265374,0.6377358490566037,0.6092814371257484,0.7716312056737589,0.582356570018507,0.7182294145644931,0.6473214285714286,0.6866706875753921,0.7681564245810056,0.7214611872146118,0.5984251968503937,0.45247359644246804,0.5358740034999028,0.6891133557800224,0.8402112262859378,0.6850828729281768,0.5818658673660547,0.738174379953976,0.6470225239123727,0.6589671361502347,0.49838187702265374,0.6377358490566037,0.6092814371257484,0.7716312056737589,0.582356570018507,0.7182294145644931,0.6473214285714286,0.6866706875753921,0.7681564245810056,0.7214611872146118,0.5984251968503937,0.45247359644246804,0.5358740034999028,0.6891133557800224,0.8402112262859378,0.6850828729281768,0.5818658673660547
24,0.6451,0.7184863206341089,0.6278926257327985,0.6356807511737089,0.5339805825242718,0.6289308176100629,0.5778443113772455,0.7602836879432624,0.6187538556446638,0.7282246549262256,0.6383928571428571,0.6881785283474066,0.770949720670391,0.7316083206494165,0.5748031496062992,0.48638132295719844,0.5228465875947891,0.7057239057239058,0.8507725405828281,0.7071823204419889,0.6047208692394155,0.7184863206341089,0.6278926257327985,0.6356807511737089,0.5339805825242718,0.6289308176100629,0.5778443113772455,0.7602836879432624,0.6187538556446638,0.7282246549262256,0.6383928571428571,0.6881785283474066,0.770949720670391,0.7316083206494165,0.5748031496062992,0.48638132295719844,0.5228465875947891,0.7057239057239058,0.8507725405828281,0.7071823204419889,0.6047208692394155
25,0.6504,0.7266683712605472,0.6430114162295588,0.6888262910798122,0.5242718446601942,0.620125786163522,0.5913173652694611,0.7808510638297872,0.607649599012955,0.723465016658734,0.6160714285714286,0.6758142340168878,0.7849162011173184,0.7351598173515982,0.5905511811023622,0.4705391884380211,0.5529846393155746,0.703030303030303,0.8486211617445727,0.712707182320442,0.5803671787186212,0.7266683712605472,0.6430114162295588,0.6888262910798122,0.5242718446601942,0.620125786163522,0.5913173652694611,0.7808510638297872,0.607649599012955,0.723465016658734,0.6160714285714286,0.6758142340168878,0.7849162011173184,0.7351598173515982,0.5905511811023622,0.4705391884380211,0.5529846393155746,0.703030303030303,0.8486211617445727,0.712707182320442,0.5803671787186212
26,0.6509,0.7366402454615187,0.6467139771675409,0.6490140845070422,0.5436893203883495,0.6452830188679245,0.5973053892215568,0.7780141843971631,0.6304750154225787,0.7248929081389814,0.6428571428571429,0.6951145958986731,0.7849162011173184,0.7311009639776763,0.5748031496062992,0.4874930516953863,0.5419016138440599,0.6971941638608306,0.8539018188930177,0.6795580110497238,0.589171974522293,0.7366402454615187,0.6467139771675409,0.6490140845070422,0.5436893203883495,0.6452830188679245,0.5973053892215568,0.7780141843971631,0.6304750154225787,0.7248929081389814,0.6428571428571429,0.6951145958986731,0.7849162011173184,0.7311009639776763,0.5748031496062992,0.4874930516953863,0.5419016138440599,0.6971941638608306,0.8539018188930177,0.6795580110497238,0.589171974522293
27,0.6579,0.7087701355152135,0.6223387843258253,0.6886384976525821,0.5145631067961165,0.6647798742138364,0.5958083832335329,0.7829787234042553,0.6064157927205429,0.7210851975249881,0.65625,0.7123039806996381,0.7988826815642458,0.7544393708777271,0.5748031496062992,0.4608115619788771,0.5856503986000389,0.7393939393939394,0.838646587130843,0.7513812154696132,0.6004121393780442,0.7087701355152135,0.6223387843258253,0.6886384976525821,0.5145631067961165,0.6647798742138364,0.5958083832335329,0.7829787234042553,0.6064157927205429,0.7210851975249881,0.65625,0.7123039806996381,0.7988826815642458,0.7544393708777271,0.5748031496062992,0.4608115619788771,0.5856503986000389,0.7393939393939394,0.838646587130843,0.7513812154696132,0.6004121393780442
28,0.6601,0.7351061109690616,0.6516507250848503,0.6617840375586854,0.5275080906148867,0.6666666666666666,0.6002994011976048,0.7773049645390071,0.621838371375694,0.7386958591147073,0.6517857142857143,0.7129071170084439,0.7877094972067039,0.7300862506341959,0.5748031496062992,0.4847137298499166,0.5428738090608595,0.6962962962962963,0.8566399374144338,0.6850828729281768,0.6249531659797677,0.7351061109690616,0.6516507250848503,0.6617840375586854,0.5275080906148867,0.6666666666666666,0.6002994011976048,0.7773049645390071,0.621838371375694,0.7386958591147073,0.6517857142857143,0.7129071170084439,0.7877094972067039,0.7300862506341959,0.5748031496062992,0.4847137298499166,0.5428738090608595,0.6962962962962963,0.8566399374144338,0.6850828729281768,0.6249531659797677
29,0.6637,0.7389414472002046,0.6599814871953101,0.6989671361502348,0.5501618122977346,0.6628930817610063,0.6032934131736527,0.775177304964539,0.6169031462060457,0.7172774869109948,0.625,0.706875753920386,0.7793296089385475,0.7442922374429224,0.6456692913385826,0.490550305725403,0.5747618121718842,0.7299663299663299,0.8437316643849012,0.7348066298342542,0.6097789434245036,0.7389414472002046,0.6599814871953101,0.6989671361502348,0.5501618122977346,0.6628930817610063,0.6032934131736527,0.775177304964539,0.6169031462060457,0.7172774869109948,0.625,0.706875753920386,0.7793296089385475,0.7442922374429224,0.6456692913385826,0.490550305725403,0.5747618121718842,0.7299663299663299,0.8437316643849012,0.7348066298342542,0.6097789434245036
30,0.6664,0.7404755816926617,0.663992594878124,0.68018779342723,0.5566343042071198,0.6522012578616352,0.6092814371257484,0.7886524822695036,0.6391116594694632,0.7244169443122322,0.6517857142857143,0.7038600723763571,0.7932960893854749,0.7488584474885844,0.6062992125984252,0.5130628126737076,0.5720396655648454,0.7297418630751964,0.8501858008996676,0.7513812154696132,0.6095916073435744,0.7404755816926617,0.663992594878124,0.68018779342723,0.5566343042071198,0.6522012578616352,0.6092814371257484,0.7886524822695036,0.6391116594694632,0.7244169443122322,0.6517857142857143,0.7038600723763571,0.7932960893854749,0.7488584474885844,0.6062992125984252,0.5130628126737076,0.5720396655648454,0.7297418630751964,0.8501858008996676,0.7513812154696132,0.6095916073435744
31,0.6634,0.7340833546407568,0.6457883369330454,0.6848826291079813,0.5501618122977346,0.6528301886792452,0.5988023952095808,0.7879432624113475,0.6286243059839605,0.7344121846739647,0.6741071428571429,0.7165259348612787,0.7821229050279329,0.7595129375951294,0.6141732283464567,0.5116731517509727,0.5446237604510986,0.7286195286195286,0.8634852337179738,0.7403314917127072,0.6223304608467591,0.7340833546407568,0.6457883369330454,0.6848826291079813,0.5501618122977346,0.6528301886792452,0.5988023952095808,0.7879432624113475,0.6286243059839605,0.7344121846739647,0.6741071428571429,0.7165259348612787,0.7821229050279329,0.7595129375951294,0.6141732283464567,0.5116731517509727,0.5446237604510986,0.7286195286195286,0.8634852337179738,0.7403314917127072,0.6223304608467591
32,0.6648,0.7450779851700332,0.6612156741746374,0.6486384976525822,0.5598705501618123,0.6471698113207547,0.6032934131736527,0.7588652482269503,0.634176434299815,0.7287006187529748,0.6696428571428571,0.7107961399276237,0.7653631284916201,0.7382039573820396,0.6062992125984252,0.5163979988882713,0.5446237604510986,0.7438832772166105,0.8599647956190104,0.7348066298342542,0.6311352566504309,0.7450779851700332,0.6612156741746374,0.6486384976525822,0.5598705501618123,0.6471698113207547,0.6032934131736527,0.7588652482269503,0.634176434299815,0.7287006187529748,0.6696428571428571,0.7107961399276237,0.7653631284916201,0.7382039573820396,0.6062992125984252,0.5163979988882713,0.5446237604510986,0.7438832772166105,0.8599647956190104,0.7348066298342542,0.6311352566504309
33,0.6706,0.7409869598568141,0.6627584078987967,0.6845070422535211,0.5728155339805825,0.6616352201257861,0.6182634730538922,0.8035460992907801,0.6434299814929056,0.7244169443122322,0.6964285714285714,0.7135102533172497,0.7988826815642458,0.7620497209538305,0.6377952755905512,0.5394663702056698,0.5846782033832394,0.7378226711560045,0.8544885585761783,0.7292817679558011,0.5976020981641064,0.7409869598568141,0.6627584078987967,0.6845070422535211,0.5728155339805825,0.6616352201257861,0.6182634730538922,0.8035460992907801,0.6434299814929056,0.7244169443122322,0.6964285714285714,0.7135102533172497,0.7988826815642458,0.7620497209538305,0.6377952755905512,0.5394663702056698,0.5846782033832394,0.7378226711560045,0.8544885585761783,0.7292817679558011,0.5976020981641064
34,0.673,0.7440552288417285,0.663992594878124,0.6991549295774648,0.540453074433657,0.6716981132075471,0.625748502994012,0.798581560283688,0.6428130783466995,0.7429795335554498,0.6875,0.71562123039807,0.7960893854748603,0.7620497209538305,0.6062992125984252,0.5100055586436909,0.5576511763562123,0.726374859708193,0.8593780559358498,0.7237569060773481,0.6423754215061821,0.7440552288417285,0.663992594878124,0.6991549295774648,0.540453074433657,0.6716981132075471,0.625748502994012,0.798581560283688,0.6428130783466995,0.7429795335554498,0.6875,0.71562123039807,0.7960893854748603,0.7620497209538305,0.6062992125984252,0.5100055586436909,0.5576511763562123,0.726374859708193,0.8593780559358498,0.7237569060773481,0.6423754215061821
35,0.6702,0.7294809511633853,0.642702869484727,0.6803755868544601,0.5501618122977346,0.6547169811320754,0.594311377245509,0.7936170212765957,0.6440468846391116,0.732032365540219,0.6964285714285714,0.7132086851628469,0.7877094972067039,0.763064434297311,0.6062992125984252,0.5061145080600333,0.5755395683453237,0.7472502805836139,0.8673968316057109,0.7458563535911602,0.6208317721993256,0.7294809511633853,0.642702869484727,0.6803755868544601,0.5501618122977346,0.6547169811320754,0.594311377245509,0.7936170212765957,0.6440468846391116,0.732032365540219,0.6964285714285714,0.7132086851628469,0.7877094972067039,0.763064434297311,0.6062992125984252,0.5061145080600333,0.5755395683453237,0.7472502805836139,0.8673968316057109,0.7458563535911602,0.6208317721993256
36,0.6763,0.7435438506775761,0.6670780623264425,0.7010328638497653,0.5469255663430421,0.6792452830188679,0.6362275449101796,0.8120567375886525,0.6434299814929056,0.732032365540219,0.6830357142857143,0.7340168878166465,0.7988826815642458,0.7742262810755961,0.6141732283464567,0.5122290161200667,0.5971223021582733,0.7488215488215488,0.8533150792098573,0.7679558011049724,0.6275758711127764,0.7435438506775761,0.6670780623264425,0.7010328638497653,0.5469255663430421,0.6792452830188679,0.6362275449101796,0.8120567375886525,0.6434299814929056,0.732032365540219,0.6830357142857143,0.7340168878166465,0.7988826815642458,0.7742262810755961,0.6141732283464567,0.5122290161200667,0.5971223021582733,0.7488215488215488,0.8533150792098573,0.7679558011049724,0.6275758711127764
37,0.6752,0.7363845563794426,0.6584387534711509,0.6944600938967136,0.5760517799352751,0.6660377358490566,0.624251497005988,0.7893617021276595,0.6557680444170265,0.7353641123274631,0.6830357142857143,0.7300965018094089,0.7905027932960894,0.7691527143581938,0.6062992125984252,0.5308504724847137,0.5809838615594012,0.7600448933782267,0.8595736358302366,0.7513812154696132,0.637317347321094,0.7363845563794426,0.6584387534711509,0.6944600938967136,0.5760517799352751,0.6660377358490566,0.624251497005988,0.7893617021276595,0.6557680444170265,0.7353641123274631,0.6830357142857143,0.7300965018094089,0.7905027932960894,0.7691527143581938,0.6062992125984252,0.5308504724847137,0.5809838615594012,0.7600448933782267,0.8595736358302366,0.7513812154696132,0.637317347321094
38,0.6785,0.7287138839171567,0.6550447392780007,0.7059154929577465,0.540453074433657,0.6578616352201258,0.6152694610778443,0.8113475177304964,0.6298581122763726,0.737743931461209,0.6785714285714286,0.7189384800965019,0.7988826815642458,0.7848807711821411,0.5905511811023622,0.49499722067815455,0.6227882558817811,0.7694725028058361,0.853706238998631,0.7679558011049724,0.6459348070438367,0.7287138839171567,0.6550447392780007,0.7059154929577465,0.540453074433657,0.6578616352201258,0.6152694610778443,0.8113475177304964,0.6298581122763726,0.737743931461209,0.6785714285714286,0.7189384800965019,0.7988826815642458,0.7848807711821411,0.5905511811023622,0.49499722067815455,0.6227882558817811,0.7694725028058361,0.853706238998631,0.7679558011049724,0.6459348070438367
39,0.679,0.731782152902071,0.6565874730021598,0.7076056338028169,0.5954692556634305,0.6660377358490566,0.6212574850299402,0.8148936170212766,0.6859962985811228,0.7287006187529748,0.6964285714285714,0.7192400482509047,0.7988826815642458,0.7833587011669203,0.5984251968503937,0.5761534185658699,0.5683453237410072,0.7575757575757576,0.8623117543516526,0.7458563535911602,0.639378044211315,0.731782152902071,0.6565874730021598,0.7076056338028169,0.5954692556634305,0.6660377358490566,0.6212574850299402,0.8148936170212766,0.6859962985811228,0.7287006187529748,0.6964285714285714,0.7192400482509047,0.7988826815642458,0.7833587011669203,0.5984251968503937,0.5761534185658699,0.5683453237410072,0.7575757575757576,0.8623117543516526,0.7458563535911602,0.639378044211315
40,0.6754,0.7519815903860905,0.6658438753471151,0.6826291079812207,0.5372168284789643,0.6578616352201258,0.6197604790419161,0.8134751773049645,0.6310919185687847,0.7524988100904332,0.6830357142857143,0.7174306393244874,0.8128491620111732,0.7798072044647387,0.5905511811023622,0.4841578654808227,0.5872059109469181,0.7485970819304153,0.8812830041071777,0.7458563535911602,0.6309479205695017,0.7519815903860905,0.6658438753471151,0.6826291079812207,0.5372168284789643,0.6578616352201258,0.6197604790419161,0.8134751773049645,0.6310919185687847,0.7524988100904332,0.6830357142857143,0.7174306393244874,0.8128491620111732,0.7798072044647387,0.5905511811023622,0.4841578654808227,0.5872059109469181,0.7485970819304153,0.8812830041071777,0.7458563535911602,0.6309479205695017
41,0.679,0.744822296087957,0.675717371181734,0.7190610328638498,0.5954692556634305,0.6553459119496855,0.6392215568862275,0.8177304964539007,0.6613201727328809,0.7225130890052356,0.6830357142857143,0.715319662243667,0.7988826815642458,0.7813292744799594,0.6141732283464567,0.5469705391884381,0.6050943029360295,0.7613916947250281,0.8681791511832584,0.7458563535911602,0.6032221805919821,0.744822296087957,0.675717371181734,0.7190610328638498,0.5954692556634305,0.6553459119496855,0.6392215568862275,0.8177304964539007,0.6613201727328809,0.7225130890052356,0.6830357142857143,0.715319662243667,0.7988826815642458,0.7813292744799594,0.6141732283464567,0.5469705391884381,0.6050943029360295,0.7613916947250281,0.8681791511832584,0.7458563535911602,0.6032221805919821
42,0.6867,0.7435438506775761,0.6723233569885838,0.71981220657277,0.5922330097087378,0.6968553459119496,0.6452095808383234,0.8276595744680851,0.6656384947563233,0.7306044740599714,0.6964285714285714,0.7406513872135102,0.8044692737430168,0.7818366311516997,0.5905511811023622,0.5541967759866593,0.6035387905891503,0.7503928170594837,0.8587913162526892,0.7292817679558011,0.6429374297489696,0.7435438506775761,0.6723233569885838,0.71981220657277,0.5922330097087378,0.6968553459119496,0.6452095808383234,0.8276595744680851,0.6656384947563233,0.7306044740599714,0.6964285714285714,0.7406513872135102,0.8044692737430168,0.7818366311516997,0.5905511811023622,0.5541967759866593,0.6035387905891503,0.7503928170594837,0.8587913162526892,0.7292817679558011,0.6429374297489696
43,0.6835,0.7629762209153669,0.6880592409750077,0.6892018779342723,0.56957928802589,0.680503144654088,0.6482035928143712,0.7900709219858156,0.6533004318322023,0.7467872441694431,0.6919642857142857,0.7331121833534379,0.8016759776536313,0.7823439878234398,0.5984251968503937,0.528349082823791,0.5675675675675675,0.7687991021324355,0.874046548014864,0.7624309392265194,0.6547396028475084,0.7629762209153669,0.6880592409750077,0.6892018779342723,0.56957928802589,0.680503144654088,0.6482035928143712,0.7900709219858156,0.6533004318322023,0.7467872441694431,0.6919642857142857,0.7331121833534379,0.8016759776536313,0.7823439878234398,0.5984251968503937,0.528349082823791,0.5675675675675675,0.7687991021324355,0.874046548014864,0.7624309392265194,0.6547396028475084
44,0.6895,0.7489133214011762,0.6806541190990435,0.7096713615023474,0.5792880258899676,0.6842767295597484,0.6511976047904192,0.8283687943262411,0.6613201727328809,0.7401237505949548,0.7098214285714286,0.7276839565741857,0.8016759776536313,0.7950279046169457,0.6141732283464567,0.5444691495275152,0.610538596150107,0.7566778900112233,0.8703305300215138,0.7513812154696132,0.6476208317721993,0.7489133214011762,0.6806541190990435,0.7096713615023474,0.5792880258899676,0.6842767295597484,0.6511976047904192,0.8283687943262411,0.6613201727328809,0.7401237505949548,0.7098214285714286,0.7276839565741857,0.8016759776536313,0.7950279046169457,0.6141732283464567,0.5444691495275152,0.610538596150107,0.7566778900112233,0.8703305300215138,0.7513812154696132,0.6476208317721993
45,0.6899,0.7553055484530811,0.6834310398025301,0.7100469483568075,0.5501618122977346,0.6918238993710691,0.6616766467065869,0.8127659574468085,0.6391116594694632,0.7496430271299381,0.6785714285714286,0.7346200241254524,0.8016759776536313,0.7858954845256215,0.5984251968503937,0.5105614230127848,0.6099552790200272,0.7638608305274972,0.8765890866418932,0.7569060773480663,0.6706631697264893,0.7553055484530811,0.6834310398025301,0.7100469483568075,0.5501618122977346,0.6918238993710691,0.6616766467065869,0.8127659574468085,0.6391116594694632,0.7496430271299381,0.6785714285714286,0.7346200241254524,0.8016759776536313,0.7858954845256215,0.5984251968503937,0.5105614230127848,0.6099552790200272,0.7638608305274972,0.8765890866418932,0.7569060773480663,0.6706631697264893
46,0.6902,0.7593965737663002,0.6948472693613083,0.6914553990610328,0.6084142394822006,0.7044025157232704,0.6691616766467066,0.8120567375886525,0.67550894509562,0.7248929081389814,0.7098214285714286,0.7394451145958987,0.7988826815642458,0.7828513444951801,0.6299212598425197,0.5717065036131184,0.6239548901419405,0.7609427609427609,0.8589868961470761,0.7292817679558011,0.6457474709629074,0.7593965737663002,0.6948472693613083,0.6914553990610328,0.6084142394822006,0.7044025157232704,0.6691616766467066,0.8120567375886525,0.67550894509562,0.7248929081389814,0.7098214285714286,0.7394451145958987,0.7988826815642458,0.7828513444951801,0.6299212598425197,0.5717065036131184,0.6239548901419405,0.7609427609427609,0.8589868961470761,0.7292817679558011,0.6457474709629074
47,0.6897,0.7412426489388904,0.6618327676643011,0.7021596244131455,0.5825242718446602,0.6823899371069182,0.6377245508982036,0.8290780141843972,0.6674892041949414,0.7529747739171823,0.6696428571428571,0.7276839565741857,0.8212290502793296,0.7894469812278031,0.5905511811023622,0.5530850472484714,0.610538596150107,0.7497194163860831,0.8777625660082143,0.7403314917127072,0.6577369801423755,0.7412426489388904,0.6618327676643011,0.7021596244131455,0.5825242718446602,0.6823899371069182,0.6377245508982036,0.8290780141843972,0.6674892041949414,0.7529747739171823,0.6696428571428571,0.7276839565741857,0.8212290502793296,0.7894469812278031,0.5905511811023622,0.5530850472484714,0.610538596150107,0.7497194163860831,0.8777625660082143,0.7403314917127072,0.6577369801423755
48,0.6898,0.7711582715418052,0.6985498302992903,0.7092957746478873,0.5372168284789643,0.7,0.6601796407185628,0.8226950354609929,0.6446637877853177,0.737743931461209,0.6741071428571429,0.7424607961399277,0.8016759776536313,0.7889396245560629,0.6141732283464567,0.5119510839355197,0.6245382072720203,0.7647586980920315,0.8760023469587327,0.7458563535911602,0.6539902585237917,0.7711582715418052,0.6985498302992903,0.7092957746478873,0.5372168284789643,0.7,0.6601796407185628,0.8226950354609929,0.6446637877853177,0.737743931461209,0.6741071428571429,0.7424607961399277,0.8016759776536313,0.7889396245560629,0.6141732283464567,0.5119510839355197,0.6245382072720203,0.7647586980920315,0.8760023469587327,0.7458563535911602,0.6539902585237917
49,0.6937,0.7512145231398619,0.6803455723542117,0.7303286384976526,0.5889967637540453,0.6880503144654088,0.657185628742515,0.8205673758865248,0.6711906230721777,0.732032365540219,0.6785714285714286,0.7310012062726177,0.7821229050279329,0.7894469812278031,0.5984251968503937,0.5678154530294608,0.633287964223216,0.7661054994388328,0.8670056718169372,0.7458563535911602,0.6637317347321094,0.7512145231398619,0.6803455723542117,0.7303286384976526,0.5889967637540453,0.6880503144654088,0.657185628742515,0.8205673758865248,0.6711906230721777,0.732032365540219,0.6785714285714286,0.7310012062726177,0.7821229050279329,0.7894469812278031,0.5984251968503937,0.5678154530294608,0.633287964223216,0.7661054994388328,0.8670056718169372,0.7458563535911602,0.6637317347321094
50,0.6955,0.7609307082587573,0.6892934279543351,0.7222535211267606,0.5760517799352751,0.7176100628930817,0.6796407185628742,0.8262411347517731,0.6681061073411474,0.7401237505949548,0.6785714285714286,0.7572376357056695,0.7960893854748603,0.7955352612886859,0.6062992125984252,0.556698165647582,0.616760645537624,0.7728395061728395,0.8662233522393898,0.7679558011049724,0.6588609966279505,0.7609307082587573,0.6892934279543351,0.7222535211267606,0.5760517799352751,0.7176100628930817,0.6796407185628742,0.8262411347517731,0.6681061073411474,0.7401237505949548,0.6785714285714286,0.7572376357056695,0.7960893854748603,0.7955352612886859,0.6062992125984252,0.556698165647582,0.616760645537624,0.7728395061728395,0.8662233522393898,0.7679558011049724,0.6588609966279505
51,0.6911,0.752492968550243,0.6747917309472385,0.7245070422535211,0.5566343042071198,0.6949685534591195,0.6497005988023952,0.8134751773049645,0.6514497223935842,0.7439314612089482,0.6875,0.7403498190591074,0.7960893854748603,0.7950279046169457,0.5748031496062992,0.5316842690383546,0.6258992805755396,0.7907968574635241,0.8773714062194407,0.7900552486187845,0.6509928812289247,0.752492968550243,0.6747917309472385,0.7245070422535211,0.5566343042071198,0.6949685534591195,0.6497005988023952,0.8134751773049645,0.6514497223935842,0.7439314612089482,0.6875,0.7403498190591074,0.7960893854748603,0.7950279046169457,0.5748031496062992,0.5316842690383546,0.6258992805755396,0.7907968574635241,0.8773714062194407,0.7900552486187845,0.6509928812289247
52,0.6959,0.7678343134748147,0.7028694847269361,0.7194366197183099,0.6245954692556634,0.690566037735849,0.6751497005988024,0.8156028368794326,0.689080814312153,0.7325083293669681,0.6919642857142857,0.7406513872135102,0.7932960893854749,0.7929984779299848,0.6220472440944882,0.5908838243468594,0.6159828893641843,0.7741863075196409,0.8679835712888715,0.7790055248618785,0.656238291494942,0.7678343134748147,0.7028694847269361,0.7194366197183099,0.6245954692556634,0.690566037735849,0.6751497005988024,0.8156028368794326,0.689080814312153,0.7325083293669681,0.6919642857142857,0.7406513872135102,0.7932960893854749,0.7929984779299848,0.6220472440944882,0.5908838243468594,0.6159828893641843,0.7741863075196409,0.8679835712888715,0.7790055248618785,0.656238291494942
53,0.6966,0.7675786243927384,0.6868250539956804,0.7256338028169014,0.5631067961165048,0.7213836477987421,0.6766467065868264,0.8390070921985816,0.64898210980876,0.7505949547834364,0.6919642857142857,0.7590470446320868,0.8100558659217877,0.7884322678843226,0.6062992125984252,0.5361311839911062,0.6307602566595373,0.7627384960718294,0.8826520633678858,0.7569060773480663,0.6729112026976396,0.7675786243927384,0.6868250539956804,0.7256338028169014,0.5631067961165048,0.7213836477987421,0.6766467065868264,0.8390070921985816,0.64898210980876,0.7505949547834364,0.6919642857142857,0.7590470446320868,0.8100558659217877,0.7884322678843226,0.6062992125984252,0.5361311839911062,0.6307602566595373,0.7627384960718294,0.8826520633678858,0.7569060773480663,0.6729112026976396
54,0.6961,0.7489133214011762,0.6744831842024067,0.7036619718309859,0.6440129449838188,0.6880503144654088,0.6526946107784432,0.8205673758865248,0.6983343615052436,0.7334602570204665,0.7008928571428571,0.7376357056694813,0.7877094972067039,0.7990867579908676,0.5669291338582677,0.6053362979433018,0.6360101108302547,0.7845117845117845,0.8679835712888715,0.7679558011049724,0.6414387411015362,0.7489133214011762,0.6744831842024067,0.7036619718309859,0.6440129449838188,0.6880503144654088,0.6526946107784432,0.8205673758865248,0.6983343615052436,0.7334602570204665,0.7008928571428571,0.7376357056694813,0.7877094972067039,0.7990867579908676,0.5669291338582677,0.6053362979433018,0.6360101108302547,0.7845117845117845,0.8679835712888715,0.7679558011049724,0.6414387411015362
55,0.6998,0.7732037841984147,0.6923788954026535,0.7115492957746479,0.5663430420711975,0.7088050314465408,0.6721556886227545,0.825531914893617,0.6631708821714991,0.7558305568776773,0.7232142857142857,0.752714113389626,0.7960893854748603,0.8046676813800101,0.6062992125984252,0.5386325736520289,0.6173439626677036,0.7804713804713804,0.8777625660082143,0.7790055248618785,0.6790932933683027,0.7732037841984147,0.6923788954026535,0.7115492957746479,0.5663430420711975,0.7088050314465408,0.6721556886227545,0.825531914893617,0.6631708821714991,0.7558305568776773,0.7232142857142857,0.752714113389626,0.7960893854748603,0.8046676813800101,0.6062992125984252,0.5386325736520289,0.6173439626677036,0.7804713804713804,0.8777625660082143,0.7790055248618785,0.6790932933683027
56,0.6974,0.7624648427512145,0.6926874421474853,0.7432863849765258,0.5760517799352751,0.6993710691823899,0.6781437125748503,0.8205673758865248,0.6613201727328809,0.737743931461209,0.6919642857142857,0.7430639324487334,0.7988826815642458,0.8001014713343481,0.6141732283464567,0.557254030016676,0.6538985028193661,0.7869809203142536,0.8650498728730687,0.7569060773480663,0.6541775946047209,0.7624648427512145,0.6926874421474853,0.7432863849765258,0.5760517799352751,0.6993710691823899,0.6781437125748503,0.8205673758865248,0.6613201727328809,0.737743931461209,0.6919642857142857,0.7430639324487334,0.7988826815642458,0.8001014713343481,0.6141732283464567,0.557254030016676,0.6538985028193661,0.7869809203142536,0.8650498728730687,0.7569060773480663,0.6541775946047209
57,0.6961,0.7688570698031194,0.6917618019129899,0.7139906103286385,0.5631067961165048,0.6874213836477987,0.6631736526946108,0.8099290780141843,0.6563849475632326,0.7501189909566873,0.6919642857142857,0.735524728588661,0.7932960893854749,0.8077118214104515,0.5826771653543307,0.5319622012229016,0.6426210383044916,0.7948372615039282,0.8797183649520829,0.7569060773480663,0.6656050955414012,0.7688570698031194,0.6917618019129899,0.7139906103286385,0.5631067961165048,0.6874213836477987,0.6631736526946108,0.8099290780141843,0.6563849475632326,0.7501189909566873,0.6919642857142857,0.735524728588661,0.7932960893854749,0.8077118214104515,0.5826771653543307,0.5319622012229016,0.6426210383044916,0.7948372615039282,0.8797183649520829,0.7569060773480663,0.6656050955414012
58,0.6975,0.7639989772436717,0.685590867016353,0.7337089201877934,0.5760517799352751,0.6968553459119496,0.6751497005988024,0.8546099290780141,0.6687230104873535,0.7558305568776773,0.6741071428571429,0.7337153196622437,0.8128491620111732,0.8117706747843734,0.5905511811023622,0.5541967759866593,0.6443709896947307,0.7679012345679013,0.8797183649520829,0.7569060773480663,0.6712251779692768,0.7639989772436717,0.685590867016353,0.7337089201877934,0.5760517799352751,0.6968553459119496,0.6751497005988024,0.8546099290780141,0.6687230104873535,0.7558305568776773,0.6741071428571429,0.7337153196622437,0.8128491620111732,0.8117706747843734,0.5905511811023622,0.5541967759866593,0.6443709896947307,0.7679012345679013,0.8797183649520829,0.7569060773480663,0.6712251779692768
59,0.6998,0.7739708514446433,0.7004011107682814,0.744037558685446,0.5242718446601942,0.7044025157232704,0.6631736526946108,0.8226950354609929,0.6378778531770513,0.7591623036649214,0.6964285714285714,0.7463811821471653,0.7932960893854749,0.8031456113647895,0.6141732283464567,0.5211228460255698,0.6447598677814506,0.7921436588103254,0.8801095247408567,0.7734806629834254,0.6794679655301611,0.7739708514446433,0.7004011107682814,0.744037558685446,0.5242718446601942,0.7044025157232704,0.6631736526946108,0.8226950354609929,0.6378778531770513,0.7591623036649214,0.6964285714285714,0.7463811821471653,0.7932960893854749,0.8031456113647895,0.6141732283464567,0.5211228460255698,0.6447598677814506,0.7921436588103254,0.8801095247408567,0.7734806629834254,0.6794679655301611
60,0.6969,0.7770391204295577,0.6994754705337859,0.7513615023474178,0.5825242718446602,0.6968553459119496,0.6796407185628742,0.8163120567375887,0.6607032695866749,0.7339362208472157,0.6785714285714286,0.7436670687575392,0.776536312849162,0.8011161846778285,0.6299212598425197,0.5436353529738743,0.6410655259576122,0.8006734006734006,0.8799139448464698,0.7624309392265194,0.6461221431247658,0.7770391204295577,0.6994754705337859,0.7513615023474178,0.5825242718446602,0.6968553459119496,0.6796407185628742,0.8163120567375887,0.6607032695866749,0.7339362208472157,0.6785714285714286,0.7436670687575392,0.776536312849162,0.8011161846778285,0.6299212598425197,0.5436353529738743,0.6410655259576122,0.8006734006734006,0.8799139448464698,0.7624309392265194,0.6461221431247658
61,0.6997,0.7691127588851956,0.6902190681888306,0.7487323943661972,0.5889967637540453,0.7050314465408805,0.6931137724550899,0.8390070921985816,0.67550894509562,0.7610661589719181,0.7098214285714286,0.7521109770808203,0.8128491620111732,0.8209030948756976,0.6141732283464567,0.5614230127848805,0.6212327435349018,0.7822671156004489,0.8716995892822218,0.7790055248618785,0.6708505058074186,0.7691127588851956,0.6902190681888306,0.7487323943661972,0.5889967637540453,0.7050314465408805,0.6931137724550899,0.8390070921985816,0.67550894509562,0.7610661589719181,0.7098214285714286,0.7521109770808203,0.8128491620111732,0.8209030948756976,0.6141732283464567,0.5614230127848805,0.6212327435349018,0.7822671156004489,0.8716995892822218,0.7790055248618785,0.6708505058074186
62,0.6995,0.7785732549220148,0.687442147485344,0.7216901408450704,0.5631067961165048,0.6993710691823899,0.6676646706586826,0.8283687943262411,0.6533004318322023,0.7648738695859115,0.6875,0.7518094089264173,0.7905027932960894,0.8097412480974124,0.6141732283464567,0.5291828793774319,0.6288158662259382,0.7860830527497195,0.8924310580872287,0.7734806629834254,0.6811539902585237,0.7785732549220148,0.687442147485344,0.7216901408450704,0.5631067961165048,0.6993710691823899,0.6676646706586826,0.8283687943262411,0.6533004318322023,0.7648738695859115,0.6875,0.7518094089264173,0.7905027932960894,0.8097412480974124,0.6141732283464567,0.5291828793774319,0.6288158662259382,0.7860830527497195,0.8924310580872287,0.7734806629834254,0.6811539902585237
63,0.7026,0.7793403221682434,0.7053378586855908,0.751737089201878,0.5954692556634305,0.7138364779874213,0.6841317365269461,0.824822695035461,0.6705737199259716,0.7339362208472157,0.7142857142857143,0.7533172496984318,0.7932960893854749,0.8143074581430746,0.6377952755905512,0.5703168426903835,0.6358156717868948,0.7988776655443323,0.8681791511832584,0.7734806629834254,0.6601723491944549,0.7793403221682434,0.7053378586855908,0.751737089201878,0.5954692556634305,0.7138364779874213,0.6841317365269461,0.824822695035461,0.6705737199259716,0.7339362208472157,0.7142857142857143,0.7533172496984318,0.7932960893854749,0.8143074581430746,0.6377952755905512,0.5703168426903835,0.6358156717868948,0.7988776655443323,0.8681791511832584,0.7734806629834254,0.6601723491944549
64,0.7013,0.7916133981079008,0.7078062326442456,0.7299530516431925,0.5922330097087378,0.7037735849056603,0.6916167664670658,0.8354609929078014,0.6588525601480567,0.7639219419324131,0.6830357142857143,0.7454764776839565,0.8072625698324022,0.802130898021309,0.6377952755905512,0.5503057254030017,0.6216216216216216,0.7845117845117845,0.8900840993545863,0.7458563535911602,0.6687898089171974,0.7916133981079008,0.7078062326442456,0.7299530516431925,0.5922330097087378,0.7037735849056603,0.6916167664670658,0.8354609929078014,0.6588525601480567,0.7639219419324131,0.6830357142857143,0.7454764776839565,0.8072625698324022,0.802130898021309,0.6377952755905512,0.5503057254030017,0.6216216216216216,0.7845117845117845,0.8900840993545863,0.7458563535911602,0.6687898089171974
65,0.7048,0.7716696497059575,0.697315643319963,0.7361502347417841,0.6148867313915858,0.7081761006289308,0.687125748502994,0.8347517730496454,0.6995681677976557,0.7639219419324131,0.7276785714285714,0.7536188178528347,0.7905027932960894,0.8072044647387113,0.6062992125984252,0.6028349082823791,0.5928446432043555,0.7797979797979798,0.8820653236847252,0.7624309392265194,0.6843387036343199,0.7716696497059575,0.697315643319963,0.7361502347417841,0.6148867313915858,0.7081761006289308,0.687125748502994,0.8347517730496454,0.6995681677976557,0.7639219419324131,0.7276785714285714,0.7536188178528347,0.7905027932960894,0.8072044647387113,0.6062992125984252,0.6028349082823791,0.5928446432043555,0.7797979797979798,0.8820653236847252,0.7624309392265194,0.6843387036343199
66,0.7029,0.7698798261314241,0.7059549521752545,0.7511737089201878,0.5889967637540453,0.7119496855345911,0.6916167664670658,0.8283687943262411,0.6607032695866749,0.7491670633031889,0.6830357142857143,0.7487937273823885,0.7905027932960894,0.8107559614408929,0.6377952755905512,0.5433574207893274,0.6505930390822477,0.7973063973063973,0.8783493056913749,0.7624309392265194,0.6734732109404271,0.7698798261314241,0.7059549521752545,0.7511737089201878,0.5889967637540453,0.7119496855345911,0.6916167664670658,0.8283687943262411,0.6607032695866749,0.7491670633031889,0.6830357142857143,0.7487937273823885,0.7905027932960894,0.8107559614408929,0.6377952755905512,0.5433574207893274,0.6505930390822477,0.7973063973063973,0.8783493056913749,0.7624309392265194,0.6734732109404271
67,0.6997,0.7778061876757862,0.7004011107682814,0.7273239436619718,0.6213592233009708,0.6886792452830188,0.6616766467065869,0.8304964539007093,0.6773596545342381,0.7601142313184198,0.6919642857142857,0.7358262967430639,0.7960893854748603,0.8117706747843734,0.6299212598425197,0.5769872151195108,0.6350379156134551,0.7898989898989899,0.886368081361236,0.7458563535911602,0.6659797677032596,0.7778061876757862,0.7004011107682814,0.7273239436619718,0.6213592233009708,0.6886792452830188,0.6616766467065869,0.8304964539007093,0.6773596545342381,0.7601142313184198,0.6919642857142857,0.7358262967430639,0.7960893854748603,0.8117706747843734,0.6299212598425197,0.5769872151195108,0.6350379156134551,0.7898989898989899,0.886368081361236,0.7458563535911602,0.6659797677032596
68,0.7047,0.7785732549220148,0.7007096575131132,0.7496713615023474,0.5889967637540453,0.7220125786163522,0.688622754491018,0.8326241134751773,0.6637877853177051,0.7648738695859115,0.71875,0.7626658624849216,0.8072625698324022,0.8132927447995941,0.5905511811023622,0.5558643690939411,0.6286214271825783,0.7894500561167228,0.8832388030510464,0.7513812154696132,0.6837766953915324,0.7785732549220148,0.7007096575131132,0.7496713615023474,0.5889967637540453,0.7220125786163522,0.688622754491018,0.8326241134751773,0.6637877853177051,0.7648738695859115,0.71875,0.7626658624849216,0.8072625698324022,0.8132927447995941,0.5905511811023622,0.5558643690939411,0.6286214271825783,0.7894500561167228,0.8832388030510464,0.7513812154696132,0.6837766953915324
69,0.7029,0.7790846330861673,0.7068805924097501,0.7346478873239437,0.5922330097087378,0.70062893081761,0.6856287425149701,0.8411347517730496,0.6681061073411474,0.7524988100904332,0.7098214285714286,0.7466827503015682,0.8100558659217877,0.8097412480974124,0.6456692913385826,0.5522512506948305,0.6564262103830449,0.7937149270482604,0.881087424212791,0.7624309392265194,0.6704758336455602,0.7790846330861673,0.7068805924097501,0.7346478873239437,0.5922330097087378,0.70062893081761,0.6856287425149701,0.8411347517730496,0.6681061073411474,0.7524988100904332,0.7098214285714286,0.7466827503015682,0.8100558659217877,0.8097412480974124,0.6456692913385826,0.5522512506948305,0.6564262103830449,0.7937149270482604,0.881087424212791,0.7624309392265194,0.6704758336455602
70,0.7035,0.7808744566607005,0.7056464054304227,0.7455399061032864,0.5825242718446602,0.6981132075471698,0.7035928143712575,0.8546099290780141,0.6551511412708205,0.7648738695859115,0.6875,0.7493968636911942,0.8100558659217877,0.8224251648909183,0.6377952755905512,0.5450250138966092,0.6305658176161774,0.7854096520763187,0.8867592411500098,0.7569060773480663,0.6790932933683027,0.7808744566607005,0.7056464054304227,0.7455399061032864,0.5825242718446602,0.6981132075471698,0.7035928143712575,0.8546099290780141,0.6551511412708205,0.7648738695859115,0.6875,0.7493968636911942,0.8100558659217877,0.8224251648909183,0.6377952755905512,0.5450250138966092,0.6305658176161774,0.7854096520763187,0.8867592411500098,0.7569060773480663,0.6790932933683027
71,0.704,0.7711582715418052,0.6997840172786177,0.7425352112676057,0.5889967637540453,0.7081761006289308,0.6901197604790419,0.8319148936170213,0.6718075262183837,0.757734412184674,0.6875,0.7581423401688782,0.8100558659217877,0.8102486047691527,0.6141732283464567,0.5694830461367426,0.6408710869142524,0.8033670033670034,0.882260903579112,0.7734806629834254,0.679280629449232,0.7711582715418052,0.6997840172786177,0.7425352112676057,0.5889967637540453,0.7081761006289308,0.6901197604790419,0.8319148936170213,0.6718075262183837,0.757734412184674,0.6875,0.7581423401688782,0.8100558659217877,0.8102486047691527,0.6141732283464567,0.5694830461367426,0.6408710869142524,0.8033670033670034,0.882260903579112,0.7734806629834254,0.679280629449232
72,0.699,0.768345691638967,0.6902190681888306,0.7316431924882629,0.5954692556634305,0.6754716981132075,0.6511976047904192,0.8205673758865248,0.6650215916101172,0.7734412184673964,0.6919642857142857,0.7331121833534379,0.7932960893854749,0.7950279046169457,0.5826771653543307,0.5491939966648138,0.6231771339685008,0.794388327721661,0.8959514961861921,0.7513812154696132,0.7088797302360434,0.768345691638967,0.6902190681888306,0.7316431924882629,0.5954692556634305,0.6754716981132075,0.6511976047904192,0.8205673758865248,0.6650215916101172,0.7734412184673964,0.6919642857142857,0.7331121833534379,0.7932960893854749,0.7950279046169457,0.5826771653543307,0.5491939966648138,0.6231771339685008,0.794388327721661,0.8959514961861921,0.7513812154696132,0.7088797302360434
73,0.7068,0.761697775504986,0.6889848812095032,0.7573708920187794,0.5922330097087378,0.7125786163522012,0.6781437125748503,0.8390070921985816,0.6600863664404688,0.7601142313184198,0.6875,0.75,0.8044692737430168,0.821917808219178,0.6062992125984252,0.5441912173429683,0.658370600816644,0.8134680134680135,0.878153725796988,0.7679558011049724,0.689396777819408,0.761697775504986,0.6889848812095032,0.7573708920187794,0.5922330097087378,0.7125786163522012,0.6781437125748503,0.8390070921985816,0.6600863664404688,0.7601142313184198,0.6875,0.75,0.8044692737430168,0.821917808219178,0.6062992125984252,0.5441912173429683,0.658370600816644,0.8134680134680135,0.878153725796988,0.7679558011049724,0.689396777819408
74,0.706,0.7895678854512912,0.722616476396174,0.751924882629108,0.5954692556634305,0.6949685534591195,0.7065868263473054,0.8404255319148937,0.662553979025293,0.7667777248929082,0.7098214285714286,0.7445717732207479,0.7905027932960894,0.8153221714865551,0.6456692913385826,0.556420233463035,0.6288158662259382,0.792368125701459,0.8869548210443966,0.7569060773480663,0.6931434994379918,0.7895678854512912,0.722616476396174,0.751924882629108,0.5954692556634305,0.6949685534591195,0.7065868263473054,0.8404255319148937,0.662553979025293,0.7667777248929082,0.7098214285714286,0.7445717732207479,0.7905027932960894,0.8153221714865551,0.6456692913385826,0.556420233463035,0.6288158662259382,0.792368125701459,0.8869548210443966,0.7569060773480663,0.6931434994379918
75,0.703,0.7614420864229098,0.6825053995680346,0.740093896713615,0.6019417475728155,0.710062893081761,0.6751497005988024,0.8446808510638298,0.6872301048735349,0.772013326987149,0.71875,0.7578407720144753,0.8156424581005587,0.8209030948756976,0.6141732283464567,0.5692051139521956,0.6470931363017693,0.8013468013468014,0.8865636612556229,0.7569060773480663,0.6931434994379918,0.7614420864229098,0.6825053995680346,0.740093896713615,0.6019417475728155,0.710062893081761,0.6751497005988024,0.8446808510638298,0.6872301048735349,0.772013326987149,0.71875,0.7578407720144753,0.8156424581005587,0.8209030948756976,0.6141732283464567,0.5692051139521956,0.6470931363017693,0.8013468013468014,0.8865636612556229,0.7569060773480663,0.6931434994379918
76,0.7062,0.7836870365635388,0.7071891391545819,0.7586854460093897,0.5792880258899676,0.7257861635220125,0.6991017964071856,0.8446808510638298,0.6557680444170265,0.7653498334126606,0.7008928571428571,0.7572376357056695,0.8044692737430168,0.8168442415017757,0.6456692913385826,0.5327959977765425,0.6430099163912113,0.795959595959596,0.8885194601994915,0.7403314917127072,0.6880854252529037,0.7836870365635388,0.7071891391545819,0.7586854460093897,0.5792880258899676,0.7257861635220125,0.6991017964071856,0.8446808510638298,0.6557680444170265,0.7653498334126606,0.7008928571428571,0.7572376357056695,0.8044692737430168,0.8168442415017757,0.6456692913385826,0.5327959977765425,0.6430099163912113,0.795959595959596,0.8885194601994915,0.7403314917127072,0.6880854252529037
77,0.7028,0.7732037841984147,0.6982412835544585,0.7406572769953051,0.6213592233009708,0.690566037735849,0.6721556886227545,0.8432624113475178,0.6909315237507712,0.7558305568776773,0.7008928571428571,0.7373341375150784,0.8156424581005587,0.8072044647387113,0.6299212598425197,0.575319622012229,0.6523429904724869,0.8024691358024691,0.8885194601994915,0.7569060773480663,0.6747845635069314,0.7732037841984147,0.6982412835544585,0.7406572769953051,0.6213592233009708,0.690566037735849,0.6721556886227545,0.8432624113475178,0.6909315237507712,0.7558305568776773,0.7008928571428571,0.7373341375150784,0.8156424581005587,0.8072044647387113,0.6299212598425197,0.575319622012229,0.6523429904724869,0.8024691358024691,0.8885194601994915,0.7569060773480663,0.6747845635069314
78,0.7037,0.7714139606238813,0.7025609379821043,0.7235680751173709,0.5922330097087378,0.7,0.6841317365269461,0.8354609929078014,0.6687230104873535,0.7791527843883865,0.7098214285714286,0.7457780458383595,0.7960893854748603,0.8193810248604769,0.6456692913385826,0.5455808782657031,0.6433987944779311,0.8031425364758699,0.8969293956581263,0.7569060773480663,0.716373173473211,0.7714139606238813,0.7025609379821043,0.7235680751173709,0.5922330097087378,0.7,0.6841317365269461,0.8354609929078014,0.6687230104873535,0.7791527843883865,0.7098214285714286,0.7457780458383595,0.7960893854748603,0.8193810248604769,0.6456692913385826,0.5455808782657031,0.6433987944779311,0.8031425364758699,0.8969293956581263,0.7569060773480663,0.716373173473211
79,0.7037,0.7778061876757862,0.7065720456649183,0.744037558685446,0.6019417475728155,0.6855345911949685,0.6721556886227545,0.8425531914893617,0.6835286859962986,0.7624940504521657,0.6741071428571429,0.7319059107358263,0.7932960893854749,0.8244545915778793,0.6141732283464567,0.5697609783212896,0.6467042582150496,0.8042648709315376,0.8887150400938784,0.7679558011049724,0.6903334582240539,0.7778061876757862,0.7065720456649183,0.744037558685446,0.6019417475728155,0.6855345911949685,0.6721556886227545,0.8425531914893617,0.6835286859962986,0.7624940504521657,0.6741071428571429,0.7319059107358263,0.7932960893854749,0.8244545915778793,0.6141732283464567,0.5697609783212896,0.6467042582150496,0.8042648709315376,0.8887150400938784,0.7679558011049724,0.6903334582240539
80,0.7035,0.7747379186908719,0.6911447084233261,0.7365258215962441,0.5825242718446602,0.7075471698113207,0.6856287425149701,0.8560283687943262,0.6656384947563233,0.7829604950023799,0.6785714285714286,0.746984318455971,0.8128491620111732,0.8198883815322171,0.6141732283464567,0.5483602001111729,0.6410655259576122,0.7916947250280584,0.9031879522785058,0.7513812154696132,0.7008242787560884,0.7747379186908719,0.6911447084233261,0.7365258215962441,0.5825242718446602,0.7075471698113207,0.6856287425149701,0.8560283687943262,0.6656384947563233,0.7829604950023799,0.6785714285714286,0.746984318455971,0.8128491620111732,0.8198883815322171,0.6141732283464567,0.5483602001111729,0.6410655259576122,0.7916947250280584,0.9031879522785058,0.7513812154696132,0.7008242787560884
81,0.7065,0.769624137049348,0.6939216291268128,0.752112676056338,0.6148867313915858,0.730188679245283,0.7050898203592815,0.8411347517730496,0.688463911165947,0.7601142313184198,0.7276785714285714,0.7668878166465621,0.8072625698324022,0.8229325215626585,0.6141732283464567,0.5694830461367426,0.641648843087692,0.8071829405162738,0.8846078623117544,0.7624309392265194,0.689396777819408,0.769624137049348,0.6939216291268128,0.752112676056338,0.6148867313915858,0.730188679245283,0.7050898203592815,0.8411347517730496,0.688463911165947,0.7601142313184198,0.7276785714285714,0.7668878166465621,0.8072625698324022,0.8229325215626585,0.6141732283464567,0.5694830461367426,0.641648843087692,0.8071829405162738,0.8846078623117544,0.7624309392265194,0.689396777819408
82,0.705,0.7962158015852723,0.7219993829065103,0.7468544600938967,0.5825242718446602,0.7220125786163522,0.718562874251497,0.8375886524822695,0.6613201727328809,0.7615421227986673,0.6964285714285714,0.7683956574185766,0.8128491620111732,0.8203957382039574,0.6614173228346457,0.5430794886047804,0.6426210383044916,0.8098765432098766,0.8902796792489732,0.7679558011049724,0.679280629449232,0.7962158015852723,0.7219993829065103,0.7468544600938967,0.5825242718446602,0.7220125786163522,0.718562874251497,0.8375886524822695,0.6613201727328809,0.7615421227986673,0.6964285714285714,0.7683956574185766,0.8128491620111732,0.8203957382039574,0.6614173228346457,0.5430794886047804,0.6426210383044916,0.8098765432098766,0.8902796792489732,0.7679558011049724,0.679280629449232
83,0.706,0.7732037841984147,0.6960814563406356,0.7680751173708921,0.5889967637540453,0.7169811320754716,0.6961077844311377,0.8638297872340426,0.6767427513880321,0.7701094716801523,0.71875,0.755729794933655,0.8184357541899442,0.8224251648909183,0.6141732283464567,0.5614230127848805,0.6531207466459265,0.7860830527497195,0.8844122824173675,0.7679558011049724,0.6849007118771075,0.7732037841984147,0.6960814563406356,0.7680751173708921,0.5889967637540453,0.7169811320754716,0.6961077844311377,0.8638297872340426,0.6767427513880321,0.7701094716801523,0.71875,0.755729794933655,0.8184357541899442,0.8224251648909183,0.6141732283464567,0.5614230127848805,0.6531207466459265,0.7860830527497195,0.8844122824173675,0.7679558011049724,0.6849007118771075
84,0.7048,0.7857325492201483,0.7164455414995372,0.739906103286385,0.5889967637540453,0.7018867924528301,0.6946107784431138,0.8539007092198582,0.649599012954966,0.7667777248929082,0.7053571428571429,0.7539203860072377,0.8016759776536313,0.8224251648909183,0.6377952755905512,0.5350194552529183,0.6638148940307214,0.8103254769921436,0.8859769215724623,0.7790055248618785,0.7002622705133008,0.7857325492201483,0.7164455414995372,0.739906103286385,0.5889967637540453,0.7018867924528301,0.6946107784431138,0.8539007092198582,0.649599012954966,0.7667777248929082,0.7053571428571429,0.7539203860072377,0.8016759776536313,0.8224251648909183,0.6377952755905512,0.5350194552529183,0.6638148940307214,0.8103254769921436,0.8859769215724623,0.7790055248618785,0.7002622705133008
85,0.7058,0.7783175658399386,0.709040419623573,0.7491079812206572,0.5857605177993528,0.6943396226415094,0.6946107784431138,0.849645390070922,0.6533004318322023,0.7601142313184198,0.7008928571428571,0.7512062726176115,0.8016759776536313,0.8330796549974632,0.6456692913385826,0.5352973874374652,0.6589539179467238,0.8123456790123457,0.8902796792489732,0.7679558011049724,0.6905207943049831,0.7783175658399386,0.709040419623573,0.7491079812206572,0.5857605177993528,0.6943396226415094,0.6946107784431138,0.849645390070922,0.6533004318322023,0.7601142313184198,0.7008928571428571,0.7512062726176115,0.8016759776536313,0.8330796549974632,0.6456692913385826,0.5352973874374652,0.6589539179467238,0.8123456790123457,0.8902796792489732,0.7679558011049724,0.6905207943049831
86,0.7017,0.7744822296087958,0.7044122184510954,0.7494835680751174,0.5954692556634305,0.70062893081761,0.6856287425149701,0.8340425531914893,0.6539173349784084,0.766301761066159,0.7053571428571429,0.7506031363088058,0.8072625698324022,0.8183663115169965,0.6062992125984252,0.5325180655919955,0.6575928446432043,0.8067340067340067,0.8959514961861921,0.7624309392265194,0.6985762457849382,0.7744822296087958,0.7044122184510954,0.7494835680751174,0.5954692556634305,0.70062893081761,0.6856287425149701,0.8340425531914893,0.6539173349784084,0.766301761066159,0.7053571428571429,0.7506031363088058,0.8072625698324022,0.8183663115169965,0.6062992125984252,0.5325180655919955,0.6575928446432043,0.8067340067340067,0.8959514961861921,0.7624309392265194,0.6985762457849382
87,0.7038,0.7790846330861673,0.7105831533477321,0.751924882629108,0.5792880258899676,0.7125786163522012,0.6931137724550899,0.8290780141843972,0.6458975940777298,0.7643979057591623,0.6964285714285714,0.7620627261761158,0.7988826815642458,0.8122780314561137,0.6062992125984252,0.5333518621456365,0.6620649426404822,0.8143658810325477,0.8959514961861921,0.7845303867403315,0.6903334582240539,0.7790846330861673,0.7105831533477321,0.751924882629108,0.5792880258899676,0.7125786163522012,0.6931137724550899,0.8290780141843972,0.6458975940777298,0.7643979057591623,0.6964285714285714,0.7620627261761158,0.7988826815642458,0.8122780314561137,0.6062992125984252,0.5333518621456365,0.6620649426404822,0.8143658810325477,0.8959514961861921,0.7845303867403315,0.6903334582240539
88,0.7105,0.7844541038097673,0.7056464054304227,0.752112676056338,0.5728155339805825,0.7081761006289308,0.7020958083832335,0.8439716312056738,0.6644046884639112,0.7829604950023799,0.7053571428571429,0.7569360675512666,0.7988826815642458,0.8234398782343988,0.6299212598425197,0.5483602001111729,0.6295936223993778,0.8089786756453423,0.8971249755525132,0.7734806629834254,0.7206819033345823,0.7844541038097673,0.7056464054304227,0.752112676056338,0.5728155339805825,0.7081761006289308,0.7020958083832335,0.8439716312056738,0.6644046884639112,0.7829604950023799,0.7053571428571429,0.7569360675512666,0.7988826815642458,0.8234398782343988,0.6299212598425197,0.5483602001111729,0.6295936223993778,0.8089786756453423,0.8971249755525132,0.7734806629834254,0.7206819033345823
89,0.7053,0.7780618767578624,0.7016352977476088,0.744037558685446,0.5922330097087378,0.7012578616352201,0.687125748502994,0.8574468085106383,0.6557680444170265,0.7696335078534031,0.6830357142857143,0.7521109770808203,0.8100558659217877,0.8209030948756976,0.6141732283464567,0.548082267926626,0.656231771339685,0.804040404040404,0.9041658517504401,0.7955801104972375,0.7056950168602473,0.7780618767578624,0.7016352977476088,0.744037558685446,0.5922330097087378,0.7012578616352201,0.687125748502994,0.8574468085106383,0.6557680444170265,0.7696335078534031,0.6830357142857143,0.7521109770808203,0.8100558659217877,0.8209030948756976,0.6141732283464567,0.548082267926626,0.656231771339685,0.804040404040404,0.9041658517504401,0.7955801104972375,0.7056950168602473
90,0.7055,0.789312196369215,0.7179882752236963,0.7451643192488263,0.5728155339805825,0.7088050314465408,0.6961077844311377,0.8354609929078014,0.6378778531770513,0.7710613993336506,0.6919642857142857,0.7490952955367913,0.7988826815642458,0.823947234906139,0.6377952755905512,0.5216787103946637,0.6573984055998444,0.8168350168350168,0.8973205554469,0.7845303867403315,0.7021356313225927,0.789312196369215,0.7179882752236963,0.7451643192488263,0.5728155339805825,0.7088050314465408,0.6961077844311377,0.8354609929078014,0.6378778531770513,0.7710613993336506,0.6919642857142857,0.7490952955367913,0.7988826815642458,0.823947234906139,0.6377952755905512,0.5216787103946637,0.6573984055998444,0.8168350168350168,0.8973205554469,0.7845303867403315,0.7021356313225927
91,0.7084,0.780107389414472,0.7099660598580685,0.7532394366197183,0.6148867313915858,0.7025157232704402,0.7020958083832335,0.851063829787234,0.6650215916101172,0.763445978105664,0.6919642857142857,0.7518094089264173,0.8044692737430168,0.8315575849822425,0.6535433070866141,0.5586436909394108,0.6503986000388878,0.815712682379349,0.8920398982984549,0.7900552486187845,0.6955788684900712,0.780107389414472,0.7099660598580685,0.7532394366197183,0.6148867313915858,0.7025157232704402,0.7020958083832335,0.851063829787234,0.6650215916101172,0.763445978105664,0.6919642857142857,0.7518094089264173,0.8044692737430168,0.8315575849822425,0.6535433070866141,0.5586436909394108,0.6503986000388878,0.815712682379349,0.8920398982984549,0.7900552486187845,0.6955788684900712
92,0.7076,0.7660444899002813,0.685590867016353,0.7293896713615023,0.6084142394822006,0.7257861635220125,0.6796407185628742,0.8439716312056738,0.6841455891425047,0.7691575440266539,0.7008928571428571,0.7711097708082026,0.8072625698324022,0.8249619482496194,0.6299212598425197,0.5794886047804336,0.6527318685592067,0.8083052749719416,0.8924310580872287,0.7513812154696132,0.7152491569876358,0.7660444899002813,0.685590867016353,0.7293896713615023,0.6084142394822006,0.7257861635220125,0.6796407185628742,0.8439716312056738,0.6841455891425047,0.7691575440266539,0.7008928571428571,0.7711097708082026,0.8072625698324022,0.8249619482496194,0.6299212598425197,0.5794886047804336,0.6527318685592067,0.8083052749719416,0.8924310580872287,0.7513812154696132,0.7152491569876358
93,0.7083,0.7941702889286627,0.7269361308238198,0.7477934272300469,0.5663430420711975,0.7352201257861635,0.7230538922155688,0.8425531914893617,0.634793337446021,0.7682056163731557,0.7053571428571429,0.7774427020506635,0.8016759776536313,0.8264840182648402,0.6535433070866141,0.5200111172873819,0.6467042582150496,0.8161616161616162,0.8951691766086446,0.7790055248618785,0.7047583364556014,0.7941702889286627,0.7269361308238198,0.7477934272300469,0.5663430420711975,0.7352201257861635,0.7230538922155688,0.8425531914893617,0.634793337446021,0.7682056163731557,0.7053571428571429,0.7774427020506635,0.8016759776536313,0.8264840182648402,0.6535433070866141,0.5200111172873819,0.6467042582150496,0.8161616161616162,0.8951691766086446,0.7790055248618785,0.7047583364556014
94,0.7063,0.7900792636154437,0.7186053687133601,0.7250704225352113,0.6019417475728155,0.7050314465408805,0.7005988023952096,0.8574468085106383,0.6687230104873535,0.7739171822941456,0.71875,0.7542219541616405,0.8100558659217877,0.8396752917300863,0.6535433070866141,0.5755975541967759,0.6328990861364963,0.8080808080808081,0.9029923723841189,0.7569060773480663,0.6850880479580367,0.7900792636154437,0.7186053687133601,0.7250704225352113,0.6019417475728155,0.7050314465408805,0.7005988023952096,0.8574468085106383,0.6687230104873535,0.7739171822941456,0.71875,0.7542219541616405,0.8100558659217877,0.8396752917300863,0.6535433070866141,0.5755975541967759,0.6328990861364963,0.8080808080808081,0.9029923723841189,0.7569060773480663,0.6850880479580367
95,0.7048,0.7793403221682434,0.7041036717062635,0.767887323943662,0.598705501618123,0.6817610062893081,0.6751497005988024,0.8645390070921986,0.64898210980876,0.7701094716801523,0.6830357142857143,0.7391435464414958,0.8072625698324022,0.8351090816844241,0.6535433070866141,0.537520844913841,0.6929807505347074,0.8092031425364759,0.8959514961861921,0.7458563535911602,0.7000749344323717,0.7793403221682434,0.7041036717062635,0.767887323943662,0.598705501618123,0.6817610062893081,0.6751497005988024,0.8645390070921986,0.64898210980876,0.7701094716801523,0.6830357142857143,0.7391435464414958,0.8072625698324022,0.8351090816844241,0.6535433070866141,0.537520844913841,0.6929807505347074,0.8092031425364759,0.8959514961861921,0.7458563535911602,0.7000749344323717
96,0.7058,0.778828944004091,0.705029311940759,0.7545539906103287,0.5954692556634305,0.7251572327044025,0.6856287425149701,0.8659574468085106,0.6354102405922271,0.7686815801999048,0.6919642857142857,0.7699034981905911,0.7960893854748603,0.8346017250126839,0.6141732283464567,0.5269594219010562,0.6772311880225549,0.8109988776655443,0.9016233131234109,0.7569060773480663,0.6895841139003372,0.778828944004091,0.705029311940759,0.7545539906103287,0.5954692556634305,0.7251572327044025,0.6856287425149701,0.8659574468085106,0.6354102405922271,0.7686815801999048,0.6919642857142857,0.7699034981905911,0.7960893854748603,0.8346017250126839,0.6141732283464567,0.5269594219010562,0.6772311880225549,0.8109988776655443,0.9016233131234109,0.7569060773480663,0.6895841139003372
97,0.708,0.7888008182050626,0.7142857142857143,0.7461032863849765,0.5954692556634305,0.7050314465408805,0.6931137724550899,0.8567375886524823,0.6458975940777298,0.7739171822941456,0.71875,0.7533172496984318,0.8156424581005587,0.8310502283105022,0.6377952755905512,0.5489160644802669,0.6515652342990472,0.815263748597082,0.9008409935458634,0.7734806629834254,0.6938928437617085,0.7888008182050626,0.7142857142857143,0.7461032863849765,0.5954692556634305,0.7050314465408805,0.6931137724550899,0.8567375886524823,0.6458975940777298,0.7739171822941456,0.71875,0.7533172496984318,0.8156424581005587,0.8310502283105022,0.6377952755905512,0.5489160644802669,0.6515652342990472,0.815263748597082,0.9008409935458634,0.7734806629834254,0.6938928437617085
98,0.7094,0.7849654819739197,0.7078062326442456,0.7534272300469483,0.6019417475728155,0.7232704402515723,0.6856287425149701,0.85177304964539,0.6674892041949414,0.7834364588291289,0.7321428571428571,0.7741254523522316,0.8100558659217877,0.8259766615930999,0.6141732283464567,0.5683713173985547,0.6268714757923392,0.8044893378226712,0.9024056327009583,0.7624309392265194,0.7206819033345823,0.7849654819739197,0.7078062326442456,0.7534272300469483,0.6019417475728155,0.7232704402515723,0.6856287425149701,0.85177304964539,0.6674892041949414,0.7834364588291289,0.7321428571428571,0.7741254523522316,0.8100558659217877,0.8259766615930999,0.6141732283464567,0.5683713173985547,0.6268714757923392,0.8044893378226712,0.9024056327009583,0.7624309392265194,0.7206819033345823
99,0.7086,0.7882894400409103,0.7229250231410058,0.7421596244131455,0.5598705501618123,0.7113207547169811,0.7080838323353293,0.8588652482269503,0.6403454657618753,0.786292241789624,0.6964285714285714,0.7632689987937273,0.8044692737430168,0.8310502283105022,0.6771653543307087,0.5239021678710395,0.6692591872447987,0.8094276094276094,0.9000586739683161,0.7624309392265194,0.7248032971150243,0.7882894400409103,0.7229250231410058,0.7421596244131455,0.5598705501618123,0.7113207547169811,0.7080838323353293,0.8588652482269503,0.6403454657618753,0.786292241789624,0.6964285714285714,0.7632689987937273,0.8044692737430168,0.8310502283105022,0.6771653543307087,0.5239021678710395,0.6692591872447987,0.8094276094276094,0.9000586739683161,0.7624309392265194,0.7248032971150243
100,0.6122,0.6995653285604705,0.7710583153347732,0.6905164319248827,0.5889967637540453,0.6408805031446541,0.3143712574850299,0.8468085106382979,0.17951881554595928,0.581151832460733,0.5669642857142857,0.6088661037394452,0.6759776536312849,0.4322678843226788,0.2047244094488189,0.566147859922179,0.4326268714757923,0.4725028058361392,0.7324467044787796,0.5193370165745856,0.6627950543274634,0.6995653285604705,0.7710583153347732,0.6905164319248827,0.5889967637540453,0.6408805031446541,0.3143712574850299,0.8468085106382979,0.17951881554595928,0.581151832460733,0.5669642857142857,0.6088661037394452,0.6759776536312849,0.4322678843226788,0.2047244094488189,0.566147859922179,0.4326268714757923,0.4725028058361392,0.7324467044787796,0.5193370165745856,0.6627950543274634
101,0.6335,0.7197647660444899,0.7704412218451095,0.7186854460093897,0.49838187702265374,0.6566037735849056,0.3338323353293413,0.8361702127659575,0.1918568784700802,0.5673488814850072,0.6116071428571429,0.629372738238842,0.6843575418994413,0.42820903094875695,0.2125984251968504,0.4519177320733741,0.3976278436710091,0.6354657687991021,0.718169372188539,0.6298342541436464,0.6699138254027726,0.7197647660444899,0.7704412218451095,0.7186854460093897,0.49838187702265374,0.6566037735849056,0.3338323353293413,0.8361702127659575,0.1918568784700802,0.5673488814850072,0.6116071428571429,0.629372738238842,0.6843575418994413,0.42820903094875695,0.2125984251968504,0.4519177320733741,0.3976278436710091,0.6354657687991021,0.718169372188539,0.6298342541436464,0.6699138254027726
102,0.6093,0.6739964203528509,0.7574822585621722,0.7269483568075117,0.46601941747572817,0.6735849056603773,0.3413173652694611,0.8595744680851064,0.2628007402837754,0.6249405045216564,0.6116071428571429,0.6212303980699638,0.659217877094972,0.4393708777270421,0.2047244094488189,0.4196775986659255,0.4139607233132413,0.6123456790123457,0.7840797965969099,0.6298342541436464,0.656238291494942,0.6739964203528509,0.7574822585621722,0.7269483568075117,0.46601941747572817,0.6735849056603773,0.3413173652694611,0.8595744680851064,0.2628007402837754,0.6249405045216564,0.6116071428571429,0.6212303980699638,0.659217877094972,0.4393708777270421,0.2047244094488189,0.4196775986659255,0.4139607233132413,0.6123456790123457,0.7840797965969099,0.6298342541436464,0.656238291494942
103,0.5967,0.6530299156226029,0.7763036099969145,0.7434741784037558,0.36893203883495146,0.6522012578616352,0.3338323353293413,0.8652482269503546,0.31153608883405304,0.6592099000475964,0.6026785714285714,0.5925814234016887,0.61731843575419,0.4474885844748858,0.2047244094488189,0.3499166203446359,0.41823838226715926,0.6067340067340067,0.8151769998044202,0.6353591160220995,0.6459348070438367,0.6530299156226029,0.7763036099969145,0.7434741784037558,0.36893203883495146,0.6522012578616352,0.3338323353293413,0.8652482269503546,0.31153608883405304,0.6592099000475964,0.6026785714285714,0.5925814234016887,0.61731843575419,0.4474885844748858,0.2047244094488189,0.3499166203446359,0.41823838226715926,0.6067340067340067,0.8151769998044202,0.6353591160220995,0.6459348070438367
104,0.5946,0.6499616466376885,0.7565566183276766,0.7397183098591549,0.32038834951456313,0.6735849056603773,0.3398203592814371,0.8673758865248227,0.35471930906847626,0.6673012851023322,0.6205357142857143,0.612183353437877,0.6424581005586593,0.4591577879249112,0.2125984251968504,0.32017787659811003,0.4170717480069998,0.6029180695847363,0.8259338939956973,0.6353591160220995,0.6777819408017984,0.6499616466376885,0.7565566183276766,0.7397183098591549,0.32038834951456313,0.6735849056603773,0.3398203592814371,0.8673758865248227,0.35471930906847626,0.6673012851023322,0.6205357142857143,0.612183353437877,0.6424581005586593,0.4591577879249112,0.2125984251968504,0.32017787659811003,0.4170717480069998,0.6029180695847363,0.8259338939956973,0.6353591160220995,0.6777819408017984
105,0.5854,0.6468933776527742,0.7750694230175872,0.7087323943661972,0.3300970873786408,0.6610062893081761,0.3263473053892216,0.8709219858156029,0.3633559531153609,0.6920514040932889,0.6160714285714286,0.5986127864897467,0.6201117318435754,0.465246067985794,0.2047244094488189,0.3221234018899389,0.43301574956251215,0.590347923681257,0.8452963035399961,0.6022099447513812,0.6689771449981267,0.6468933776527742,0.7750694230175872,0.7087323943661972,0.3300970873786408,0.6610062893081761,0.3263473053892216,0.8709219858156029,0.3633559531153609,0.6920514040932889,0.6160714285714286,0.5986127864897467,0.6201117318435754,0.465246067985794,0.2047244094488189,0.3221234018899389,0.43301574956251215,0.590347923681257,0.8452963035399961,0.6022099447513812,0.6689771449981267
106,0.5997,0.6729736640245462,0.771366862079605,0.7215023474178404,0.30097087378640774,0.6672955974842767,0.3278443113772455,0.8794326241134752,0.3553362122146823,0.6544502617801047,0.6383928571428571,0.6073582629674307,0.6452513966480447,0.4545915778792491,0.2125984251968504,0.2934963868816009,0.4540151662453821,0.6175084175084176,0.803051046352435,0.6629834254143646,0.6742225552641439,0.6729736640245462,0.771366862079605,0.7215023474178404,0.30097087378640774,0.6672955974842767,0.3278443113772455,0.8794326241134752,0.3553362122146823,0.6544502617801047,0.6383928571428571,0.6073582629674307,0.6452513966480447,0.4545915778792491,0.2125984251968504,0.2934963868816009,0.4540151662453821,0.6175084175084176,0.803051046352435,0.6629834254143646,0.6742225552641439
107,0.6,0.658399386346203,0.7658130206726319,0.7293896713615023,0.3074433656957929,0.679874213836478,0.34281437125748504,0.8680851063829788,0.3701418877236274,0.6568300809138505,0.6428571428571429,0.6221351025331725,0.6061452513966481,0.471841704718417,0.2283464566929134,0.2915508615897721,0.43846004277658956,0.62334455667789,0.811265401916683,0.6574585635359116,0.6682278006744099,0.658399386346203,0.7658130206726319,0.7293896713615023,0.3074433656957929,0.679874213836478,0.34281437125748504,0.8680851063829788,0.3701418877236274,0.6568300809138505,0.6428571428571429,0.6221351025331725,0.6061452513966481,0.471841704718417,0.2283464566929134,0.2915508615897721,0.43846004277658956,0.62334455667789,0.811265401916683,0.6574585635359116,0.6682278006744099
108,0.5939,0.6594221426745078,0.7790805307004011,0.7464788732394366,0.2750809061488673,0.6622641509433962,0.3323353293413174,0.8645390070921986,0.3676742751388032,0.6715849595430747,0.6383928571428571,0.6100723763570567,0.5977653631284916,0.4794520547945205,0.1968503937007874,0.27181767648693717,0.4594594594594595,0.6042648709315376,0.8159593193819675,0.6408839779005525,0.6730985387785687,0.6594221426745078,0.7790805307004011,0.7464788732394366,0.2750809061488673,0.6622641509433962,0.3323353293413174,0.8645390070921986,0.3676742751388032,0.6715849595430747,0.6383928571428571,0.6100723763570567,0.5977653631284916,0.4794520547945205,0.1968503937007874,0.27181767648693717,0.4594594594594595,0.6042648709315376,0.8159593193819675,0.6408839779005525,0.6730985387785687
109,0.5806,0.6256711838404501,0.7562480715828448,0.7138028169014085,0.3300970873786408,0.670440251572327,0.33532934131736525,0.8723404255319149,0.3750771128932758,0.7010947168015231,0.6383928571428571,0.6031363088057901,0.5977653631284916,0.4809741248097412,0.2125984251968504,0.3362979433018344,0.43515457903947113,0.5885521885521886,0.8560531977312732,0.6077348066298343,0.6588609966279505,0.6256711838404501,0.7562480715828448,0.7138028169014085,0.3300970873786408,0.670440251572327,0.33532934131736525,0.8723404255319149,0.3750771128932758,0.7010947168015231,0.6383928571428571,0.6031363088057901,0.5977653631284916,0.4809741248097412,0.2125984251968504,0.3362979433018344,0.43515457903947113,0.5885521885521886,0.8560531977312732,0.6077348066298343,0.6588609966279505
110,0.5816,0.6312963436461263,0.7395865473619253,0.7338967136150235,0.2977346278317152,0.6811320754716981,0.3263473053892216,0.8716312056737588,0.39543491671807524,0.6853879105188005,0.65625,0.6317852834740652,0.6312849162011173,0.5119228817858955,0.1968503937007874,0.2973874374652585,0.43612677425627067,0.5454545454545454,0.829063172305887,0.56353591160221,0.6824653428250281,0.6312963436461263,0.7395865473619253,0.7338967136150235,0.2977346278317152,0.6811320754716981,0.3263473053892216,0.8716312056737588,0.39543491671807524,0.6853879105188005,0.65625,0.6317852834740652,0.6312849162011173,0.5119228817858955,0.1968503937007874,0.2973874374652585,0.43612677425627067,0.5454545454545454,0.829063172305887,0.56353591160221,0.6824653428250281
111,0.5951,0.6696497059575556,0.7750694230175872,0.7124882629107981,0.3074433656957929,0.6635220125786163,0.32335329341317365,0.875886524822695,0.38186304750154226,0.6539742979533556,0.6428571428571429,0.6106755126658625,0.6368715083798883,0.47234906139015725,0.2125984251968504,0.3093385214007782,0.46179272797977833,0.6015712682379349,0.8202620770584784,0.6243093922651933,0.660359685275384,0.6696497059575556,0.7750694230175872,0.7124882629107981,0.3074433656957929,0.6635220125786163,0.32335329341317365,0.875886524822695,0.38186304750154226,0.6539742979533556,0.6428571428571429,0.6106755126658625,0.6368715083798883,0.47234906139015725,0.2125984251968504,0.3093385214007782,0.46179272797977833,0.6015712682379349,0.8202620770584784,0.6243093922651933,0.660359685275384
112,0.5919,0.6522628483763744,0.7698241283554459,0.7092957746478873,0.313915857605178,0.6735849056603773,0.33682634730538924,0.8765957446808511,0.3775447254780999,0.6739647786768206,0.6294642857142857,0.609167671893848,0.6145251396648045,0.480466768138001,0.2204724409448819,0.3129516397998888,0.46276492319657786,0.6143658810325477,0.8302366516722081,0.6187845303867403,0.6517422255526414,0.6522628483763744,0.7698241283554459,0.7092957746478873,0.313915857605178,0.6735849056603773,0.33682634730538924,0.8765957446808511,0.3775447254780999,0.6739647786768206,0.6294642857142857,0.609167671893848,0.6145251396648045,0.480466768138001,0.2204724409448819,0.3129516397998888,0.46276492319657786,0.6143658810325477,0.8302366516722081,0.6187845303867403,0.6517422255526414
113,0.5911,0.6545640501150601,0.7732181425485961,0.7169953051643192,0.3300970873786408,0.6968553459119496,0.3398203592814371,0.8539007092198582,0.3744602097470697,0.6782484531175631,0.6383928571428571,0.6354041013268998,0.6089385474860335,0.480466768138001,0.2204724409448819,0.3046136742634797,0.44195994555706786,0.5964085297418631,0.8314101310385292,0.6243093922651933,0.6659797677032596,0.6545640501150601,0.7732181425485961,0.7169953051643192,0.3300970873786408,0.6968553459119496,0.3398203592814371,0.8539007092198582,0.3744602097470697,0.6782484531175631,0.6383928571428571,0.6354041013268998,0.6089385474860335,0.480466768138001,0.2204724409448819,0.3046136742634797,0.44195994555706786,0.5964085297418631,0.8314101310385292,0.6243093922651933,0.6659797677032596
114,0.5996,0.6803886474047558,0.7710583153347732,0.7027230046948357,0.3365695792880259,0.6597484276729559,0.32335329341317365,0.8659574468085106,0.36829117828500924,0.6496906235126131,0.625,0.6133896260554885,0.6312849162011173,0.47539320142059865,0.2047244094488189,0.3140633685380767,0.4497375072914641,0.6026936026936027,0.8179151183258361,0.6408839779005525,0.6785312851255152,0.6803886474047558,0.7710583153347732,0.7027230046948357,0.3365695792880259,0.6597484276729559,0.32335329341317365,0.8659574468085106,0.36829117828500924,0.6496906235126131,0.625,0.6133896260554885,0.6312849162011173,0.47539320142059865,0.2047244094488189,0.3140633685380767,0.4497375072914641,0.6026936026936027,0.8179151183258361,0.6408839779005525,0.6785312851255152
115,0.5924,0.6709281513679366,0.7701326751002777,0.7237558685446009,0.3042071197411003,0.6754716981132075,0.33083832335329344,0.8652482269503546,0.37939543491671807,0.6320799619228938,0.6383928571428571,0.6426417370325693,0.6368715083798883,0.510908168442415,0.1889763779527559,0.2943301834352418,0.46276492319657786,0.5809203142536475,0.7964013299432818,0.6132596685082873,0.6745972274260023,0.6709281513679366,0.7701326751002777,0.7237558685446009,0.3042071197411003,0.6754716981132075,0.33083832335329344,0.8652482269503546,0.37939543491671807,0.6320799619228938,0.6383928571428571,0.6426417370325693,0.6368715083798883,0.510908168442415,0.1889763779527559,0.2943301834352418,0.46276492319657786,0.5809203142536475,0.7964013299432818,0.6132596685082873,0.6745972274260023
116,0.5963,0.6681155714650985,0.7787719839555692,0.711737089201878,0.36893203883495146,0.6654088050314465,0.3338323353293413,0.8524822695035461,0.3528685996298581,0.6449309852451214,0.625,0.6215319662243667,0.6284916201117319,0.4759005580923389,0.2047244094488189,0.3451917732073374,0.4705424849309741,0.6024691358024692,0.8177195384314493,0.6408839779005525,0.6646684151367553,0.6681155714650985,0.7787719839555692,0.711737089201878,0.36893203883495146,0.6654088050314465,0.3338323353293413,0.8524822695035461,0.3528685996298581,0.6449309852451214,0.625,0.6215319662243667,0.6284916201117319,0.4759005580923389,0.2047244094488189,0.3451917732073374,0.4705424849309741,0.6024691358024692,0.8177195384314493,0.6408839779005525,0.6646684151367553
117,0.5966,0.6601892099207364,0.783091638383215,0.7113615023474178,0.32362459546925565,0.6716981132075471,0.34880239520958084,0.8546099290780141,0.36150524367674275,0.6682532127558306,0.6294642857142857,0.6194209891435465,0.6201117318435754,0.4794520547945205,0.2283464566929134,0.30822679266259034,0.466653704063776,0.6325476992143659,0.8136123606493253,0.6740331491712708,0.6819033345822405,0.6601892099207364,0.783091638383215,0.7113615023474178,0.32362459546925565,0.6716981132075471,0.34880239520958084,0.8546099290780141,0.36150524367674275,0.6682532127558306,0.6294642857142857,0.6194209891435465,0.6201117318435754,0.4794520547945205,0.2283464566929134,0.30822679266259034,0.466653704063776,0.6325476992143659,0.8136123606493253,0.6740331491712708,0.6819033345822405
118,0.5961,0.6607005880848887,0.7756865165072508,0.7128638497652582,0.33980582524271846,0.6716981132075471,0.3338323353293413,0.8680851063829788,0.36150524367674275,0.6734888148500714,0.625,0.6335946924004825,0.61731843575419,0.4809741248097412,0.18110236220472442,0.33324068927181766,0.47345907058137277,0.5941638608305275,0.8226090357911207,0.6574585635359116,0.6832146871487449,0.6607005880848887,0.7756865165072508,0.7128638497652582,0.33980582524271846,0.6716981132075471,0.3338323353293413,0.8680851063829788,0.36150524367674275,0.6734888148500714,0.625,0.6335946924004825,0.61731843575419,0.4809741248097412,0.18110236220472442,0.33324068927181766,0.47345907058137277,0.5941638608305275,0.8226090357911207,0.6574585635359116,0.6832146871487449
119,0.5961,0.6338532344668882,0.7587164455414995,0.7357746478873239,0.31715210355987056,0.6911949685534591,0.3413173652694611,0.8730496453900709,0.38618136952498455,0.6972870061875297,0.6473214285714286,0.6302774427020507,0.5977653631284916,0.480466768138001,0.1968503937007874,0.29766536964980544,0.4742368267548124,0.6246913580246913,0.8278896929395658,0.6464088397790055,0.6865867366054702,0.6338532344668882,0.7587164455414995,0.7357746478873239,0.31715210355987056,0.6911949685534591,0.3413173652694611,0.8730496453900709,0.38618136952498455,0.6972870061875297,0.6473214285714286,0.6302774427020507,0.5977653631284916,0.480466768138001,0.1968503937007874,0.29766536964980544,0.4742368267548124,0.6246913580246913,0.8278896929395658,0.6464088397790055,0.6865867366054702
120,0.5917,0.6443364868320123,0.7593335390311632,0.7169953051643192,0.32362459546925565,0.670440251572327,0.3383233532934132,0.8716312056737588,0.38864898210980875,0.6820561637315564,0.6071428571428571,0.6191194209891435,0.61731843575419,0.5078640284119736,0.2047244094488189,0.33852140077821014,0.4526540929418627,0.573063973063973,0.8316057109329161,0.6077348066298343,0.6903334582240539,0.6443364868320123,0.7593335390311632,0.7169953051643192,0.32362459546925565,0.670440251572327,0.3383233532934132,0.8716312056737588,0.38864898210980875,0.6820561637315564,0.6071428571428571,0.6191194209891435,0.61731843575419,0.5078640284119736,0.2047244094488189,0.33852140077821014,0.4526540929418627,0.573063973063973,0.8316057109329161,0.6077348066298343,0.6903334582240539
121,0.5973,0.6716952186141651,0.7880283863005245,0.7136150234741784,0.34627831715210355,0.6679245283018868,0.32934131736526945,0.8425531914893617,0.351634793337446,0.6558781532603523,0.6294642857142857,0.6185162846803377,0.61731843575419,0.46930492135971585,0.2204724409448819,0.3318510283490828,0.4693758506708147,0.6166105499438833,0.8138079405437121,0.6243093922651933,0.6837766953915324,0.6716952186141651,0.7880283863005245,0.7136150234741784,0.34627831715210355,0.6679245283018868,0.32934131736526945,0.8425531914893617,0.351634793337446,0.6558781532603523,0.6294642857142857,0.6185162846803377,0.61731843575419,0.46930492135971585,0.2204724409448819,0.3318510283490828,0.4693758506708147,0.6166105499438833,0.8138079405437121,0.6243093922651933,0.6837766953915324
122,0.5872,0.6456149322423933,0.7639617402036408,0.7226291079812207,0.3559870550161812,0.6622641509433962,0.3248502994011976,0.8723404255319149,0.36644046884639114,0.6891956211327939,0.5982142857142857,0.6197225572979493,0.6256983240223464,0.5159817351598174,0.2047244094488189,0.35352973874374655,0.44468209216410653,0.5452300785634119,0.8409935458634852,0.585635359116022,0.6845260397152492,0.6456149322423933,0.7639617402036408,0.7226291079812207,0.3559870550161812,0.6622641509433962,0.3248502994011976,0.8723404255319149,0.36644046884639114,0.6891956211327939,0.5982142857142857,0.6197225572979493,0.6256983240223464,0.5159817351598174,0.2047244094488189,0.35352973874374655,0.44468209216410653,0.5452300785634119,0.8409935458634852,0.585635359116022,0.6845260397152492
123,0.6034,0.6607005880848887,0.7590249922863314,0.7089201877934272,0.35275080906148865,0.6981132075471698,0.3458083832335329,0.8553191489361702,0.364589759407773,0.6463588767253688,0.625,0.6489746682750301,0.6312849162011173,0.4789446981227803,0.1968503937007874,0.3424124513618677,0.47307019249465293,0.6125701459034792,0.7997261881478585,0.6353591160220995,0.6828400149868865,0.6607005880848887,0.7590249922863314,0.7089201877934272,0.35275080906148865,0.6981132075471698,0.3458083832335329,0.8553191489361702,0.364589759407773,0.6463588767253688,0.625,0.6489746682750301,0.6312849162011173,0.4789446981227803,0.1968503937007874,0.3424124513618677,0.47307019249465293,0.6125701459034792,0.7997261881478585,0.6353591160220995,0.6828400149868865
124,0.5955,0.6624904116594221,0.7809318111693921,0.7154929577464789,0.3592233009708738,0.6855345911949685,0.35179640718562877,0.8666666666666667,0.3633559531153609,0.6530223702998572,0.625,0.6311821471652593,0.6145251396648045,0.48604769152714355,0.1968503937007874,0.35186214563646473,0.46743146023721566,0.6175084175084176,0.820848816741639,0.6243093922651933,0.6485575121768452,0.6624904116594221,0.7809318111693921,0.7154929577464789,0.3592233009708738,0.6855345911949685,0.35179640718562877,0.8666666666666667,0.3633559531153609,0.6530223702998572,0.625,0.6311821471652593,0.6145251396648045,0.48604769152714355,0.1968503937007874,0.35186214563646473,0.46743146023721566,0.6175084175084176,0.820848816741639,0.6243093922651933,0.6485575121768452
125,0.5952,0.6410125287650217,0.7750694230175872,0.7173708920187793,0.37216828478964403,0.670440251572327,0.33532934131736525,0.8695035460992908,0.3596545342381246,0.7058543550690147,0.6160714285714286,0.6037394451145959,0.5893854748603352,0.4687975646879756,0.2047244094488189,0.34741523068371316,0.4816255104024888,0.6312008978675645,0.8544885585761783,0.6353591160220995,0.6805919820157362,0.6410125287650217,0.7750694230175872,0.7173708920187793,0.37216828478964403,0.670440251572327,0.33532934131736525,0.8695035460992908,0.3596545342381246,0.7058543550690147,0.6160714285714286,0.6037394451145959,0.5893854748603352,0.4687975646879756,0.2047244094488189,0.34741523068371316,0.4816255104024888,0.6312008978675645,0.8544885585761783,0.6353591160220995,0.6805919820157362
126,0.6076,0.6821784709792892,0.7778463437210738,0.7286384976525822,0.3365695792880259,0.6610062893081761,0.3458083832335329,0.8723404255319149,0.3325107958050586,0.6201808662541647,0.6294642857142857,0.6311821471652593,0.6480446927374302,0.5119228817858955,0.2047244094488189,0.3140633685380767,0.47248687536457323,0.590347923681257,0.7809505182867201,0.6187845303867403,0.6841513675533908,0.6821784709792892,0.7778463437210738,0.7286384976525822,0.3365695792880259,0.6610062893081761,0.3458083832335329,0.8723404255319149,0.3325107958050586,0.6201808662541647,0.6294642857142857,0.6311821471652593,0.6480446927374302,0.5119228817858955,0.2047244094488189,0.3140633685380767,0.47248687536457323,0.590347923681257,0.7809505182867201,0.6187845303867403,0.6841513675533908
127,0.5946,0.6223472257734595,0.750077136686208,0.7372769953051643,0.3883495145631068,0.6817610062893081,0.35179640718562877,0.8624113475177305,0.38556446637877856,0.7015706806282722,0.6339285714285714,0.6218335343787696,0.5893854748603352,0.4880771182141045,0.2204724409448819,0.3690939410783769,0.431265798172273,0.611672278338945,0.8503813807940543,0.6519337016574586,0.6798426376920195,0.6223472257734595,0.750077136686208,0.7372769953051643,0.3883495145631068,0.6817610062893081,0.35179640718562877,0.8624113475177305,0.38556446637877856,0.7015706806282722,0.6339285714285714,0.6218335343787696,0.5893854748603352,0.4880771182141045,0.2204724409448819,0.3690939410783769,0.431265798172273,0.611672278338945,0.8503813807940543,0.6519337016574586,0.6798426376920195
128,0.5984,0.6895934543594988,0.7898796667695156,0.6987793427230047,0.36245954692556637,0.6710691823899371,0.3203592814371258,0.8680851063829788,0.3257248611967921,0.6425511661113755,0.625,0.6369119420989143,0.6536312849162011,0.49974632166412986,0.23622047244094488,0.35269594219010564,0.4921252187439238,0.5618406285072952,0.7954234304713476,0.6298342541436464,0.6860247283626827,0.6895934543594988,0.7898796667695156,0.6987793427230047,0.36245954692556637,0.6710691823899371,0.3203592814371258,0.8680851063829788,0.3257248611967921,0.6425511661113755,0.625,0.6369119420989143,0.6536312849162011,0.49974632166412986,0.23622047244094488,0.35269594219010564,0.4921252187439238,0.5618406285072952,0.7954234304713476,0.6298342541436464,0.6860247283626827
129,0.5983,0.6305292763998978,0.759642085775995,0.7184976525821596,0.35275080906148865,0.6735849056603773,0.3473053892215569,0.875177304964539,0.38062924120913016,0.7106139933365064,0.6071428571428571,0.6136911942098915,0.6005586592178771,0.48756976154236426,0.2204724409448819,0.36186770428015563,0.44798755590122497,0.6204264870931537,0.8505769606884412,0.6519337016574586,0.6968902210565755,0.6305292763998978,0.759642085775995,0.7184976525821596,0.35275080906148865,0.6735849056603773,0.3473053892215569,0.875177304964539,0.38062924120913016,0.7106139933365064,0.6071428571428571,0.6136911942098915,0.6005586592178771,0.48756976154236426,0.2204724409448819,0.36186770428015563,0.44798755590122497,0.6204264870931537,0.8505769606884412,0.6519337016574586,0.6968902210565755
130,0.5966,0.6548197391971363,0.7633446467139772,0.7134272300469483,0.4336569579288026,0.6937106918238993,0.3398203592814371,0.8609929078014185,0.3337446020974707,0.6763445978105664,0.59375,0.6372135102533173,0.6145251396648045,0.5073566717402334,0.1968503937007874,0.39577543079488603,0.48823643787672566,0.560942760942761,0.8200664971640915,0.574585635359116,0.6815286624203821,0.6548197391971363,0.7633446467139772,0.7134272300469483,0.4336569579288026,0.6937106918238993,0.3398203592814371,0.8609929078014185,0.3337446020974707,0.6763445978105664,0.59375,0.6372135102533173,0.6145251396648045,0.5073566717402334,0.1968503937007874,0.39577543079488603,0.48823643787672566,0.560942760942761,0.8200664971640915,0.574585635359116,0.6815286624203821
131,0.6082,0.6778317565839939,0.7618019129898179,0.7237558685446009,0.37216828478964403,0.6754716981132075,0.3458083832335329,0.8730496453900709,0.30228254164096235,0.6301761066158972,0.6071428571428571,0.640832328106152,0.6424581005586593,0.504312531709792,0.23622047244094488,0.3604780433574208,0.4676258992805755,0.5885521885521886,0.787991394484647,0.6022099447513812,0.6854627201198951,0.6778317565839939,0.7618019129898179,0.7237558685446009,0.37216828478964403,0.6754716981132075,0.3458083832335329,0.8730496453900709,0.30228254164096235,0.6301761066158972,0.6071428571428571,0.640832328106152,0.6424581005586593,0.504312531709792,0.23622047244094488,0.3604780433574208,0.4676258992805755,0.5885521885521886,0.787991394484647,0.6022099447513812,0.6854627201198951
132,0.5941,0.6609562771669649,0.7679728478864548,0.6985915492957746,0.3786407766990291,0.6698113207547169,0.3383233532934132,0.8631205673758865,0.3701418877236274,0.6772965254640647,0.6160714285714286,0.6251507840772015,0.61731843575419,0.4946727549467275,0.2204724409448819,0.37576431350750417,0.4623760451098581,0.5833894500561168,0.8269117934676316,0.6077348066298343,0.6916448107905583,0.6609562771669649,0.7679728478864548,0.6985915492957746,0.3786407766990291,0.6698113207547169,0.3383233532934132,0.8631205673758865,0.3701418877236274,0.6772965254640647,0.6160714285714286,0.6251507840772015,0.61731843575419,0.4946727549467275,0.2204724409448819,0.37576431350750417,0.4623760451098581,0.5833894500561168,0.8269117934676316,0.6077348066298343,0.6916448107905583
133,0.6007,0.6612119662490412,0.783091638383215,0.716056338028169,0.34627831715210355,0.6710691823899371,0.3383233532934132,0.8673758865248227,0.3596545342381246,0.6920514040932889,0.6071428571428571,0.6272617611580217,0.6284916201117319,0.4931506849315068,0.2047244094488189,0.3593663146192329,0.4755979000583317,0.5968574635241302,0.8265206336788579,0.5911602209944752,0.6938928437617085,0.6612119662490412,0.783091638383215,0.716056338028169,0.34627831715210355,0.6710691823899371,0.3383233532934132,0.8673758865248227,0.3596545342381246,0.6920514040932889,0.6071428571428571,0.6272617611580217,0.6284916201117319,0.4931506849315068,0.2047244094488189,0.3593663146192329,0.4755979000583317,0.5968574635241302,0.8265206336788579,0.5911602209944752,0.6938928437617085
134,0.6024,0.6607005880848887,0.7679728478864548,0.7446009389671362,0.35275080906148865,0.6761006289308176,0.3398203592814371,0.873758865248227,0.3528685996298581,0.6377915278438838,0.6383928571428571,0.6311821471652593,0.6508379888268156,0.48604769152714355,0.2204724409448819,0.34018899388549195,0.4787089247520902,0.5916947250280583,0.7969880696264424,0.6298342541436464,0.6627950543274634,0.6607005880848887,0.7679728478864548,0.7446009389671362,0.35275080906148865,0.6761006289308176,0.3398203592814371,0.873758865248227,0.3528685996298581,0.6377915278438838,0.6383928571428571,0.6311821471652593,0.6508379888268156,0.48604769152714355,0.2204724409448819,0.34018899388549195,0.4787089247520902,0.5916947250280583,0.7969880696264424,0.6298342541436464,0.6627950543274634
135,0.587,0.6458706213244695,0.7790805307004011,0.7049765258215962,0.3559870550161812,0.660377358490566,0.3398203592814371,0.8695035460992908,0.38618136952498455,0.7187053783912423,0.6160714285714286,0.6046441495778045,0.5977653631284916,0.49061390157280566,0.2204724409448819,0.3610339077265147,0.475014582928252,0.5968574635241302,0.8595736358302366,0.5966850828729282,0.6976395653802923,0.6458706213244695,0.7790805307004011,0.7049765258215962,0.3559870550161812,0.660377358490566,0.3398203592814371,0.8695035460992908,0.38618136952498455,0.7187053783912423,0.6160714285714286,0.6046441495778045,0.5977653631284916,0.49061390157280566,0.2204724409448819,0.3610339077265147,0.475014582928252,0.5968574635241302,0.8595736358302366,0.5966850828729282,0.6976395653802923
136,0.6003,0.6589107645103555,0.755939524838013,0.7286384976525822,0.37216828478964403,0.6880503144654088,0.35179640718562877,0.8702127659574468,0.34978408389882787,0.6653974297953356,0.6428571428571429,0.6453558504221955,0.6368715083798883,0.4972095383054287,0.23622047244094488,0.3735408560311284,0.46782033832393544,0.5860830527497194,0.8100919225503618,0.5911602209944752,0.6899587860621956,0.6589107645103555,0.755939524838013,0.7286384976525822,0.37216828478964403,0.6880503144654088,0.35179640718562877,0.8702127659574468,0.34978408389882787,0.6653974297953356,0.6428571428571429,0.6453558504221955,0.6368715083798883,0.4972095383054287,0.23622047244094488,0.3735408560311284,0.46782033832393544,0.5860830527497194,0.8100919225503618,0.5911602209944752,0.6899587860621956
137,0.6023,0.6895934543594988,0.7895711200246838,0.6984037558685446,0.37540453074433655,0.6761006289308176,0.3338323353293413,0.8609929078014185,0.3257248611967921,0.6335078534031413,0.6339285714285714,0.6402291917973462,0.6201117318435754,0.4824961948249619,0.2204724409448819,0.3688160088938299,0.4719035582344935,0.6127946127946128,0.7952278505769607,0.6243093922651933,0.6650430872986137,0.6895934543594988,0.7895711200246838,0.6984037558685446,0.37540453074433655,0.6761006289308176,0.3338323353293413,0.8609929078014185,0.3257248611967921,0.6335078534031413,0.6339285714285714,0.6402291917973462,0.6201117318435754,0.4824961948249619,0.2204724409448819,0.3688160088938299,0.4719035582344935,0.6127946127946128,0.7952278505769607,0.6243093922651933,0.6650430872986137
138,0.5954,0.6543083610329838,0.7568651650725085,0.744037558685446,0.313915857605178,0.6660377358490566,0.34281437125748504,0.8695035460992908,0.36397285626156695,0.6601618277010948,0.6294642857142857,0.6326899879372738,0.6256983240223464,0.5104008117706748,0.2204724409448819,0.3293496386881601,0.4600427765895392,0.5777777777777777,0.8075493839233326,0.569060773480663,0.701386286998876,0.6543083610329838,0.7568651650725085,0.744037558685446,0.313915857605178,0.6660377358490566,0.34281437125748504,0.8695035460992908,0.36397285626156695,0.6601618277010948,0.6294642857142857,0.6326899879372738,0.6256983240223464,0.5104008117706748,0.2204724409448819,0.3293496386881601,0.4600427765895392,0.5777777777777777,0.8075493839233326,0.569060773480663,0.701386286998876
139,0.5928,0.6665814369726413,0.7867941993211972,0.6897652582159625,0.37216828478964403,0.6641509433962264,0.33532934131736525,0.8631205673758865,0.3466995681677977,0.6858638743455497,0.6116071428571429,0.635102533172497,0.6061452513966481,0.49670218163368846,0.2125984251968504,0.38549193996664816,0.4930974139607233,0.5928170594837262,0.8339526696655584,0.5966850828729282,0.6822780067440989,0.6665814369726413,0.7867941993211972,0.6897652582159625,0.37216828478964403,0.6641509433962264,0.33532934131736525,0.8631205673758865,0.3466995681677977,0.6858638743455497,0.6116071428571429,0.635102533172497,0.6061452513966481,0.49670218163368846,0.2125984251968504,0.38549193996664816,0.4930974139607233,0.5928170594837262,0.8339526696655584,0.5966850828729282,0.6822780067440989
140,0.5978,0.6614676553311174,0.7710583153347732,0.7265727699530516,0.3786407766990291,0.6666666666666666,0.34880239520958084,0.874468085106383,0.3479333744602097,0.6796763445978106,0.6294642857142857,0.6139927623642943,0.6284916201117319,0.4911212582445459,0.2125984251968504,0.3718732629238466,0.4752090219716119,0.5887766554433221,0.830432231566595,0.580110497237569,0.679280629449232,0.6614676553311174,0.7710583153347732,0.7265727699530516,0.3786407766990291,0.6666666666666666,0.34880239520958084,0.874468085106383,0.3479333744602097,0.6796763445978106,0.6294642857142857,0.6139927623642943,0.6284916201117319,0.4911212582445459,0.2125984251968504,0.3718732629238466,0.4752090219716119,0.5887766554433221,0.830432231566595,0.580110497237569,0.679280629449232
141,0.6063,0.6755305548453081,0.7741437827830916,0.7194366197183099,0.3948220064724919,0.6496855345911949,0.3398203592814371,0.8659574468085106,0.32634176434299816,0.6425511661113755,0.6205357142857143,0.6182147165259348,0.6424581005586593,0.4880771182141045,0.2204724409448819,0.3857698721511951,0.4779311685786506,0.6004489337822672,0.8018775669861138,0.580110497237569,0.673285874859498,0.6755305548453081,0.7741437827830916,0.7194366197183099,0.3948220064724919,0.6496855345911949,0.3398203592814371,0.8659574468085106,0.32634176434299816,0.6425511661113755,0.6205357142857143,0.6182147165259348,0.6424581005586593,0.4880771182141045,0.2204724409448819,0.3857698721511951,0.4779311685786506,0.6004489337822672,0.8018775669861138,0.580110497237569,0.673285874859498
142,0.5896,0.6535412937867553,0.7763036099969145,0.7263849765258216,0.37216828478964403,0.6628930817610063,0.3502994011976048,0.8687943262411347,0.36705737199259714,0.6910994764397905,0.625,0.617913148371532,0.611731843575419,0.4926433282597666,0.2125984251968504,0.3602001111728738,0.4989305852615205,0.5977553310886644,0.8359084686094269,0.5966850828729282,0.6863994005245411,0.6535412937867553,0.7763036099969145,0.7263849765258216,0.37216828478964403,0.6628930817610063,0.3502994011976048,0.8687943262411347,0.36705737199259714,0.6910994764397905,0.625,0.617913148371532,0.611731843575419,0.4926433282597666,0.2125984251968504,0.3602001111728738,0.4989305852615205,0.5977553310886644,0.8359084686094269,0.5966850828729282,0.6863994005245411
143,0.5962,0.6906162106878037,0.7867941993211972,0.7194366197183099,0.3818770226537217,0.6679245283018868,0.3278443113772455,0.8702127659574468,0.3028994447871684,0.6487386958591147,0.6116071428571429,0.6456574185765983,0.6396648044692738,0.5474378488077118,0.2125984251968504,0.37965536409116174,0.5123468792533541,0.49607182940516276,0.7905339331116761,0.5414364640883977,0.6830273510678156,0.6906162106878037,0.7867941993211972,0.7194366197183099,0.3818770226537217,0.6679245283018868,0.3278443113772455,0.8702127659574468,0.3028994447871684,0.6487386958591147,0.6116071428571429,0.6456574185765983,0.6396648044692738,0.5474378488077118,0.2125984251968504,0.37965536409116174,0.5123468792533541,0.49607182940516276,0.7905339331116761,0.5414364640883977,0.6830273510678156
144,0.6101,0.6576323190999744,0.7633446467139772,0.7254460093896714,0.40129449838187703,0.6654088050314465,0.34880239520958084,0.8702127659574468,0.33436150524367675,0.6744407425035698,0.625,0.6221351025331725,0.6340782122905028,0.45662100456621,0.2204724409448819,0.3877153974430239,0.483375461792728,0.656341189674523,0.8220222961079601,0.6574585635359116,0.6952041963282128,0.6576323190999744,0.7633446467139772,0.7254460093896714,0.40129449838187703,0.6654088050314465,0.34880239520958084,0.8702127659574468,0.33436150524367675,0.6744407425035698,0.625,0.6221351025331725,0.6340782122905028,0.45662100456621,0.2204724409448819,0.3877153974430239,0.483375461792728,0.656341189674523,0.8220222961079601,0.6574585635359116,0.6952041963282128
145,0.5867,0.6619790334952698,0.7738352360382598,0.723943661971831,0.36893203883495146,0.6792452830188679,0.3562874251497006,0.851063829787234,0.3528685996298581,0.6801523084245598,0.6294642857142857,0.6544028950542823,0.6201117318435754,0.5291730086250634,0.1968503937007874,0.368260144524736,0.45634843476570097,0.5393939393939394,0.8226090357911207,0.6022099447513812,0.6766579243162233,0.6619790334952698,0.7738352360382598,0.723943661971831,0.36893203883495146,0.6792452830188679,0.3562874251497006,0.851063829787234,0.3528685996298581,0.6801523084245598,0.6294642857142857,0.6544028950542823,0.6201117318435754,0.5291730086250634,0.1968503937007874,0.368260144524736,0.45634843476570097,0.5393939393939394,0.8226090357911207,0.6022099447513812,0.6766579243162233
146,0.6015,0.6719509076962413,0.7759950632520827,0.7092957746478873,0.42394822006472493,0.6647798742138364,0.3413173652694611,0.8687943262411347,0.33867982726711904,0.6534983341266064,0.6071428571428571,0.626357056694813,0.6368715083798883,0.4835109081684424,0.2125984251968504,0.415230683713174,0.4905697063970445,0.5845117845117845,0.8169372188539018,0.5911602209944752,0.6616710378418883,0.6719509076962413,0.7759950632520827,0.7092957746478873,0.42394822006472493,0.6647798742138364,0.3413173652694611,0.8687943262411347,0.33867982726711904,0.6534983341266064,0.6071428571428571,0.626357056694813,0.6368715083798883,0.4835109081684424,0.2125984251968504,0.415230683713174,0.4905697063970445,0.5845117845117845,0.8169372188539018,0.5911602209944752,0.6616710378418883
147,0.6009,0.6755305548453081,0.7772292502314101,0.711737089201878,0.3592233009708738,0.6786163522012578,0.3398203592814371,0.8567375886524823,0.3170882171499075,0.6534983341266064,0.6071428571428571,0.6329915560916767,0.6284916201117319,0.487062404870624,0.23622047244094488,0.36548082267926624,0.4991250243048804,0.6150392817059483,0.8147858400156464,0.6353591160220995,0.6886474334956912,0.6755305548453081,0.7772292502314101,0.711737089201878,0.3592233009708738,0.6786163522012578,0.3398203592814371,0.8567375886524823,0.3170882171499075,0.6534983341266064,0.6071428571428571,0.6329915560916767,0.6284916201117319,0.487062404870624,0.23622047244094488,0.36548082267926624,0.4991250243048804,0.6150392817059483,0.8147858400156464,0.6353591160220995,0.6886474334956912
148,0.5891,0.6601892099207364,0.763653193458809,0.7066666666666667,0.40129449838187703,0.6666666666666666,0.3278443113772455,0.8652482269503546,0.3442319555829735,0.6649214659685864,0.625,0.6341978287092883,0.6340782122905028,0.5301877219685439,0.2204724409448819,0.41356309060589214,0.4839587789228077,0.5358024691358024,0.8253471543125367,0.585635359116022,0.6787186212064443,0.6601892099207364,0.763653193458809,0.7066666666666667,0.40129449838187703,0.6666666666666666,0.3278443113772455,0.8652482269503546,0.3442319555829735,0.6649214659685864,0.625,0.6341978287092883,0.6340782122905028,0.5301877219685439,0.2204724409448819,0.41356309060589214,0.4839587789228077,0.5358024691358024,0.8253471543125367,0.585635359116022,0.6787186212064443
149,0.5879,0.6576323190999744,0.7747608762727554,0.692206572769953,0.343042071197411,0.6666666666666666,0.35479041916167664,0.8609929078014185,0.37939543491671807,0.6906235126130414,0.6428571428571429,0.6139927623642943,0.61731843575419,0.47539320142059865,0.2125984251968504,0.34296831573096165,0.49154190161384403,0.6181818181818182,0.8505769606884412,0.6353591160220995,0.6863994005245411,0.6576323190999744,0.7747608762727554,0.692206572769953,0.343042071197411,0.6666666666666666,0.35479041916167664,0.8609929078014185,0.37939543491671807,0.6906235126130414,0.6428571428571429,0.6139927623642943,0.61731843575419,0.47539320142059865,0.2125984251968504,0.34296831573096165,0.49154190161384403,0.6181818181818182,0.8505769606884412,0.6353591160220995,0.6863994005245411
150,0.5859,0.6619790334952698,0.7673557543967912,0.6978403755868544,0.39805825242718446,0.6710691823899371,0.3592814371257485,0.8581560283687943,0.34855027760641577,0.6577820085673489,0.6071428571428571,0.643546441495778,0.6256983240223464,0.558599695585997,0.2047244094488189,0.3810450250138966,0.4779311685786506,0.5297418630751964,0.8153725796988069,0.5469613259668509,0.6849007118771075,0.6619790334952698,0.7673557543967912,0.6978403755868544,0.39805825242718446,0.6710691823899371,0.3592814371257485,0.8581560283687943,0.34855027760641577,0.6577820085673489,0.6071428571428571,0.643546441495778,0.6256983240223464,0.558599695585997,0.2047244094488189,0.3810450250138966,0.4779311685786506,0.5297418630751964,0.8153725796988069,0.5469613259668509,0.6849007118771075
151,0.6058,0.663513167987727,0.7738352360382598,0.7138028169014085,0.4174757281553398,0.6880503144654088,0.36377245508982037,0.8680851063829788,0.33806292412091304,0.6615897191813422,0.625,0.6432448733413751,0.6424581005586593,0.4779299847792998,0.23622047244094488,0.39188438021122846,0.4757923391016916,0.6067340067340067,0.8175239585370624,0.6243093922651933,0.6828400149868865,0.663513167987727,0.7738352360382598,0.7138028169014085,0.4174757281553398,0.6880503144654088,0.36377245508982037,0.8680851063829788,0.33806292412091304,0.6615897191813422,0.625,0.6432448733413751,0.6424581005586593,0.4779299847792998,0.23622047244094488,0.39188438021122846,0.4757923391016916,0.6067340067340067,0.8175239585370624,0.6243093922651933,0.6828400149868865
152,0.595,0.6760419330094605,0.7945078679419932,0.6818779342723005,0.43042071197411,0.6641509433962264,0.35479041916167664,0.8574468085106383,0.3146206045650833,0.6511185149928606,0.6071428571428571,0.6332931242460796,0.6229050279329609,0.5032978183663115,0.23622047244094488,0.3860478043357421,0.5051526346490375,0.580695847362514,0.8192841775865441,0.6022099447513812,0.6742225552641439,0.6760419330094605,0.7945078679419932,0.6818779342723005,0.43042071197411,0.6641509433962264,0.35479041916167664,0.8574468085106383,0.3146206045650833,0.6511185149928606,0.6071428571428571,0.6332931242460796,0.6229050279329609,0.5032978183663115,0.23622047244094488,0.3860478043357421,0.5051526346490375,0.580695847362514,0.8192841775865441,0.6022099447513812,0.6742225552641439
153,0.6055,0.6829455382255177,0.7766121567417463,0.7213145539906103,0.39158576051779936,0.6578616352201258,0.3473053892215569,0.8453900709219858,0.3257248611967921,0.6354117087101381,0.6116071428571429,0.6242460796139928,0.6284916201117319,0.47843734145104005,0.23622047244094488,0.3638132295719844,0.4876531207466459,0.6453423120089786,0.8028554664580481,0.6519337016574586,0.6819033345822405,0.6829455382255177,0.7766121567417463,0.7213145539906103,0.39158576051779936,0.6578616352201258,0.3473053892215569,0.8453900709219858,0.3257248611967921,0.6354117087101381,0.6116071428571429,0.6242460796139928,0.6284916201117319,0.47843734145104005,0.23622047244094488,0.3638132295719844,0.4876531207466459,0.6453423120089786,0.8028554664580481,0.6519337016574586,0.6819033345822405
154,0.5991,0.7013551521350039,0.7818574514038877,0.7299530516431925,0.34627831715210355,0.6679245283018868,0.3458083832335329,0.8602836879432624,0.3392967304133251,0.6116135173726797,0.6116071428571429,0.6444511459589868,0.6620111731843575,0.5205479452054794,0.23622047244094488,0.3463035019455253,0.4818199494458487,0.5515151515151515,0.7831018971249756,0.580110497237569,0.6644810790558262,0.7013551521350039,0.7818574514038877,0.7299530516431925,0.34627831715210355,0.6679245283018868,0.3458083832335329,0.8602836879432624,0.3392967304133251,0.6116135173726797,0.6116071428571429,0.6444511459589868,0.6620111731843575,0.5205479452054794,0.23622047244094488,0.3463035019455253,0.4818199494458487,0.5515151515151515,0.7831018971249756,0.580110497237569,0.6644810790558262
155,0.5898,0.6415239069291742,0.7692070348657821,0.711737089201878,0.3656957928802589,0.6867924528301886,0.35479041916167664,0.8624113475177305,0.3750771128932758,0.7168015230842456,0.6205357142857143,0.6317852834740652,0.6061452513966481,0.48756976154236426,0.2283464566929134,0.34852695942190104,0.4897919502236049,0.6058361391694725,0.8513592802659886,0.6132596685082873,0.7122517796927689,0.6415239069291742,0.7692070348657821,0.711737089201878,0.3656957928802589,0.6867924528301886,0.35479041916167664,0.8624113475177305,0.3750771128932758,0.7168015230842456,0.6205357142857143,0.6317852834740652,0.6061452513966481,0.48756976154236426,0.2283464566929134,0.34852695942190104,0.4897919502236049,0.6058361391694725,0.8513592802659886,0.6132596685082873,0.7122517796927689
156,0.6001,0.6852467399642035,0.7732181425485961,0.7273239436619718,0.3656957928802589,0.6572327044025157,0.34880239520958084,0.8489361702127659,0.34238124614435533,0.623988576868158,0.6160714285714286,0.6405307599517491,0.6396648044692738,0.4926433282597666,0.23622047244094488,0.3610339077265147,0.4899863892669648,0.6298540965207632,0.7938587913162527,0.6408839779005525,0.6581116523042337,0.6852467399642035,0.7732181425485961,0.7273239436619718,0.3656957928802589,0.6572327044025157,0.34880239520958084,0.8489361702127659,0.34238124614435533,0.623988576868158,0.6160714285714286,0.6405307599517491,0.6396648044692738,0.4926433282597666,0.23622047244094488,0.3610339077265147,0.4899863892669648,0.6298540965207632,0.7938587913162527,0.6408839779005525,0.6581116523042337
157,0.5899,0.6555868064433649,0.7584078987966677,0.6967136150234742,0.41423948220064727,0.6792452830188679,0.36077844311377244,0.851063829787234,0.32757557063541026,0.6744407425035698,0.6116071428571429,0.6550060313630881,0.6508379888268156,0.5291730086250634,0.25196850393700787,0.41356309060589214,0.483375461792728,0.5454545454545454,0.8143946802268727,0.5414364640883977,0.6998875983514425,0.6555868064433649,0.7584078987966677,0.6967136150234742,0.41423948220064727,0.6792452830188679,0.36077844311377244,0.851063829787234,0.32757557063541026,0.6744407425035698,0.6116071428571429,0.6550060313630881,0.6508379888268156,0.5291730086250634,0.25196850393700787,0.41356309060589214,0.483375461792728,0.5454545454545454,0.8143946802268727,0.5414364640883977,0.6998875983514425
158,0.5945,0.6591664535924316,0.7701326751002777,0.7087323943661972,0.3592233009708738,0.6729559748427673,0.35778443113772457,0.8602836879432624,0.36273904996915485,0.6891956211327939,0.6026785714285714,0.6299758745476478,0.6396648044692738,0.4961948249619482,0.2283464566929134,0.35241801000555867,0.4713202411044138,0.6134680134680135,0.8271073733620183,0.6022099447513812,0.7100037467216186,0.6591664535924316,0.7701326751002777,0.7087323943661972,0.3592233009708738,0.6729559748427673,0.35778443113772457,0.8602836879432624,0.36273904996915485,0.6891956211327939,0.6026785714285714,0.6299758745476478,0.6396648044692738,0.4961948249619482,0.2283464566929134,0.35241801000555867,0.4713202411044138,0.6134680134680135,0.8271073733620183,0.6022099447513812,0.7100037467216186
159,0.5923,0.6788545129122986,0.7945078679419932,0.6963380281690141,0.42071197411003236,0.670440251572327,0.3398203592814371,0.8567375886524823,0.32634176434299816,0.6577820085673489,0.5982142857142857,0.6372135102533173,0.6480446927374302,0.5078640284119736,0.2440944881889764,0.386881600889383,0.5014582928251993,0.580695847362514,0.8231957754742812,0.574585635359116,0.6667291120269764,0.6788545129122986,0.7945078679419932,0.6963380281690141,0.42071197411003236,0.670440251572327,0.3398203592814371,0.8567375886524823,0.32634176434299816,0.6577820085673489,0.5982142857142857,0.6372135102533173,0.6480446927374302,0.5078640284119736,0.2440944881889764,0.386881600889383,0.5014582928251993,0.580695847362514,0.8231957754742812,0.574585635359116,0.6667291120269764
160,0.5948,0.645359243160317,0.7590249922863314,0.7276995305164319,0.3656957928802589,0.6679245283018868,0.3502994011976048,0.8624113475177305,0.38062924120913016,0.6944312232270348,0.59375,0.620627261761158,0.6256983240223464,0.4880771182141045,0.23622047244094488,0.3602001111728738,0.45459848337546177,0.6255892255892256,0.8427537649129669,0.5966850828729282,0.6899587860621956,0.645359243160317,0.7590249922863314,0.7276995305164319,0.3656957928802589,0.6679245283018868,0.3502994011976048,0.8624113475177305,0.38062924120913016,0.6944312232270348,0.59375,0.620627261761158,0.6256983240223464,0.4880771182141045,0.23622047244094488,0.3602001111728738,0.45459848337546177,0.6255892255892256,0.8427537649129669,0.5966850828729282,0.6899587860621956
161,0.5907,0.6681155714650985,0.781240357914224,0.7113615023474178,0.4110032362459547,0.6679245283018868,0.3473053892215569,0.8560283687943262,0.34484885872917953,0.6863398381722989,0.5982142857142857,0.6344993968636912,0.6312849162011173,0.5012683916793506,0.2204724409448819,0.3877153974430239,0.5008749756951196,0.582716049382716,0.8274985331507921,0.580110497237569,0.6895841139003372,0.6681155714650985,0.781240357914224,0.7113615023474178,0.4110032362459547,0.6679245283018868,0.3473053892215569,0.8560283687943262,0.34484885872917953,0.6863398381722989,0.5982142857142857,0.6344993968636912,0.6312849162011173,0.5012683916793506,0.2204724409448819,0.3877153974430239,0.5008749756951196,0.582716049382716,0.8274985331507921,0.580110497237569,0.6895841139003372
162,0.588,0.6415239069291742,0.7633446467139772,0.6833802816901409,0.4045307443365696,0.680503144654088,0.35479041916167664,0.8489361702127659,0.35595311536088836,0.6920514040932889,0.6294642857142857,0.6390229191797346,0.61731843575419,0.49822425164890916,0.2440944881889764,0.40550305725403,0.47151468014777365,0.6109988776655443,0.8421670252298064,0.6022099447513812,0.6929561633570626,0.6415239069291742,0.7633446467139772,0.6833802816901409,0.4045307443365696,0.680503144654088,0.35479041916167664,0.8489361702127659,0.35595311536088836,0.6920514040932889,0.6294642857142857,0.6390229191797346,0.61731843575419,0.49822425164890916,0.2440944881889764,0.40550305725403,0.47151468014777365,0.6109988776655443,0.8421670252298064,0.6022099447513812,0.6929561633570626
163,0.5821,0.6484275121452314,0.7738352360382598,0.7196244131455399,0.3818770226537217,0.6754716981132075,0.3458083832335329,0.8638297872340426,0.38309685379395436,0.7001427891480247,0.625,0.6299758745476478,0.6284916201117319,0.5058346017250127,0.2283464566929134,0.3415786548082268,0.5014582928251993,0.5784511784511784,0.8480344220614121,0.5580110497237569,0.6910828025477707,0.6484275121452314,0.7738352360382598,0.7196244131455399,0.3818770226537217,0.6754716981132075,0.3458083832335329,0.8638297872340426,0.38309685379395436,0.7001427891480247,0.625,0.6299758745476478,0.6284916201117319,0.5058346017250127,0.2283464566929134,0.3415786548082268,0.5014582928251993,0.5784511784511784,0.8480344220614121,0.5580110497237569,0.6910828025477707
164,0.5858,0.637432881615955,0.7556309780931811,0.7340845070422535,0.3559870550161812,0.670440251572327,0.35479041916167664,0.8645390070921986,0.3676742751388032,0.7115659209900047,0.6160714285714286,0.6260554885404102,0.6229050279329609,0.5083713850837138,0.2440944881889764,0.34852695942190104,0.4884308769200856,0.5739618406285073,0.8451007236456093,0.574585635359116,0.7055076807793181,0.637432881615955,0.7556309780931811,0.7340845070422535,0.3559870550161812,0.670440251572327,0.35479041916167664,0.8645390070921986,0.3676742751388032,0.7115659209900047,0.6160714285714286,0.6260554885404102,0.6229050279329609,0.5083713850837138,0.2440944881889764,0.34852695942190104,0.4884308769200856,0.5739618406285073,0.8451007236456093,0.574585635359116,0.7055076807793181
165,0.6015,0.7008437739708514,0.7877198395556927,0.7123004694835681,0.43042071197411,0.6742138364779874,0.3502994011976048,0.8524822695035461,0.2850092535471931,0.6044740599714422,0.6116071428571429,0.6556091676718938,0.6759776536312849,0.4916286149162861,0.2283464566929134,0.3993885491939967,0.5139023916002333,0.5829405162738496,0.7750831214551144,0.6077348066298343,0.6644810790558262,0.7008437739708514,0.7877198395556927,0.7123004694835681,0.43042071197411,0.6742138364779874,0.3502994011976048,0.8524822695035461,0.2850092535471931,0.6044740599714422,0.6116071428571429,0.6556091676718938,0.6759776536312849,0.4916286149162861,0.2283464566929134,0.3993885491939967,0.5139023916002333,0.5829405162738496,0.7750831214551144,0.6077348066298343,0.6644810790558262
166,0.5919,0.6479161339810791,0.7685899413761185,0.7168075117370892,0.39805825242718446,0.6672955974842767,0.3413173652694611,0.8489361702127659,0.3621221468229488,0.7049024274155165,0.6160714285714286,0.6224366706875754,0.6256983240223464,0.4885844748858447,0.2204724409448819,0.3754863813229572,0.4991250243048804,0.6092031425364759,0.84255818501858,0.6077348066298343,0.7038216560509554,0.6479161339810791,0.7685899413761185,0.7168075117370892,0.39805825242718446,0.6672955974842767,0.3413173652694611,0.8489361702127659,0.3621221468229488,0.7049024274155165,0.6160714285714286,0.6224366706875754,0.6256983240223464,0.4885844748858447,0.2204724409448819,0.3754863813229572,0.4991250243048804,0.6092031425364759,0.84255818501858,0.6077348066298343,0.7038216560509554
167,0.5975,0.67808744566607,0.7790805307004011,0.7355868544600939,0.40129449838187703,0.6792452830188679,0.3413173652694611,0.8397163120567376,0.3220234423195558,0.6277962874821513,0.6160714285714286,0.6583232810615199,0.6480446927374302,0.5169964485032978,0.23622047244094488,0.37409672040022235,0.4973750729146413,0.5802469135802469,0.7889692939565812,0.580110497237569,0.6569876358186587,0.67808744566607,0.7790805307004011,0.7355868544600939,0.40129449838187703,0.6792452830188679,0.3413173652694611,0.8397163120567376,0.3220234423195558,0.6277962874821513,0.6160714285714286,0.6583232810615199,0.6480446927374302,0.5169964485032978,0.23622047244094488,0.37409672040022235,0.4973750729146413,0.5802469135802469,0.7889692939565812,0.580110497237569,0.6569876358186587
168,0.5876,0.6522628483763744,0.7750694230175872,0.7168075117370892,0.37540453074433655,0.6654088050314465,0.35179640718562877,0.8602836879432624,0.37199259716224553,0.6968110423607806,0.6205357142857143,0.6221351025331725,0.6312849162011173,0.49213597158802636,0.2204724409448819,0.3557531962201223,0.495819560567762,0.597979797979798,0.8388421670252298,0.6187845303867403,0.6944548520044961,0.6522628483763744,0.7750694230175872,0.7168075117370892,0.37540453074433655,0.6654088050314465,0.35179640718562877,0.8602836879432624,0.37199259716224553,0.6968110423607806,0.6205357142857143,0.6221351025331725,0.6312849162011173,0.49213597158802636,0.2204724409448819,0.3557531962201223,0.495819560567762,0.597979797979798,0.8388421670252298,0.6187845303867403,0.6944548520044961
169,0.5846,0.6591664535924316,0.771366862079605,0.7070422535211267,0.3818770226537217,0.670440251572327,0.3532934131736527,0.8659574468085106,0.3479333744602097,0.6706330318895763,0.6116071428571429,0.6332931242460796,0.6424581005586593,0.512937595129376,0.2440944881889764,0.3665925514174541,0.4985417071748007,0.5539842873176206,0.8228046156855076,0.580110497237569,0.6860247283626827,0.6591664535924316,0.771366862079605,0.7070422535211267,0.3818770226537217,0.670440251572327,0.3532934131736527,0.8659574468085106,0.3479333744602097,0.6706330318895763,0.6116071428571429,0.6332931242460796,0.6424581005586593,0.512937595129376,0.2440944881889764,0.3665925514174541,0.4985417071748007,0.5539842873176206,0.8228046156855076,0.580110497237569,0.6860247283626827
170,0.5837,0.646637688570698,0.7618019129898179,0.7184976525821596,0.4174757281553398,0.6748427672955974,0.35479041916167664,0.8595744680851064,0.3584207279457125,0.6849119466920514,0.6116071428571429,0.6372135102533173,0.6284916201117319,0.5119228817858955,0.2440944881889764,0.38382434685936634,0.5039860003888781,0.5508417508417508,0.8278896929395658,0.56353591160221,0.6869614087673286,0.646637688570698,0.7618019129898179,0.7184976525821596,0.4174757281553398,0.6748427672955974,0.35479041916167664,0.8595744680851064,0.3584207279457125,0.6849119466920514,0.6116071428571429,0.6372135102533173,0.6284916201117319,0.5119228817858955,0.2440944881889764,0.38382434685936634,0.5039860003888781,0.5508417508417508,0.8278896929395658,0.56353591160221,0.6869614087673286
171,0.5935,0.6770646893377653,0.7732181425485961,0.7245070422535211,0.39805825242718446,0.6654088050314465,0.33532934131736525,0.8581560283687943,0.34114743985194323,0.6587339362208472,0.6205357142857143,0.626357056694813,0.6424581005586593,0.5098934550989346,0.2440944881889764,0.3916064480266815,0.4954306824810422,0.5966329966329966,0.8124388812830041,0.6132596685082873,0.6822780067440989,0.6770646893377653,0.7732181425485961,0.7245070422535211,0.39805825242718446,0.6654088050314465,0.33532934131736525,0.8581560283687943,0.34114743985194323,0.6587339362208472,0.6205357142857143,0.626357056694813,0.6424581005586593,0.5098934550989346,0.2440944881889764,0.3916064480266815,0.4954306824810422,0.5966329966329966,0.8124388812830041,0.6132596685082873,0.6822780067440989
172,0.5844,0.6568652518537459,0.7846343721073743,0.7138028169014085,0.3786407766990291,0.6779874213836478,0.3323353293413174,0.8617021276595744,0.37322640345465763,0.6896715849595431,0.6383928571428571,0.6402291917973462,0.6396648044692738,0.510908168442415,0.23622047244094488,0.3640911617565314,0.514680147773673,0.5622895622895623,0.8267162135732447,0.56353591160221,0.6852753840389659,0.6568652518537459,0.7846343721073743,0.7138028169014085,0.3786407766990291,0.6779874213836478,0.3323353293413174,0.8617021276595744,0.37322640345465763,0.6896715849595431,0.6383928571428571,0.6402291917973462,0.6396648044692738,0.510908168442415,0.23622047244094488,0.3640911617565314,0.514680147773673,0.5622895622895623,0.8267162135732447,0.56353591160221,0.6852753840389659
173,0.5998,0.6747634875990796,0.7796976241900648,0.7089201877934272,0.3365695792880259,0.6723270440251572,0.35179640718562877,0.8382978723404255,0.34855027760641577,0.6530223702998572,0.6383928571428571,0.6393244873341375,0.6368715083798883,0.4789446981227803,0.25196850393700787,0.33935519733185104,0.49484736535096246,0.6334455667789001,0.8001173479366321,0.6353591160220995,0.6991382540277258,0.6747634875990796,0.7796976241900648,0.7089201877934272,0.3365695792880259,0.6723270440251572,0.35179640718562877,0.8382978723404255,0.34855027760641577,0.6530223702998572,0.6383928571428571,0.6393244873341375,0.6368715083798883,0.4789446981227803,0.25196850393700787,0.33935519733185104,0.49484736535096246,0.6334455667789001,0.8001173479366321,0.6353591160220995,0.6991382540277258
174,0.5999,0.6791102019943749,0.7855600123418698,0.7168075117370892,0.39158576051779936,0.6748427672955974,0.3413173652694611,0.8553191489361702,0.32942628007402835,0.6501665873393622,0.6294642857142857,0.6390229191797346,0.6536312849162011,0.4850329781836631,0.2440944881889764,0.3702056698165648,0.5076803422127163,0.6188552188552189,0.801681987091727,0.6132596685082873,0.6605470213563133,0.6791102019943749,0.7855600123418698,0.7168075117370892,0.39158576051779936,0.6748427672955974,0.3413173652694611,0.8553191489361702,0.32942628007402835,0.6501665873393622,0.6294642857142857,0.6390229191797346,0.6536312849162011,0.4850329781836631,0.2440944881889764,0.3702056698165648,0.5076803422127163,0.6188552188552189,0.801681987091727,0.6132596685082873,0.6605470213563133
175,0.5778,0.6381999488621836,0.7639617402036408,0.7111737089201878,0.3592233009708738,0.6578616352201258,0.34880239520958084,0.8631205673758865,0.37075879086983343,0.7196573060447407,0.5982142857142857,0.6182147165259348,0.6368715083798883,0.5291730086250634,0.2283464566929134,0.36436909394107836,0.5113746840365545,0.5676767676767677,0.8490123215333464,0.580110497237569,0.7036343199700262,0.6381999488621836,0.7639617402036408,0.7111737089201878,0.3592233009708738,0.6578616352201258,0.34880239520958084,0.8631205673758865,0.37075879086983343,0.7196573060447407,0.5982142857142857,0.6182147165259348,0.6368715083798883,0.5291730086250634,0.2283464566929134,0.36436909394107836,0.5113746840365545,0.5676767676767677,0.8490123215333464,0.580110497237569,0.7036343199700262
176,0.586,0.6650473024801841,0.7685899413761185,0.7295774647887324,0.37540453074433655,0.6584905660377358,0.3562874251497006,0.8567375886524823,0.36952498457742133,0.6730128510233222,0.6071428571428571,0.6290711700844391,0.6424581005586593,0.5164890918315576,0.2440944881889764,0.3496386881600889,0.4837643398794478,0.5719416386083053,0.8185018580089967,0.580110497237569,0.6967028849756464,0.6650473024801841,0.7685899413761185,0.7295774647887324,0.37540453074433655,0.6584905660377358,0.3562874251497006,0.8567375886524823,0.36952498457742133,0.6730128510233222,0.6071428571428571,0.6290711700844391,0.6424581005586593,0.5164890918315576,0.2440944881889764,0.3496386881600889,0.4837643398794478,0.5719416386083053,0.8185018580089967,0.580110497237569,0.6967028849756464
177,0.5893,0.6660700588084889,0.779389077445233,0.7023474178403756,0.343042071197411,0.6572327044025157,0.34880239520958084,0.85177304964539,0.3658235657001851,0.6696811042360781,0.6160714285714286,0.6155006031363088,0.6284916201117319,0.47691527143581935,0.2283464566929134,0.3360200111172874,0.506319268909197,0.6273849607182941,0.8276941130451789,0.6077348066298343,0.6901461221431248,0.6660700588084889,0.779389077445233,0.7023474178403756,0.343042071197411,0.6572327044025157,0.34880239520958084,0.85177304964539,0.3658235657001851,0.6696811042360781,0.6160714285714286,0.6155006031363088,0.6284916201117319,0.47691527143581935,0.2283464566929134,0.3360200111172874,0.506319268909197,0.6273849607182941,0.8276941130451789,0.6077348066298343,0.6901461221431248
178,0.5878,0.6341089235489644,0.7522369639000308,0.7231924882629108,0.343042071197411,0.680503144654088,0.3562874251497006,0.874468085106383,0.38186304750154226,0.7258448357924798,0.625,0.6272617611580217,0.6229050279329609,0.5230847285641806,0.25984251968503935,0.3504724847137298,0.4773478514485709,0.5708193041526375,0.8478388421670252,0.580110497237569,0.7159985013113526,0.6341089235489644,0.7522369639000308,0.7231924882629108,0.343042071197411,0.680503144654088,0.3562874251497006,0.874468085106383,0.38186304750154226,0.7258448357924798,0.625,0.6272617611580217,0.6229050279329609,0.5230847285641806,0.25984251968503935,0.3504724847137298,0.4773478514485709,0.5708193041526375,0.8478388421670252,0.580110497237569,0.7159985013113526
179,0.5982,0.6765533111736128,0.7772292502314101,0.7260093896713615,0.37216828478964403,0.6566037735849056,0.35778443113772457,0.8602836879432624,0.3207896360271437,0.6420752022846263,0.5982142857142857,0.6173100120627262,0.6284916201117319,0.47995941146626075,0.2283464566929134,0.3507504168982768,0.5035971223021583,0.6208754208754209,0.8120477214942304,0.6077348066298343,0.6745972274260023,0.6765533111736128,0.7772292502314101,0.7260093896713615,0.37216828478964403,0.6566037735849056,0.35778443113772457,0.8602836879432624,0.3207896360271437,0.6420752022846263,0.5982142857142857,0.6173100120627262,0.6284916201117319,0.47995941146626075,0.2283464566929134,0.3507504168982768,0.5035971223021583,0.6208754208754209,0.8120477214942304,0.6077348066298343,0.6745972274260023
180,0.5928,0.6716952186141651,0.7587164455414995,0.7047887323943662,0.4174757281553398,0.6735849056603773,0.3592814371257485,0.8560283687943262,0.32140653917334977,0.643979057591623,0.6160714285714286,0.6453558504221955,0.6368715083798883,0.5134449518011162,0.25196850393700787,0.4013340744858255,0.50009721952168,0.5676767676767677,0.7932720516330921,0.6022099447513812,0.6850880479580367,0.6716952186141651,0.7587164455414995,0.7047887323943662,0.4174757281553398,0.6735849056603773,0.3592814371257485,0.8560283687943262,0.32140653917334977,0.643979057591623,0.6160714285714286,0.6453558504221955,0.6368715083798883,0.5134449518011162,0.25196850393700787,0.4013340744858255,0.50009721952168,0.5676767676767677,0.7932720516330921,0.6022099447513812,0.6850880479580367
181,0.5847,0.639989772436717,0.7716754088244369,0.7057276995305164,0.35275080906148865,0.6779874213836478,0.344311377245509,0.8574468085106383,0.37939543491671807,0.7325083293669681,0.6383928571428571,0.6194209891435465,0.61731843575419,0.4901065449010654,0.2047244094488189,0.3404669260700389,0.516624538207272,0.602020202020202,0.8548797183649521,0.6077348066298343,0.7182465342825028,0.639989772436717,0.7716754088244369,0.7057276995305164,0.35275080906148865,0.6779874213836478,0.344311377245509,0.8574468085106383,0.37939543491671807,0.7325083293669681,0.6383928571428571,0.6194209891435465,0.61731843575419,0.4901065449010654,0.2047244094488189,0.3404669260700389,0.516624538207272,0.602020202020202,0.8548797183649521,0.6077348066298343,0.7182465342825028
182,0.5831,0.6762976220915367,0.7738352360382598,0.7186854460093897,0.36893203883495146,0.6761006289308176,0.344311377245509,0.8482269503546099,0.31647131400370143,0.6530223702998572,0.6116071428571429,0.6556091676718938,0.6675977653631285,0.5591070522577372,0.2440944881889764,0.3657587548638132,0.5051526346490375,0.49001122334455666,0.7946411108938001,0.5469613259668509,0.6819033345822405,0.6762976220915367,0.7738352360382598,0.7186854460093897,0.36893203883495146,0.6761006289308176,0.344311377245509,0.8482269503546099,0.31647131400370143,0.6530223702998572,0.6116071428571429,0.6556091676718938,0.6675977653631285,0.5591070522577372,0.2440944881889764,0.3657587548638132,0.5051526346490375,0.49001122334455666,0.7946411108938001,0.5469613259668509,0.6819033345822405
183,0.5912,0.6433137305037074,0.7522369639000308,0.7171830985915493,0.3592233009708738,0.6855345911949685,0.3562874251497006,0.85177304964539,0.39111659469463295,0.6944312232270348,0.6205357142857143,0.6257539203860072,0.6312849162011173,0.4743784880771182,0.2440944881889764,0.3329627570872707,0.5008749756951196,0.6496071829405162,0.8335615098767847,0.6353591160220995,0.7008242787560884,0.6433137305037074,0.7522369639000308,0.7171830985915493,0.3592233009708738,0.6855345911949685,0.3562874251497006,0.85177304964539,0.39111659469463295,0.6944312232270348,0.6205357142857143,0.6257539203860072,0.6312849162011173,0.4743784880771182,0.2440944881889764,0.3329627570872707,0.5008749756951196,0.6496071829405162,0.8335615098767847,0.6353591160220995,0.7008242787560884
184,0.5924,0.6663257478905651,0.7593335390311632,0.704037558685446,0.42394822006472493,0.6817610062893081,0.3562874251497006,0.8595744680851064,0.31893892658852563,0.6506425511661114,0.6071428571428571,0.6556091676718938,0.664804469273743,0.5317097919837646,0.2440944881889764,0.4046692607003891,0.4956251215244021,0.5342312008978676,0.807158224134559,0.5469613259668509,0.6875234170101161,0.6663257478905651,0.7593335390311632,0.704037558685446,0.42394822006472493,0.6817610062893081,0.3562874251497006,0.8595744680851064,0.31893892658852563,0.6506425511661114,0.6071428571428571,0.6556091676718938,0.664804469273743,0.5317097919837646,0.2440944881889764,0.4046692607003891,0.4956251215244021,0.5342312008978676,0.807158224134559,0.5469613259668509,0.6875234170101161
185,0.5982,0.6581436972641268,0.7621104597346497,0.7179342723004695,0.37540453074433655,0.6943396226415094,0.35479041916167664,0.8652482269503546,0.35225169648365207,0.6849119466920514,0.6339285714285714,0.6486731001206273,0.6536312849162011,0.4850329781836631,0.23622047244094488,0.37215119510839356,0.4855142912696869,0.588327721661055,0.8194797574809309,0.6187845303867403,0.7026976395653803,0.6581436972641268,0.7621104597346497,0.7179342723004695,0.37540453074433655,0.6943396226415094,0.35479041916167664,0.8652482269503546,0.35225169648365207,0.6849119466920514,0.6339285714285714,0.6486731001206273,0.6536312849162011,0.4850329781836631,0.23622047244094488,0.37215119510839356,0.4855142912696869,0.588327721661055,0.8194797574809309,0.6187845303867403,0.7026976395653803
186,0.5865,0.6604448990028126,0.7864856525763653,0.7107981220657277,0.39805825242718446,0.6685534591194968,0.33532934131736525,0.8659574468085106,0.3621221468229488,0.6977629700142789,0.5892857142857143,0.6097708082026538,0.6229050279329609,0.4931506849315068,0.2440944881889764,0.3877153974430239,0.52090219716119,0.5735129068462402,0.8486211617445727,0.6022099447513812,0.6656050955414012,0.6604448990028126,0.7864856525763653,0.7107981220657277,0.39805825242718446,0.6685534591194968,0.33532934131736525,0.8659574468085106,0.3621221468229488,0.6977629700142789,0.5892857142857143,0.6097708082026538,0.6229050279329609,0.4931506849315068,0.2440944881889764,0.3877153974430239,0.52090219716119,0.5735129068462402,0.8486211617445727,0.6022099447513812,0.6656050955414012
187,0.5779,0.6668371260547175,0.7824745448935514,0.6933333333333334,0.3818770226537217,0.6823899371069182,0.3413173652694611,0.8546099290780141,0.3621221468229488,0.6958591147072822,0.625,0.6423401688781665,0.6396648044692738,0.5367833587011669,0.2125984251968504,0.35102834908282377,0.5154579039471126,0.5230078563411896,0.8308233913553686,0.5303867403314917,0.7071937055076808,0.6668371260547175,0.7824745448935514,0.6933333333333334,0.3818770226537217,0.6823899371069182,0.3413173652694611,0.8546099290780141,0.3621221468229488,0.6958591147072822,0.625,0.6423401688781665,0.6396648044692738,0.5367833587011669,0.2125984251968504,0.35102834908282377,0.5154579039471126,0.5230078563411896,0.8308233913553686,0.5303867403314917,0.7071937055076808
188,0.5939,0.6484275121452314,0.7525455106448627,0.72018779342723,0.42071197411003236,0.6729559748427673,0.34880239520958084,0.8581560283687943,0.3658235657001851,0.6896715849595431,0.625,0.617611580217129,0.6480446927374302,0.4911212582445459,0.2047244094488189,0.39271817676486936,0.5006805366517597,0.6175084175084176,0.8364952082925875,0.6243093922651933,0.6768452603971525,0.6484275121452314,0.7525455106448627,0.72018779342723,0.42071197411003236,0.6729559748427673,0.34880239520958084,0.8581560283687943,0.3658235657001851,0.6896715849595431,0.625,0.617611580217129,0.6480446927374302,0.4911212582445459,0.2047244094488189,0.39271817676486936,0.5006805366517597,0.6175084175084176,0.8364952082925875,0.6243093922651933,0.6768452603971525
189,0.5897,0.6760419330094605,0.7648873804381364,0.7076056338028169,0.3851132686084142,0.6572327044025157,0.35479041916167664,0.8652482269503546,0.33991363355953114,0.6511185149928606,0.6026785714285714,0.6384197828709288,0.6675977653631285,0.5530187721968544,0.2440944881889764,0.37687604224569204,0.4864864864864865,0.5331088664421998,0.8012908273029532,0.5193370165745856,0.696328212813788,0.6760419330094605,0.7648873804381364,0.7076056338028169,0.3851132686084142,0.6572327044025157,0.35479041916167664,0.8652482269503546,0.33991363355953114,0.6511185149928606,0.6026785714285714,0.6384197828709288,0.6675977653631285,0.5530187721968544,0.2440944881889764,0.37687604224569204,0.4864864864864865,0.5331088664421998,0.8012908273029532,0.5193370165745856,0.696328212813788
190,0.5925,0.6665814369726413,0.7744523295279235,0.692018779342723,0.3948220064724919,0.6723270440251572,0.35179640718562877,0.8652482269503546,0.34484885872917953,0.6687291765825797,0.6383928571428571,0.6341978287092883,0.6424581005586593,0.4840182648401826,0.23622047244094488,0.3621456364647026,0.5078747812560762,0.6022446689113355,0.8286720125171132,0.5911602209944752,0.6837766953915324,0.6665814369726413,0.7744523295279235,0.692018779342723,0.3948220064724919,0.6723270440251572,0.35179640718562877,0.8652482269503546,0.34484885872917953,0.6687291765825797,0.6383928571428571,0.6341978287092883,0.6424581005586593,0.4840182648401826,0.23622047244094488,0.3621456364647026,0.5078747812560762,0.6022446689113355,0.8286720125171132,0.5911602209944752,0.6837766953915324
191,0.5841,0.6699053950396318,0.771366862079605,0.7096713615023474,0.3656957928802589,0.6742138364779874,0.36077844311377244,0.8553191489361702,0.36520666255397904,0.6696811042360781,0.6116071428571429,0.6326899879372738,0.6340782122905028,0.5266362252663622,0.2204724409448819,0.33935519733185104,0.48959751118024497,0.5694725028058362,0.8257383141013104,0.585635359116022,0.695391532409142,0.6699053950396318,0.771366862079605,0.7096713615023474,0.3656957928802589,0.6742138364779874,0.36077844311377244,0.8553191489361702,0.36520666255397904,0.6696811042360781,0.6116071428571429,0.6326899879372738,0.6340782122905028,0.5266362252663622,0.2204724409448819,0.33935519733185104,0.48959751118024497,0.5694725028058362,0.8257383141013104,0.585635359116022,0.695391532409142
192,0.5863,0.6686269496292508,0.7908053070040111,0.6948356807511737,0.40129449838187703,0.6723270440251572,0.34281437125748504,0.8631205673758865,0.35101789019123997,0.6863398381722989,0.6026785714285714,0.6248492159227985,0.6284916201117319,0.4992389649923896,0.2283464566929134,0.3657587548638132,0.5253742951584678,0.5885521885521886,0.8339526696655584,0.569060773480663,0.6856500562008243,0.6686269496292508,0.7908053070040111,0.6948356807511737,0.40129449838187703,0.6723270440251572,0.34281437125748504,0.8631205673758865,0.35101789019123997,0.6863398381722989,0.6026785714285714,0.6248492159227985,0.6284916201117319,0.4992389649923896,0.2283464566929134,0.3657587548638132,0.5253742951584678,0.5885521885521886,0.8339526696655584,0.569060773480663,0.6856500562008243
193,0.5905,0.6489388903093838,0.7685899413761185,0.7215023474178404,0.3818770226537217,0.6729559748427673,0.35479041916167664,0.8609929078014185,0.3726095003084516,0.7001427891480247,0.6116071428571429,0.6221351025331725,0.6061452513966481,0.487062404870624,0.2204724409448819,0.3602001111728738,0.49095858448376434,0.6105499438832772,0.8382554273420693,0.6077348066298343,0.696328212813788,0.6489388903093838,0.7685899413761185,0.7215023474178404,0.3818770226537217,0.6729559748427673,0.35479041916167664,0.8609929078014185,0.3726095003084516,0.7001427891480247,0.6116071428571429,0.6221351025331725,0.6061452513966481,0.487062404870624,0.2204724409448819,0.3602001111728738,0.49095858448376434,0.6105499438832772,0.8382554273420693,0.6077348066298343,0.696328212813788
194,0.5841,0.6890820761953464,0.7806232644245603,0.7237558685446009,0.39158576051779936,0.6710691823899371,0.35479041916167664,0.8539007092198582,0.31030228254164094,0.6306520704426464,0.625,0.655307599517491,0.6480446927374302,0.5606291222729579,0.2204724409448819,0.35241801000555867,0.5160412210771923,0.49270482603815935,0.7962057500488949,0.5082872928176796,0.6796553016110903,0.6890820761953464,0.7806232644245603,0.7237558685446009,0.39158576051779936,0.6710691823899371,0.35479041916167664,0.8539007092198582,0.31030228254164094,0.6306520704426464,0.625,0.655307599517491,0.6480446927374302,0.5606291222729579,0.2204724409448819,0.35241801000555867,0.5160412210771923,0.49270482603815935,0.7962057500488949,0.5082872928176796,0.6796553016110903
195,0.5843,0.662234722577346,0.7834001851280469,0.7076056338028169,0.37540453074433655,0.6672955974842767,0.33682634730538924,0.8581560283687943,0.3689080814312153,0.7010947168015231,0.625,0.6212303980699638,0.611731843575419,0.4824961948249619,0.2283464566929134,0.35797665369649806,0.5133190744701536,0.6177328843995511,0.8519460199491492,0.6077348066298343,0.6991382540277258,0.662234722577346,0.7834001851280469,0.7076056338028169,0.37540453074433655,0.6672955974842767,0.33682634730538924,0.8581560283687943,0.3689080814312153,0.7010947168015231,0.625,0.6212303980699638,0.611731843575419,0.4824961948249619,0.2283464566929134,0.35797665369649806,0.5133190744701536,0.6177328843995511,0.8519460199491492,0.6077348066298343,0.6991382540277258
196,0.5831,0.6522628483763744,0.7510027769207035,0.7213145539906103,0.37216828478964403,0.6911949685534591,0.3532934131736527,0.8638297872340426,0.36952498457742133,0.6896715849595431,0.6116071428571429,0.6453558504221955,0.6284916201117319,0.5266362252663622,0.23622047244094488,0.349082823790995,0.4950418043943224,0.5578002244668911,0.8259338939956973,0.569060773480663,0.6980142375421506,0.6522628483763744,0.7510027769207035,0.7213145539906103,0.37216828478964403,0.6911949685534591,0.3532934131736527,0.8638297872340426,0.36952498457742133,0.6896715849595431,0.6116071428571429,0.6453558504221955,0.6284916201117319,0.5266362252663622,0.23622047244094488,0.349082823790995,0.4950418043943224,0.5578002244668911,0.8259338939956973,0.569060773480663,0.6980142375421506
197,0.5943,0.692406034262337,0.7951249614316569,0.6897652582159625,0.41423948220064727,0.6716981132075471,0.3413173652694611,0.851063829787234,0.3195558297347316,0.6463588767253688,0.6160714285714286,0.6420386007237636,0.6368715083798883,0.4774226281075596,0.2283464566929134,0.3743746525847693,0.5183744895975112,0.6215488215488215,0.8104830823391356,0.6077348066298343,0.6624203821656051,0.692406034262337,0.7951249614316569,0.6897652582159625,0.41423948220064727,0.6716981132075471,0.3413173652694611,0.851063829787234,0.3195558297347316,0.6463588767253688,0.6160714285714286,0.6420386007237636,0.6368715083798883,0.4774226281075596,0.2283464566929134,0.3743746525847693,0.5183744895975112,0.6215488215488215,0.8104830823391356,0.6077348066298343,0.6624203821656051
198,0.5854,0.6461263104065457,0.7510027769207035,0.7393427230046948,0.40129449838187703,0.6647798742138364,0.3473053892215569,0.8695035460992908,0.3621221468229488,0.6915754402665397,0.6116071428571429,0.6088661037394452,0.6340782122905028,0.4931506849315068,0.25196850393700787,0.3727070594774875,0.4995139023916002,0.5977553310886644,0.8501858008996676,0.6022099447513812,0.6805919820157362,0.6461263104065457,0.7510027769207035,0.7393427230046948,0.40129449838187703,0.6647798742138364,0.3473053892215569,0.8695035460992908,0.3621221468229488,0.6915754402665397,0.6116071428571429,0.6088661037394452,0.6340782122905028,0.4931506849315068,0.25196850393700787,0.3727070594774875,0.4995139023916002,0.5977553310886644,0.8501858008996676,0.6022099447513812,0.6805919820157362
199,0.5911,0.6770646893377653,0.7621104597346497,0.7216901408450704,0.3851132686084142,0.6842767295597484,0.3502994011976048,0.8468085106382979,0.3491671807526218,0.646834840552118,0.6383928571428571,0.6507840772014475,0.6508379888268156,0.4987316083206494,0.2677165354330709,0.3435241801000556,0.49756951195800114,0.5928170594837262,0.7971836495208292,0.5911602209944752,0.6790932933683027,0.6770646893377653,0.7621104597346497,0.7216901408450704,0.3851132686084142,0.6842767295597484,0.3502994011976048,0.8468085106382979,0.3491671807526218,0.646834840552118,0.6383928571428571,0.6507840772014475,0.6508379888268156,0.4987316083206494,0.2677165354330709,0.3435241801000556,0.49756951195800114,0.5928170594837262,0.7971836495208292,0.5911602209944752,0.6790932933683027
