round,global_acc,local_c00,local_c01,local_c02,local_c03,local_c04,local_c05,local_c06,local_c07,local_c08,local_c09,local_c10,local_c11,local_c12,local_c13,local_c14,local_c15,local_c16,local_c17,local_c18,local_c19,hybrid_c00,hybrid_c01,hybrid_c02,hybrid_c03,hybrid_c04,hybrid_c05,hybrid_c06,hybrid_c07,hybrid_c08,hybrid_c09,hybrid_c10,hybrid_c11,hybrid_c12,hybrid_c13,hybrid_c14,hybrid_c15,hybrid_c16,hybrid_c17,hybrid_c18,hybrid_c19
0,0.2088,0.4004091025313219,0.18481950015427337,0.002629107981220657,0.03559870550161812,0.010691823899371069,0.0344311377245509,0.5290780141843971,0.28007402837754475,0.5011899095668729,0.05803571428571429,0.10132689987937274,0.5586592178770949,0.2552004058853374,0.09448818897637795,0.033351862145636464,0.18141162745479292,0.007631874298540965,0.663407001760219,0.049723756906077346,0.08167853128512552,0.4004091025313219,0.18481950015427337,0.002629107981220657,0.03559870550161812,0.010691823899371069,0.0344311377245509,0.5290780141843971,0.28007402837754475,0.5011899095668729,0.05803571428571429,0.10132689987937274,0.5586592178770949,0.2552004058853374,0.09448818897637795,0.033351862145636464,0.18141162745479292,0.007631874298540965,0.663407001760219,0.049723756906077346,0.08167853128512552
1,0.2344,0.4561493224239325,0.2523912372724468,0.05051643192488263,0.042071197411003236,0.01761006289308176,0.04940119760479042,0.5439716312056737,0.2887106724244294,0.5016658733936221,0.07589285714285714,0.109167671893848,0.5418994413407822,0.23186199898528664,0.09448818897637795,0.03418565869927738,0.17130079720007776,0.012570145903479237,0.760610209270487,0.06629834254143646,0.10584488572499064,0.4561493224239325,0.2523912372724468,0.05051643192488263,0.042071197411003236,0.01761006289308176,0.04940119760479042,0.5439716312056737,0.2887106724244294,0.5016658733936221,0.07589285714285714,0.109167671893848,0.5418994413407822,0.23186199898528664,0.09448818897637795,0.03418565869927738,0.17130079720007776,0.012570145903479237,0.760610209270487,0.06629834254143646,0.10584488572499064
2,0.2961,0.48018409613909485,0.2952792348040728,0.29258215962441314,0.05825242718446602,0.0509433962264151,0.12724550898203593,0.5517730496453901,0.2677359654534238,0.49119466920514043,0.12053571428571429,0.13419782870928829,0.5251396648044693,0.28361237950279045,0.16535433070866143,0.033073929961089495,0.2418821699397239,0.10594837261503928,0.7563074515939762,0.16574585635359115,0.18977144998126638,0.48018409613909485,0.2952792348040728,0.29258215962441314,0.05825242718446602,0.0509433962264151,0.12724550898203593,0.5517730496453901,0.2677359654534238,0.49119466920514043,0.12053571428571429,0.13419782870928829,0.5251396648044693,0.28361237950279045,0.16535433070866143,0.033073929961089495,0.2418821699397239,0.10594837261503928,0.7563074515939762,0.16574585635359115,0.18977144998126638
3,0.346,0.4840194323702378,0.30731255785251466,0.2892018779342723,0.07119741100323625,0.20062893081761007,0.18413173652694612,0.6085106382978723,0.27390499691548426,0.5530699666825322,0.20089285714285715,0.2922195416164053,0.6089385474860335,0.4150177574835109,0.1968503937007874,0.03557531962201223,0.277075636787867,0.26509539842873175,0.7494621552904361,0.287292817679558,0.2559010865492694,0.4840194323702378,0.30731255785251466,0.2892018779342723,0.07119741100323625,0.20062893081761007,0.18413173652694612,0.6085106382978723,0.27390499691548426,0.5530699666825322,0.20089285714285715,0.2922195416164053,0.6089385474860335,0.4150177574835109,0.1968503937007874,0.03557531962201223,0.277075636787867,0.26509539842873175,0.7494621552904361,0.287292817679558,0.2559010865492694
4,0.3947,0.5205829711071337,0.36223387843258253,0.3515492957746479,0.08414239482200647,0.2622641509433962,0.27245508982035926,0.6219858156028368,0.28439235040098704,0.5773441218467397,0.24107142857142858,0.35012062726176113,0.6312849162011173,0.4885844748858447,0.2992125984251969,0.038910505836575876,0.3389072525763173,0.372615039281706,0.7473107764521807,0.3812154696132597,0.3115399025852379,0.5205829711071337,0.36223387843258253,0.3515492957746479,0.08414239482200647,0.2622641509433962,0.27245508982035926,0.6219858156028368,0.28439235040098704,0.5773441218467397,0.24107142857142858,0.35012062726176113,0.6312849162011173,0.4885844748858447,0.2992125984251969,0.038910505836575876,0.3389072525763173,0.372615039281706,0.7473107764521807,0.3812154696132597,0.3115399025852379
5,0.442,0.5579135770902582,0.40882443690219067,0.46741784037558687,0.11650485436893204,0.3220125786163522,0.3203592814371258,0.6425531914893617,0.2917951881554596,0.5735364112327463,0.33482142857142855,0.38630880579010857,0.6340782122905028,0.502283105022831,0.31496062992125984,0.06281267370761534,0.43962667703674896,0.4166105499438833,0.7518091140230784,0.4530386740331492,0.347695766204571,0.5579135770902582,0.40882443690219067,0.46741784037558687,0.11650485436893204,0.3220125786163522,0.3203592814371258,0.6425531914893617,0.2917951881554596,0.5735364112327463,0.33482142857142855,0.38630880579010857,0.6340782122905028,0.502283105022831,0.31496062992125984,0.06281267370761534,0.43962667703674896,0.4166105499438833,0.7518091140230784,0.4530386740331492,0.347695766204571
6,0.4607,0.582459728969573,0.437519284171552,0.49220657276995305,0.19741100323624594,0.3339622641509434,0.344311377245509,0.648936170212766,0.3658235657001851,0.5859114707282247,0.33035714285714285,0.40802171290711703,0.6536312849162011,0.5530187721968544,0.36220472440944884,0.15119510839355196,0.39218355045693176,0.4511784511784512,0.7768433405045961,0.49171270718232046,0.3390783064818284,0.582459728969573,0.437519284171552,0.49220657276995305,0.19741100323624594,0.3339622641509434,0.344311377245509,0.648936170212766,0.3658235657001851,0.5859114707282247,0.33035714285714285,0.40802171290711703,0.6536312849162011,0.5530187721968544,0.36220472440944884,0.15119510839355196,0.39218355045693176,0.4511784511784512,0.7768433405045961,0.49171270718232046,0.3390783064818284
7,0.5039,0.5898747123497826,0.47392780006170937,0.5778403755868544,0.2621359223300971,0.38742138364779877,0.38622754491017963,0.7177304964539007,0.39481801357186924,0.6006663493574488,0.42857142857142855,0.4445114595898673,0.6899441340782123,0.5712836123795028,0.3464566929133858,0.2140077821011673,0.49173634065720395,0.4567901234567901,0.7676510854684139,0.5027624309392266,0.3808542525290371,0.5898747123497826,0.47392780006170937,0.5778403755868544,0.2621359223300971,0.38742138364779877,0.38622754491017963,0.7177304964539007,0.39481801357186924,0.6006663493574488,0.42857142857142855,0.4445114595898673,0.6899441340782123,0.5712836123795028,0.3464566929133858,0.2140077821011673,0.49173634065720395,0.4567901234567901,0.7676510854684139,0.5027624309392266,0.3808542525290371
8,0.5171,0.6093070825875735,0.4964517124344338,0.5898591549295774,0.32038834951456313,0.4270440251572327,0.3997005988023952,0.6787234042553192,0.41949413942011105,0.6016182770109472,0.4642857142857143,0.48160434258142343,0.6508379888268156,0.5621511922881786,0.3464566929133858,0.22762645914396887,0.46257048415321794,0.4951739618406285,0.7819284177586544,0.5248618784530387,0.3992131884600974,0.6093070825875735,0.4964517124344338,0.5898591549295774,0.32038834951456313,0.4270440251572327,0.3997005988023952,0.6787234042553192,0.41949413942011105,0.6016182770109472,0.4642857142857143,0.48160434258142343,0.6508379888268156,0.5621511922881786,0.3464566929133858,0.22762645914396887,0.46257048415321794,0.4951739618406285,0.7819284177586544,0.5248618784530387,0.3992131884600974
9,0.5385,0.6254154947583738,0.5192841715519901,0.5699530516431925,0.36893203883495146,0.48050314465408805,0.44610778443113774,0.6914893617021277,0.4719309068476249,0.6254164683484055,0.5044642857142857,0.5313630880579011,0.6955307262569832,0.5971588026382547,0.3779527559055118,0.2934963868816009,0.4431265798172273,0.54006734006734,0.7932720516330921,0.5193370165745856,0.43424503559385536,0.6254154947583738,0.5192841715519901,0.5699530516431925,0.36893203883495146,0.48050314465408805,0.44610778443113774,0.6914893617021277,0.4719309068476249,0.6254164683484055,0.5044642857142857,0.5313630880579011,0.6955307262569832,0.5971588026382547,0.3779527559055118,0.2934963868816009,0.4431265798172273,0.54006734006734,0.7932720516330921,0.5193370165745856,0.43424503559385536
10,0.5452,0.6307849654819739,0.5266892934279543,0.6024413145539906,0.3333333333333333,0.49433962264150944,0.4505988023952096,0.6865248226950355,0.4521900061690315,0.6335078534031413,0.5089285714285714,0.5361881785283474,0.7067039106145251,0.5996955859969558,0.3700787401574803,0.24791550861589773,0.46859809449737505,0.5450056116722783,0.8069626442401721,0.5138121546961326,0.4456725365305358,0.6307849654819739,0.5266892934279543,0.6024413145539906,0.3333333333333333,0.49433962264150944,0.4505988023952096,0.6865248226950355,0.4521900061690315,0.6335078534031413,0.5089285714285714,0.5361881785283474,0.7067039106145251,0.5996955859969558,0.3700787401574803,0.24791550861589773,0.46859809449737505,0.5450056116722783,0.8069626442401721,0.5138121546961326,0.4456725365305358
11,0.5511,0.6310406545640501,0.5205183585313174,0.6206572769953052,0.3851132686084142,0.48238993710691824,0.43862275449101795,0.7127659574468085,0.48303516347933373,0.6387434554973822,0.5178571428571429,0.5379975874547648,0.7150837988826816,0.6073059360730594,0.3858267716535433,0.2990550305725403,0.4757923391016916,0.5548821548821549,0.8163504791707412,0.5193370165745856,0.4404271262645185,0.6310406545640501,0.5205183585313174,0.6206572769953052,0.3851132686084142,0.48238993710691824,0.43862275449101795,0.7127659574468085,0.48303516347933373,0.6387434554973822,0.5178571428571429,0.5379975874547648,0.7150837988826816,0.6073059360730594,0.3858267716535433,0.2990550305725403,0.4757923391016916,0.5548821548821549,0.8163504791707412,0.5193370165745856,0.4404271262645185
12,0.5647,0.6497059575556123,0.5442764578833693,0.6031924882629108,0.3851132686084142,0.5371069182389937,0.49101796407185627,0.7326241134751773,0.48982109808760027,0.6692051404093289,0.5491071428571429,0.5790108564535585,0.7430167597765364,0.6204972095383054,0.41732283464566927,0.30711506392440246,0.4752090219716119,0.5398428731762065,0.8212399765304127,0.5303867403314917,0.48576245784938177,0.6497059575556123,0.5442764578833693,0.6031924882629108,0.3851132686084142,0.5371069182389937,0.49101796407185627,0.7326241134751773,0.48982109808760027,0.6692051404093289,0.5491071428571429,0.5790108564535585,0.7430167597765364,0.6204972095383054,0.41732283464566927,0.30711506392440246,0.4752090219716119,0.5398428731762065,0.8212399765304127,0.5303867403314917,0.48576245784938177
13,0.5835,0.6353873689593454,0.5411909904350509,0.6328638497652582,0.39158576051779936,0.5415094339622641,0.49251497005988026,0.7390070921985815,0.4719309068476249,0.646834840552118,0.5625,0.6007237635705669,0.7458100558659218,0.6636225266362252,0.41732283464566927,0.29210672595886605,0.5450126385378183,0.6377104377104377,0.8055935849794641,0.6077348066298343,0.48782315473960286,0.6353873689593454,0.5411909904350509,0.6328638497652582,0.39158576051779936,0.5415094339622641,0.49251497005988026,0.7390070921985815,0.4719309068476249,0.646834840552118,0.5625,0.6007237635705669,0.7458100558659218,0.6636225266362252,0.41732283464566927,0.29210672595886605,0.5450126385378183,0.6377104377104377,0.8055935849794641,0.6077348066298343,0.48782315473960286
14,0.58,0.6791102019943749,0.5927182968219685,0.5769014084507043,0.3883495145631068,0.580503144654088,0.5359281437125748,0.7085106382978723,0.4842689697717458,0.6549262256068539,0.59375,0.626658624849216,0.7262569832402235,0.6626078132927448,0.5118110236220472,0.30628126737076156,0.47248687536457323,0.6345679012345679,0.8310189712497555,0.5966850828729282,0.49044585987261147,0.6791102019943749,0.5927182968219685,0.5769014084507043,0.3883495145631068,0.580503144654088,0.5359281437125748,0.7085106382978723,0.4842689697717458,0.6549262256068539,0.59375,0.626658624849216,0.7262569832402235,0.6626078132927448,0.5118110236220472,0.30628126737076156,0.47248687536457323,0.6345679012345679,0.8310189712497555,0.5966850828729282,0.49044585987261147
15,0.5975,0.6668371260547175,0.5763653193458809,0.627981220657277,0.4110032362459547,0.5842767295597484,0.5194610778443114,0.7205673758865249,0.500308451573103,0.6820561637315564,0.6071428571428571,0.629372738238842,0.7374301675977654,0.669710806697108,0.4566929133858268,0.33351862145636463,0.5111802449931946,0.6437710437710438,0.8214355564247995,0.6187845303867403,0.5389659048332709,0.6668371260547175,0.5763653193458809,0.627981220657277,0.4110032362459547,0.5842767295597484,0.5194610778443114,0.7205673758865249,0.500308451573103,0.6820561637315564,0.6071428571428571,0.629372738238842,0.7374301675977654,0.669710806697108,0.4566929133858268,0.33351862145636463,0.5111802449931946,0.6437710437710438,0.8214355564247995,0.6187845303867403,0.5389659048332709
16,0.6057,0.6658143697264127,0.5689601974699167,0.6544600938967137,0.44660194174757284,0.6062893081761006,0.5104790419161677,0.7390070921985815,0.5478099938309685,0.6958591147072822,0.6383928571428571,0.6577201447527141,0.7513966480446927,0.6727549467275494,0.44881889763779526,0.40411339633129517,0.5051526346490375,0.6332210998877665,0.8230001955798943,0.6519337016574586,0.5545147995503934,0.6658143697264127,0.5689601974699167,0.6544600938967137,0.44660194174757284,0.6062893081761006,0.5104790419161677,0.7390070921985815,0.5478099938309685,0.6958591147072822,0.6383928571428571,0.6577201447527141,0.7513966480446927,0.6727549467275494,0.44881889763779526,0.40411339633129517,0.5051526346490375,0.6332210998877665,0.8230001955798943,0.6519337016574586,0.5545147995503934
17,0.6053,0.6696497059575556,0.5698858377044123,0.616150234741784,0.4401294498381877,0.5660377358490566,0.49550898203592814,0.7276595744680852,0.5441085749537322,0.7034745359352689,0.5982142857142857,0.6357056694813028,0.7569832402234636,0.6773211567732116,0.4251968503937008,0.3860478043357421,0.48862531596344544,0.6579124579124579,0.838646587130843,0.6298342541436464,0.5678156612963656,0.6696497059575556,0.5698858377044123,0.616150234741784,0.4401294498381877,0.5660377358490566,0.49550898203592814,0.7276595744680852,0.5441085749537322,0.7034745359352689,0.5982142857142857,0.6357056694813028,0.7569832402234636,0.6773211567732116,0.4251968503937008,0.3860478043357421,0.48862531596344544,0.6579124579124579,0.838646587130843,0.6298342541436464,0.5678156612963656
18,0.6174,0.6998210176425467,0.6140080222153657,0.6289201877934272,0.5048543689320388,0.6062893081761006,0.5538922155688623,0.7432624113475177,0.5774213448488588,0.7034745359352689,0.6383928571428571,0.6550060313630881,0.7653631284916201,0.6910197869101978,0.5590551181102362,0.44886047804335744,0.5022360489986389,0.6491582491582492,0.8255427342069235,0.6685082872928176,0.5569501686024728,0.6998210176425467,0.6140080222153657,0.6289201877934272,0.5048543689320388,0.6062893081761006,0.5538922155688623,0.7432624113475177,0.5774213448488588,0.7034745359352689,0.6383928571428571,0.6550060313630881,0.7653631284916201,0.6910197869101978,0.5590551181102362,0.44886047804335744,0.5022360489986389,0.6491582491582492,0.8255427342069235,0.6685082872928176,0.5569501686024728
19,0.6258,0.6916389670161084,0.5973464979944462,0.671924882629108,0.4627831715210356,0.6176100628930817,0.5449101796407185,0.7425531914893617,0.5447254780999383,0.6972870061875297,0.6473214285714286,0.6718938480096501,0.7625698324022346,0.7123287671232876,0.5433070866141733,0.4021678710394664,0.5446237604510986,0.6886644219977553,0.8280852728339527,0.6961325966850829,0.5636942675159236,0.6916389670161084,0.5973464979944462,0.671924882629108,0.4627831715210356,0.6176100628930817,0.5449101796407185,0.7425531914893617,0.5447254780999383,0.6972870061875297,0.6473214285714286,0.6718938480096501,0.7625698324022346,0.7123287671232876,0.5433070866141733,0.4021678710394664,0.5446237604510986,0.6886644219977553,0.8280852728339527,0.6961325966850829,0.5636942675159236
20,0.6309,0.6952186141651752,0.5988892317186054,0.6589671361502347,0.46601941747572817,0.660377358490566,0.5553892215568862,0.7609929078014185,0.5687847008019741,0.7106139933365064,0.65625,0.6996381182147166,0.7849162011173184,0.7123287671232876,0.5196850393700787,0.4260700389105058,0.5142912696869532,0.6841750841750842,0.8361040485038138,0.7016574585635359,0.5957287373548146,0.6952186141651752,0.5988892317186054,0.6589671361502347,0.46601941747572817,0.660377358490566,0.5553892215568862,0.7609929078014185,0.5687847008019741,0.7106139933365064,0.65625,0.6996381182147166,0.7849162011173184,0.7123287671232876,0.5196850393700787,0.4260700389105058,0.5142912696869532,0.6841750841750842,0.8361040485038138,0.7016574585635359,0.5957287373548146
21,0.6403,0.7136282280746612,0.630978093181117,0.6505164319248826,0.4919093851132686,0.6616352201257861,0.5778443113772455,0.774468085106383,0.5848241826033312,0.6963350785340314,0.6830357142857143,0.695416164053076,0.7737430167597765,0.7387113140537798,0.6062992125984252,0.4502501389660923,0.5506513707952557,0.7048260381593715,0.8284764326227264,0.7237569060773481,0.5586361933308355,0.7136282280746612,0.630978093181117,0.6505164319248826,0.4919093851132686,0.6616352201257861,0.5778443113772455,0.774468085106383,0.5848241826033312,0.6963350785340314,0.6830357142857143,0.695416164053076,0.7737430167597765,0.7387113140537798,0.6062992125984252,0.4502501389660923,0.5506513707952557,0.7048260381593715,0.8284764326227264,0.7237569060773481,0.5586361933308355
22,0.6421,0.6987982613142418,0.6059858068497377,0.6815023474178403,0.4919093851132686,0.6471698113207547,0.5583832335329342,0.7780141843971631,0.5724861196792104,0.7125178486435031,0.6830357142857143,0.6899879372738239,0.776536312849162,0.7407407407407407,0.5748031496062992,0.44107837687604223,0.5582344934862921,0.7068462401795735,0.8335615098767847,0.7182320441988951,0.5672536530535781,0.6987982613142418,0.6059858068497377,0.6815023474178403,0.4919093851132686,0.6471698113207547,0.5583832335329342,0.7780141843971631,0.5724861196792104,0.7125178486435031,0.6830357142857143,0.6899879372738239,0.776536312849162,0.7407407407407407,0.5748031496062992,0.44107837687604223,0.5582344934862921,0.7068462401795735,0.8335615098767847,0.7182320441988951,0.5672536530535781
23,0.6437,0.726412682178471,0.6473310706572045,0.6670422535211268,0.47896440129449835,0.6408805031446541,0.5883233532934131,0.7780141843971631,0.5737199259716225,0.7277486910994765,0.6741071428571429,0.6887816646562123,0.7653631284916201,0.7300862506341959,0.5748031496062992,0.4405225125069483,0.5397627843671009,0.6828282828282828,0.8488167416389595,0.6961325966850829,0.5985387785687524,0.726412682178471,0.6473310706572045,0.6670422535211268,0.47896440129449835,0.6408805031446541,0.5883233532934131,0.7780141843971631,0.5737199259716225,0.7277486910994765,0.6741071428571429,0.6887816646562123,0.7653631284916201,0.7300862506341959,0.5748031496062992,0.4405225125069483,0.5397627843671009,0.6828282828282828,0.8488167416389595,0.6961325966850829,0.5985387785687524
24,0.6478,0.7223216568652518,0.6337550138846035,0.6448826291079812,0.49838187702265374,0.6540880503144654,0.5868263473053892,0.7645390070921986,0.5965453423812461,0.7334602570204665,0.6696428571428571,0.7035585042219542,0.7541899441340782,0.73921867072552,0.5826771653543307,0.4680377987770984,0.5207077581178301,0.7144781144781145,0.8480344220614121,0.7237569060773481,0.6165230423379543,0.7223216568652518,0.6337550138846035,0.6448826291079812,0.49838187702265374,0.6540880503144654,0.5868263473053892,0.7645390070921986,0.5965453423812461,0.7334602570204665,0.6696428571428571,0.7035585042219542,0.7541899441340782,0.73921867072552,0.5826771653543307,0.4680377987770984,0.5207077581178301,0.7144781144781145,0.8480344220614121,0.7237569060773481,0.6165230423379543
25,0.6509,0.731782152902071,0.6587473002159827,0.6925821596244132,0.49514563106796117,0.6094339622641509,0.5853293413173652,0.7822695035460993,0.5916101172115977,0.7182294145644931,0.6517857142857143,0.6709891435464415,0.7486033519553073,0.732623033992897,0.5905511811023622,0.46470261256253476,0.5586233715730119,0.7081930415263749,0.8464697829063172,0.712707182320442,0.5801798426376921,0.731782152902071,0.6587473002159827,0.6925821596244132,0.49514563106796117,0.6094339622641509,0.5853293413173652,0.7822695035460993,0.5916101172115977,0.7182294145644931,0.6517857142857143,0.6709891435464415,0.7486033519553073,0.732623033992897,0.5905511811023622,0.46470261256253476,0.5586233715730119,0.7081930415263749,0.8464697829063172,0.712707182320442,0.5801798426376921
26,0.6552,0.738174379953976,0.6575131132366554,0.6572769953051644,0.5275080906148867,0.6559748427672956,0.5883233532934131,0.7780141843971631,0.6088834053053671,0.7267967634459781,0.6607142857142857,0.7062726176115802,0.7653631284916201,0.7447995941146626,0.5905511811023622,0.4752640355753196,0.5560956640093331,0.7207631874298541,0.845491883434383,0.712707182320442,0.5882352941176471,0.738174379953976,0.6575131132366554,0.6572769953051644,0.5275080906148867,0.6559748427672956,0.5883233532934131,0.7780141843971631,0.6088834053053671,0.7267967634459781,0.6607142857142857,0.7062726176115802,0.7653631284916201,0.7447995941146626,0.5905511811023622,0.4752640355753196,0.5560956640093331,0.7207631874298541,0.845491883434383,0.712707182320442,0.5882352941176471
27,0.6586,0.7131168499105088,0.6352977476087627,0.684319248826291,0.46601941747572817,0.6691823899371069,0.5853293413173652,0.7893617021276595,0.5712523133867983,0.7334602570204665,0.6741071428571429,0.715319662243667,0.7653631284916201,0.7483510908168443,0.5905511811023622,0.4191217342968316,0.5973167412016333,0.7315375982042649,0.8460786231175436,0.7292817679558011,0.619145747470963,0.7131168499105088,0.6352977476087627,0.684319248826291,0.46601941747572817,0.6691823899371069,0.5853293413173652,0.7893617021276595,0.5712523133867983,0.7334602570204665,0.6741071428571429,0.715319662243667,0.7653631284916201,0.7483510908168443,0.5905511811023622,0.4191217342968316,0.5973167412016333,0.7315375982042649,0.8460786231175436,0.7292817679558011,0.619145747470963
28,0.6579,0.739452825364357,0.668003702560938,0.6670422535211268,0.5048543689320388,0.670440251572327,0.6152694610778443,0.7865248226950354,0.6014805675508945,0.7339362208472157,0.6473214285714286,0.7098914354644149,0.7625698324022346,0.7397260273972602,0.5984251968503937,0.4708171206225681,0.5586233715730119,0.7070707070707071,0.8552708781537258,0.7071823204419889,0.6167103784188834,0.739452825364357,0.668003702560938,0.6670422535211268,0.5048543689320388,0.670440251572327,0.6152694610778443,0.7865248226950354,0.6014805675508945,0.7339362208472157,0.6473214285714286,0.7098914354644149,0.7625698324022346,0.7397260273972602,0.5984251968503937,0.4708171206225681,0.5586233715730119,0.7070707070707071,0.8552708781537258,0.7071823204419889,0.6167103784188834
29,0.6645,0.7468678087445666,0.673866090712743,0.691830985915493,0.5242718446601942,0.6748427672955974,0.6272455089820359,0.7815602836879433,0.6125848241826033,0.7248929081389814,0.6785714285714286,0.7195416164053076,0.7541899441340782,0.756468797564688,0.6220472440944882,0.47915508615897723,0.5594011277464515,0.7396184062850729,0.8443184040680618,0.7292817679558011,0.619145747470963,0.7468678087445666,0.673866090712743,0.691830985915493,0.5242718446601942,0.6748427672955974,0.6272455089820359,0.7815602836879433,0.6125848241826033,0.7248929081389814,0.6785714285714286,0.7195416164053076,0.7541899441340782,0.756468797564688,0.6220472440944882,0.47915508615897723,0.5594011277464515,0.7396184062850729,0.8443184040680618,0.7292817679558011,0.619145747470963
30,0.6702,0.739452825364357,0.6661524220919469,0.6784976525821597,0.5436893203883495,0.6786163522012578,0.6197604790419161,0.8042553191489362,0.6162862430598396,0.7187053783912423,0.6741071428571429,0.7243667068757539,0.770949720670391,0.756468797564688,0.5984251968503937,0.49777654252362424,0.5899280575539568,0.7212121212121212,0.8511637003716018,0.7016574585635359,0.6124016485575122,0.739452825364357,0.6661524220919469,0.6784976525821597,0.5436893203883495,0.6786163522012578,0.6197604790419161,0.8042553191489362,0.6162862430598396,0.7187053783912423,0.6741071428571429,0.7243667068757539,0.770949720670391,0.756468797564688,0.5984251968503937,0.49777654252362424,0.5899280575539568,0.7212121212121212,0.8511637003716018,0.7016574585635359,0.6124016485575122
31,0.6686,0.7338276655586806,0.6550447392780007,0.6867605633802817,0.5210355987055016,0.6566037735849056,0.6197604790419161,0.798581560283688,0.6119679210363973,0.7510709186101856,0.65625,0.7141133896260555,0.7681564245810056,0.7661085743277524,0.5826771653543307,0.47498610339077263,0.5430682481042193,0.7313131313131314,0.8638763935067475,0.7016574585635359,0.6421880854252529,0.7338276655586806,0.6550447392780007,0.6867605633802817,0.5210355987055016,0.6566037735849056,0.6197604790419161,0.798581560283688,0.6119679210363973,0.7510709186101856,0.65625,0.7141133896260555,0.7681564245810056,0.7661085743277524,0.5826771653543307,0.47498610339077263,0.5430682481042193,0.7313131313131314,0.8638763935067475,0.7016574585635359,0.6421880854252529
32,0.6682,0.7307593965737663,0.6473310706572045,0.656150234741784,0.5728155339805825,0.6748427672955974,0.6092814371257484,0.7645390070921986,0.6409623689080814,0.7348881485007139,0.6785714285714286,0.7310012062726177,0.7569832402234636,0.7498731608320649,0.5826771653543307,0.5214007782101168,0.5426793700174996,0.7544332210998878,0.8593780559358498,0.7237569060773481,0.6290745597602098,0.7307593965737663,0.6473310706572045,0.656150234741784,0.5728155339805825,0.6748427672955974,0.6092814371257484,0.7645390070921986,0.6409623689080814,0.7348881485007139,0.6785714285714286,0.7310012062726177,0.7569832402234636,0.7498731608320649,0.5826771653543307,0.5214007782101168,0.5426793700174996,0.7544332210998878,0.8593780559358498,0.7237569060773481,0.6290745597602098
33,0.6738,0.7576067501917668,0.685590867016353,0.6914553990610328,0.5436893203883495,0.6786163522012578,0.6332335329341318,0.8191489361702128,0.6236890808143122,0.7191813422179915,0.6696428571428571,0.7291917973462002,0.7737430167597765,0.7747336377473364,0.6456692913385826,0.5125069483046136,0.5883725452070776,0.7315375982042649,0.8521415998435361,0.7292817679558011,0.59216935181716,0.7576067501917668,0.685590867016353,0.6914553990610328,0.5436893203883495,0.6786163522012578,0.6332335329341318,0.8191489361702128,0.6236890808143122,0.7191813422179915,0.6696428571428571,0.7291917973462002,0.7737430167597765,0.7747336377473364,0.6456692913385826,0.5125069483046136,0.5883725452070776,0.7315375982042649,0.8521415998435361,0.7292817679558011,0.59216935181716
34,0.6751,0.7430324725134236,0.6698549830299291,0.7017840375586855,0.540453074433657,0.679874213836478,0.6197604790419161,0.7893617021276595,0.634793337446021,0.7458353165159448,0.6741071428571429,0.7291917973462002,0.7681564245810056,0.7701674277016742,0.6062992125984252,0.5008337965536409,0.5568734201827727,0.7322109988776655,0.8634852337179738,0.7292817679558011,0.6485575121768452,0.7430324725134236,0.6698549830299291,0.7017840375586855,0.540453074433657,0.679874213836478,0.6197604790419161,0.7893617021276595,0.634793337446021,0.7458353165159448,0.6741071428571429,0.7291917973462002,0.7681564245810056,0.7701674277016742,0.6062992125984252,0.5008337965536409,0.5568734201827727,0.7322109988776655,0.8634852337179738,0.7292817679558011,0.6485575121768452
35,0.6742,0.7320378419841472,0.6457883369330454,0.6955868544600939,0.5242718446601942,0.6710691823899371,0.6032934131736527,0.7865248226950354,0.6255397902529303,0.7358400761542123,0.6964285714285714,0.7303980699638118,0.770949720670391,0.7691527143581938,0.5905511811023622,0.48332406892718177,0.5856503986000389,0.7631874298540965,0.8630940739292001,0.7182320441988951,0.6322592731360059,0.7320378419841472,0.6457883369330454,0.6955868544600939,0.5242718446601942,0.6710691823899371,0.6032934131736527,0.7865248226950354,0.6255397902529303,0.7358400761542123,0.6964285714285714,0.7303980699638118,0.770949720670391,0.7691527143581938,0.5905511811023622,0.48332406892718177,0.5856503986000389,0.7631874298540965,0.8630940739292001,0.7182320441988951,0.6322592731360059
36,0.6811,0.7530043467143953,0.6754088244369022,0.6957746478873239,0.5339805825242718,0.6981132075471698,0.6362275449101796,0.7907801418439716,0.6354102405922271,0.7367920038077106,0.7008928571428571,0.7493968636911942,0.7737430167597765,0.771689497716895,0.6141732283464567,0.5061145080600333,0.5716507874781256,0.7461279461279461,0.8531194993154704,0.7458563535911602,0.6320719370550768,0.7530043467143953,0.6754088244369022,0.6957746478873239,0.5339805825242718,0.6981132075471698,0.6362275449101796,0.7907801418439716,0.6354102405922271,0.7367920038077106,0.7008928571428571,0.7493968636911942,0.7737430167597765,0.771689497716895,0.6141732283464567,0.5061145080600333,0.5716507874781256,0.7461279461279461,0.8531194993154704,0.7458563535911602,0.6320719370550768
37,0.6797,0.7402198926105855,0.6661524220919469,0.6888262910798122,0.5501618122977346,0.6641509433962264,0.6167664670658682,0.8,0.6397285626156693,0.7334602570204665,0.6830357142857143,0.7216525934861279,0.7737430167597765,0.7929984779299848,0.5984251968503937,0.5161200667037243,0.5998444487653121,0.773063973063973,0.8546841384705652,0.7790055248618785,0.6258898463844136,0.7402198926105855,0.6661524220919469,0.6888262910798122,0.5501618122977346,0.6641509433962264,0.6167664670658682,0.8,0.6397285626156693,0.7334602570204665,0.6830357142857143,0.7216525934861279,0.7737430167597765,0.7929984779299848,0.5984251968503937,0.5161200667037243,0.5998444487653121,0.773063973063973,0.8546841384705652,0.7790055248618785,0.6258898463844136
38,0.685,0.744822296087957,0.679728478864548,0.7057276995305164,0.5436893203883495,0.6660377358490566,0.6392215568862275,0.8134751773049645,0.6483652066625539,0.7391718229414564,0.6741071428571429,0.7216525934861279,0.7737430167597765,0.7828513444951801,0.6141732283464567,0.5105614230127848,0.6045109858059499,0.7526374859708193,0.8576178368863681,0.7569060773480663,0.6405020606968902,0.744822296087957,0.679728478864548,0.7057276995305164,0.5436893203883495,0.6660377358490566,0.6392215568862275,0.8134751773049645,0.6483652066625539,0.7391718229414564,0.6741071428571429,0.7216525934861279,0.7737430167597765,0.7828513444951801,0.6141732283464567,0.5105614230127848,0.6045109858059499,0.7526374859708193,0.8576178368863681,0.7569060773480663,0.6405020606968902
39,0.6826,0.7363845563794426,0.6646096883677877,0.7130516431924883,0.5825242718446602,0.6855345911949685,0.6362275449101796,0.8177304964539007,0.6644046884639112,0.7325083293669681,0.7098214285714286,0.7334137515078407,0.7932960893854749,0.7864028411973617,0.5984251968503937,0.556698165647582,0.5665953723507681,0.7555555555555555,0.8607471151965578,0.7569060773480663,0.635256650430873,0.7363845563794426,0.6646096883677877,0.7130516431924883,0.5825242718446602,0.6855345911949685,0.6362275449101796,0.8177304964539007,0.6644046884639112,0.7325083293669681,0.7098214285714286,0.7334137515078407,0.7932960893854749,0.7864028411973617,0.5984251968503937,0.556698165647582,0.5665953723507681,0.7555555555555555,0.8607471151965578,0.7569060773480663,0.635256650430873
40,0.6856,0.7489133214011762,0.6584387534711509,0.6953990610328639,0.5242718446601942,0.679874213836478,0.6362275449101796,0.8042553191489362,0.6286243059839605,0.7486910994764397,0.6785714285714286,0.7316043425814234,0.7793296089385475,0.7772704211060375,0.5984251968503937,0.4841578654808227,0.5907058137273965,0.7647586980920315,0.8722863289653824,0.7679558011049724,0.6414387411015362,0.7489133214011762,0.6584387534711509,0.6953990610328639,0.5242718446601942,0.679874213836478,0.6362275449101796,0.8042553191489362,0.6286243059839605,0.7486910994764397,0.6785714285714286,0.7316043425814234,0.7793296089385475,0.7772704211060375,0.5984251968503937,0.4841578654808227,0.5907058137273965,0.7647586980920315,0.8722863289653824,0.7679558011049724,0.6414387411015362
41,0.6857,0.756583993863462,0.6791113853748842,0.72,0.5436893203883495,0.679874213836478,0.6511976047904192,0.8262411347517731,0.6502159161011721,0.7420276059019515,0.6875,0.7306996381182147,0.7988826815642458,0.7813292744799594,0.6535433070866141,0.509449694274597,0.6117052304102664,0.7548821548821549,0.8660277723450029,0.7348066298342542,0.612214312476583,0.756583993863462,0.6791113853748842,0.72,0.5436893203883495,0.679874213836478,0.6511976047904192,0.8262411347517731,0.6502159161011721,0.7420276059019515,0.6875,0.7306996381182147,0.7988826815642458,0.7813292744799594,0.6535433070866141,0.509449694274597,0.6117052304102664,0.7548821548821549,0.8660277723450029,0.7348066298342542,0.612214312476583
42,0.6886,0.7455893633341857,0.6689293427954335,0.716056338028169,0.5631067961165048,0.7044025157232704,0.6511976047904192,0.8212765957446808,0.6588525601480567,0.7386958591147073,0.7321428571428571,0.747285886610374,0.7905027932960894,0.7838660578386606,0.6614173228346457,0.5508615897720957,0.593622399377795,0.7494949494949495,0.8615294347741053,0.7403314917127072,0.6390033720494567,0.7455893633341857,0.6689293427954335,0.716056338028169,0.5631067961165048,0.7044025157232704,0.6511976047904192,0.8212765957446808,0.6588525601480567,0.7386958591147073,0.7321428571428571,0.747285886610374,0.7905027932960894,0.7838660578386606,0.6614173228346457,0.5508615897720957,0.593622399377795,0.7494949494949495,0.8615294347741053,0.7403314917127072,0.6390033720494567
43,0.6908,0.7760163641012529,0.705029311940759,0.7062910798122066,0.5469255663430421,0.6817610062893081,0.6826347305389222,0.8156028368794326,0.6440468846391116,0.7572584483579248,0.6875,0.7300965018094089,0.7932960893854749,0.7950279046169457,0.6535433070866141,0.5239021678710395,0.5794283492125218,0.7625140291806959,0.8628984940348132,0.7679558011049724,0.6601723491944549,0.7760163641012529,0.705029311940759,0.7062910798122066,0.5469255663430421,0.6817610062893081,0.6826347305389222,0.8156028368794326,0.6440468846391116,0.7572584483579248,0.6875,0.7300965018094089,0.7932960893854749,0.7950279046169457,0.6535433070866141,0.5239021678710395,0.5794283492125218,0.7625140291806959,0.8628984940348132,0.7679558011049724,0.6601723491944549
44,0.6902,0.7491690104832524,0.6707806232644246,0.7036619718309859,0.5792880258899676,0.6817610062893081,0.6511976047904192,0.8283687943262411,0.6545342381246144,0.7553545930509281,0.7142857142857143,0.7276839565741857,0.7793296089385475,0.8011161846778285,0.6299212598425197,0.5428015564202334,0.6045109858059499,0.7728395061728395,0.8660277723450029,0.7734806629834254,0.6616710378418883,0.7491690104832524,0.6707806232644246,0.7036619718309859,0.5792880258899676,0.6817610062893081,0.6511976047904192,0.8283687943262411,0.6545342381246144,0.7553545930509281,0.7142857142857143,0.7276839565741857,0.7793296089385475,0.8011161846778285,0.6299212598425197,0.5428015564202334,0.6045109858059499,0.7728395061728395,0.8660277723450029,0.7734806629834254,0.6616710378418883
45,0.6889,0.7719253387880337,0.7034865782165998,0.6890140845070423,0.5307443365695793,0.7012578616352201,0.6751497005988024,0.7936170212765957,0.634176434299815,0.757734412184674,0.7098214285714286,0.7439686369119421,0.7737430167597765,0.7818366311516997,0.6220472440944882,0.4944413563090606,0.585455959556679,0.7661054994388328,0.8785448855857618,0.7569060773480663,0.6686024728362683,0.7719253387880337,0.7034865782165998,0.6890140845070423,0.5307443365695793,0.7012578616352201,0.6751497005988024,0.7936170212765957,0.634176434299815,0.757734412184674,0.7098214285714286,0.7439686369119421,0.7737430167597765,0.7818366311516997,0.6220472440944882,0.4944413563090606,0.585455959556679,0.7661054994388328,0.8785448855857618,0.7569060773480663,0.6686024728362683
46,0.6939,0.7593965737663002,0.6877506942301759,0.687699530516432,0.598705501618123,0.7,0.6511976047904192,0.8099290780141843,0.6662553979025293,0.7448833888624464,0.71875,0.7331121833534379,0.7681564245810056,0.7772704211060375,0.6377952755905512,0.5647581989994441,0.6109274742368268,0.7640852974186307,0.8703305300215138,0.7458563535911602,0.6639190708130386,0.7593965737663002,0.6877506942301759,0.687699530516432,0.598705501618123,0.7,0.6511976047904192,0.8099290780141843,0.6662553979025293,0.7448833888624464,0.71875,0.7331121833534379,0.7681564245810056,0.7772704211060375,0.6377952755905512,0.5647581989994441,0.6109274742368268,0.7640852974186307,0.8703305300215138,0.7458563535911602,0.6639190708130386
47,0.6891,0.7519815903860905,0.6760259179265659,0.711737089201878,0.5792880258899676,0.680503144654088,0.6377245508982036,0.8340425531914893,0.6563849475632326,0.7529747739171823,0.71875,0.72708082026538,0.7988826815642458,0.7904616945712836,0.6377952755905512,0.5308504724847137,0.6276492319657787,0.7636363636363637,0.8722863289653824,0.7734806629834254,0.6513675533907831,0.7519815903860905,0.6760259179265659,0.711737089201878,0.5792880258899676,0.680503144654088,0.6377245508982036,0.8340425531914893,0.6563849475632326,0.7529747739171823,0.71875,0.72708082026538,0.7988826815642458,0.7904616945712836,0.6377952755905512,0.5308504724847137,0.6276492319657787,0.7636363636363637,0.8722863289653824,0.7734806629834254,0.6513675533907831
48,0.6925,0.7691127588851956,0.6963900030854675,0.7132394366197183,0.5631067961165048,0.7188679245283018,0.6766467065868264,0.8212765957446808,0.6551511412708205,0.746311280342694,0.7321428571428571,0.752714113389626,0.7960893854748603,0.7909690512430239,0.6299212598425197,0.5391884380211228,0.6002333268520319,0.7530864197530864,0.8777625660082143,0.7624309392265194,0.6601723491944549,0.7691127588851956,0.6963900030854675,0.7132394366197183,0.5631067961165048,0.7188679245283018,0.6766467065868264,0.8212765957446808,0.6551511412708205,0.746311280342694,0.7321428571428571,0.752714113389626,0.7960893854748603,0.7909690512430239,0.6299212598425197,0.5391884380211228,0.6002333268520319,0.7530864197530864,0.8777625660082143,0.7624309392265194,0.6601723491944549
49,0.6967,0.7558169266172334,0.6871336007405122,0.7194366197183099,0.6051779935275081,0.7144654088050314,0.6691616766467066,0.8219858156028369,0.6736582356570019,0.746311280342694,0.7321428571428571,0.7397466827503015,0.7793296089385475,0.7894469812278031,0.6299212598425197,0.557254030016676,0.6245382072720203,0.757351290684624,0.8652454527674555,0.7734806629834254,0.6549269389284376,0.7558169266172334,0.6871336007405122,0.7194366197183099,0.6051779935275081,0.7144654088050314,0.6691616766467066,0.8219858156028369,0.6736582356570019,0.746311280342694,0.7321428571428571,0.7397466827503015,0.7793296089385475,0.7894469812278031,0.6299212598425197,0.557254030016676,0.6245382072720203,0.757351290684624,0.8652454527674555,0.7734806629834254,0.6549269389284376
50,0.6943,0.7609307082587573,0.6880592409750077,0.7143661971830986,0.5663430420711975,0.7188679245283018,0.6781437125748503,0.8212765957446808,0.6576187538556446,0.7529747739171823,0.7455357142857143,0.7542219541616405,0.7821229050279329,0.7879249112125825,0.6299212598425197,0.537242912729294,0.6076220104997083,0.76341189674523,0.8732642284373167,0.7734806629834254,0.6768452603971525,0.7609307082587573,0.6880592409750077,0.7143661971830986,0.5663430420711975,0.7188679245283018,0.6781437125748503,0.8212765957446808,0.6576187538556446,0.7529747739171823,0.7455357142857143,0.7542219541616405,0.7821229050279329,0.7879249112125825,0.6299212598425197,0.537242912729294,0.6076220104997083,0.76341189674523,0.8732642284373167,0.7734806629834254,0.6768452603971525
51,0.6956,0.7652774226540526,0.6868250539956804,0.699906103286385,0.5954692556634305,0.70062893081761,0.6691616766467066,0.8106382978723404,0.6662553979025293,0.7524988100904332,0.7366071428571429,0.7478890229191797,0.7877094972067039,0.7904616945712836,0.6220472440944882,0.5530850472484714,0.5924557651176356,0.775084175084175,0.8756111871699589,0.7734806629834254,0.6626077182465343,0.7652774226540526,0.6868250539956804,0.699906103286385,0.5954692556634305,0.70062893081761,0.6691616766467066,0.8106382978723404,0.6662553979025293,0.7524988100904332,0.7366071428571429,0.7478890229191797,0.7877094972067039,0.7904616945712836,0.6220472440944882,0.5530850472484714,0.5924557651176356,0.775084175084175,0.8756111871699589,0.7734806629834254,0.6626077182465343
52,0.697,0.7609307082587573,0.6880592409750077,0.7183098591549296,0.5954692556634305,0.6911949685534591,0.6751497005988024,0.8127659574468085,0.6674892041949414,0.7529747739171823,0.7053571428571429,0.7487937273823885,0.770949720670391,0.791476407914764,0.6535433070866141,0.5575319622012229,0.5944001555512347,0.7753086419753087,0.8748288675924115,0.7679558011049724,0.6892094417384789,0.7609307082587573,0.6880592409750077,0.7183098591549296,0.5954692556634305,0.6911949685534591,0.6751497005988024,0.8127659574468085,0.6674892041949414,0.7529747739171823,0.7053571428571429,0.7487937273823885,0.770949720670391,0.791476407914764,0.6535433070866141,0.5575319622012229,0.5944001555512347,0.7753086419753087,0.8748288675924115,0.7679558011049724,0.6892094417384789
53,0.6956,0.7719253387880337,0.6905276149336624,0.7192488262910798,0.5792880258899676,0.7113207547169811,0.6826347305389222,0.8219858156028369,0.6607032695866749,0.7563065207044265,0.7455357142857143,0.7590470446320868,0.7737430167597765,0.7904616945712836,0.6456692913385826,0.5272373540856031,0.6253159634454598,0.7681257014590348,0.8799139448464698,0.7679558011049724,0.6729112026976396,0.7719253387880337,0.6905276149336624,0.7192488262910798,0.5792880258899676,0.7113207547169811,0.6826347305389222,0.8219858156028369,0.6607032695866749,0.7563065207044265,0.7455357142857143,0.7590470446320868,0.7737430167597765,0.7904616945712836,0.6456692913385826,0.5272373540856031,0.6253159634454598,0.7681257014590348,0.8799139448464698,0.7679558011049724,0.6729112026976396
54,0.6958,0.7703912042955766,0.7028694847269361,0.7047887323943662,0.5631067961165048,0.6685534591194968,0.6661676646706587,0.8347517730496454,0.6613201727328809,0.7358400761542123,0.7276785714285714,0.7276839565741857,0.770949720670391,0.8026382546930492,0.6456692913385826,0.5339077265147304,0.6575928446432043,0.7894500561167228,0.8716995892822218,0.7955801104972375,0.6425627575871112,0.7703912042955766,0.7028694847269361,0.7047887323943662,0.5631067961165048,0.6685534591194968,0.6661676646706587,0.8347517730496454,0.6613201727328809,0.7358400761542123,0.7276785714285714,0.7276839565741857,0.770949720670391,0.8026382546930492,0.6456692913385826,0.5339077265147304,0.6575928446432043,0.7894500561167228,0.8716995892822218,0.7955801104972375,0.6425627575871112
55,0.6983,0.7757606750191767,0.6979327368096266,0.7094835680751174,0.6084142394822006,0.7050314465408805,0.6676646706586826,0.8333333333333334,0.6767427513880321,0.7496430271299381,0.7276785714285714,0.7611580217129071,0.776536312849162,0.8127853881278538,0.6614173228346457,0.5553085047248472,0.6144273770173051,0.784287317620651,0.8746332876980246,0.7955801104972375,0.6648557512176845,0.7757606750191767,0.6979327368096266,0.7094835680751174,0.6084142394822006,0.7050314465408805,0.6676646706586826,0.8333333333333334,0.6767427513880321,0.7496430271299381,0.7276785714285714,0.7611580217129071,0.776536312849162,0.8127853881278538,0.6614173228346457,0.5553085047248472,0.6144273770173051,0.784287317620651,0.8746332876980246,0.7955801104972375,0.6648557512176845
56,0.702,0.7737151623625671,0.6966985498302993,0.7220657276995305,0.598705501618123,0.7062893081761006,0.6856287425149701,0.8276595744680851,0.6563849475632326,0.7548786292241789,0.7455357142857143,0.7545235223160435,0.7849162011173184,0.8046676813800101,0.6220472440944882,0.547804335742079,0.6288158662259382,0.7795735129068463,0.8648542929786818,0.8011049723756906,0.674409891345073,0.7737151623625671,0.6966985498302993,0.7220657276995305,0.598705501618123,0.7062893081761006,0.6856287425149701,0.8276595744680851,0.6563849475632326,0.7548786292241789,0.7455357142857143,0.7545235223160435,0.7849162011173184,0.8046676813800101,0.6220472440944882,0.547804335742079,0.6288158662259382,0.7795735129068463,0.8648542929786818,0.8011049723756906,0.674409891345073
57,0.698,0.7798517003323958,0.701326751002777,0.703849765258216,0.6181229773462783,0.689937106918239,0.6781437125748503,0.8297872340425532,0.6822948797038865,0.7453593526891956,0.7053571428571429,0.7376357056694813,0.7905027932960894,0.8046676813800101,0.5826771653543307,0.5694830461367426,0.6315380128329768,0.7898989898989899,0.8726774887541561,0.7845303867403315,0.6496815286624203,0.7798517003323958,0.701326751002777,0.703849765258216,0.6181229773462783,0.689937106918239,0.6781437125748503,0.8297872340425532,0.6822948797038865,0.7453593526891956,0.7053571428571429,0.7376357056694813,0.7905027932960894,0.8046676813800101,0.5826771653543307,0.5694830461367426,0.6315380128329768,0.7898989898989899,0.8726774887541561,0.7845303867403315,0.6496815286624203
58,0.7017,0.767067246228586,0.6889848812095032,0.7293896713615023,0.56957928802589,0.6962264150943396,0.6811377245508982,0.8482269503546099,0.6526835286859963,0.7615421227986673,0.7142857142857143,0.747285886610374,0.7877094972067039,0.8143074581430746,0.6377952755905512,0.5244580322401334,0.6334824032665759,0.7784511784511785,0.8758067670643458,0.7790055248618785,0.6897714499812664,0.767067246228586,0.6889848812095032,0.7293896713615023,0.56957928802589,0.6962264150943396,0.6811377245508982,0.8482269503546099,0.6526835286859963,0.7615421227986673,0.7142857142857143,0.747285886610374,0.7877094972067039,0.8143074581430746,0.6377952755905512,0.5244580322401334,0.6334824032665759,0.7784511784511785,0.8758067670643458,0.7790055248618785,0.6897714499812664
59,0.7011,0.7726924060342624,0.6951558161061401,0.7348356807511737,0.5663430420711975,0.7119496855345911,0.6811377245508982,0.8156028368794326,0.6514497223935842,0.7472632079961923,0.7053571428571429,0.7596501809408926,0.7877094972067039,0.8016235413495687,0.6062992125984252,0.5330739299610895,0.6286214271825783,0.7881032547699215,0.8832388030510464,0.7790055248618785,0.6708505058074186,0.7726924060342624,0.6951558161061401,0.7348356807511737,0.5663430420711975,0.7119496855345911,0.6811377245508982,0.8156028368794326,0.6514497223935842,0.7472632079961923,0.7053571428571429,0.7596501809408926,0.7877094972067039,0.8016235413495687,0.6062992125984252,0.5330739299610895,0.6286214271825783,0.7881032547699215,0.8832388030510464,0.7790055248618785,0.6708505058074186
60,0.7031,0.7726924060342624,0.7056464054304227,0.747981220657277,0.5825242718446602,0.6974842767295597,0.687125748502994,0.8241134751773049,0.649599012954966,0.7277486910994765,0.71875,0.752714113389626,0.7821229050279329,0.8056823947234906,0.6220472440944882,0.5319622012229016,0.6414544040443321,0.802020202020202,0.8763935067475064,0.8066298342541437,0.6511802173098539,0.7726924060342624,0.7056464054304227,0.747981220657277,0.5825242718446602,0.6974842767295597,0.687125748502994,0.8241134751773049,0.649599012954966,0.7277486910994765,0.71875,0.752714113389626,0.7821229050279329,0.8056823947234906,0.6220472440944882,0.5319622012229016,0.6414544040443321,0.802020202020202,0.8763935067475064,0.8066298342541437,0.6511802173098539
61,0.7026,0.7622091536691383,0.6880592409750077,0.7369014084507042,0.6116504854368932,0.7069182389937106,0.6841317365269461,0.8411347517730496,0.6773596545342381,0.7534507377439315,0.7276785714285714,0.761761158021713,0.7960893854748603,0.8209030948756976,0.6220472440944882,0.5872707059477488,0.6070386933696286,0.7813692480359147,0.8734598083317034,0.7734806629834254,0.6686024728362683,0.7622091536691383,0.6880592409750077,0.7369014084507042,0.6116504854368932,0.7069182389937106,0.6841317365269461,0.8411347517730496,0.6773596545342381,0.7534507377439315,0.7276785714285714,0.761761158021713,0.7960893854748603,0.8209030948756976,0.6220472440944882,0.5872707059477488,0.6070386933696286,0.7813692480359147,0.8734598083317034,0.7734806629834254,0.6686024728362683
62,0.7021,0.7798517003323958,0.7047207651959272,0.7369014084507042,0.5728155339805825,0.679874213836478,0.6901197604790419,0.8375886524822695,0.6551511412708205,0.7558305568776773,0.7276785714285714,0.741556091676719,0.7877094972067039,0.8168442415017757,0.6299212598425197,0.5233463035019456,0.6330935251798561,0.792368125701459,0.8846078623117544,0.7845303867403315,0.6687898089171974,0.7798517003323958,0.7047207651959272,0.7369014084507042,0.5728155339805825,0.679874213836478,0.6901197604790419,0.8375886524822695,0.6551511412708205,0.7558305568776773,0.7276785714285714,0.741556091676719,0.7877094972067039,0.8168442415017757,0.6299212598425197,0.5233463035019456,0.6330935251798561,0.792368125701459,0.8846078623117544,0.7845303867403315,0.6687898089171974
63,0.7042,0.7749936077729481,0.7078062326442456,0.7455399061032864,0.6116504854368932,0.70062893081761,0.6901197604790419,0.8397163120567376,0.6822948797038865,0.7372679676344598,0.7276785714285714,0.7512062726176115,0.7737430167597765,0.8061897513952309,0.6377952755905512,0.5825458588104503,0.6295936223993778,0.7849607182940517,0.8689614707608058,0.7955801104972375,0.6566129636568003,0.7749936077729481,0.7078062326442456,0.7455399061032864,0.6116504854368932,0.70062893081761,0.6901197604790419,0.8397163120567376,0.6822948797038865,0.7372679676344598,0.7276785714285714,0.7512062726176115,0.7737430167597765,0.8061897513952309,0.6377952755905512,0.5825458588104503,0.6295936223993778,0.7849607182940517,0.8689614707608058,0.7955801104972375,0.6566129636568003
64,0.698,0.7824085911531578,0.6982412835544585,0.7263849765258216,0.5857605177993528,0.6893081761006289,0.6751497005988024,0.8226950354609929,0.6644046884639112,0.7596382674916706,0.71875,0.7475874547647768,0.7932960893854749,0.7965499746321664,0.5984251968503937,0.5489160644802669,0.6148162551040249,0.7728395061728395,0.8971249755525132,0.7679558011049724,0.6832146871487449,0.7824085911531578,0.6982412835544585,0.7263849765258216,0.5857605177993528,0.6893081761006289,0.6751497005988024,0.8226950354609929,0.6644046884639112,0.7596382674916706,0.71875,0.7475874547647768,0.7932960893854749,0.7965499746321664,0.5984251968503937,0.5489160644802669,0.6148162551040249,0.7728395061728395,0.8971249755525132,0.7679558011049724,0.6832146871487449
65,0.7034,0.7698798261314241,0.7019438444924406,0.7123004694835681,0.6084142394822006,0.7056603773584905,0.6841317365269461,0.8333333333333334,0.6964836520666255,0.7558305568776773,0.7276785714285714,0.7533172496984318,0.7988826815642458,0.8112633181126332,0.6299212598425197,0.594219010561423,0.6187050359712231,0.7822671156004489,0.8834343829454332,0.7845303867403315,0.6871487448482577,0.7698798261314241,0.7019438444924406,0.7123004694835681,0.6084142394822006,0.7056603773584905,0.6841317365269461,0.8333333333333334,0.6964836520666255,0.7558305568776773,0.7276785714285714,0.7533172496984318,0.7988826815642458,0.8112633181126332,0.6299212598425197,0.594219010561423,0.6187050359712231,0.7822671156004489,0.8834343829454332,0.7845303867403315,0.6871487448482577
66,0.706,0.7639989772436717,0.6920703486578217,0.7436619718309859,0.5922330097087378,0.6924528301886792,0.688622754491018,0.8375886524822695,0.6570018507094386,0.7567824845311756,0.7053571428571429,0.7521109770808203,0.8044692737430168,0.8082191780821918,0.5984251968503937,0.5422456920511395,0.6428154773478515,0.784736251402918,0.8830432231566595,0.7790055248618785,0.691457474709629,0.7639989772436717,0.6920703486578217,0.7436619718309859,0.5922330097087378,0.6924528301886792,0.688622754491018,0.8375886524822695,0.6570018507094386,0.7567824845311756,0.7053571428571429,0.7521109770808203,0.8044692737430168,0.8082191780821918,0.5984251968503937,0.5422456920511395,0.6428154773478515,0.784736251402918,0.8830432231566595,0.7790055248618785,0.691457474709629
67,0.7037,0.7716696497059575,0.7025609379821043,0.7273239436619718,0.6116504854368932,0.6817610062893081,0.6751497005988024,0.8531914893617021,0.6761258482418261,0.7620180866254165,0.6964285714285714,0.7430639324487334,0.8072625698324022,0.8163368848300355,0.6220472440944882,0.5725403001667593,0.6492319657787283,0.7753086419753087,0.8806962644240172,0.7900552486187845,0.6807793180966654,0.7716696497059575,0.7025609379821043,0.7273239436619718,0.6116504854368932,0.6817610062893081,0.6751497005988024,0.8531914893617021,0.6761258482418261,0.7620180866254165,0.6964285714285714,0.7430639324487334,0.8072625698324022,0.8163368848300355,0.6220472440944882,0.5725403001667593,0.6492319657787283,0.7753086419753087,0.8806962644240172,0.7900552486187845,0.6807793180966654
68,0.7064,0.7895678854512912,0.7170626349892009,0.7235680751173709,0.6181229773462783,0.6981132075471698,0.6946107784431138,0.8489361702127659,0.6946329426280075,0.7534507377439315,0.7098214285714286,0.7509047044632087,0.8016759776536313,0.8193810248604769,0.6220472440944882,0.5844913841022791,0.6216216216216216,0.7802469135802469,0.8865636612556229,0.7845303867403315,0.667291120269764,0.7895678854512912,0.7170626349892009,0.7235680751173709,0.6181229773462783,0.6981132075471698,0.6946107784431138,0.8489361702127659,0.6946329426280075,0.7534507377439315,0.7098214285714286,0.7509047044632087,0.8016759776536313,0.8193810248604769,0.6220472440944882,0.5844913841022791,0.6216216216216216,0.7802469135802469,0.8865636612556229,0.7845303867403315,0.667291120269764
69,0.7037,0.7964714906673485,0.7260104905893243,0.7370892018779343,0.6019417475728155,0.690566037735849,0.7065868263473054,0.8368794326241135,0.6656384947563233,0.7529747739171823,0.7053571428571429,0.7439686369119421,0.7960893854748603,0.8112633181126332,0.6377952755905512,0.5430794886047804,0.6589539179467238,0.7865319865319865,0.8844122824173675,0.7790055248618785,0.6607343574372424,0.7964714906673485,0.7260104905893243,0.7370892018779343,0.6019417475728155,0.690566037735849,0.7065868263473054,0.8368794326241135,0.6656384947563233,0.7529747739171823,0.7053571428571429,0.7439686369119421,0.7960893854748603,0.8112633181126332,0.6377952755905512,0.5430794886047804,0.6589539179467238,0.7865319865319865,0.8844122824173675,0.7790055248618785,0.6607343574372424
70,0.7076,0.7826642802352339,0.7068805924097501,0.7468544600938967,0.6019417475728155,0.6836477987421383,0.6841317365269461,0.850354609929078,0.6835286859962986,0.7539267015706806,0.7232142857142857,0.7478890229191797,0.7849162011173184,0.8264840182648402,0.6692913385826772,0.5644802668148972,0.629010305269298,0.7928170594837262,0.8896929395658126,0.7900552486187845,0.6809666541775946,0.7826642802352339,0.7068805924097501,0.7468544600938967,0.6019417475728155,0.6836477987421383,0.6841317365269461,0.850354609929078,0.6835286859962986,0.7539267015706806,0.7232142857142857,0.7478890229191797,0.7849162011173184,0.8264840182648402,0.6692913385826772,0.5644802668148972,0.629010305269298,0.7928170594837262,0.8896929395658126,0.7900552486187845,0.6809666541775946
71,0.7029,0.7926361544362056,0.7179882752236963,0.7286384976525822,0.5889967637540453,0.7081761006289308,0.7035928143712575,0.8375886524822695,0.6773596545342381,0.7610661589719181,0.7098214285714286,0.758443908323281,0.7960893854748603,0.8234398782343988,0.6535433070866141,0.5536409116175653,0.6385378183939335,0.7937149270482604,0.8834343829454332,0.7845303867403315,0.6768452603971525,0.7926361544362056,0.7179882752236963,0.7286384976525822,0.5889967637540453,0.7081761006289308,0.7035928143712575,0.8375886524822695,0.6773596545342381,0.7610661589719181,0.7098214285714286,0.758443908323281,0.7960893854748603,0.8234398782343988,0.6535433070866141,0.5536409116175653,0.6385378183939335,0.7937149270482604,0.8834343829454332,0.7845303867403315,0.6768452603971525
72,0.706,0.7793403221682434,0.7007096575131132,0.72018779342723,0.6051779935275081,0.6880503144654088,0.6736526946107785,0.8397163120567376,0.6736582356570019,0.7701094716801523,0.6964285714285714,0.7430639324487334,0.8072625698324022,0.8158295281582952,0.6062992125984252,0.547804335742079,0.6490375267353684,0.7901234567901234,0.8918443184040681,0.7624309392265194,0.7113150992881229,0.7793403221682434,0.7007096575131132,0.72018779342723,0.6051779935275081,0.6880503144654088,0.6736526946107785,0.8397163120567376,0.6736582356570019,0.7701094716801523,0.6964285714285714,0.7430639324487334,0.8072625698324022,0.8158295281582952,0.6062992125984252,0.547804335742079,0.6490375267353684,0.7901234567901234,0.8918443184040681,0.7624309392265194,0.7113150992881229
73,0.7096,0.789312196369215,0.7192224622030238,0.7472300469483568,0.5954692556634305,0.7056603773584905,0.6946107784431138,0.85177304964539,0.6551511412708205,0.7515468824369348,0.6875,0.7542219541616405,0.7988826815642458,0.832572298325723,0.6535433070866141,0.5425236242356865,0.6505930390822477,0.7946127946127947,0.8869548210443966,0.8121546961325967,0.6819033345822405,0.789312196369215,0.7192224622030238,0.7472300469483568,0.5954692556634305,0.7056603773584905,0.6946107784431138,0.85177304964539,0.6551511412708205,0.7515468824369348,0.6875,0.7542219541616405,0.7988826815642458,0.832572298325723,0.6535433070866141,0.5425236242356865,0.6505930390822477,0.7946127946127947,0.8869548210443966,0.8121546961325967,0.6819033345822405
74,0.708,0.7911020199437484,0.7352668929342795,0.7476056338028169,0.6213592233009708,0.6981132075471698,0.7020958083832335,0.8375886524822695,0.6767427513880321,0.757734412184674,0.6964285714285714,0.7509047044632087,0.7932960893854749,0.8148148148148148,0.6535433070866141,0.5825458588104503,0.6218160606649815,0.77665544332211,0.8816741638959515,0.7845303867403315,0.6972648932184339,0.7911020199437484,0.7352668929342795,0.7476056338028169,0.6213592233009708,0.6981132075471698,0.7020958083832335,0.8375886524822695,0.6767427513880321,0.757734412184674,0.6964285714285714,0.7509047044632087,0.7932960893854749,0.8148148148148148,0.6535433070866141,0.5825458588104503,0.6218160606649815,0.77665544332211,0.8816741638959515,0.7845303867403315,0.6972648932184339
75,0.7056,0.7655331117361288,0.6846652267818575,0.7412206572769953,0.5889967637540453,0.6930817610062893,0.6691616766467066,0.8432624113475178,0.6693399136335595,0.763445978105664,0.6919642857142857,0.7554282267792521,0.7932960893854749,0.8264840182648402,0.6062992125984252,0.548082267926626,0.6591483569900836,0.8065095398428732,0.8906708390377469,0.7845303867403315,0.7004496065942301,0.7655331117361288,0.6846652267818575,0.7412206572769953,0.5889967637540453,0.6930817610062893,0.6691616766467066,0.8432624113475178,0.6693399136335595,0.763445978105664,0.6919642857142857,0.7554282267792521,0.7932960893854749,0.8264840182648402,0.6062992125984252,0.548082267926626,0.6591483569900836,0.8065095398428732,0.8906708390377469,0.7845303867403315,0.7004496065942301
76,0.7065,0.7849654819739197,0.7192224622030238,0.7290140845070423,0.6343042071197411,0.7188679245283018,0.7020958083832335,0.8460992907801419,0.6995681677976557,0.763445978105664,0.7276785714285714,0.7750301568154403,0.8016759776536313,0.8259766615930999,0.6377952755905512,0.5972762645914397,0.6148162551040249,0.7851851851851852,0.8806962644240172,0.7624309392265194,0.7002622705133008,0.7849654819739197,0.7192224622030238,0.7290140845070423,0.6343042071197411,0.7188679245283018,0.7020958083832335,0.8460992907801419,0.6995681677976557,0.763445978105664,0.7276785714285714,0.7750301568154403,0.8016759776536313,0.8259766615930999,0.6377952755905512,0.5972762645914397,0.6148162551040249,0.7851851851851852,0.8806962644240172,0.7624309392265194,0.7002622705133008
77,0.7061,0.7744822296087958,0.6960814563406356,0.7395305164319249,0.5889967637540453,0.710062893081761,0.6841317365269461,0.849645390070922,0.6588525601480567,0.7582103760114232,0.7142857142857143,0.7656815440289505,0.7988826815642458,0.8264840182648402,0.6535433070866141,0.537798777098388,0.6550651370795255,0.7950617283950617,0.8930177977703893,0.7734806629834254,0.696328212813788,0.7744822296087958,0.6960814563406356,0.7395305164319249,0.5889967637540453,0.710062893081761,0.6841317365269461,0.849645390070922,0.6588525601480567,0.7582103760114232,0.7142857142857143,0.7656815440289505,0.7988826815642458,0.8264840182648402,0.6535433070866141,0.537798777098388,0.6550651370795255,0.7950617283950617,0.8930177977703893,0.7734806629834254,0.696328212813788
78,0.7047,0.7816415239069292,0.7007096575131132,0.7029107981220657,0.6213592233009708,0.7037735849056603,0.6841317365269461,0.8446808510638298,0.690314620604565,0.7677296525464065,0.7142857142857143,0.7656815440289505,0.7849162011173184,0.8244545915778793,0.6141732283464567,0.575319622012229,0.639510013610733,0.7921436588103254,0.8943868570310972,0.7734806629834254,0.7045710003746721,0.7816415239069292,0.7007096575131132,0.7029107981220657,0.6213592233009708,0.7037735849056603,0.6841317365269461,0.8446808510638298,0.690314620604565,0.7677296525464065,0.7142857142857143,0.7656815440289505,0.7849162011173184,0.8244545915778793,0.6141732283464567,0.575319622012229,0.639510013610733,0.7921436588103254,0.8943868570310972,0.7734806629834254,0.7045710003746721
79,0.7084,0.7829199693173101,0.7102746066029003,0.7528638497652582,0.6148867313915858,0.6918238993710691,0.6856287425149701,0.8546099290780141,0.6693399136335595,0.7643979057591623,0.7142857142857143,0.7379372738238842,0.8156424581005587,0.8224251648909183,0.6299212598425197,0.5505836575875487,0.6572039665564845,0.7813692480359147,0.8894973596714257,0.7845303867403315,0.6910828025477707,0.7829199693173101,0.7102746066029003,0.7528638497652582,0.6148867313915858,0.6918238993710691,0.6856287425149701,0.8546099290780141,0.6693399136335595,0.7643979057591623,0.7142857142857143,0.7379372738238842,0.8156424581005587,0.8224251648909183,0.6299212598425197,0.5505836575875487,0.6572039665564845,0.7813692480359147,0.8894973596714257,0.7845303867403315,0.6910828025477707
80,0.7065,0.7793403221682434,0.6985498302992903,0.7513615023474178,0.6116504854368932,0.6962264150943396,0.6901197604790419,0.8567375886524823,0.6724244293645898,0.7677296525464065,0.7232142857142857,0.7596501809408926,0.8044692737430168,0.8254693049213597,0.6299212598425197,0.5455808782657031,0.6519541123857671,0.7903479236812571,0.8947780168198709,0.7790055248618785,0.689396777819408,0.7793403221682434,0.6985498302992903,0.7513615023474178,0.6116504854368932,0.6962264150943396,0.6901197604790419,0.8567375886524823,0.6724244293645898,0.7677296525464065,0.7232142857142857,0.7596501809408926,0.8044692737430168,0.8254693049213597,0.6299212598425197,0.5455808782657031,0.6519541123857671,0.7903479236812571,0.8947780168198709,0.7790055248618785,0.689396777819408
81,0.7023,0.7803630784965482,0.693304535637149,0.7235680751173709,0.6181229773462783,0.6893081761006289,0.6901197604790419,0.850354609929078,0.6964836520666255,0.7739171822941456,0.7142857142857143,0.746984318455971,0.8016759776536313,0.8254693049213597,0.6299212598425197,0.5861589772095609,0.635232354656815,0.7818181818181819,0.900254253862703,0.7679558011049724,0.7011989509179468,0.7803630784965482,0.693304535637149,0.7235680751173709,0.6181229773462783,0.6893081761006289,0.6901197604790419,0.850354609929078,0.6964836520666255,0.7739171822941456,0.7142857142857143,0.746984318455971,0.8016759776536313,0.8254693049213597,0.6299212598425197,0.5861589772095609,0.635232354656815,0.7818181818181819,0.900254253862703,0.7679558011049724,0.7011989509179468
82,0.7055,0.803630784965482,0.7349583461894477,0.7412206572769953,0.6084142394822006,0.7144654088050314,0.7095808383233533,0.8489361702127659,0.6576187538556446,0.7615421227986673,0.7142857142857143,0.7659831121833535,0.8072625698324022,0.8315575849822425,0.6614173228346457,0.5389105058365758,0.6468986972584095,0.7973063973063973,0.8934089575591629,0.7790055248618785,0.6759085799925065,0.803630784965482,0.7349583461894477,0.7412206572769953,0.6084142394822006,0.7144654088050314,0.7095808383233533,0.8489361702127659,0.6576187538556446,0.7615421227986673,0.7142857142857143,0.7659831121833535,0.8072625698324022,0.8315575849822425,0.6614173228346457,0.5389105058365758,0.6468986972584095,0.7973063973063973,0.8934089575591629,0.7790055248618785,0.6759085799925065
83,0.7069,0.7852211710559959,0.7102746066029003,0.7353990610328639,0.6537216828478964,0.6974842767295597,0.6841317365269461,0.8602836879432624,0.6964836520666255,0.7710613993336506,0.7142857142857143,0.7566344993968637,0.8044692737430168,0.8254693049213597,0.5984251968503937,0.6089494163424124,0.6321213299630566,0.7723905723905724,0.889106199882652,0.7624309392265194,0.6869614087673286,0.7852211710559959,0.7102746066029003,0.7353990610328639,0.6537216828478964,0.6974842767295597,0.6841317365269461,0.8602836879432624,0.6964836520666255,0.7710613993336506,0.7142857142857143,0.7566344993968637,0.8044692737430168,0.8254693049213597,0.5984251968503937,0.6089494163424124,0.6321213299630566,0.7723905723905724,0.889106199882652,0.7624309392265194,0.6869614087673286
84,0.705,0.7951930452569675,0.7247763036099969,0.7329577464788732,0.5825242718446602,0.7119496855345911,0.6946107784431138,0.8489361702127659,0.6533004318322023,0.7691575440266539,0.7053571428571429,0.7683956574185766,0.7988826815642458,0.8280060882800608,0.6535433070866141,0.546414674819344,0.6568150884697648,0.7930415263748597,0.8902796792489732,0.7845303867403315,0.6961408767328587,0.7951930452569675,0.7247763036099969,0.7329577464788732,0.5825242718446602,0.7119496855345911,0.6946107784431138,0.8489361702127659,0.6533004318322023,0.7691575440266539,0.7053571428571429,0.7683956574185766,0.7988826815642458,0.8280060882800608,0.6535433070866141,0.546414674819344,0.6568150884697648,0.7930415263748597,0.8902796792489732,0.7845303867403315,0.6961408767328587
85,0.7075,0.7916133981079008,0.7216908361616785,0.7447887323943662,0.6019417475728155,0.70062893081761,0.6991017964071856,0.8439716312056738,0.6607032695866749,0.7710613993336506,0.7053571428571429,0.7593486127864898,0.7849162011173184,0.8274987316083207,0.6692913385826772,0.5603112840466926,0.6391211355240132,0.8,0.8875415607275572,0.7845303867403315,0.7143124765829899,0.7916133981079008,0.7216908361616785,0.7447887323943662,0.6019417475728155,0.70062893081761,0.6991017964071856,0.8439716312056738,0.6607032695866749,0.7710613993336506,0.7053571428571429,0.7593486127864898,0.7849162011173184,0.8274987316083207,0.6692913385826772,0.5603112840466926,0.6391211355240132,0.8,0.8875415607275572,0.7845303867403315,0.7143124765829899
86,0.7041,0.7859882383022245,0.7124344338167232,0.7397183098591549,0.6051779935275081,0.6867924528301886,0.6901197604790419,0.8375886524822695,0.6773596545342381,0.7677296525464065,0.7053571428571429,0.7569360675512666,0.7988826815642458,0.8244545915778793,0.6535433070866141,0.5692051139521956,0.6377600622204939,0.8006734006734006,0.8894973596714257,0.8011049723756906,0.7146871487448483,0.7859882383022245,0.7124344338167232,0.7397183098591549,0.6051779935275081,0.6867924528301886,0.6901197604790419,0.8375886524822695,0.6773596545342381,0.7677296525464065,0.7053571428571429,0.7569360675512666,0.7988826815642458,0.8244545915778793,0.6535433070866141,0.5692051139521956,0.6377600622204939,0.8006734006734006,0.8894973596714257,0.8011049723756906,0.7146871487448483
87,0.7059,0.7941702889286627,0.7250848503548287,0.7292018779342723,0.5792880258899676,0.6943396226415094,0.7080838323353293,0.8439716312056738,0.6662553979025293,0.7610661589719181,0.6919642857142857,0.7599517490952955,0.7960893854748603,0.8259766615930999,0.6377952755905512,0.5533629794330184,0.6595372350768034,0.7986531986531986,0.8873459808331704,0.7955801104972375,0.6903334582240539,0.7941702889286627,0.7250848503548287,0.7292018779342723,0.5792880258899676,0.6943396226415094,0.7080838323353293,0.8439716312056738,0.6662553979025293,0.7610661589719181,0.6919642857142857,0.7599517490952955,0.7960893854748603,0.8259766615930999,0.6377952755905512,0.5533629794330184,0.6595372350768034,0.7986531986531986,0.8873459808331704,0.7955801104972375,0.6903334582240539
88,0.7055,0.7921247762720531,0.7133600740512187,0.716056338028169,0.6019417475728155,0.7132075471698113,0.7020958083832335,0.8411347517730496,0.6705737199259716,0.774869109947644,0.7098214285714286,0.7792521109770808,0.8044692737430168,0.8214104515474379,0.6535433070866141,0.5669816564758199,0.6293991833560179,0.7930415263748597,0.8996675141795424,0.7900552486187845,0.7193705507680779,0.7921247762720531,0.7133600740512187,0.716056338028169,0.6019417475728155,0.7132075471698113,0.7020958083832335,0.8411347517730496,0.6705737199259716,0.774869109947644,0.7098214285714286,0.7792521109770808,0.8044692737430168,0.8214104515474379,0.6535433070866141,0.5669816564758199,0.6293991833560179,0.7930415263748597,0.8996675141795424,0.7900552486187845,0.7193705507680779
89,0.7038,0.7726924060342624,0.6954643628509719,0.7365258215962441,0.598705501618123,0.6886792452830188,0.687125748502994,0.85177304964539,0.6711906230721777,0.7743931461208948,0.6830357142857143,0.755729794933655,0.7877094972067039,0.8376458650431253,0.6220472440944882,0.5605892162312396,0.6554540151662454,0.8071829405162738,0.8963426559749658,0.7790055248618785,0.718433870363432,0.7726924060342624,0.6954643628509719,0.7365258215962441,0.598705501618123,0.6886792452830188,0.687125748502994,0.85177304964539,0.6711906230721777,0.7743931461208948,0.6830357142857143,0.755729794933655,0.7877094972067039,0.8376458650431253,0.6220472440944882,0.5605892162312396,0.6554540151662454,0.8071829405162738,0.8963426559749658,0.7790055248618785,0.718433870363432
90,0.7065,0.7877780618767579,0.7145942610305461,0.7515492957746479,0.5728155339805825,0.6955974842767295,0.6961077844311377,0.8439716312056738,0.6452806909315237,0.7624940504521657,0.6964285714285714,0.7680940892641737,0.7793296089385475,0.8280060882800608,0.6692913385826772,0.5219566425792107,0.6659537235076803,0.8143658810325477,0.8967338157637395,0.7900552486187845,0.6927688272761334,0.7877780618767579,0.7145942610305461,0.7515492957746479,0.5728155339805825,0.6955974842767295,0.6961077844311377,0.8439716312056738,0.6452806909315237,0.7624940504521657,0.6964285714285714,0.7680940892641737,0.7793296089385475,0.8280060882800608,0.6692913385826772,0.5219566425792107,0.6659537235076803,0.8143658810325477,0.8967338157637395,0.7900552486187845,0.6927688272761334
91,0.7109,0.7877780618767579,0.7238506633755014,0.7404694835680751,0.6407766990291263,0.7163522012578616,0.7170658682634731,0.8439716312056738,0.6866132017273288,0.7601142313184198,0.7008928571428571,0.7683956574185766,0.7960893854748603,0.8290208016235413,0.6692913385826772,0.5755975541967759,0.6398988916974528,0.8053872053872054,0.8896929395658126,0.7790055248618785,0.6955788684900712,0.7877780618767579,0.7238506633755014,0.7404694835680751,0.6407766990291263,0.7163522012578616,0.7170658682634731,0.8439716312056738,0.6866132017273288,0.7601142313184198,0.7008928571428571,0.7683956574185766,0.7960893854748603,0.8290208016235413,0.6692913385826772,0.5755975541967759,0.6398988916974528,0.8053872053872054,0.8896929395658126,0.7790055248618785,0.6955788684900712
92,0.7055,0.7744822296087958,0.6988583770441222,0.7303286384976526,0.6181229773462783,0.7088050314465408,0.688622754491018,0.8652482269503546,0.67550894509562,0.7758210376011423,0.6919642857142857,0.758443908323281,0.8072625698324022,0.8234398782343988,0.6456692913385826,0.5672595886603669,0.6673147968111997,0.7860830527497195,0.8922354781928418,0.7900552486187845,0.7188085425252904,0.7744822296087958,0.6988583770441222,0.7303286384976526,0.6181229773462783,0.7088050314465408,0.688622754491018,0.8652482269503546,0.67550894509562,0.7758210376011423,0.6919642857142857,0.758443908323281,0.8072625698324022,0.8234398782343988,0.6456692913385826,0.5672595886603669,0.6673147968111997,0.7860830527497195,0.8922354781928418,0.7900552486187845,0.7188085425252904
93,0.7058,0.7939145998465865,0.7241592101203332,0.7248826291079812,0.6343042071197411,0.7169811320754716,0.7065868263473054,0.8531914893617021,0.6724244293645898,0.7586863398381724,0.7276785714285714,0.767189384800965,0.7905027932960894,0.8254693049213597,0.6771653543307087,0.5767092829349638,0.6525374295158468,0.7970819304152638,0.8939956972423235,0.8011049723756906,0.6976395653802923,0.7939145998465865,0.7241592101203332,0.7248826291079812,0.6343042071197411,0.7169811320754716,0.7065868263473054,0.8531914893617021,0.6724244293645898,0.7586863398381724,0.7276785714285714,0.767189384800965,0.7905027932960894,0.8254693049213597,0.6771653543307087,0.5767092829349638,0.6525374295158468,0.7970819304152638,0.8939956972423235,0.8011049723756906,0.6976395653802923
94,0.7082,0.7834313474814626,0.7130515273063869,0.7276995305164319,0.6181229773462783,0.6880503144654088,0.7050898203592815,0.8695035460992908,0.6822948797038865,0.7629700142789148,0.7142857142857143,0.7611580217129071,0.8128491620111732,0.8346017250126839,0.6299212598425197,0.5739299610894941,0.6556484542096053,0.7984287317620651,0.8943868570310972,0.7790055248618785,0.6701011614837018,0.7834313474814626,0.7130515273063869,0.7276995305164319,0.6181229773462783,0.6880503144654088,0.7050898203592815,0.8695035460992908,0.6822948797038865,0.7629700142789148,0.7142857142857143,0.7611580217129071,0.8128491620111732,0.8346017250126839,0.6299212598425197,0.5739299610894941,0.6556484542096053,0.7984287317620651,0.8943868570310972,0.7790055248618785,0.6701011614837018
95,0.7079,0.790590641779596,0.7334156124652885,0.7646948356807511,0.598705501618123,0.7025157232704402,0.7140718562874252,0.8581560283687943,0.6607032695866749,0.7701094716801523,0.7053571428571429,0.7599517490952955,0.7960893854748603,0.8274987316083207,0.6456692913385826,0.556420233463035,0.6764534318491153,0.7961840628507295,0.8857813416780755,0.7790055248618785,0.698388909704009,0.790590641779596,0.7334156124652885,0.7646948356807511,0.598705501618123,0.7025157232704402,0.7140718562874252,0.8581560283687943,0.6607032695866749,0.7701094716801523,0.7053571428571429,0.7599517490952955,0.7960893854748603,0.8274987316083207,0.6456692913385826,0.556420233463035,0.6764534318491153,0.7961840628507295,0.8857813416780755,0.7790055248618785,0.698388909704009
96,0.708,0.7926361544362056,0.726627584078988,0.7583098591549295,0.598705501618123,0.7213836477987421,0.7200598802395209,0.8546099290780141,0.6551511412708205,0.7529747739171823,0.7053571428571429,0.7723160434258143,0.7960893854748603,0.8356164383561644,0.6535433070866141,0.5519733185102835,0.6684814310713592,0.8179573512906846,0.8885194601994915,0.7900552486187845,0.6886474334956912,0.7926361544362056,0.726627584078988,0.7583098591549295,0.598705501618123,0.7213836477987421,0.7200598802395209,0.8546099290780141,0.6551511412708205,0.7529747739171823,0.7053571428571429,0.7723160434258143,0.7960893854748603,0.8356164383561644,0.6535433070866141,0.5519733185102835,0.6684814310713592,0.8179573512906846,0.8885194601994915,0.7900552486187845,0.6886474334956912
97,0.7087,0.7916133981079008,0.7223079296513422,0.7461032863849765,0.5792880258899676,0.7050314465408805,0.7125748502994012,0.8645390070921986,0.6588525601480567,0.7696335078534031,0.6964285714285714,0.758745476477684,0.8100558659217877,0.8366311516996449,0.6535433070866141,0.5516953863257366,0.6725646509819172,0.8051627384960718,0.8941912771367103,0.7845303867403315,0.6976395653802923,0.7916133981079008,0.7223079296513422,0.7461032863849765,0.5792880258899676,0.7050314465408805,0.7125748502994012,0.8645390070921986,0.6588525601480567,0.7696335078534031,0.6964285714285714,0.758745476477684,0.8100558659217877,0.8366311516996449,0.6535433070866141,0.5516953863257366,0.6725646509819172,0.8051627384960718,0.8941912771367103,0.7845303867403315,0.6976395653802923
98,0.7104,0.802352339555101,0.726627584078988,0.7346478873239437,0.6051779935275081,0.730817610062893,0.718562874251497,0.8418439716312057,0.6662553979025293,0.7639219419324131,0.7232142857142857,0.7738238841978287,0.7932960893854749,0.823947234906139,0.6614173228346457,0.5633685380767093,0.6284269881392184,0.8006734006734006,0.8994719342851555,0.7790055248618785,0.7191832146871487,0.802352339555101,0.726627584078988,0.7346478873239437,0.6051779935275081,0.730817610062893,0.718562874251497,0.8418439716312057,0.6662553979025293,0.7639219419324131,0.7232142857142857,0.7738238841978287,0.7932960893854749,0.823947234906139,0.6614173228346457,0.5633685380767093,0.6284269881392184,0.8006734006734006,0.8994719342851555,0.7790055248618785,0.7191832146871487
99,0.7095,0.7936589107645103,0.7260104905893243,0.7462910798122065,0.6181229773462783,0.7056603773584905,0.6961077844311377,0.8666666666666667,0.6693399136335595,0.7791527843883865,0.6830357142857143,0.7575392038600723,0.8072625698324022,0.8264840182648402,0.6614173228346457,0.556976097832129,0.6385378183939335,0.7854096520763187,0.9008409935458634,0.7734806629834254,0.7249906331959536,0.7936589107645103,0.7260104905893243,0.7462910798122065,0.6181229773462783,0.7056603773584905,0.6961077844311377,0.8666666666666667,0.6693399136335595,0.7791527843883865,0.6830357142857143,0.7575392038600723,0.8072625698324022,0.8264840182648402,0.6614173228346457,0.556976097832129,0.6385378183939335,0.7854096520763187,0.9008409935458634,0.7734806629834254,0.7249906331959536
100,0.6641,0.7307593965737663,0.7182968219685283,0.7780281690140846,0.6213592233009708,0.6849056603773584,0.3383233532934132,0.8042553191489362,0.1326341764342998,0.46930033317467873,0.6116071428571429,0.661037394451146,0.6955307262569832,0.3987823439878234,0.25984251968503935,0.6075597554196775,0.34221271631343575,0.6343434343434343,0.6561705456679053,0.6298342541436464,0.6326339452978643,0.7307593965737663,0.7182968219685283,0.7780281690140846,0.6213592233009708,0.6849056603773584,0.8308383233532934,0.8042553191489362,0.851326341764343,0.9067110899571632,0.8571428571428571,0.9013872135102533,0.9301675977653632,0.8518518518518519,0.7007874015748031,0.6075597554196775,0.9723896558428933,0.6343434343434343,0.95208292587522,0.6298342541436464,0.6326339452978643
101,0.6666,0.7558169266172334,0.7287874112928109,0.775774647887324,0.5275080906148867,0.6993710691823899,0.3502994011976048,0.7943262411347518,0.13880320789636028,0.4364588291289862,0.6205357142857143,0.6731001206272618,0.7067039106145251,0.3800101471334348,0.2440944881889764,0.49166203446359086,0.3200466653704064,0.6992143658810326,0.6407197340113436,0.6519337016574586,0.6049082053203447,0.7558169266172334,0.7287874112928109,0.775774647887324,0.5275080906148867,0.6993710691823899,0.9251497005988024,0.7943262411347518,0.8797038864898211,0.9386006663493575,0.9241071428571429,0.9246079613992763,0.952513966480447,0.8741755454084221,0.7874015748031497,0.49166203446359086,0.9809449737507292,0.6992143658810326,0.9640132994328183,0.6519337016574586,0.6049082053203447
102,0.6522,0.7397085144464332,0.7506942301758717,0.7731455399061032,0.44336569579288027,0.6849056603773584,0.344311377245509,0.7872340425531915,0.16779765576804442,0.4635887672536887,0.6026785714285714,0.6360072376357057,0.664804469273743,0.37493658041603245,0.2204724409448819,0.42023346303501946,0.31965778728368655,0.7196408529741863,0.6841384705652259,0.6961325966850829,0.5932933683027352,0.7397085144464332,0.7506942301758717,0.7731455399061032,0.44336569579288027,0.6849056603773584,0.9535928143712575,0.7872340425531915,0.9068476249228871,0.9543074726320799,0.9508928571428571,0.9336550060313631,0.9692737430167597,0.8680872653475393,0.8188976377952756,0.42023346303501946,0.9848337546179273,0.7196408529741863,0.9737922941521612,0.6961325966850829,0.5932933683027352
103,0.6498,0.7205318332907185,0.7312557852514656,0.7898591549295775,0.459546925566343,0.7018867924528301,0.34880239520958084,0.7780141843971631,0.19679210363972857,0.47739171822941456,0.6294642857142857,0.6489746682750301,0.6312849162011173,0.3759512937595129,0.2440944881889764,0.443301834352418,0.3179078358934474,0.7173961840628508,0.6941130451789556,0.6740331491712708,0.5859872611464968,0.7205318332907185,0.7312557852514656,0.7898591549295775,0.459546925566343,0.7018867924528301,0.9655688622754491,0.7780141843971631,0.9284392350400987,0.9685863874345549,0.9598214285714286,0.9442098914354644,0.9804469273743017,0.8863521055301877,0.84251968503937,0.443301834352418,0.9848337546179273,0.7173961840628508,0.9769215724623509,0.6740331491712708,0.5859872611464968
104,0.6423,0.746100741498338,0.7503856834310398,0.7909859154929577,0.3948220064724919,0.6861635220125786,0.34281437125748504,0.7687943262411348,0.2054287476866132,0.45216563541170873,0.5982142857142857,0.6375150784077201,0.6480446927374302,0.36428209030948755,0.2125984251968504,0.4049471928849361,0.3149912502430488,0.7131313131313132,0.6821826716213574,0.6850828729281768,0.5837392281753466,0.746100741498338,0.7503856834310398,0.7909859154929577,0.3948220064724919,0.6861635220125786,0.9775449101796407,0.7687943262411348,0.9290561381863047,0.9700142789148025,0.96875,0.9484318455971049,0.9832402234636871,0.900050735667174,0.8582677165354331,0.4049471928849361,0.9887225354851255,0.7131313131313132,0.9833757089771171,0.6850828729281768,0.5837392281753466
105,0.6385,0.7169521861416518,0.7392780006170935,0.7767136150234741,0.3365695792880259,0.6949685534591195,0.3473053892215569,0.7936170212765957,0.23874151758173967,0.5026178010471204,0.625,0.6450542822677925,0.6368715083798883,0.3860984271943176,0.25984251968503935,0.3235130628126737,0.322963251020805,0.7149270482603816,0.7064345785253276,0.6795580110497238,0.6116523042337955,0.7169521861416518,0.7392780006170935,0.7767136150234741,0.3365695792880259,0.6949685534591195,0.9865269461077845,0.7936170212765957,0.9407772979642196,0.9752498810090433,0.9821428571428571,0.9547647768395657,0.9972067039106145,0.9076610857432775,0.889763779527559,0.3235130628126737,0.9922224382656037,0.7149270482603816,0.9843536084490514,0.6795580110497238,0.6116523042337955
106,0.6376,0.692406034262337,0.7297130515273064,0.7770892018779343,0.43042071197411,0.6949685534591195,0.3413173652694611,0.7886524822695036,0.24491054904380014,0.5292717753450737,0.6205357142857143,0.6344993968636912,0.6312849162011173,0.3860984271943176,0.2283464566929134,0.42495831017231794,0.31693564067664787,0.7151515151515152,0.7144533541951887,0.6795580110497238,0.6148370176095916,0.692406034262337,0.7297130515273064,0.7770892018779343,0.43042071197411,0.6949685534591195,0.9820359281437125,0.7886524822695036,0.9426280074028378,0.9785816277962874,0.9866071428571429,0.9659227985524729,0.994413407821229,0.9294774226281075,0.889763779527559,0.42495831017231794,0.9951390239160023,0.7151515151515152,0.9847447682378252,0.6795580110497238,0.6148370176095916
107,0.6365,0.709537202761442,0.728478864547979,0.7988732394366197,0.37216828478964403,0.6855345911949685,0.34880239520958084,0.7673758865248227,0.2461443553362122,0.4635887672536887,0.6339285714285714,0.6363088057901085,0.6312849162011173,0.3693556570268899,0.25196850393700787,0.3604780433574208,0.30935251798561153,0.7362514029180696,0.6778799139448465,0.6961325966850829,0.591232671412514,0.709537202761442,0.728478864547979,0.7988732394366197,0.37216828478964403,0.6855345911949685,0.9925149700598802,0.7673758865248227,0.9574336829117829,0.9790575916230366,0.9955357142857143,0.9641133896260555,0.9972067039106145,0.9386098427194317,0.9133858267716536,0.3604780433574208,0.9924168773089637,0.7362514029180696,0.9874828867592411,0.6961325966850829,0.591232671412514
108,0.6383,0.7481462541549476,0.7621104597346497,0.7800938967136151,0.3333333333333333,0.6641509433962264,0.3398203592814371,0.7900709219858156,0.215916101172116,0.4569252736792004,0.5491071428571429,0.6308805790108565,0.6620111731843575,0.41907661085743275,0.25196850393700787,0.3387993329627571,0.32587983667120357,0.6572390572390573,0.663602581654606,0.6408839779005525,0.6165230423379543,0.7481462541549476,0.7621104597346497,0.7800938967136151,0.3333333333333333,0.6641509433962264,0.9880239520958084,0.7900709219858156,0.974090067859346,0.9871489766777725,0.9955357142857143,0.9583835946924005,0.9972067039106145,0.6534753932014206,0.937007874015748,0.3387993329627571,0.9953334629593622,0.6572390572390573,0.9898298454918835,0.6408839779005525,0.6165230423379543
109,0.6337,0.7192533878803375,0.7892625732798519,0.704037558685446,0.4368932038834951,0.6823899371069182,0.3248502994011976,0.8446808510638298,0.20727945712523133,0.5397429795335554,0.6116071428571429,0.6405307599517491,0.664804469273743,0.43581938102486045,0.2283464566929134,0.42412451361867703,0.43243243243243246,0.652300785634119,0.7060434187365539,0.6077348066298343,0.6054702135631322,0.7192533878803375,0.7892625732798519,0.704037558685446,0.4368932038834951,0.6823899371069182,0.3248502994011976,0.8446808510638298,0.405922270203578,0.5397429795335554,0.9910714285714286,0.6405307599517491,0.664804469273743,0.7148655504819889,0.9448818897637795,0.42412451361867703,0.43243243243243246,0.652300785634119,0.9902210052806572,0.6077348066298343,0.6054702135631322
110,0.6055,0.6571209409358221,0.7503856834310398,0.7314553990610329,0.3656957928802589,0.6723270440251572,0.3263473053892216,0.849645390070922,0.3170882171499075,0.6596858638743456,0.6473214285714286,0.6037394451145959,0.611731843575419,0.4429223744292237,0.1968503937007874,0.36075597554196775,0.41434960139996113,0.6489337822671156,0.7964013299432818,0.6298342541436464,0.6787186212064443,0.6571209409358221,0.7503856834310398,0.7314553990610329,0.3656957928802589,0.6723270440251572,0.3263473053892216,0.849645390070922,0.3170882171499075,0.6596858638743456,0.6473214285714286,0.738238841978287,0.611731843575419,0.7737189244038559,0.1968503937007874,0.36075597554196775,0.41434960139996113,0.6489337822671156,0.7964013299432818,0.6298342541436464,0.6787186212064443
111,0.6071,0.6893377652774226,0.7781548904659056,0.7186854460093897,0.36893203883495146,0.6433962264150943,0.3248502994011976,0.8652482269503546,0.3053670573719926,0.6263683960019039,0.6473214285714286,0.5983112183353438,0.6396648044692738,0.4485032978183663,0.1889763779527559,0.3576987215119511,0.4439043359906669,0.6282828282828283,0.7827107373362019,0.6298342541436464,0.6472461596103409,0.6893377652774226,0.7781548904659056,0.7186854460093897,0.36893203883495146,0.6433962264150943,0.3248502994011976,0.8652482269503546,0.3053670573719926,0.6263683960019039,0.6473214285714286,0.7765379975874548,0.6396648044692738,0.4485032978183663,0.1889763779527559,0.3576987215119511,0.4439043359906669,0.6282828282828283,0.7827107373362019,0.6298342541436464,0.6472461596103409
112,0.5923,0.6563538736895934,0.7667386609071274,0.731830985915493,0.32362459546925565,0.6408805031446541,0.31137724550898205,0.8659574468085106,0.3528685996298581,0.6701570680628273,0.6205357142857143,0.5913751507840772,0.6089385474860335,0.4561136478944698,0.2204724409448819,0.32240133407448585,0.43515457903947113,0.6105499438832772,0.8179151183258361,0.6132596685082873,0.6635443986511802,0.6563538736895934,0.7667386609071274,0.731830985915493,0.32362459546925565,0.6408805031446541,0.31137724550898205,0.8659574468085106,0.3528685996298581,0.6701570680628273,0.6205357142857143,0.7774427020506635,0.6089385474860335,0.4561136478944698,0.2204724409448819,0.32240133407448585,0.43515457903947113,0.6105499438832772,0.8179151183258361,0.6132596685082873,0.6635443986511802
113,0.5981,0.6517514702122219,0.7516198704103672,0.7523004694835681,0.34951456310679613,0.6509433962264151,0.3188622754491018,0.8609929078014185,0.3146206045650833,0.6596858638743456,0.6517857142857143,0.5998190591073582,0.6284916201117319,0.4576357179096905,0.2204724409448819,0.3346303501945525,0.43846004277658956,0.5991021324354657,0.8061803246626247,0.6077348066298343,0.664293742974897,0.6517514702122219,0.7516198704103672,0.7523004694835681,0.34951456310679613,0.6509433962264151,0.3188622754491018,0.8609929078014185,0.3146206045650833,0.6596858638743456,0.6517857142857143,0.8178528347406514,0.6284916201117319,0.4576357179096905,0.2204724409448819,0.3346303501945525,0.43846004277658956,0.5991021324354657,0.8061803246626247,0.6077348066298343,0.664293742974897
114,0.5982,0.6775760675019177,0.7655044739278001,0.7303286384976526,0.34627831715210355,0.6075471698113207,0.3158682634730539,0.8687943262411347,0.34855027760641577,0.6458829128986197,0.6294642857142857,0.5735826296743064,0.6396648044692738,0.4515474378488077,0.2204724409448819,0.32073374096720403,0.44176550651370794,0.6269360269360269,0.8046156855075298,0.6077348066298343,0.6611090295991008,0.6775760675019177,0.7655044739278001,0.7303286384976526,0.34627831715210355,0.6075471698113207,0.3158682634730539,0.8687943262411347,0.34855027760641577,0.6458829128986197,0.6294642857142857,0.8115199034981906,0.6396648044692738,0.4515474378488077,0.2204724409448819,0.32073374096720403,0.44176550651370794,0.6269360269360269,0.8046156855075298,0.6077348066298343,0.6611090295991008
115,0.6076,0.6686269496292508,0.7506942301758717,0.7391549295774648,0.30097087378640774,0.6547169811320754,0.3203592814371258,0.8680851063829788,0.3232572486119679,0.6344597810566397,0.6428571428571429,0.6088661037394452,0.6368715083798883,0.4596651445966514,0.2125984251968504,0.30211228460255696,0.4405988722535485,0.6300785634118967,0.7840797965969099,0.6574585635359116,0.6779692768827276,0.6686269496292508,0.7506942301758717,0.7391549295774648,0.30097087378640774,0.6547169811320754,0.3203592814371258,0.8680851063829788,0.3232572486119679,0.6344597810566397,0.6428571428571429,0.8380579010856454,0.6368715083798883,0.4596651445966514,0.2125984251968504,0.30211228460255696,0.4405988722535485,0.6300785634118967,0.7840797965969099,0.6574585635359116,0.6779692768827276
116,0.6018,0.6752748657632319,0.7707497685899414,0.7275117370892019,0.33980582524271846,0.6446540880503144,0.3248502994011976,0.8602836879432624,0.34238124614435533,0.6406473108043789,0.6160714285714286,0.5952955367913149,0.6229050279329609,0.4637239979705733,0.2283464566929134,0.32879377431906615,0.4489597511180245,0.6190796857463524,0.7928808918443184,0.6243093922651933,0.6665417759460472,0.6752748657632319,0.7707497685899414,0.7275117370892019,0.33980582524271846,0.6446540880503144,0.3248502994011976,0.8602836879432624,0.34238124614435533,0.6406473108043789,0.6160714285714286,0.8606755126658625,0.6229050279329609,0.4637239979705733,0.2283464566929134,0.32879377431906615,0.4489597511180245,0.6190796857463524,0.7928808918443184,0.6243093922651933,0.6665417759460472
117,0.5873,0.6463819994886219,0.7590249922863314,0.7261971830985916,0.34951456310679613,0.6345911949685534,0.3158682634730539,0.8673758865248227,0.37816162862430597,0.6906235126130414,0.6339285714285714,0.5883594692400482,0.6089385474860335,0.4627092846270928,0.2204724409448819,0.32768204558087827,0.4497375072914641,0.6013468013468013,0.8306278114609819,0.6298342541436464,0.6805919820157362,0.6463819994886219,0.7590249922863314,0.7261971830985916,0.34951456310679613,0.6345911949685534,0.3158682634730539,0.8673758865248227,0.37816162862430597,0.6906235126130414,0.6339285714285714,0.8404704463208685,0.6089385474860335,0.4627092846270928,0.2204724409448819,0.32768204558087827,0.4497375072914641,0.6013468013468013,0.8306278114609819,0.6298342541436464,0.6805919820157362
118,0.5959,0.681922781897213,0.7867941993211972,0.7072300469483568,0.36893203883495146,0.6389937106918239,0.3143712574850299,0.8695035460992908,0.34361505243676743,0.6449309852451214,0.625,0.5986127864897467,0.6396648044692738,0.4682902080162354,0.2047244094488189,0.3221234018899389,0.47676453431849114,0.5984287317620651,0.801681987091727,0.6187845303867403,0.6614837017609592,0.681922781897213,0.7867941993211972,0.7072300469483568,0.36893203883495146,0.6389937106918239,0.3143712574850299,0.8695035460992908,0.34361505243676743,0.6449309852451214,0.625,0.8449939686369119,0.6396648044692738,0.4682902080162354,0.2047244094488189,0.3221234018899389,0.47676453431849114,0.5984287317620651,0.801681987091727,0.6187845303867403,0.6614837017609592
119,0.5863,0.626949629250831,0.7414378278309164,0.7410328638497653,0.36893203883495146,0.6440251572327044,0.31736526946107785,0.8794326241134752,0.37075879086983343,0.7215611613517373,0.6607142857142857,0.5793124246079614,0.6033519553072626,0.4728564180618975,0.2047244094488189,0.3290717065036131,0.45595955667898114,0.5966329966329966,0.8492079014277333,0.6353591160220995,0.6952041963282128,0.626949629250831,0.7414378278309164,0.7410328638497653,0.36893203883495146,0.6440251572327044,0.31736526946107785,0.8794326241134752,0.37075879086983343,0.7215611613517373,0.6607142857142857,0.8449939686369119,0.6033519553072626,0.4728564180618975,0.2047244094488189,0.3290717065036131,0.45595955667898114,0.5966329966329966,0.8492079014277333,0.6353591160220995,0.6952041963282128
120,0.5951,0.6645359243160317,0.7692070348657821,0.7100469483568075,0.3818770226537217,0.6364779874213836,0.3143712574850299,0.8617021276595744,0.34114743985194323,0.6677772489290814,0.6205357142857143,0.5931845597104946,0.611731843575419,0.47843734145104005,0.2047244094488189,0.3368538076709283,0.4512930196383434,0.5973063973063973,0.8130256209661647,0.6243093922651933,0.6805919820157362,0.6645359243160317,0.7692070348657821,0.7100469483568075,0.3818770226537217,0.6364779874213836,0.3143712574850299,0.8617021276595744,0.34114743985194323,0.6677772489290814,0.6205357142857143,0.8751507840772015,0.611731843575419,0.47843734145104005,0.2047244094488189,0.3368538076709283,0.4512930196383434,0.5973063973063973,0.8130256209661647,0.6243093922651933,0.6805919820157362
121,0.5994,0.6750191766811557,0.7692070348657821,0.7153051643192488,0.33980582524271846,0.6622641509433962,0.3263473053892216,0.8588652482269503,0.3473164713140037,0.629700142789148,0.6428571428571429,0.609167671893848,0.6480446927374302,0.4657534246575342,0.2283464566929134,0.2998888271261812,0.4431265798172273,0.6139169472502806,0.7928808918443184,0.6464088397790055,0.6680404645934807,0.6750191766811557,0.7692070348657821,0.7153051643192488,0.33980582524271846,0.6622641509433962,0.3263473053892216,0.8588652482269503,0.3473164713140037,0.629700142789148,0.6428571428571429,0.609167671893848,0.6480446927374302,0.4657534246575342,0.2283464566929134,0.2998888271261812,0.4431265798172273,0.6139169472502806,0.7928808918443184,0.6464088397790055,0.6680404645934807
122,0.59,0.6706724622858604,0.7648873804381364,0.7055399061032864,0.3592233009708738,0.6647798742138364,0.3218562874251497,0.8595744680851064,0.35101789019123997,0.6563541170871013,0.6517857142857143,0.6257539203860072,0.61731843575419,0.4931506849315068,0.2283464566929134,0.3329627570872707,0.4421543846004278,0.5811447811447812,0.8010952474085664,0.6022099447513812,0.6935181715998502,0.6706724622858604,0.7648873804381364,0.7055399061032864,0.3592233009708738,0.6647798742138364,0.3218562874251497,0.8595744680851064,0.35101789019123997,0.6563541170871013,0.6517857142857143,0.6257539203860072,0.61731843575419,0.4931506849315068,0.2283464566929134,0.3329627570872707,0.4421543846004278,0.5811447811447812,0.8010952474085664,0.6022099447513812,0.6935181715998502
123,0.6081,0.6890820761953464,0.7633446467139772,0.7310798122065728,0.3883495145631068,0.6660377358490566,0.3188622754491018,0.850354609929078,0.31523750771128933,0.6049500237981913,0.6339285714285714,0.6115802171290712,0.6424581005586593,0.4642313546423135,0.2125984251968504,0.3415786548082268,0.4635426793700175,0.6118967452300785,0.7780168198709173,0.6187845303867403,0.6729112026976396,0.6890820761953464,0.7633446467139772,0.7310798122065728,0.3883495145631068,0.6660377358490566,0.3188622754491018,0.850354609929078,0.31523750771128933,0.6049500237981913,0.6339285714285714,0.6115802171290712,0.6424581005586593,0.4642313546423135,0.2125984251968504,0.3415786548082268,0.4635426793700175,0.6118967452300785,0.7780168198709173,0.6187845303867403,0.6729112026976396
124,0.5965,0.6752748657632319,0.7756865165072508,0.7168075117370892,0.343042071197411,0.6672955974842767,0.3158682634730539,0.8673758865248227,0.36644046884639114,0.643979057591623,0.6517857142857143,0.6139927623642943,0.6201117318435754,0.47843734145104005,0.2283464566929134,0.31461923290717064,0.46198716702313825,0.6078563411896746,0.8032466262468219,0.6464088397790055,0.6513675533907831,0.6752748657632319,0.7756865165072508,0.7168075117370892,0.343042071197411,0.6672955974842767,0.3158682634730539,0.8673758865248227,0.36644046884639114,0.643979057591623,0.6517857142857143,0.6139927623642943,0.6201117318435754,0.47843734145104005,0.2283464566929134,0.31461923290717064,0.46198716702313825,0.6078563411896746,0.8032466262468219,0.6464088397790055,0.6513675533907831
125,0.592,0.6739964203528509,0.7772292502314101,0.728075117370892,0.34627831715210355,0.6761006289308176,0.32335329341317365,0.8638297872340426,0.33066008636644045,0.6477867682056164,0.6428571428571429,0.6281664656212304,0.6284916201117319,0.4987316083206494,0.2047244094488189,0.3187882156753752,0.48279214466264825,0.5622895622895623,0.8022687267748876,0.5911602209944752,0.6719745222929936,0.6739964203528509,0.7772292502314101,0.728075117370892,0.34627831715210355,0.6761006289308176,0.32335329341317365,0.8638297872340426,0.33066008636644045,0.6477867682056164,0.6428571428571429,0.6281664656212304,0.6284916201117319,0.4987316083206494,0.2047244094488189,0.3187882156753752,0.48279214466264825,0.5622895622895623,0.8022687267748876,0.5911602209944752,0.6719745222929936
126,0.605,0.6916389670161084,0.7553224313483493,0.7269483568075117,0.3559870550161812,0.6767295597484276,0.32934131736526945,0.8631205673758865,0.3491671807526218,0.6044740599714422,0.65625,0.6329915560916767,0.6480446927374302,0.4743784880771182,0.2204724409448819,0.32128960533629797,0.464514874586817,0.5881032547699214,0.7692157246235087,0.6022099447513812,0.6777819408017984,0.6916389670161084,0.7553224313483493,0.7269483568075117,0.3559870550161812,0.6767295597484276,0.32934131736526945,0.8631205673758865,0.3491671807526218,0.6044740599714422,0.65625,0.6329915560916767,0.6480446927374302,0.4743784880771182,0.2204724409448819,0.32128960533629797,0.464514874586817,0.5881032547699214,0.7692157246235087,0.6022099447513812,0.6777819408017984
127,0.5879,0.6576323190999744,0.7531626041345264,0.7415962441314554,0.34951456310679613,0.6679245283018868,0.3248502994011976,0.8652482269503546,0.37322640345465763,0.658257972394098,0.6651785714285714,0.6209288299155609,0.6256983240223464,0.4901065449010654,0.2125984251968504,0.3087826570316843,0.4602372156328991,0.582267115600449,0.8173283786426755,0.585635359116022,0.6766579243162233,0.6576323190999744,0.7531626041345264,0.7415962441314554,0.34951456310679613,0.6679245283018868,0.3248502994011976,0.8652482269503546,0.37322640345465763,0.658257972394098,0.6651785714285714,0.6209288299155609,0.6256983240223464,0.4901065449010654,0.2125984251968504,0.3087826570316843,0.4602372156328991,0.582267115600449,0.8173283786426755,0.585635359116022,0.6766579243162233
128,0.5947,0.6939401687547941,0.787102746066029,0.7047887323943662,0.36245954692556637,0.6534591194968553,0.3263473053892216,0.8560283687943262,0.35595311536088836,0.6344597810566397,0.65625,0.6130880579010857,0.6256983240223464,0.48909183155758496,0.2204724409448819,0.30711506392440246,0.4757923391016916,0.5791245791245792,0.7874046548014864,0.6298342541436464,0.678343949044586,0.6939401687547941,0.787102746066029,0.7047887323943662,0.36245954692556637,0.6534591194968553,0.3263473053892216,0.8560283687943262,0.35595311536088836,0.6344597810566397,0.65625,0.6130880579010857,0.6256983240223464,0.48909183155758496,0.2204724409448819,0.30711506392440246,0.4757923391016916,0.5791245791245792,0.7874046548014864,0.6298342541436464,0.678343949044586
129,0.5908,0.6614676553311174,0.7630360999691453,0.7171830985915493,0.3592233009708738,0.6553459119496855,0.3188622754491018,0.8574468085106383,0.3676742751388032,0.6772965254640647,0.6339285714285714,0.606151990349819,0.6061452513966481,0.4946727549467275,0.2047244094488189,0.32768204558087827,0.4573206299825005,0.5878787878787879,0.8200664971640915,0.6022099447513812,0.6880854252529037,0.6614676553311174,0.7630360999691453,0.7171830985915493,0.3592233009708738,0.6553459119496855,0.3188622754491018,0.8574468085106383,0.3676742751388032,0.6772965254640647,0.6339285714285714,0.606151990349819,0.6061452513966481,0.4946727549467275,0.2047244094488189,0.32768204558087827,0.4573206299825005,0.5878787878787879,0.8200664971640915,0.6022099447513812,0.6880854252529037
130,0.6023,0.6916389670161084,0.7778463437210738,0.6882629107981221,0.42718446601941745,0.6635220125786163,0.3218562874251497,0.8659574468085106,0.3269586674892042,0.6373155640171347,0.6473214285714286,0.6287696019300362,0.6424581005586593,0.4941653982749873,0.2047244094488189,0.3816008893829905,0.4878475597900058,0.5777777777777777,0.781146098181107,0.6077348066298343,0.6764705882352942,0.6916389670161084,0.7778463437210738,0.6882629107981221,0.42718446601941745,0.6635220125786163,0.3218562874251497,0.8659574468085106,0.3269586674892042,0.6373155640171347,0.6473214285714286,0.6287696019300362,0.6424581005586593,0.4941653982749873,0.2047244094488189,0.3816008893829905,0.4878475597900058,0.5777777777777777,0.781146098181107,0.6077348066298343,0.6764705882352942
131,0.5972,0.6867808744566607,0.7476087627275533,0.7372769953051643,0.3333333333333333,0.6748427672955974,0.32335329341317365,0.8574468085106383,0.36952498457742133,0.6063779152784389,0.6607142857142857,0.6363088057901085,0.659217877094972,0.504312531709792,0.2125984251968504,0.3254585881045025,0.44487653120746645,0.5723905723905723,0.7688245648347349,0.6077348066298343,0.6611090295991008,0.6867808744566607,0.7476087627275533,0.7372769953051643,0.3333333333333333,0.6748427672955974,0.32335329341317365,0.8574468085106383,0.36952498457742133,0.6063779152784389,0.6607142857142857,0.6363088057901085,0.659217877094972,0.504312531709792,0.2125984251968504,0.3254585881045025,0.44487653120746645,0.5723905723905723,0.7688245648347349,0.6077348066298343,0.6611090295991008
132,0.5937,0.6699053950396318,0.779389077445233,0.6890140845070423,0.343042071197411,0.6459119496855346,0.3218562874251497,0.8652482269503546,0.3689080814312153,0.6601618277010948,0.6205357142857143,0.6103739445114595,0.6229050279329609,0.4835109081684424,0.2125984251968504,0.33046136742634796,0.4744312657981723,0.5829405162738496,0.8159593193819675,0.6022099447513812,0.6935181715998502,0.6699053950396318,0.779389077445233,0.6890140845070423,0.343042071197411,0.6459119496855346,0.3218562874251497,0.8652482269503546,0.3689080814312153,0.6601618277010948,0.6205357142857143,0.6103739445114595,0.6229050279329609,0.4835109081684424,0.2125984251968504,0.33046136742634796,0.4744312657981723,0.5829405162738496,0.8159593193819675,0.6022099447513812,0.6935181715998502
133,0.5976,0.6816670928151368,0.7735266892934279,0.7064788732394366,0.34627831715210355,0.6647798742138364,0.3248502994011976,0.8702127659574468,0.35780382479950645,0.6349357448833889,0.6651785714285714,0.6278648974668275,0.6452513966480447,0.5002536783358701,0.2047244094488189,0.3254585881045025,0.47618121718841144,0.5858585858585859,0.790729513006063,0.6243093922651933,0.6712251779692768,0.6816670928151368,0.7735266892934279,0.7064788732394366,0.34627831715210355,0.6647798742138364,0.3248502994011976,0.8702127659574468,0.35780382479950645,0.6349357448833889,0.6651785714285714,0.6278648974668275,0.6452513966480447,0.5002536783358701,0.2047244094488189,0.3254585881045025,0.47618121718841144,0.5858585858585859,0.790729513006063,0.6243093922651933,0.6712251779692768
134,0.5999,0.6752748657632319,0.7722925023141006,0.7286384976525822,0.34627831715210355,0.6666666666666666,0.33083832335329344,0.8730496453900709,0.34978408389882787,0.6482627320323655,0.6383928571428571,0.6230398069963812,0.6201117318435754,0.4885844748858447,0.2047244094488189,0.3318510283490828,0.4647093136301769,0.619304152637486,0.7917074124779973,0.6298342541436464,0.6650430872986137,0.6752748657632319,0.7722925023141006,0.7286384976525822,0.34627831715210355,0.6666666666666666,0.33083832335329344,0.8730496453900709,0.34978408389882787,0.6482627320323655,0.6383928571428571,0.6230398069963812,0.6201117318435754,0.4885844748858447,0.2047244094488189,0.3318510283490828,0.4647093136301769,0.619304152637486,0.7917074124779973,0.6298342541436464,0.6650430872986137
135,0.5896,0.6816670928151368,0.7769207034865783,0.6976525821596244,0.3365695792880259,0.6540880503144654,0.3323353293413174,0.8617021276595744,0.37692782233189387,0.6463588767253688,0.6294642857142857,0.6221351025331725,0.6368715083798883,0.4992389649923896,0.2125984251968504,0.31739855475264034,0.4860976083997667,0.571043771043771,0.8010952474085664,0.6077348066298343,0.6777819408017984,0.6816670928151368,0.7769207034865783,0.6976525821596244,0.3365695792880259,0.6540880503144654,0.3323353293413174,0.8617021276595744,0.37692782233189387,0.6463588767253688,0.6294642857142857,0.6221351025331725,0.6368715083798883,0.4992389649923896,0.2125984251968504,0.31739855475264034,0.4860976083997667,0.571043771043771,0.8010952474085664,0.6077348066298343,0.6777819408017984
136,0.6026,0.6885706980311941,0.7682813946312866,0.7323943661971831,0.39158576051779936,0.6641509433962264,0.3263473053892216,0.8574468085106383,0.3337446020974707,0.632555925749643,0.6383928571428571,0.6341978287092883,0.6536312849162011,0.4911212582445459,0.2283464566929134,0.35158421345191776,0.47112580206105387,0.5820426487093153,0.7829063172305887,0.6132596685082873,0.6682278006744099,0.6885706980311941,0.7682813946312866,0.7323943661971831,0.39158576051779936,0.6641509433962264,0.3263473053892216,0.8574468085106383,0.3337446020974707,0.632555925749643,0.6383928571428571,0.6341978287092883,0.6536312849162011,0.4911212582445459,0.2283464566929134,0.35158421345191776,0.47112580206105387,0.5820426487093153,0.7829063172305887,0.6132596685082873,0.6682278006744099
137,0.593,0.6612119662490412,0.7750694230175872,0.7166197183098592,0.3786407766990291,0.6566037735849056,0.3398203592814371,0.8645390070921986,0.3621221468229488,0.6796763445978106,0.6205357142857143,0.6112786489746683,0.611731843575419,0.4835109081684424,0.2204724409448819,0.31656475819899943,0.47112580206105387,0.6042648709315376,0.8253471543125367,0.6187845303867403,0.6847133757961783,0.6612119662490412,0.7750694230175872,0.7166197183098592,0.3786407766990291,0.6566037735849056,0.3398203592814371,0.8645390070921986,0.3621221468229488,0.6796763445978106,0.6205357142857143,0.6112786489746683,0.611731843575419,0.4835109081684424,0.2204724409448819,0.31656475819899943,0.47112580206105387,0.6042648709315376,0.8253471543125367,0.6187845303867403,0.6847133757961783
138,0.6111,0.7072360010227563,0.7513113236655353,0.7412206572769953,0.36893203883495146,0.6628930817610063,0.3458083832335329,0.8624113475177305,0.31523750771128933,0.5849595430747263,0.6428571428571429,0.6468636911942099,0.6731843575418994,0.5159817351598174,0.23622047244094488,0.3368538076709283,0.46198716702313825,0.5717171717171717,0.7418345394093487,0.574585635359116,0.6880854252529037,0.7072360010227563,0.7513113236655353,0.7412206572769953,0.36893203883495146,0.6628930817610063,0.3458083832335329,0.8624113475177305,0.31523750771128933,0.5849595430747263,0.6428571428571429,0.6468636911942099,0.6731843575418994,0.5159817351598174,0.23622047244094488,0.3368538076709283,0.46198716702313825,0.5717171717171717,0.7418345394093487,0.574585635359116,0.6880854252529037
139,0.5892,0.67808744566607,0.7806232644245603,0.6940845070422536,0.37216828478964403,0.6679245283018868,0.32934131736526945,0.8645390070921986,0.35225169648365207,0.6715849595430747,0.6294642857142857,0.6284680337756333,0.61731843575419,0.495687468290208,0.2047244094488189,0.34741523068371316,0.48959751118024497,0.5667789001122334,0.8198709172697046,0.5911602209944752,0.6798426376920195,0.67808744566607,0.7806232644245603,0.6940845070422536,0.37216828478964403,0.6679245283018868,0.32934131736526945,0.8645390070921986,0.35225169648365207,0.6715849595430747,0.6294642857142857,0.6284680337756333,0.61731843575419,0.495687468290208,0.2047244094488189,0.34741523068371316,0.48959751118024497,0.5667789001122334,0.8198709172697046,0.5911602209944752,0.6798426376920195
140,0.6024,0.6954743032472513,0.7763036099969145,0.7258215962441315,0.34627831715210355,0.6616352201257861,0.3323353293413174,0.8588652482269503,0.32140653917334977,0.6306520704426464,0.6026785714285714,0.626658624849216,0.6424581005586593,0.4733637747336377,0.2283464566929134,0.3160088938299055,0.48065331518568927,0.6103254769921437,0.7823195775474281,0.6298342541436464,0.6878980891719745,0.6954743032472513,0.7763036099969145,0.7258215962441315,0.34627831715210355,0.6616352201257861,0.3323353293413174,0.8588652482269503,0.32140653917334977,0.6306520704426464,0.6026785714285714,0.626658624849216,0.6424581005586593,0.4733637747336377,0.2283464566929134,0.3160088938299055,0.48065331518568927,0.6103254769921437,0.7823195775474281,0.6298342541436464,0.6878980891719745
141,0.5925,0.6612119662490412,0.7679728478864548,0.707981220657277,0.37540453074433655,0.6572327044025157,0.3398203592814371,0.8680851063829788,0.3565700185070944,0.6615897191813422,0.6205357142857143,0.6218335343787696,0.6340782122905028,0.4895991882293252,0.25196850393700787,0.3610339077265147,0.47987555901224965,0.5757575757575758,0.8204576569528652,0.56353591160221,0.6766579243162233,0.6612119662490412,0.7679728478864548,0.707981220657277,0.37540453074433655,0.6572327044025157,0.3398203592814371,0.8680851063829788,0.3565700185070944,0.6615897191813422,0.6205357142857143,0.6218335343787696,0.6340782122905028,0.4895991882293252,0.25196850393700787,0.3610339077265147,0.47987555901224965,0.5757575757575758,0.8204576569528652,0.56353591160221,0.6766579243162233
142,0.6068,0.7113270263359754,0.7827830916383832,0.7186854460093897,0.37540453074433655,0.6654088050314465,0.33532934131736525,0.8560283687943262,0.31030228254164094,0.5949547834364588,0.6205357142857143,0.6501809408926418,0.6787709497206704,0.5114155251141552,0.2283464566929134,0.3593663146192329,0.475014582928252,0.549719416386083,0.7590455701153921,0.5580110497237569,0.6747845635069314,0.7113270263359754,0.7827830916383832,0.7186854460093897,0.37540453074433655,0.6654088050314465,0.33532934131736525,0.8560283687943262,0.31030228254164094,0.5949547834364588,0.6205357142857143,0.6501809408926418,0.6787709497206704,0.5114155251141552,0.2283464566929134,0.3593663146192329,0.475014582928252,0.549719416386083,0.7590455701153921,0.5580110497237569,0.6747845635069314
143,0.5978,0.6954743032472513,0.7787719839555692,0.7049765258215962,0.3592233009708738,0.6440251572327044,0.32934131736526945,0.8609929078014185,0.3312769895126465,0.6392194193241314,0.6026785714285714,0.626357056694813,0.6508379888268156,0.4895991882293252,0.23622047244094488,0.3237909949972207,0.5018471709119191,0.5966329966329966,0.7823195775474281,0.6022099447513812,0.6907081303859123,0.6954743032472513,0.7787719839555692,0.7049765258215962,0.3592233009708738,0.6440251572327044,0.32934131736526945,0.8609929078014185,0.3312769895126465,0.6392194193241314,0.6026785714285714,0.626357056694813,0.6508379888268156,0.4895991882293252,0.23622047244094488,0.3237909949972207,0.5018471709119191,0.5966329966329966,0.7823195775474281,0.6022099447513812,0.6907081303859123
144,0.6066,0.7108156481718231,0.7664301141622956,0.7224413145539906,0.39158576051779936,0.6660377358490566,0.33682634730538924,0.8588652482269503,0.3349784083898828,0.5935268919562113,0.6473214285714286,0.6426417370325693,0.6620111731843575,0.4835109081684424,0.25196850393700787,0.3479710950528071,0.4847365350962473,0.6150392817059483,0.7615881087424213,0.6132596685082873,0.660359685275384,0.7108156481718231,0.7664301141622956,0.7224413145539906,0.39158576051779936,0.6660377358490566,0.33682634730538924,0.8588652482269503,0.3349784083898828,0.5935268919562113,0.6473214285714286,0.6426417370325693,0.6620111731843575,0.4835109081684424,0.25196850393700787,0.3479710950528071,0.4847365350962473,0.6150392817059483,0.7615881087424213,0.6132596685082873,0.660359685275384
145,0.5905,0.6581436972641268,0.7809318111693921,0.7094835680751174,0.39158576051779936,0.6616352201257861,0.3413173652694611,0.8609929078014185,0.3528685996298581,0.6868158019990481,0.6294642857142857,0.6124849215922799,0.6061452513966481,0.4895991882293252,0.2440944881889764,0.3699277376320178,0.4757923391016916,0.5916947250280583,0.8306278114609819,0.6022099447513812,0.6759085799925065,0.6581436972641268,0.7809318111693921,0.7094835680751174,0.39158576051779936,0.6616352201257861,0.3413173652694611,0.8609929078014185,0.3528685996298581,0.6868158019990481,0.6294642857142857,0.6124849215922799,0.6061452513966481,0.4895991882293252,0.2440944881889764,0.3699277376320178,0.4757923391016916,0.5916947250280583,0.8306278114609819,0.6022099447513812,0.6759085799925065
146,0.6015,0.6888263871132703,0.7506942301758717,0.7126760563380282,0.36893203883495146,0.6515723270440251,0.3323353293413174,0.8695035460992908,0.33991363355953114,0.6111375535459305,0.6116071428571429,0.6251507840772015,0.659217877094972,0.487062404870624,0.2283464566929134,0.3593663146192329,0.4691814116274548,0.6134680134680135,0.781146098181107,0.5966850828729282,0.6594230048707381,0.6888263871132703,0.7506942301758717,0.7126760563380282,0.36893203883495146,0.6515723270440251,0.3323353293413174,0.8695035460992908,0.33991363355953114,0.6111375535459305,0.6116071428571429,0.6251507840772015,0.659217877094972,0.487062404870624,0.2283464566929134,0.3593663146192329,0.4691814116274548,0.6134680134680135,0.781146098181107,0.5966850828729282,0.6594230048707381
147,0.5911,0.6630017898235745,0.7624190064794817,0.7220657276995305,0.4077669902912621,0.6622641509433962,0.3413173652694611,0.8617021276595744,0.3466995681677977,0.6506425511661114,0.6607142857142857,0.6299758745476478,0.6284916201117319,0.5038051750380518,0.25196850393700787,0.36353529738743745,0.4765700952751312,0.5840628507295174,0.8104830823391356,0.5911602209944752,0.6654177594604721,0.6630017898235745,0.7624190064794817,0.7220657276995305,0.4077669902912621,0.6622641509433962,0.3413173652694611,0.8617021276595744,0.3466995681677977,0.6506425511661114,0.6607142857142857,0.6299758745476478,0.6284916201117319,0.5038051750380518,0.25196850393700787,0.36353529738743745,0.4765700952751312,0.5840628507295174,0.8104830823391356,0.5911602209944752,0.6654177594604721
148,0.6055,0.7228330350294042,0.7790805307004011,0.7015962441314554,0.3592233009708738,0.6471698113207547,0.3413173652694611,0.8588652482269503,0.337446020974707,0.5830556877677296,0.6607142857142857,0.6338962605548853,0.6871508379888268,0.47995941146626075,0.23622047244094488,0.3371317398554753,0.4960139996111219,0.6163860830527497,0.7572853510659104,0.6298342541436464,0.6571749718995878,0.7228330350294042,0.7790805307004011,0.7015962441314554,0.3592233009708738,0.6471698113207547,0.3413173652694611,0.8588652482269503,0.337446020974707,0.5830556877677296,0.6607142857142857,0.6338962605548853,0.6871508379888268,0.47995941146626075,0.23622047244094488,0.3371317398554753,0.4960139996111219,0.6163860830527497,0.7572853510659104,0.6298342541436464,0.6571749718995878
149,0.5932,0.6847353618000511,0.7642702869484727,0.6916431924882629,0.3818770226537217,0.6490566037735849,0.3413173652694611,0.8716312056737588,0.34855027760641577,0.6316039980961446,0.6339285714285714,0.626357056694813,0.6452513966480447,0.4987316083206494,0.2204724409448819,0.3532518065591996,0.4736535096247326,0.5789001122334456,0.8063759045570116,0.574585635359116,0.6657924316223305,0.6847353618000511,0.7642702869484727,0.6916431924882629,0.3818770226537217,0.6490566037735849,0.3413173652694611,0.8716312056737588,0.34855027760641577,0.6316039980961446,0.6339285714285714,0.626357056694813,0.6452513966480447,0.4987316083206494,0.2204724409448819,0.3532518065591996,0.4736535096247326,0.5789001122334456,0.8063759045570116,0.574585635359116,0.6657924316223305
150,0.5873,0.6921503451802608,0.7716754088244369,0.7156807511737089,0.34951456310679613,0.6540880503144654,0.3338323353293413,0.8673758865248227,0.3676742751388032,0.6263683960019039,0.65625,0.6296743063932448,0.6396648044692738,0.5083713850837138,0.2204724409448819,0.31739855475264034,0.5028193661287187,0.5674523007856341,0.7915118325836104,0.569060773480663,0.6631697264893218,0.6921503451802608,0.7716754088244369,0.7156807511737089,0.34951456310679613,0.6540880503144654,0.3338323353293413,0.8673758865248227,0.3676742751388032,0.6263683960019039,0.65625,0.6296743063932448,0.6396648044692738,0.5083713850837138,0.2204724409448819,0.31739855475264034,0.5028193661287187,0.5674523007856341,0.7915118325836104,0.569060773480663,0.6631697264893218
151,0.5888,0.6653029915622602,0.7611848195001543,0.695962441314554,0.39805825242718446,0.6484276729559748,0.3278443113772455,0.8794326241134752,0.36027143738433065,0.6763445978105664,0.6205357142857143,0.6158021712907117,0.6396648044692738,0.4855403348554033,0.23622047244094488,0.3560311284046693,0.4818199494458487,0.5925925925925926,0.8161548992763544,0.6022099447513812,0.6734732109404271,0.6653029915622602,0.7611848195001543,0.695962441314554,0.39805825242718446,0.6484276729559748,0.3278443113772455,0.8794326241134752,0.36027143738433065,0.6763445978105664,0.6205357142857143,0.6158021712907117,0.6396648044692738,0.4855403348554033,0.23622047244094488,0.3560311284046693,0.4818199494458487,0.5925925925925926,0.8161548992763544,0.6022099447513812,0.6734732109404271
152,0.6004,0.6975198159038609,0.7769207034865783,0.7173708920187793,0.3851132686084142,0.6616352201257861,0.33083832335329344,0.8659574468085106,0.31647131400370143,0.6139933365064255,0.6428571428571429,0.6417370325693607,0.6508379888268156,0.5032978183663115,0.2440944881889764,0.3451917732073374,0.5069025860392767,0.5744107744107744,0.7723450029336985,0.5966850828729282,0.6682278006744099,0.6975198159038609,0.7769207034865783,0.7173708920187793,0.3851132686084142,0.6616352201257861,0.33083832335329344,0.8659574468085106,0.31647131400370143,0.6139933365064255,0.6428571428571429,0.6417370325693607,0.6508379888268156,0.5032978183663115,0.2440944881889764,0.3451917732073374,0.5069025860392767,0.5744107744107744,0.7723450029336985,0.5966850828729282,0.6682278006744099
153,0.596,0.6768090002556891,0.781240357914224,0.7126760563380282,0.39158576051779936,0.6672955974842767,0.3413173652694611,0.8645390070921986,0.32757557063541026,0.6544502617801047,0.6339285714285714,0.6305790108564535,0.611731843575419,0.49670218163368846,0.2440944881889764,0.3376876042245692,0.48434765700952753,0.6069584736251403,0.8093096029728144,0.6132596685082873,0.6849007118771075,0.6768090002556891,0.781240357914224,0.7126760563380282,0.39158576051779936,0.6672955974842767,0.3413173652694611,0.8645390070921986,0.32757557063541026,0.6544502617801047,0.6339285714285714,0.6305790108564535,0.611731843575419,0.49670218163368846,0.2440944881889764,0.3376876042245692,0.48434765700952753,0.6069584736251403,0.8093096029728144,0.6132596685082873,0.6849007118771075
154,0.6086,0.715929429813347,0.7818574514038877,0.7245070422535211,0.3851132686084142,0.6559748427672956,0.3188622754491018,0.8617021276595744,0.31153608883405304,0.5835316515944788,0.6339285714285714,0.6489746682750301,0.6759776536312849,0.5068493150684932,0.2440944881889764,0.3576987215119511,0.4927085358740035,0.5564534231200898,0.751026794445531,0.5469613259668509,0.6820906706631698,0.715929429813347,0.7818574514038877,0.7245070422535211,0.3851132686084142,0.6559748427672956,0.3188622754491018,0.8617021276595744,0.31153608883405304,0.5835316515944788,0.6339285714285714,0.6489746682750301,0.6759776536312849,0.5068493150684932,0.2440944881889764,0.3576987215119511,0.4927085358740035,0.5564534231200898,0.751026794445531,0.5469613259668509,0.6820906706631698
155,0.5916,0.6553311173612887,0.7630360999691453,0.7260093896713615,0.33980582524271846,0.6547169811320754,0.33682634730538924,0.8716312056737588,0.3775447254780999,0.6825321275583056,0.6428571428571429,0.6167068757539204,0.611731843575419,0.4972095383054287,0.23622047244094488,0.30739299610894943,0.47345907058137277,0.603591470258137,0.8192841775865441,0.6132596685082873,0.7216185837392282,0.6553311173612887,0.7630360999691453,0.7260093896713615,0.33980582524271846,0.6547169811320754,0.33682634730538924,0.8716312056737588,0.3775447254780999,0.6825321275583056,0.6428571428571429,0.6167068757539204,0.611731843575419,0.4972095383054287,0.23622047244094488,0.30739299610894943,0.47345907058137277,0.603591470258137,0.8192841775865441,0.6132596685082873,0.7216185837392282
156,0.6084,0.7407312707747379,0.8043813637766122,0.7015962441314554,0.37216828478964403,0.6213836477987421,0.32335329341317365,0.875886524822695,0.2998149290561382,0.5773441218467397,0.5982142857142857,0.6133896260554885,0.6899441340782123,0.4911212582445459,0.23622047244094488,0.348804891606448,0.5321796616760646,0.6042648709315376,0.7514179542343047,0.5911602209944752,0.6461221431247658,0.7407312707747379,0.8043813637766122,0.7015962441314554,0.37216828478964403,0.6213836477987421,0.32335329341317365,0.875886524822695,0.2998149290561382,0.5773441218467397,0.5982142857142857,0.6133896260554885,0.6899441340782123,0.4911212582445459,0.23622047244094488,0.348804891606448,0.5321796616760646,0.6042648709315376,0.7514179542343047,0.5911602209944752,0.6461221431247658
157,0.593,0.6573766300178983,0.7448318420240666,0.7153051643192488,0.3786407766990291,0.6547169811320754,0.34281437125748504,0.8624113475177305,0.3392967304133251,0.6615897191813422,0.6383928571428571,0.6299758745476478,0.6201117318435754,0.526128868594622,0.25196850393700787,0.3521400778210117,0.47112580206105387,0.5631874298540965,0.8085272833952669,0.5469613259668509,0.6910828025477707,0.6573766300178983,0.7448318420240666,0.7153051643192488,0.3786407766990291,0.6547169811320754,0.34281437125748504,0.8624113475177305,0.3392967304133251,0.6615897191813422,0.6383928571428571,0.6299758745476478,0.6201117318435754,0.526128868594622,0.25196850393700787,0.3521400778210117,0.47112580206105387,0.5631874298540965,0.8085272833952669,0.5469613259668509,0.6910828025477707
158,0.6063,0.7064689337765278,0.7605677260104906,0.6927699530516432,0.3818770226537217,0.6534591194968553,0.3248502994011976,0.8687943262411347,0.34114743985194323,0.5987624940504521,0.6383928571428571,0.6396260554885405,0.6564245810055865,0.5002536783358701,0.25984251968503935,0.33518621456364645,0.49387517013416293,0.5961840628507296,0.7692157246235087,0.569060773480663,0.6837766953915324,0.7064689337765278,0.7605677260104906,0.6927699530516432,0.3818770226537217,0.6534591194968553,0.3248502994011976,0.8687943262411347,0.34114743985194323,0.5987624940504521,0.6383928571428571,0.6396260554885405,0.6564245810055865,0.5002536783358701,0.25984251968503935,0.33518621456364645,0.49387517013416293,0.5961840628507296,0.7692157246235087,0.569060773480663,0.6837766953915324
159,0.5972,0.6832012273075939,0.7614933662449861,0.6858215962441314,0.39805825242718446,0.6666666666666666,0.3383233532934132,0.8666666666666667,0.3454657618753856,0.6449309852451214,0.6607142857142857,0.643546441495778,0.6396648044692738,0.49822425164890916,0.23622047244094488,0.35992217898832685,0.4818199494458487,0.5847362514029181,0.7932720516330921,0.569060773480663,0.6863994005245411,0.6832012273075939,0.7614933662449861,0.6858215962441314,0.39805825242718446,0.6666666666666666,0.3383233532934132,0.8666666666666667,0.3454657618753856,0.6449309852451214,0.6607142857142857,0.643546441495778,0.6396648044692738,0.49822425164890916,0.23622047244094488,0.35992217898832685,0.4818199494458487,0.5847362514029181,0.7932720516330921,0.569060773480663,0.6863994005245411
160,0.5973,0.6913832779340322,0.7843258253625425,0.707981220657277,0.3656957928802589,0.6584905660377358,0.32934131736526945,0.8645390070921986,0.3553362122146823,0.6415992384578773,0.6339285714285714,0.6302774427020507,0.6145251396648045,0.4972095383054287,0.23622047244094488,0.3451917732073374,0.48065331518568927,0.5964085297418631,0.8036377860355955,0.585635359116022,0.6742225552641439,0.6913832779340322,0.7843258253625425,0.707981220657277,0.3656957928802589,0.6584905660377358,0.32934131736526945,0.8645390070921986,0.3553362122146823,0.6415992384578773,0.6339285714285714,0.6302774427020507,0.6145251396648045,0.4972095383054287,0.23622047244094488,0.3451917732073374,0.48065331518568927,0.5964085297418631,0.8036377860355955,0.585635359116022,0.6742225552641439
161,0.5968,0.6826898491434416,0.7698241283554459,0.7246948356807512,0.3656957928802589,0.6333333333333333,0.32934131736526945,0.8716312056737588,0.34855027760641577,0.6558781532603523,0.6116071428571429,0.6142943305186972,0.6536312849162011,0.47387113140537795,0.25196850393700787,0.35158421345191776,0.49640287769784175,0.6094276094276094,0.8128300410717778,0.6187845303867403,0.6890221056575496,0.6826898491434416,0.7698241283554459,0.7246948356807512,0.3656957928802589,0.6333333333333333,0.32934131736526945,0.8716312056737588,0.34855027760641577,0.6558781532603523,0.6116071428571429,0.6142943305186972,0.6536312849162011,0.47387113140537795,0.25196850393700787,0.35158421345191776,0.49640287769784175,0.6094276094276094,0.8128300410717778,0.6187845303867403,0.6890221056575496
162,0.595,0.694962925083099,0.7565566183276766,0.6963380281690141,0.3948220064724919,0.6691823899371069,0.3413173652694611,0.8638297872340426,0.32387415175817397,0.6120894811994289,0.6383928571428571,0.6556091676718938,0.6396648044692738,0.5393201420598681,0.2677165354330709,0.3702056698165648,0.4785144857087303,0.5510662177328844,0.7803637786035595,0.5469613259668509,0.6849007118771075,0.694962925083099,0.7565566183276766,0.6963380281690141,0.3948220064724919,0.6691823899371069,0.3413173652694611,0.8638297872340426,0.32387415175817397,0.6120894811994289,0.6383928571428571,0.6556091676718938,0.6396648044692738,0.5393201420598681,0.2677165354330709,0.3702056698165648,0.4785144857087303,0.5510662177328844,0.7803637786035595,0.5469613259668509,0.6849007118771075
163,0.5935,0.6757862439273843,0.7627275532243135,0.7273239436619718,0.3333333333333333,0.6528301886792452,0.32934131736526945,0.8780141843971632,0.3596545342381246,0.6520704426463588,0.6383928571428571,0.6191194209891435,0.6256983240223464,0.5012683916793506,0.2677165354330709,0.32684824902723736,0.49251409683064357,0.5930415263748597,0.8100919225503618,0.585635359116022,0.6863994005245411,0.6757862439273843,0.7627275532243135,0.7273239436619718,0.3333333333333333,0.6528301886792452,0.32934131736526945,0.8780141843971632,0.3596545342381246,0.6520704426463588,0.6383928571428571,0.6191194209891435,0.6256983240223464,0.5012683916793506,0.2677165354330709,0.32684824902723736,0.49251409683064357,0.5930415263748597,0.8100919225503618,0.585635359116022,0.6863994005245411
164,0.5843,0.6752748657632319,0.7704412218451095,0.7066666666666667,0.37216828478964403,0.650314465408805,0.3323353293413174,0.8773049645390071,0.3584207279457125,0.6620656830080914,0.6383928571428571,0.6269601930036188,0.6452513966480447,0.5454084221207509,0.2755905511811024,0.36075597554196775,0.48590316935640676,0.5142536475869809,0.809896342655975,0.5303867403314917,0.6892094417384789,0.6752748657632319,0.7704412218451095,0.7066666666666667,0.37216828478964403,0.650314465408805,0.3323353293413174,0.8773049645390071,0.3584207279457125,0.6620656830080914,0.6383928571428571,0.6269601930036188,0.6452513966480447,0.5454084221207509,0.2755905511811024,0.36075597554196775,0.48590316935640676,0.5142536475869809,0.809896342655975,0.5303867403314917,0.6892094417384789
165,0.6009,0.7051904883661467,0.7695155816106141,0.7123004694835681,0.37216828478964403,0.6591194968553459,0.3263473053892216,0.8595744680851064,0.3232572486119679,0.6082817705854355,0.6517857142857143,0.6314837153196623,0.6508379888268156,0.4779299847792998,0.25984251968503935,0.37493051695386326,0.508263659342796,0.604040404040404,0.7791902992372384,0.6132596685082873,0.6837766953915324,0.7051904883661467,0.7695155816106141,0.7123004694835681,0.37216828478964403,0.6591194968553459,0.3263473053892216,0.8595744680851064,0.3232572486119679,0.6082817705854355,0.6517857142857143,0.6314837153196623,0.6508379888268156,0.4779299847792998,0.25984251968503935,0.37493051695386326,0.508263659342796,0.604040404040404,0.7791902992372384,0.6132596685082873,0.6837766953915324
166,0.5974,0.6885706980311941,0.7722925023141006,0.7029107981220657,0.4077669902912621,0.6641509433962264,0.3398203592814371,0.8687943262411347,0.33682911782850095,0.6316039980961446,0.65625,0.6387213510253317,0.6340782122905028,0.4946727549467275,0.25196850393700787,0.3707615341856587,0.4954306824810422,0.5898989898989899,0.7899471934285156,0.5966850828729282,0.6862120644436118,0.6885706980311941,0.7722925023141006,0.7029107981220657,0.4077669902912621,0.6641509433962264,0.3398203592814371,0.8687943262411347,0.33682911782850095,0.6316039980961446,0.65625,0.6387213510253317,0.6340782122905028,0.4946727549467275,0.25196850393700787,0.3707615341856587,0.4954306824810422,0.5898989898989899,0.7899471934285156,0.5966850828729282,0.6862120644436118
167,0.5914,0.6908718997698798,0.7744523295279235,0.7126760563380282,0.34627831715210355,0.6459119496855346,0.32934131736526945,0.8716312056737588,0.33867982726711904,0.6349357448833889,0.625,0.6311821471652593,0.6452513966480447,0.5246067985794013,0.2440944881889764,0.3460255697609783,0.49173634065720395,0.5566778900112234,0.7887737140621944,0.5580110497237569,0.6841513675533908,0.6908718997698798,0.7744523295279235,0.7126760563380282,0.34627831715210355,0.6459119496855346,0.32934131736526945,0.8716312056737588,0.33867982726711904,0.6349357448833889,0.625,0.6311821471652593,0.6452513966480447,0.5246067985794013,0.2440944881889764,0.3460255697609783,0.49173634065720395,0.5566778900112234,0.7887737140621944,0.5580110497237569,0.6841513675533908
168,0.5874,0.6875479417028892,0.7827830916383832,0.7012206572769953,0.37540453074433655,0.6452830188679245,0.3158682634730539,0.8560283687943262,0.36829117828500924,0.6620656830080914,0.6696428571428571,0.6188178528347407,0.6368715083798883,0.4992389649923896,0.2440944881889764,0.34185658699277377,0.5053470736923974,0.5869809203142536,0.8108742421279093,0.585635359116022,0.6989509179467965,0.6875479417028892,0.7827830916383832,0.7012206572769953,0.37540453074433655,0.6452830188679245,0.3158682634730539,0.8560283687943262,0.36829117828500924,0.6620656830080914,0.6696428571428571,0.6188178528347407,0.6368715083798883,0.4992389649923896,0.2440944881889764,0.34185658699277377,0.5053470736923974,0.5869809203142536,0.8108742421279093,0.585635359116022,0.6989509179467965
169,0.5884,0.6990539503963181,0.7642702869484727,0.6899530516431925,0.37540453074433655,0.6433962264150943,0.3323353293413174,0.8687943262411347,0.36150524367674275,0.6277962874821513,0.6428571428571429,0.6369119420989143,0.6703910614525139,0.5362760020294267,0.25196850393700787,0.33824346859366317,0.506319268909197,0.5391694725028059,0.7758654410326619,0.5248618784530387,0.6798426376920195,0.6990539503963181,0.7642702869484727,0.6899530516431925,0.37540453074433655,0.6433962264150943,0.3323353293413174,0.8687943262411347,0.36150524367674275,0.6277962874821513,0.6428571428571429,0.6369119420989143,0.6703910614525139,0.5362760020294267,0.25196850393700787,0.33824346859366317,0.506319268909197,0.5391694725028059,0.7758654410326619,0.5248618784530387,0.6798426376920195
170,0.5853,0.6604448990028126,0.7627275532243135,0.6991549295774648,0.4045307443365696,0.6452830188679245,0.33532934131736525,0.8609929078014185,0.3726095003084516,0.6796763445978106,0.625,0.6191194209891435,0.61731843575419,0.502283105022831,0.2677165354330709,0.36770428015564205,0.4837643398794478,0.5957351290684624,0.8318012908273029,0.5966850828729282,0.697452229299363,0.6604448990028126,0.7627275532243135,0.6991549295774648,0.4045307443365696,0.6452830188679245,0.33532934131736525,0.8609929078014185,0.3726095003084516,0.6796763445978106,0.625,0.6191194209891435,0.61731843575419,0.502283105022831,0.2677165354330709,0.36770428015564205,0.4837643398794478,0.5957351290684624,0.8318012908273029,0.5966850828729282,0.697452229299363
171,0.6069,0.7195090769624137,0.7766121567417463,0.7173708920187793,0.3948220064724919,0.6509433962264151,0.32934131736526945,0.8716312056737588,0.3090684762492289,0.589719181342218,0.6473214285714286,0.6459589867310012,0.6983240223463687,0.5083713850837138,0.25196850393700787,0.3715953307392996,0.49620843865448183,0.5708193041526375,0.7566986113827499,0.585635359116022,0.6650430872986137,0.7195090769624137,0.7766121567417463,0.7173708920187793,0.3948220064724919,0.6509433962264151,0.32934131736526945,0.8716312056737588,0.3090684762492289,0.589719181342218,0.6473214285714286,0.6459589867310012,0.6983240223463687,0.5083713850837138,0.25196850393700787,0.3715953307392996,0.49620843865448183,0.5708193041526375,0.7566986113827499,0.585635359116022,0.6650430872986137
172,0.5892,0.7118384045001278,0.7732181425485961,0.6908920187793427,0.37540453074433655,0.6515723270440251,0.3323353293413174,0.85177304964539,0.34608266502159163,0.6020942408376964,0.6473214285714286,0.6402291917973462,0.664804469273743,0.5296803652968036,0.25196850393700787,0.34102279043913286,0.5037915613455182,0.5391694725028059,0.7621748484255818,0.580110497237569,0.6631697264893218,0.7118384045001278,0.7732181425485961,0.6908920187793427,0.37540453074433655,0.6515723270440251,0.3323353293413174,0.85177304964539,0.34608266502159163,0.6020942408376964,0.6473214285714286,0.6402291917973462,0.664804469273743,0.5296803652968036,0.25196850393700787,0.34102279043913286,0.5037915613455182,0.5391694725028059,0.7621748484255818,0.580110497237569,0.6631697264893218
173,0.5935,0.6809000255689082,0.7587164455414995,0.7077934272300469,0.39805825242718446,0.6452830188679245,0.32934131736526945,0.874468085106383,0.3417643429981493,0.6368396001903855,0.6116071428571429,0.6215319662243667,0.659217877094972,0.5073566717402334,0.29133858267716534,0.36436909394107836,0.48570873031304684,0.5831649831649832,0.7919029923723842,0.6132596685082873,0.6942675159235668,0.6809000255689082,0.7587164455414995,0.7077934272300469,0.39805825242718446,0.6452830188679245,0.32934131736526945,0.874468085106383,0.3417643429981493,0.6368396001903855,0.6116071428571429,0.6215319662243667,0.659217877094972,0.5073566717402334,0.29133858267716534,0.36436909394107836,0.48570873031304684,0.5831649831649832,0.7919029923723842,0.6132596685082873,0.6942675159235668
174,0.5982,0.6855024290462797,0.7639617402036408,0.692018779342723,0.41423948220064727,0.6591194968553459,0.33083832335329344,0.8631205673758865,0.34114743985194323,0.6406473108043789,0.6428571428571429,0.6305790108564535,0.6508379888268156,0.48452562151192285,0.2992125984251969,0.3690939410783769,0.4952362434376823,0.6258136924803591,0.7950322706825739,0.6298342541436464,0.6740352191832147,0.6855024290462797,0.7639617402036408,0.692018779342723,0.41423948220064727,0.6591194968553459,0.33083832335329344,0.8631205673758865,0.34114743985194323,0.6406473108043789,0.6428571428571429,0.6305790108564535,0.6508379888268156,0.48452562151192285,0.2992125984251969,0.3690939410783769,0.4952362434376823,0.6258136924803591,0.7950322706825739,0.6298342541436464,0.6740352191832147
175,0.5877,0.7000767067246229,0.783091638383215,0.724131455399061,0.35275080906148865,0.6490566037735849,0.32934131736526945,0.8624113475177305,0.3405305367057372,0.6244645406949072,0.6651785714285714,0.6474668275030157,0.6368715083798883,0.528158295281583,0.2440944881889764,0.311561978877154,0.5024304880419989,0.5342312008978676,0.7842753764912967,0.574585635359116,0.6826526789059573,0.7000767067246229,0.783091638383215,0.724131455399061,0.35275080906148865,0.6490566037735849,0.32934131736526945,0.8624113475177305,0.3405305367057372,0.6244645406949072,0.6651785714285714,0.6474668275030157,0.6368715083798883,0.528158295281583,0.2440944881889764,0.311561978877154,0.5024304880419989,0.5342312008978676,0.7842753764912967,0.574585635359116,0.6826526789059573
176,0.5874,0.6711838404500128,0.7488429497068806,0.7106103286384976,0.40129449838187703,0.6383647798742138,0.3413173652694611,0.8808510638297873,0.3633559531153609,0.6511185149928606,0.6473214285714286,0.6139927623642943,0.6536312849162011,0.5012683916793506,0.25196850393700787,0.3507504168982768,0.48570873031304684,0.5732884399551066,0.8171327987482887,0.5966850828729282,0.675346571749719,0.6711838404500128,0.7488429497068806,0.7106103286384976,0.40129449838187703,0.6383647798742138,0.3413173652694611,0.8808510638297873,0.3633559531153609,0.6511185149928606,0.6473214285714286,0.6139927623642943,0.6536312849162011,0.5012683916793506,0.25196850393700787,0.3507504168982768,0.48570873031304684,0.5732884399551066,0.8171327987482887,0.5966850828729282,0.675346571749719
177,0.597,0.7046791102019944,0.7772292502314101,0.6987793427230047,0.39805825242718446,0.6496855345911949,0.34281437125748504,0.8524822695035461,0.33066008636644045,0.6225606853879105,0.6294642857142857,0.6344993968636912,0.6564245810055865,0.4840182648401826,0.29133858267716534,0.3538076709282935,0.5028193661287187,0.6177328843995511,0.7922941521611578,0.6243093922651933,0.6920194829524167,0.7046791102019944,0.7772292502314101,0.6987793427230047,0.39805825242718446,0.6496855345911949,0.34281437125748504,0.8524822695035461,0.33066008636644045,0.6225606853879105,0.6294642857142857,0.6344993968636912,0.6564245810055865,0.4840182648401826,0.29133858267716534,0.3538076709282935,0.5028193661287187,0.6177328843995511,0.7922941521611578,0.6243093922651933,0.6920194829524167
178,0.5884,0.6934287905906418,0.7726010490589325,0.7030985915492958,0.4110032362459547,0.6522012578616352,0.3413173652694611,0.875177304964539,0.3633559531153609,0.638267491670633,0.6517857142857143,0.6329915560916767,0.6508379888268156,0.5276509386098427,0.25196850393700787,0.3707615341856587,0.4921252187439238,0.5501683501683502,0.7944455309994133,0.5911602209944752,0.6779692768827276,0.6934287905906418,0.7726010490589325,0.7030985915492958,0.4110032362459547,0.6522012578616352,0.3413173652694611,0.875177304964539,0.3633559531153609,0.638267491670633,0.6517857142857143,0.6329915560916767,0.6508379888268156,0.5276509386098427,0.25196850393700787,0.3707615341856587,0.4921252187439238,0.5501683501683502,0.7944455309994133,0.5911602209944752,0.6779692768827276
179,0.594,0.6998210176425467,0.7658130206726319,0.7164319248826291,0.3559870550161812,0.6364779874213836,0.33532934131736525,0.8687943262411347,0.3429981492905614,0.6235126130414088,0.6160714285714286,0.6212303980699638,0.659217877094972,0.4895991882293252,0.28346456692913385,0.32073374096720403,0.5090414155162356,0.6199775533108867,0.7899471934285156,0.6243093922651933,0.6835893593106033,0.6998210176425467,0.7658130206726319,0.7164319248826291,0.3559870550161812,0.6364779874213836,0.33532934131736525,0.8687943262411347,0.3429981492905614,0.6235126130414088,0.6160714285714286,0.6212303980699638,0.659217877094972,0.4895991882293252,0.28346456692913385,0.32073374096720403,0.5090414155162356,0.6199775533108867,0.7899471934285156,0.6243093922651933,0.6835893593106033
180,0.5935,0.7197647660444899,0.7735266892934279,0.704225352112676,0.3786407766990291,0.6622641509433962,0.3263473053892216,0.8595744680851064,0.32264034546576187,0.592574964302713,0.6428571428571429,0.6510856453558505,0.6759776536312849,0.5205479452054794,0.28346456692913385,0.38243468593663144,0.5053470736923974,0.5530864197530864,0.7629571680031293,0.5248618784530387,0.6665417759460472,0.7197647660444899,0.7735266892934279,0.704225352112676,0.3786407766990291,0.6622641509433962,0.3263473053892216,0.8595744680851064,0.32264034546576187,0.592574964302713,0.6428571428571429,0.6510856453558505,0.6759776536312849,0.5205479452054794,0.28346456692913385,0.38243468593663144,0.5053470736923974,0.5530864197530864,0.7629571680031293,0.5248618784530387,0.6665417759460472
181,0.5947,0.7005880848887752,0.7763036099969145,0.7100469483568075,0.34951456310679613,0.6572327044025157,0.3278443113772455,0.8709219858156029,0.34978408389882787,0.6454069490718706,0.6428571428571429,0.6357056694813028,0.6564245810055865,0.48604769152714355,0.28346456692913385,0.3257365202890495,0.5135135135135135,0.6056116722783389,0.7954234304713476,0.56353591160221,0.6805919820157362,0.7005880848887752,0.7763036099969145,0.7100469483568075,0.34951456310679613,0.6572327044025157,0.3278443113772455,0.8709219858156029,0.34978408389882787,0.6454069490718706,0.6428571428571429,0.6357056694813028,0.6564245810055865,0.48604769152714355,0.28346456692913385,0.3257365202890495,0.5135135135135135,0.6056116722783389,0.7954234304713476,0.56353591160221,0.6805919820157362
182,0.5834,0.693684479672718,0.7722925023141006,0.7072300469483568,0.39158576051779936,0.6352201257861635,0.32934131736526945,0.8602836879432624,0.3405305367057372,0.6301761066158972,0.6383928571428571,0.629372738238842,0.6424581005586593,0.5474378488077118,0.2992125984251969,0.368260144524736,0.5117635621232743,0.5447811447811448,0.794836690788187,0.5414364640883977,0.6708505058074186,0.693684479672718,0.7722925023141006,0.7072300469483568,0.39158576051779936,0.6352201257861635,0.32934131736526945,0.8602836879432624,0.3405305367057372,0.6301761066158972,0.6383928571428571,0.629372738238842,0.6424581005586593,0.5474378488077118,0.2992125984251969,0.368260144524736,0.5117635621232743,0.5447811447811448,0.794836690788187,0.5414364640883977,0.6708505058074186
183,0.6021,0.7212989005369471,0.7858685590867016,0.708169014084507,0.3786407766990291,0.6484276729559748,0.3248502994011976,0.8631205673758865,0.3257248611967921,0.595430747263208,0.6651785714285714,0.643546441495778,0.6620111731843575,0.4855403348554033,0.28346456692913385,0.3426903835464147,0.5175967334240715,0.6184062850729517,0.7658908664189321,0.6022099447513812,0.6586736605470214,0.7212989005369471,0.7858685590867016,0.708169014084507,0.3786407766990291,0.6484276729559748,0.3248502994011976,0.8631205673758865,0.3257248611967921,0.595430747263208,0.6651785714285714,0.643546441495778,0.6620111731843575,0.4855403348554033,0.28346456692913385,0.3426903835464147,0.5175967334240715,0.6184062850729517,0.7658908664189321,0.6022099447513812,0.6586736605470214
184,0.5927,0.6589107645103555,0.7392780006170935,0.7134272300469483,0.3786407766990291,0.6654088050314465,0.3383233532934132,0.8652482269503546,0.3633559531153609,0.666825321275583,0.6741071428571429,0.6366103739445115,0.6368715083798883,0.5007610350076104,0.2677165354330709,0.3610339077265147,0.4847365350962473,0.604040404040404,0.8095051828672013,0.6077348066298343,0.7146871487448483,0.6589107645103555,0.7392780006170935,0.7134272300469483,0.3786407766990291,0.6654088050314465,0.3383233532934132,0.8652482269503546,0.3633559531153609,0.666825321275583,0.6741071428571429,0.6366103739445115,0.6368715083798883,0.5007610350076104,0.2677165354330709,0.3610339077265147,0.4847365350962473,0.604040404040404,0.8095051828672013,0.6077348066298343,0.7146871487448483
185,0.5947,0.7179749424699565,0.7821659981487196,0.6907042253521126,0.40129449838187703,0.6641509433962264,0.33682634730538924,0.8730496453900709,0.310919185687847,0.6054259876249405,0.6651785714285714,0.6634499396863691,0.6899441340782123,0.5362760020294267,0.2755905511811024,0.3657587548638132,0.5179856115107914,0.5270482603815937,0.7623704283199687,0.5082872928176796,0.6835893593106033,0.7179749424699565,0.7821659981487196,0.6907042253521126,0.40129449838187703,0.6641509433962264,0.33682634730538924,0.8730496453900709,0.310919185687847,0.6054259876249405,0.6651785714285714,0.6634499396863691,0.6899441340782123,0.5362760020294267,0.2755905511811024,0.3657587548638132,0.5179856115107914,0.5270482603815937,0.7623704283199687,0.5082872928176796,0.6835893593106033
186,0.5827,0.6885706980311941,0.7803147176797285,0.6978403755868544,0.37540453074433655,0.6465408805031446,0.31736526946107785,0.8843971631205674,0.3479333744602097,0.6539742979533556,0.6651785714285714,0.6296743063932448,0.6731843575418994,0.5190258751902588,0.2677165354330709,0.35241801000555867,0.5234299047248687,0.5604938271604938,0.8128300410717778,0.5469613259668509,0.6676657924316224,0.6885706980311941,0.7803147176797285,0.6978403755868544,0.37540453074433655,0.6465408805031446,0.31736526946107785,0.8843971631205674,0.3479333744602097,0.6539742979533556,0.6651785714285714,0.6296743063932448,0.6731843575418994,0.5190258751902588,0.2677165354330709,0.35241801000555867,0.5234299047248687,0.5604938271604938,0.8128300410717778,0.5469613259668509,0.6676657924316224
187,0.5903,0.6755305548453081,0.7685899413761185,0.7087323943661972,0.37540453074433655,0.6471698113207547,0.33532934131736525,0.8673758865248227,0.3621221468229488,0.6630176106615897,0.6785714285714286,0.6245476477683957,0.6508379888268156,0.4987316083206494,0.2440944881889764,0.3532518065591996,0.4956251215244021,0.5957351290684624,0.8173283786426755,0.585635359116022,0.7004496065942301,0.6755305548453081,0.7685899413761185,0.7087323943661972,0.37540453074433655,0.6471698113207547,0.33532934131736525,0.8673758865248227,0.3621221468229488,0.6630176106615897,0.6785714285714286,0.6245476477683957,0.6508379888268156,0.4987316083206494,0.2440944881889764,0.3532518065591996,0.4956251215244021,0.5957351290684624,0.8173283786426755,0.585635359116022,0.7004496065942301
188,0.5928,0.6957299923293275,0.7704412218451095,0.6950234741784037,0.4045307443365696,0.6490566037735849,0.33083832335329344,0.8602836879432624,0.33559531153608885,0.6344597810566397,0.6517857142857143,0.6417370325693607,0.664804469273743,0.5210553018772197,0.2755905511811024,0.3746525847693163,0.5078747812560762,0.569023569023569,0.7803637786035595,0.5193370165745856,0.6794679655301611,0.6957299923293275,0.7704412218451095,0.6950234741784037,0.4045307443365696,0.6490566037735849,0.33083832335329344,0.8602836879432624,0.33559531153608885,0.6344597810566397,0.6517857142857143,0.6417370325693607,0.664804469273743,0.5210553018772197,0.2755905511811024,0.3746525847693163,0.5078747812560762,0.569023569023569,0.7803637786035595,0.5193370165745856,0.6794679655301611
189,0.5927,0.6837126054717464,0.7556309780931811,0.7220657276995305,0.3656957928802589,0.6547169811320754,0.3338323353293413,0.8645390070921986,0.37692782233189387,0.6415992384578773,0.6651785714285714,0.6444511459589868,0.6620111731843575,0.5185185185185185,0.2755905511811024,0.3068371317398555,0.5002916585650399,0.5773288439955107,0.7926853119499315,0.5580110497237569,0.6907081303859123,0.6837126054717464,0.7556309780931811,0.7220657276995305,0.3656957928802589,0.6547169811320754,0.3338323353293413,0.8645390070921986,0.37692782233189387,0.6415992384578773,0.6651785714285714,0.6444511459589868,0.6620111731843575,0.5185185185185185,0.2755905511811024,0.3068371317398555,0.5002916585650399,0.5773288439955107,0.7926853119499315,0.5580110497237569,0.6907081303859123
190,0.595,0.7010994630529276,0.7750694230175872,0.6978403755868544,0.39158576051779936,0.6522012578616352,0.3383233532934132,0.873758865248227,0.33312769895126465,0.6216087577344122,0.6473214285714286,0.6510856453558505,0.659217877094972,0.5104008117706748,0.28346456692913385,0.35130628126737073,0.5111802449931946,0.592368125701459,0.7733229024056327,0.5414364640883977,0.6775946047208692,0.7010994630529276,0.7750694230175872,0.6978403755868544,0.39158576051779936,0.6522012578616352,0.3383233532934132,0.873758865248227,0.33312769895126465,0.6216087577344122,0.6473214285714286,0.6510856453558505,0.659217877094972,0.5104008117706748,0.28346456692913385,0.35130628126737073,0.5111802449931946,0.592368125701459,0.7733229024056327,0.5414364640883977,0.6775946047208692
191,0.5899,0.6821784709792892,0.7710583153347732,0.7186854460093897,0.3656957928802589,0.6421383647798742,0.3218562874251497,0.8652482269503546,0.3701418877236274,0.6568300809138505,0.6339285714285714,0.6145958986731002,0.6480446927374302,0.4926433282597666,0.2677165354330709,0.33351862145636463,0.5002916585650399,0.6118967452300785,0.8138079405437121,0.6077348066298343,0.6875234170101161,0.6821784709792892,0.7710583153347732,0.7186854460093897,0.3656957928802589,0.6421383647798742,0.3218562874251497,0.8652482269503546,0.3701418877236274,0.6568300809138505,0.6339285714285714,0.6145958986731002,0.6480446927374302,0.4926433282597666,0.2677165354330709,0.33351862145636463,0.5002916585650399,0.6118967452300785,0.8138079405437121,0.6077348066298343,0.6875234170101161
192,0.594,0.713372538992585,0.7806232644245603,0.699906103286385,0.3592233009708738,0.650314465408805,0.32934131736526945,0.8702127659574468,0.35903763109191855,0.6139933365064255,0.6651785714285714,0.6474668275030157,0.6787709497206704,0.5185185185185185,0.2677165354330709,0.29377431906614787,0.5140968306435932,0.6011223344556678,0.7654997066301584,0.585635359116022,0.689396777819408,0.713372538992585,0.7806232644245603,0.699906103286385,0.3592233009708738,0.650314465408805,0.32934131736526945,0.8702127659574468,0.35903763109191855,0.6139933365064255,0.6651785714285714,0.6474668275030157,0.6787709497206704,0.5185185185185185,0.2677165354330709,0.29377431906614787,0.5140968306435932,0.6011223344556678,0.7654997066301584,0.585635359116022,0.689396777819408
193,0.5882,0.6890820761953464,0.7744523295279235,0.6940845070422536,0.42394822006472493,0.6283018867924528,0.33532934131736525,0.875886524822695,0.35780382479950645,0.6373155640171347,0.6205357142857143,0.6257539203860072,0.664804469273743,0.5114155251141552,0.28346456692913385,0.35825458588104503,0.5045693175189578,0.6022446689113355,0.7942499511050264,0.5580110497237569,0.6785312851255152,0.6890820761953464,0.7744523295279235,0.6940845070422536,0.42394822006472493,0.6283018867924528,0.33532934131736525,0.875886524822695,0.35780382479950645,0.6373155640171347,0.6205357142857143,0.6257539203860072,0.664804469273743,0.5114155251141552,0.28346456692913385,0.35825458588104503,0.5045693175189578,0.6022446689113355,0.7942499511050264,0.5580110497237569,0.6785312851255152
194,0.5885,0.7210432114548708,0.7778463437210738,0.7098591549295775,0.39805825242718446,0.6578616352201258,0.33682634730538924,0.8638297872340426,0.3479333744602097,0.6063779152784389,0.6473214285714286,0.6577201447527141,0.7011173184357542,0.5408422120750888,0.28346456692913385,0.3407448582545859,0.5224577095080692,0.5131313131313131,0.7617836886368081,0.5138121546961326,0.6714125140502061,0.7210432114548708,0.7778463437210738,0.7098591549295775,0.39805825242718446,0.6578616352201258,0.33682634730538924,0.8638297872340426,0.3479333744602097,0.6063779152784389,0.6473214285714286,0.6577201447527141,0.7011173184357542,0.5408422120750888,0.28346456692913385,0.3407448582545859,0.5224577095080692,0.5131313131313131,0.7617836886368081,0.5138121546961326,0.6714125140502061
195,0.5923,0.6783431347481462,0.7590249922863314,0.7059154929577465,0.4045307443365696,0.6345911949685534,0.32934131736526945,0.8673758865248227,0.3608883405305367,0.6573060447405997,0.6116071428571429,0.612183353437877,0.664804469273743,0.4733637747336377,0.25984251968503935,0.349082823790995,0.5070970250826365,0.6585858585858586,0.8124388812830041,0.6243093922651933,0.6869614087673286,0.6783431347481462,0.7590249922863314,0.7059154929577465,0.4045307443365696,0.6345911949685534,0.32934131736526945,0.8673758865248227,0.3608883405305367,0.6573060447405997,0.6116071428571429,0.612183353437877,0.664804469273743,0.4733637747336377,0.25984251968503935,0.349082823790995,0.5070970250826365,0.6585858585858586,0.8124388812830041,0.6243093922651933,0.6869614087673286
196,0.5915,0.7192533878803375,0.7763036099969145,0.6905164319248827,0.4110032362459547,0.6289308176100629,0.3383233532934132,0.8588652482269503,0.3429981492905614,0.6144693003331747,0.6294642857142857,0.6462605548854041,0.6675977653631285,0.5296803652968036,0.2440944881889764,0.3435241801000556,0.5018471709119191,0.5423120089786756,0.7719538431449247,0.5414364640883977,0.6835893593106033,0.7192533878803375,0.7763036099969145,0.6905164319248827,0.4110032362459547,0.6289308176100629,0.3383233532934132,0.8588652482269503,0.3429981492905614,0.6144693003331747,0.6294642857142857,0.6462605548854041,0.6675977653631285,0.5296803652968036,0.2440944881889764,0.3435241801000556,0.5018471709119191,0.5423120089786756,0.7719538431449247,0.5414364640883977,0.6835893593106033
197,0.5898,0.6921503451802608,0.7803147176797285,0.7021596244131455,0.3948220064724919,0.6371069182389937,0.3383233532934132,0.8659574468085106,0.3479333744602097,0.6415992384578773,0.6294642857142857,0.629372738238842,0.6620111731843575,0.5093860984271943,0.25984251968503935,0.34574763757643134,0.5123468792533541,0.5811447811447812,0.805789164873851,0.5580110497237569,0.6841513675533908,0.6921503451802608,0.7803147176797285,0.7021596244131455,0.3948220064724919,0.6371069182389937,0.3383233532934132,0.8659574468085106,0.3479333744602097,0.6415992384578773,0.6294642857142857,0.629372738238842,0.6620111731843575,0.5093860984271943,0.25984251968503935,0.34574763757643134,0.5123468792533541,0.5811447811447812,0.805789164873851,0.5580110497237569,0.6841513675533908
198,0.5958,0.6901048325236513,0.7651959271829682,0.7021596244131455,0.40129449838187703,0.6446540880503144,0.3502994011976048,0.8673758865248227,0.3417643429981493,0.6344597810566397,0.6607142857142857,0.6357056694813028,0.6843575418994413,0.49213597158802636,0.2755905511811024,0.3540856031128405,0.5210966362045498,0.5959595959595959,0.7932720516330921,0.574585635359116,0.6847133757961783,0.6901048325236513,0.7651959271829682,0.7021596244131455,0.40129449838187703,0.6446540880503144,0.3502994011976048,0.8673758865248227,0.3417643429981493,0.6344597810566397,0.6607142857142857,0.6357056694813028,0.6843575418994413,0.49213597158802636,0.2755905511811024,0.3540856031128405,0.5210966362045498,0.5959595959595959,0.7932720516330921,0.574585635359116,0.6847133757961783
199,0.5989,0.7082587573510611,0.7550138846035175,0.7087323943661972,0.3883495145631068,0.6440251572327044,0.33682634730538924,0.8624113475177305,0.34484885872917953,0.6059019514516897,0.6607142857142857,0.6510856453558505,0.7039106145251397,0.519533231861999,0.25196850393700787,0.3337965536409116,0.4923196577872837,0.5845117845117845,0.7615881087424213,0.585635359116022,0.6929561633570626,0.7082587573510611,0.7550138846035175,0.7087323943661972,0.3883495145631068,0.6440251572327044,0.33682634730538924,0.8624113475177305,0.34484885872917953,0.6059019514516897,0.6607142857142857,0.6510856453558505,0.7039106145251397,0.519533231861999,0.25196850393700787,0.3337965536409116,0.4923196577872837,0.5845117845117845,0.7615881087424213,0.585635359116022,0.6929561633570626
