round,global_acc,per_client_gen_acc,agg_norm,first_mom_norm,second_mom_norm,delta_mom_norm,flash_amp_new,B_norm,ratio_norm,scaled_delta_norm,local_c00,local_c01,local_c02,local_c03,local_c04,local_c05,local_c06,local_c07,local_c08,local_c09,local_c10,local_c11,local_c12,local_c13,local_c14,local_c15,local_c16,local_c17,local_c18,local_c19
0,0.1587,0.1587,1.130675196647644,0.11306753754615784,1.130675196647644,0.0,0.0,1.130675196647644,0.0,0.0,0.19560214778828944,0.002468373958654736,0.0020657276995305163,0.025889967637540454,0.005031446540880503,0.017964071856287425,0.6609929078014184,0.22331893892658852,0.4864350309376487,0.05357142857142857,0.08353437876960193,0.7011173184357542,0.37493658041603245,0.05511811023622047,0.02668148971650917,0.2873809060859421,0.009427609427609427,0.3459808331703501,0.049723756906077346,0.02716373173473211
1,0.1569,0.1569,1.1840571165084839,0.21499162912368774,1.1312214136123657,0.008923430927097797,0.007881347958812656,1.1307299137115479,3651.6513671875,0.0182857196778059,0.17770391204295577,0.0021598272138228943,0.0022535211267605635,0.025889967637540454,0.00440251572327044,0.019461077844311378,0.6815602836879433,0.21036397285626157,0.47643979057591623,0.049107142857142856,0.07689987937273823,0.7039106145251397,0.4018264840182648,0.06299212598425197,0.024735964424680377,0.3006027610344157,0.023793490460157128,0.3221200860551535,0.055248618784530384,0.024353690520794304
2,0.173,0.173,1.1590396165847778,0.3022746741771698,1.1315032243728638,0.010636129416525364,0.009391699014733702,1.13075852394104,3974.1787109375,0.015956465154886246,0.21759140884684225,0.04134526380746683,0.002629107981220657,0.038834951456310676,0.025157232704402517,0.03143712574850299,0.6787234042553192,0.21529919802590994,0.48738695859114706,0.05357142857142857,0.10585042219541617,0.6955307262569832,0.39015728056823945,0.07086614173228346,0.0264035575319622,0.29165856503986,0.026038159371492706,0.3874437707803638,0.0718232044198895,0.03578119145747471
3,0.1907,0.1907,1.209812879562378,0.38136178255081177,1.1323131322860718,0.01592986471951008,0.01405601352856207,1.1308403015136719,4388.56396484375,0.025431720539927483,0.2820250575300435,0.10089478556001234,0.004882629107981221,0.03559870550161812,0.021383647798742137,0.0344311377245509,0.6645390070921986,0.23689080814312152,0.4926225606853879,0.049107142857142856,0.1094692400482509,0.664804469273743,0.36428209030948755,0.07874015748031496,0.028071150639244025,0.2831032471320241,0.019977553310886645,0.48973205554469,0.06077348066298342,0.05620082427875609
4,0.2162,0.2162,1.2150875329971313,0.44994282722473145,1.1331707239151,0.02166959084570408,0.019106110207907454,1.1309276819229126,4260.16259765625,0.02961663156747818,0.342879059064178,0.1527306386917618,0.05859154929577465,0.038834951456310676,0.018238993710691823,0.04491017964071856,0.6673758865248227,0.25046267735965455,0.49785816277962874,0.05357142857142857,0.10253317249698432,0.6424581005586593,0.3571790969051243,0.07874015748031496,0.03029460811561979,0.2761034415710675,0.03524130190796858,0.5820457656952865,0.08287292817679558,0.07268639940052454
5,0.2545,0.2545,1.165648102760315,0.5022375583648682,1.133500337600708,0.026419172063469887,0.023287055268174123,1.1309632062911987,4058.582275390625,0.032291289418935776,0.39043722833035027,0.1990126504165381,0.15774647887323945,0.038834951456310676,0.02830188679245283,0.08083832335329341,0.6680851063829787,0.2640345465761875,0.5102332222751071,0.06696428571428571,0.11700844390832328,0.6340782122905028,0.3622526636225266,0.10236220472440945,0.032518065591995556,0.2805755395683453,0.08799102132435466,0.6677097594367299,0.13259668508287292,0.10547021356313226
6,0.3162,0.3162,1.110487937927246,0.5386520624160767,1.133272409439087,0.030395714566111565,0.02679754379386047,1.130942702293396,3688.17041015625,0.03473777696490288,0.4341600613653797,0.24992286331379204,0.27643192488262913,0.04854368932038835,0.11509433962264151,0.12574850299401197,0.6531914893617021,0.2745219000616903,0.5368871965730605,0.12946428571428573,0.206875753920386,0.6284916201117319,0.404363267376966,0.12598425196850394,0.039744302390216785,0.29010305269298076,0.17665544332211,0.7189516917660864,0.23756906077348067,0.20438366429374297
7,0.3995,0.3995,1.0460388660430908,0.5622334480285645,1.132433295249939,0.03240882232785225,0.028593497706193308,1.1308610439300537,3353.914794921875,0.035489942878484726,0.47992840705701867,0.3326133909287257,0.38873239436619716,0.1553398058252427,0.2742138364779874,0.23802395209580837,0.6269503546099291,0.3041332510795805,0.592574964302713,0.29017857142857145,0.33443908323281063,0.61731843575419,0.4550989345509893,0.2440944881889764,0.10922734852695942,0.29904724868753646,0.31313131313131315,0.7144533541951887,0.3756906077348066,0.36680404645934805
8,0.4462,0.4462,0.9588793516159058,0.5722057819366455,1.1308296918869019,0.03331781178712845,0.029437124706972025,1.1307021379470825,2946.968505859375,0.036578644067049026,0.47737151623625673,0.37118173403270593,0.516056338028169,0.3042071197411003,0.3691823899371069,0.31137724550898205,0.5723404255319149,0.3812461443553362,0.5587815326035221,0.39285714285714285,0.4209891435464415,0.5782122905027933,0.517503805175038,0.33858267716535434,0.24180100055586437,0.3007972000777756,0.43524130190796856,0.6438490123215334,0.4585635359116022,0.41569876358186586
9,0.4613,0.4613,0.9115120768547058,0.5728978514671326,1.1288474798202515,0.03359946608543396,0.029738054636170304,1.1305042505264282,2892.4794921875,0.03722558915615082,0.45972896957299925,0.3597655044739278,0.5851643192488263,0.3656957928802589,0.41949685534591197,0.3188622754491018,0.5411347517730496,0.44231955582973476,0.5283198476915755,0.45535714285714285,0.4586851628468034,0.5446927374301676,0.5362760020294267,0.31496062992125984,0.3424124513618677,0.3233521291075248,0.5124579124579125,0.6070799921768042,0.5359116022099447,0.3810415886099663
10,0.4725,0.4725,0.8365265727043152,0.5646243095397949,1.1262998580932617,0.033832769840955734,0.030012218663968596,1.1302485466003418,2527.959716796875,0.037060853093862534,0.46458706213244694,0.3603825979635915,0.6011267605633803,0.37216828478964403,0.4578616352201258,0.3383233532934132,0.5468085106382978,0.44910549043800124,0.5192765349833413,0.46875,0.494270205066345,0.5698324022346368,0.547945205479452,0.29133858267716534,0.3557531962201223,0.36301769395294575,0.5411896745230078,0.6188147858400156,0.574585635359116,0.350693143499438
11,0.4818,0.4818,0.8660625219345093,0.5576660633087158,1.1239957809448242,0.035737477242946625,0.031766765572162965,1.1300151348114014,2651.81591796875,0.03835701197385788,0.49654819739197137,0.37858685590867014,0.5913615023474178,0.33980582524271846,0.48867924528301887,0.36227544910179643,0.5666666666666667,0.4509561998766194,0.5354593050928129,0.49107142857142855,0.5271411338962606,0.6005586592178771,0.5606291222729579,0.33858267716535434,0.33657587548638135,0.39743340462764926,0.5560044893378226,0.6561705456679053,0.5469613259668509,0.34807043836642937
12,0.4958,0.4958,0.820866584777832,0.5476471781730652,1.1213703155517578,0.03634496033191681,0.03238232500300011,1.1297484636306763,2542.783203125,0.03781930357217789,0.5366913832779341,0.4060475161987041,0.5791549295774648,0.3300970873786408,0.5075471698113208,0.37574850299401197,0.6070921985815603,0.43615052436767426,0.5630652070442647,0.5044642857142857,0.5482509047044632,0.6368715083798883,0.5697615423642821,0.3464566929133858,0.2818232351306281,0.4316546762589928,0.5548821548821549,0.7011539213768825,0.5414364640883977,0.3623079805170476
13,0.5067,0.5067,0.8005487322807312,0.5367583632469177,1.1186176538467407,0.03644765540957451,0.03255366265827357,1.129467248916626,2506.97216796875,0.037033937871456146,0.561493224239325,0.4220919469299599,0.5776525821596245,0.3042071197411003,0.5056603773584906,0.4041916167664671,0.6475177304964539,0.41702652683528685,0.5778200856734889,0.5044642857142857,0.5497587454764777,0.6564245810055865,0.5722983257229832,0.33070866141732286,0.24680377987770985,0.4540151662453821,0.5483726150392817,0.7287306864854293,0.5248618784530387,0.3782315473960285
14,0.5142,0.5142,0.7694375514984131,0.5242976546287537,1.1156669855117798,0.03673891723155975,0.032900513499753856,1.129164457321167,2457.901611328125,0.037405554205179214,0.5571465098440297,0.41746374575748224,0.5949295774647887,0.30097087378640774,0.5169811320754717,0.4221556886227545,0.6723404255319149,0.4225786551511413,0.5863874345549738,0.5267857142857143,0.5597104945717732,0.6787709497206704,0.5814307458143074,0.33070866141732286,0.24930516953863258,0.47345907058137277,0.5465768799102132,0.7355759827889693,0.5138121546961326,0.3894717122517797
15,0.5259,0.5259,0.7493784427642822,0.5107997059822083,1.1126010417938232,0.03669809550046921,0.03295443711273364,1.1288484334945679,2433.6259765625,0.036945100873708725,0.5412937867553056,0.4045047824745449,0.6140845070422535,0.33980582524271846,0.5352201257861635,0.42664670658682635,0.6893617021276596,0.43368291178285007,0.6106615897191814,0.5491071428571429,0.5720747889022919,0.6955307262569832,0.5854895991882293,0.3543307086614173,0.2857142857142857,0.4894030721368851,0.5506172839506173,0.7396831605710933,0.5359116022099447,0.4194454852004496
16,0.537,0.537,0.7334722876548767,0.49569210410118103,1.1094512939453125,0.036228228360414505,0.03262477927482939,1.1285221576690674,2350.95654296875,0.0359639897942543,0.5331117361288673,0.3967911138537488,0.6174647887323944,0.3786407766990291,0.5515723270440251,0.41916167664670656,0.6964539007092199,0.4848858729179519,0.6263683960019039,0.5803571428571429,0.5877563329312424,0.6815642458100558,0.5915778792491121,0.36220472440944884,0.3337965536409116,0.48201438848920863,0.5510662177328844,0.7371406219440642,0.5359116022099447,0.45710003746721617
17,0.5428,0.5428,0.717073917388916,0.4817643463611603,1.1062166690826416,0.035965900868177414,0.03248316420125441,1.1281858682632446,2327.8349609375,0.03571876510977745,0.5410380976732293,0.4112928108608454,0.6195305164319249,0.42718446601941745,0.570440251572327,0.41467065868263475,0.676595744680851,0.5188155459592844,0.6392194193241314,0.5982142857142857,0.6046441495778045,0.6675977653631285,0.589041095890411,0.3700787401574803,0.38382434685936634,0.4629593622399378,0.5483726150392817,0.7430080187756699,0.5414364640883977,0.48520044960659425
18,0.5508,0.5508,0.7024847269058228,0.4666512906551361,1.1029109954833984,0.03564153239130974,0.032286599677995284,1.127840280532837,2239.384765625,0.03550635278224945,0.5579135770902582,0.43134834927491517,0.6180281690140845,0.43042071197411,0.5710691823899371,0.4296407185628742,0.6737588652482269,0.5508945095619988,0.6430271299381247,0.59375,0.6127864897466827,0.6731843575418994,0.5920852359208524,0.3858267716535433,0.4191217342968316,0.4376822866031499,0.5546576879910213,0.744181498141991,0.5469613259668509,0.5009366804046459
19,0.5602,0.5602,0.6901975870132446,0.4526914060115814,1.0995510816574097,0.035060372203588486,0.031857105760859566,1.1274875402450562,2216.11181640625,0.03462924435734749,0.5865507542827921,0.47300215982721383,0.6197183098591549,0.45307443365695793,0.590566037735849,0.4745508982035928,0.6822695035460993,0.5613818630475016,0.6444550214183722,0.6026785714285714,0.6299758745476478,0.6815642458100558,0.6062912227295789,0.4015748031496063,0.4385769872151195,0.4221271631343574,0.5661054994388328,0.7457461372970858,0.5469613259668509,0.5026227051330087
20,0.5735,0.5735,0.6712896823883057,0.4372594654560089,1.0960971117019653,0.03465735912322998,0.0315900559335762,1.1271237134933472,2133.586669921875,0.034402575343847275,0.6070058808488877,0.5103363159518667,0.6266666666666667,0.45307443365695793,0.6132075471698113,0.5074850299401198,0.6822695035460993,0.5638494756323257,0.6492146596858639,0.6071428571428571,0.6462605548854041,0.6815642458100558,0.6179604261796042,0.3858267716535433,0.4474708171206226,0.42484930974139606,0.5824915824915825,0.7457461372970858,0.569060773480663,0.5052454102660172
21,0.5834,0.5834,0.6765890121459961,0.4235992133617401,1.0926995277404785,0.0342692956328392,0.03133337334764845,1.1267629861831665,2185.642578125,0.0338994637131691,0.6116082843262592,0.5158901573588399,0.6364319248826291,0.4692556634304207,0.6270440251572327,0.5134730538922155,0.6851063829787234,0.5681677976557681,0.6506425511661114,0.6428571428571429,0.666767189384801,0.6899441340782123,0.6453576864535768,0.4330708661417323,0.4566425792106726,0.4398211160801089,0.5977553310886644,0.7475063563465676,0.585635359116022,0.502997377294867
22,0.5864,0.5864,0.6291992664337158,0.40726956725120544,1.0890414714813232,0.03376791998744011,0.03097856445915846,1.1263753175735474,1936.3704833984375,0.033364322036504745,0.5903860905139351,0.48997223079296515,0.6473239436619719,0.47896440129449835,0.6477987421383647,0.5089820359281437,0.6872340425531915,0.5700185070943862,0.6615897191813422,0.65625,0.6851628468033776,0.7094972067039106,0.6590563165905632,0.4094488188976378,0.45052807115063925,0.45459848337546177,0.6125701459034792,0.7494621552904361,0.5966850828729282,0.5073061071562383
23,0.5917,0.5917,0.6011637449264526,0.38952478766441345,1.0852489471435547,0.03326576575636864,0.030624440045576733,1.1259725093841553,1744.4404296875,0.03280147910118103,0.5801585272308872,0.46282011724776306,0.6587793427230046,0.47896440129449835,0.6446540880503144,0.4805389221556886,0.7035460992907802,0.5595311536088834,0.6634935744883389,0.6473214285714286,0.6854644149577804,0.7122905027932961,0.6702181633688483,0.4015748031496063,0.45247359644246804,0.47637565623177136,0.6240179573512907,0.7555251320164287,0.6132596685082873,0.5108654926938928
24,0.5951,0.5951,0.6326007843017578,0.37611842155456543,1.081660509109497,0.03273536637425423,0.030236039920934692,1.1255871057510376,1925.318115234375,0.03218194469809532,0.5758118128355919,0.4560320888614625,0.6683568075117371,0.4692556634304207,0.6245283018867924,0.4595808383233533,0.7141843971631205,0.5533621221468229,0.6682532127558306,0.6517857142857143,0.6758142340168878,0.7122905027932961,0.678335870116692,0.3779527559055118,0.43996664813785435,0.49387517013416293,0.6424242424242425,0.7731273225112458,0.6243093922651933,0.5174222555264144
25,0.5933,0.5933,0.6660858392715454,0.3667658269405365,1.078297734260559,0.03221540525555611,0.02984848780177168,1.1252214908599854,2022.792724609375,0.03162937983870506,0.5793914599846587,0.45788336933045354,0.6704225352112676,0.4401294498381877,0.5918238993710692,0.4550898203592814,0.7170212765957447,0.5441085749537322,0.6792003807710614,0.6517857142857143,0.6574185765983113,0.7094972067039106,0.6813800101471335,0.36220472440944884,0.4199555308504725,0.5043748784755979,0.6594837261503929,0.7919029923723842,0.6519337016574586,0.5365305357811915
26,0.5986,0.5986,0.6031261086463928,0.35335180163383484,1.0745867490768433,0.03178571164608002,0.02955197400243274,1.124820351600647,1713.85546875,0.03133706375956535,0.5942214267450779,0.4699166923788954,0.6661032863849765,0.43042071197411,0.5773584905660377,0.46407185628742514,0.7184397163120567,0.5428747686613201,0.6906235126130414,0.6339285714285714,0.6498793727382388,0.7150837988826816,0.6894977168949772,0.3779527559055118,0.40883824346859365,0.5049581956056777,0.6785634118967452,0.8042245257187561,0.6740331491712708,0.5524541026601724
27,0.6012,0.6012,0.6584578156471252,0.34487852454185486,1.0712257623672485,0.031152810901403427,0.02905433910916726,1.1244505643844604,1945.4234619140625,0.030402572825551033,0.6195346458706213,0.5038568343103981,0.6576525821596244,0.42394822006472493,0.5792452830188679,0.48353293413173654,0.7106382978723405,0.5434916718075262,0.6920514040932889,0.6160714285714286,0.6501809408926418,0.7039106145251397,0.7052257737189244,0.4015748031496063,0.3977209560867148,0.4973750729146413,0.6976430976430976,0.8110698220222962,0.6740331491712708,0.5562008242787561
28,0.604,0.604,0.5844653248786926,0.3325541019439697,1.0674575567245483,0.030685223639011383,0.02871917882548341,1.1240402460098267,1592.8798828125,0.030217232182621956,0.646637688570698,0.5519901265041653,0.6490140845070422,0.44336569579288027,0.5723270440251572,0.5134730538922155,0.6957446808510638,0.5471930906847625,0.6787244169443122,0.625,0.6510856453558505,0.6927374301675978,0.7052257737189244,0.41732283464566927,0.4102279043913285,0.49193077970056387,0.7068462401795735,0.8173283786426755,0.6685082872928176,0.5438366429374297
29,0.6083,0.6083,0.6087179183959961,0.32135331630706787,1.063849687576294,0.030208658427000046,0.028368941437883148,1.123642921447754,1734.8138427734375,0.02975483611226082,0.6734850421886985,0.5902499228633138,0.6458215962441315,0.4336569579288026,0.5830188679245283,0.5299401197604791,0.6964539007092199,0.553979025293029,0.6701570680628273,0.6116071428571429,0.6634499396863691,0.6955307262569832,0.7037037037037037,0.4645669291338583,0.40967204002223456,0.502041609955279,0.7171717171717171,0.811265401916683,0.6850828729281768,0.5256650430872987
30,0.6123,0.6123,0.6223132610321045,0.31269341707229614,1.0603448152542114,0.029571736231446266,0.02786251537335046,1.123253345489502,1677.0499267578125,0.02887807972729206,0.6844796727179749,0.6038259796359149,0.6426291079812206,0.44983818770226536,0.6,0.5389221556886228,0.7070921985815602,0.5706354102405923,0.6663493574488338,0.5714285714285714,0.6776236429433052,0.7067039106145251,0.710806697108067,0.5196850393700787,0.43190661478599224,0.5139023916002333,0.7158249158249158,0.8042245257187561,0.6906077348066298,0.5106781566129637
31,0.6149,0.6149,0.6706692576408386,0.30754074454307556,1.057159423828125,0.029055781662464142,0.027458794023067383,1.122891902923584,1817.1419677734375,0.028443943709135056,0.6752748657632319,0.5890157358839864,0.6454460093896713,0.4627831715210356,0.6075471698113207,0.5329341317365269,0.724113475177305,0.5842072794571253,0.6758686339838172,0.6026785714285714,0.6893848009650181,0.7346368715083799,0.7168949771689498,0.5196850393700787,0.4602556976097832,0.5205133190744702,0.7077441077441078,0.8067670643457853,0.6740331491712708,0.5151742225552641
32,0.6197,0.6197,0.6273415088653564,0.30094611644744873,1.0537294149398804,0.028540626168251038,0.027059666454716122,1.1225056648254395,1611.16748046875,0.028009722009301186,0.6563538736895934,0.5609379821042888,0.6476995305164319,0.4692556634304207,0.620125786163522,0.5164670658682635,0.7425531914893617,0.6039481801357187,0.6834840552118039,0.6428571428571429,0.6978287092882992,0.7541899441340782,0.7179096905124303,0.4881889763779528,0.48610339077265147,0.5172078553373517,0.6922558922558922,0.814003520438099,0.6685082872928176,0.5333458224053953
33,0.6194,0.6194,0.655214250087738,0.29649993777275085,1.0504928827285767,0.028040893375873566,0.02666769679230611,1.1221357583999634,1694.9495849609375,0.02752545103430748,0.6389670161084122,0.5310089478556002,0.6522065727699531,0.5016181229773463,0.6289308176100629,0.4940119760479042,0.7531914893617021,0.6113510178901912,0.7015706806282722,0.6517857142857143,0.7044632086851629,0.7821229050279329,0.7219685438863521,0.4566929133858268,0.49305169538632576,0.5109858059498348,0.6830527497194164,0.8190885976921572,0.6574585635359116,0.5616335706257025
34,0.621,0.621,0.6461683511734009,0.29139432311058044,1.0472224950790405,0.027609458193182945,0.02633931090278794,1.1217604875564575,1584.8154296875,0.027131833136081696,0.6284837637432882,0.5202098117864856,0.6527699530516432,0.5080906148867314,0.6314465408805031,0.4880239520958084,0.7574468085106383,0.6125848241826033,0.7044264635887673,0.65625,0.7062726176115802,0.770949720670391,0.7163876204972095,0.4094488188976378,0.5008337965536409,0.4985417071748007,0.6861952861952862,0.8288675924115001,0.6519337016574586,0.5895466466841514
35,0.621,0.621,0.6606627702713013,0.28757160902023315,1.0440657138824463,0.0270396638661623,0.025873649385845077,1.121394157409668,1651.2718505859375,0.026424547657370567,0.6274610074149833,0.5128046899105214,0.6563380281690141,0.5210355987055016,0.6320754716981132,0.47904191616766467,0.7489361702127659,0.6193707587908698,0.7082341742027606,0.65625,0.6999396863691194,0.7597765363128491,0.7113140537798072,0.41732283464566927,0.5069483046136742,0.49095858448376434,0.6956228956228956,0.833170350088011,0.6519337016574586,0.6116523042337955
36,0.623,0.623,0.6549558043479919,0.28358379006385803,1.040894865989685,0.026563610881567,0.02549548111683467,1.12102472782135,1544.24169921875,0.02606576681137085,0.6351316798772693,0.5291576673866091,0.6569014084507042,0.5016181229773463,0.6144654088050314,0.4940119760479042,0.7425531914893617,0.6169031462060457,0.7106139933365064,0.6428571428571429,0.6884800965018094,0.7458100558659218,0.7189244038559107,0.41732283464566927,0.5086158977209561,0.4905697063970445,0.7025813692480359,0.837277527870135,0.6464088397790055,0.6245784938179093
37,0.6271,0.6271,0.6526702642440796,0.2793283760547638,1.0377317667007446,0.026150334626436234,0.025175252615500365,1.1206541061401367,1517.213623046875,0.02569591999053955,0.655842495525441,0.5587781548904659,0.6585915492957747,0.4919093851132686,0.6075471698113207,0.5239520958083832,0.7397163120567376,0.6113510178901912,0.7029985721085198,0.6026785714285714,0.6803377563329313,0.7486033519553073,0.7204464738711314,0.48031496062992124,0.4961089494163424,0.502041609955279,0.7180695847362514,0.8421670252298064,0.6464088397790055,0.6288872236792806
38,0.6294,0.6294,0.6578729748725891,0.27618247270584106,1.0346238613128662,0.025628671050071716,0.024747084349313955,1.1202868223190308,1473.48046875,0.025054512545466423,0.6796215801585272,0.5908670163529774,0.6621596244131456,0.47572815533980584,0.6018867924528302,0.5374251497005988,0.7411347517730497,0.6088834053053671,0.6972870061875297,0.6026785714285714,0.6758142340168878,0.7569832402234636,0.7270421106037545,0.5275590551181102,0.48082267926625905,0.5179856115107914,0.7270482603815938,0.8439272442792881,0.6685082872928176,0.6219557886849008
39,0.6317,0.6317,0.6280286312103271,0.27021166682243347,1.0313516855239868,0.02520575001835823,0.02441585592565255,1.1199026107788086,1326.2724609375,0.024760087952017784,0.7018665302991562,0.6167849429188522,0.6679812206572769,0.4368932038834951,0.60062893081761,0.561377245508982,0.750354609929078,0.5835903763109191,0.6944312232270348,0.5892857142857143,0.6752110977080821,0.776536312849162,0.732623033992897,0.5511811023622047,0.44774874930516956,0.5401516624538207,0.731986531986532,0.8427537649129669,0.6961325966850829,0.6075309104533533
40,0.6332,0.6332,0.666451096534729,0.2672388553619385,1.0283437967300415,0.024781817570328712,0.02407535523996368,1.1195409297943115,1495.7294921875,0.02430795505642891,0.713372538992585,0.6306695464362851,0.6721126760563381,0.44983818770226536,0.6,0.562874251497006,0.7553191489361702,0.5700185070943862,0.6887196573060448,0.5803571428571429,0.6788299155609168,0.7849162011173184,0.7432775240994419,0.5669291338582677,0.4357976653696498,0.552206883142135,0.7373737373737373,0.8409935458634852,0.7071823204419889,0.590108654926939
41,0.6368,0.6368,0.6636742353439331,0.26444852352142334,1.0253392457962036,0.02423970028758049,0.02361762973292135,1.1191778182983398,1410.608642578125,0.023646999150514603,0.7151623625671184,0.6356062943535946,0.6815023474178403,0.4627831715210356,0.6144654088050314,0.5793413173652695,0.7631205673758865,0.5829734731647132,0.6882436934792956,0.5892857142857143,0.6917973462002412,0.7932960893854749,0.745814307458143,0.5748031496062992,0.45052807115063925,0.5621232743534902,0.7344556677890012,0.8378642675532956,0.6961325966850829,0.5798051704758337
42,0.6372,0.6372,0.6607956886291504,0.2608366012573242,1.022337555885315,0.02377494052052498,0.023232745034903645,1.1188132762908936,1389.3507080078125,0.023264681920409203,0.7097928918435182,0.6257327985189757,0.6867605633802817,0.5016181229773463,0.6264150943396226,0.5748502994011976,0.7808510638297872,0.6033312769895126,0.6853879105188005,0.6071428571428571,0.7017490952955368,0.7905027932960894,0.7498731608320649,0.5905511811023622,0.47304057809894384,0.5714563484347657,0.7232323232323232,0.8409935458634852,0.6961325966850829,0.5739977519670288
43,0.6394,0.6394,0.6785286068916321,0.25876492261886597,1.0194735527038574,0.023414449766278267,0.022944690437335782,1.1184594631195068,1439.87646484375,0.022994104772806168,0.7036563538736896,0.6099969145325517,0.687699530516432,0.5307443365695793,0.6314465408805031,0.5643712574850299,0.798581560283688,0.6187538556446638,0.695383150880533,0.6205357142857143,0.7047647768395657,0.7988826815642458,0.7493658041603247,0.5748031496062992,0.4955530850472485,0.5710674703480458,0.7124579124579125,0.8439272442792881,0.6961325966850829,0.5743724241288872
44,0.6413,0.6413,0.634898841381073,0.25383856892585754,1.0163483619689941,0.023003188893198967,0.022610926358281234,1.118080496788025,1234.156005859375,0.022591784596443176,0.6926617233444132,0.5893242826288183,0.6916431924882629,0.5339805825242718,0.6320754716981132,0.5598802395209581,0.8035460992907801,0.6329426280074029,0.6934792955735364,0.6294642857142857,0.7129071170084439,0.8016759776536313,0.7468290208016235,0.5590551181102362,0.5155642023346303,0.5702897141746063,0.7086419753086419,0.8447095638568355,0.6961325966850829,0.5805545147995504
45,0.641,0.641,0.6848645210266113,0.2527903616428375,1.0135703086853027,0.022647421807050705,0.022322180743094697,1.1177312135696411,1371.1806640625,0.022217875346541405,0.691127588851956,0.5831533477321814,0.6828169014084507,0.5372168284789643,0.6358490566037736,0.5538922155688623,0.8021276595744681,0.6280074028377545,0.7049024274155165,0.6428571428571429,0.7144149577804584,0.8100558659217877,0.7503805175038052,0.5196850393700787,0.5144524735964424,0.5679564456542874,0.7113355780022447,0.8519460199491492,0.6961325966850829,0.5991007868115399
46,0.6429,0.6429,0.6825195550918579,0.25109371542930603,1.0107965469360352,0.022176962345838547,0.02191840090084885,1.1173806190490723,1330.2379150390625,0.021650824695825577,0.6964970595755561,0.5896328293736501,0.6766197183098591,0.49838187702265374,0.630817610062893,0.5508982035928144,0.8014184397163121,0.608266502159161,0.709662065683008,0.6294642857142857,0.7117008443908324,0.8128491620111732,0.7503805175038052,0.5196850393700787,0.4866592551417454,0.5786505930390823,0.7185185185185186,0.8548797183649521,0.7016574585635359,0.6198950917946796
47,0.6466,0.6466,0.6863511800765991,0.24949334561824799,1.0080692768096924,0.021792098879814148,0.02159623663175316,1.1170326471328735,1306.162841796875,0.021345946937799454,0.7062132446944516,0.6047516198704104,0.6745539906103286,0.47249190938511326,0.6314465408805031,0.561377245508982,0.7964539007092198,0.5872917951881554,0.7191813422179915,0.625,0.7117008443908324,0.8156424581005587,0.7544393708777271,0.5196850393700787,0.4571984435797665,0.5837060081664398,0.7283950617283951,0.8607471151965578,0.6961325966850829,0.6376920194829524
48,0.6474,0.6474,0.678153395652771,0.2475680261850357,1.0053060054779053,0.02145727537572384,0.02132281359638071,1.1166799068450928,1287.0660400390625,0.021077945828437805,0.7210432114548708,0.6223387843258253,0.6647887323943662,0.44336569579288027,0.630188679245283,0.5748502994011976,0.7865248226950354,0.5737199259716225,0.7253688719657306,0.625,0.7192400482509047,0.8072625698324022,0.7529173008625063,0.5118110236220472,0.42690383546414673,0.5794283492125218,0.7342312008978675,0.8648542929786818,0.7016574585635359,0.646309479205695
49,0.6518,0.6518,0.6329558491706848,0.2418111115694046,1.0022677183151245,0.021132569760084152,0.02106373939308436,1.1163010597229004,1085.737548828125,0.02080615609884262,0.7330605983124521,0.6352977476087627,0.6659154929577464,0.44660194174757284,0.6396226415094339,0.5958083832335329,0.7815602836879433,0.5718692165330043,0.7215611613517373,0.625,0.72708082026538,0.7988826815642458,0.7600202942668696,0.5433070866141733,0.4255141745414119,0.5763173245187634,0.7443322109988777,0.8634852337179738,0.7182320441988951,0.6425627575871112
50,0.6547,0.6547,0.6319437026977539,0.23746147751808167,0.9992440342903137,0.020692473277449608,0.02068742483641124,1.1159217357635498,1056.8131103515625,0.02022775635123253,0.7402198926105855,0.6491823511261956,0.6707981220657278,0.44660194174757284,0.6415094339622641,0.6107784431137725,0.7737588652482269,0.5842072794571253,0.7120418848167539,0.625,0.7294933655006032,0.7932960893854749,0.7625570776255708,0.5275590551181102,0.4313507504168983,0.5714563484347657,0.7569023569023569,0.8609426950909447,0.7292817679558011,0.627201198950918
51,0.6541,0.6541,0.6738705635070801,0.23517096042633057,0.9965162873268127,0.020255405455827713,0.020305839326302155,1.1155669689178467,1175.7354736328125,0.019733469933271408,0.7389414472002046,0.6544276457883369,0.6882629107981221,0.47572815533980584,0.6522012578616352,0.6212574850299402,0.7822695035460993,0.5909932140653917,0.7034745359352689,0.6294642857142857,0.7313027744270205,0.7877094972067039,0.7676306443429731,0.5354330708661418,0.4602556976097832,0.5702897141746063,0.7627384960718294,0.8529239194210835,0.7458563535911602,0.6110902959910078
52,0.6537,0.6537,0.6885475516319275,0.23346596956253052,0.9939090013504028,0.0199199877679348,0.02002191933221746,1.115221619606018,1195.7803955078125,0.01951725408434868,0.7294809511633853,0.6393088552915767,0.6991549295774648,0.511326860841424,0.660377358490566,0.6107784431137725,0.7865248226950354,0.6101172115977791,0.7001427891480247,0.6517857142857143,0.7337153196622437,0.7821229050279329,0.7721968543886352,0.5354330708661418,0.4874930516953863,0.5716507874781256,0.7593714927048261,0.8460786231175436,0.7292817679558011,0.6065942300487074
53,0.6545,0.6545,0.6853986978530884,0.23200975358486176,0.9912993907928467,0.019569607451558113,0.01972147482215222,1.1148747205734253,1190.0614013671875,0.01916154846549034,0.7179749424699565,0.6306695464362851,0.7004694835680751,0.540453074433657,0.670440251572327,0.6167664670658682,0.8049645390070922,0.6175200493522517,0.7053783912422655,0.6607142857142857,0.7373341375150784,0.7932960893854749,0.7706747843734145,0.5354330708661418,0.4980544747081712,0.5718452265214855,0.75331088664422,0.846665362800704,0.7292817679558011,0.6116523042337955
54,0.6523,0.6523,0.7049509286880493,0.2313222736120224,0.9888463616371155,0.019230443984270096,0.019427705884037094,1.1145401000976562,1225.3995361328125,0.018795974552631378,0.7074916901048325,0.6186362233878433,0.704037558685446,0.5210355987055016,0.6691823899371069,0.6017964071856288,0.8156028368794326,0.6138186304750154,0.7144217039504998,0.6607142857142857,0.7391435464414958,0.8016759776536313,0.776255707762557,0.5275590551181102,0.490272373540856,0.579039471125802,0.741638608305275,0.8460786231175436,0.712707182320442,0.6234544773323342
55,0.6503,0.6503,0.6556789875030518,0.2281980663537979,0.9860720634460449,0.018861984834074974,0.019109025098151815,1.1141756772994995,1058.3900146484375,0.018475744873285294,0.7000767067246229,0.6106140080222153,0.7130516431924883,0.48220064724919093,0.670440251572327,0.5868263473053892,0.8226950354609929,0.6002467612584824,0.7263207996192289,0.6830357142857143,0.73854041013269,0.7988826815642458,0.7650938609842719,0.5433070866141733,0.46914952751528627,0.5963445459848338,0.7380471380471381,0.8503813807940543,0.7403314917127072,0.637317347321094
56,0.6516,0.6516,0.6851410269737244,0.2270433008670807,0.983518660068512,0.01850716769695282,0.01879818884861453,1.1138291358947754,1103.190673828125,0.018093552440404892,0.7051904883661467,0.6146251157050293,0.7096713615023474,0.48220064724919093,0.6572327044025157,0.5988023952095808,0.823404255319149,0.5909932140653917,0.7310804378867206,0.6830357142857143,0.7346200241254524,0.8072625698324022,0.7681380010147133,0.5275590551181102,0.44886047804335744,0.5988722535485126,0.7382716049382716,0.8539018188930177,0.7348066298342542,0.6423754215061821
57,0.6525,0.6525,0.6885718107223511,0.22577564418315887,0.9810082316398621,0.018243959173560143,0.01857821409815927,1.1134850978851318,1112.820556640625,0.017932234331965446,0.717207875223728,0.6272755322431348,0.6972769953051643,0.4854368932038835,0.6490566037735849,0.6062874251497006,0.8226950354609929,0.5885256014805675,0.7306044740599714,0.6919642857142857,0.7276839565741857,0.8044692737430168,0.7742262810755961,0.5669291338582677,0.43746525847693163,0.6013999611121913,0.7429854096520763,0.8562487776256601,0.7403314917127072,0.6378793555638816
58,0.6516,0.6516,0.7083800435066223,0.2255491018295288,0.9786580801010132,0.017984285950660706,0.018357717162712867,1.1131535768508911,1134.6878662109375,0.017609689384698868,0.7338276655586806,0.6411601357605677,0.6830046948356807,0.47896440129449835,0.6415094339622641,0.624251497005988,0.8170212765957446,0.5848241826033312,0.7339362208472157,0.6830357142857143,0.7234620024125452,0.7960893854748603,0.7686453576864536,0.5905511811023622,0.42857142857142855,0.6002333268520319,0.7515151515151515,0.8615294347741053,0.7624309392265194,0.6328212813787936
59,0.6523,0.6523,0.7071022391319275,0.22558622062206268,0.9763163924217224,0.01766939088702202,0.018079499150974527,1.1128215789794922,1132.9376220703125,0.017259474843740463,0.7509588340577857,0.6572045664918235,0.671924882629108,0.47249190938511326,0.6371069182389937,0.6347305389221557,0.8141843971631205,0.5922270203578038,0.732032365540219,0.6785714285714286,0.7168275030156815,0.7988826815642458,0.7772704211060375,0.5826771653543307,0.42690383546414673,0.6008166439821117,0.7602693602693603,0.8662233522393898,0.7569060773480663,0.6223304608467591
60,0.6523,0.6523,0.7159842252731323,0.22552390396595,0.9740575551986694,0.017347507178783417,0.017791264819489384,1.1124954223632812,1115.496826171875,0.016959769651293755,0.7632319099974431,0.6615242209194693,0.6604694835680751,0.47896440129449835,0.6276729559748427,0.6392215568862275,0.8191489361702128,0.6014805675508945,0.7263207996192289,0.6785714285714286,0.7132086851628469,0.8072625698324022,0.7828513444951801,0.5984251968503937,0.44107837687604223,0.5910946918141162,0.7562289562289563,0.8673968316057109,0.7679558011049724,0.6118396403147246
61,0.6532,0.6532,0.7135627865791321,0.22449706494808197,0.9717983603477478,0.017048120498657227,0.017524824458547614,1.1121679544448853,1096.879150390625,0.016683461144566536,0.7604193300946049,0.6664609688367787,0.667793427230047,0.5048543689320388,0.6371069182389937,0.6347305389221557,0.8163120567375887,0.6175200493522517,0.7196573060447407,0.6785714285714286,0.721049457177322,0.8016759776536313,0.7813292744799594,0.6220472440944882,0.46859366314619233,0.5774839587789228,0.7593714927048261,0.8705261099159006,0.7734806629834254,0.6077182465342825
62,0.6595,0.6595,0.7135744094848633,0.22417500615119934,0.9695566296577454,0.016741452738642693,0.017249331184875174,1.1118407249450684,1091.116455078125,0.016370229423046112,0.7547941702889287,0.668003702560938,0.6815023474178403,0.5080906148867314,0.6515723270440251,0.6377245508982036,0.8177304964539007,0.634793337446021,0.7201332698714897,0.6741071428571429,0.7322074788902292,0.8044692737430168,0.7737189244038559,0.6299212598425197,0.4919399666481378,0.5695119580011666,0.7571268237934905,0.8695482104439664,0.7679558011049724,0.6097789434245036
63,0.6638,0.6638,0.6894248723983765,0.22147421538829803,0.9671570062637329,0.016497841104865074,0.01704046037794302,1.111498475074768,1016.5028686523438,0.016277853399515152,0.7471234978266428,0.6584387534711509,0.692018779342723,0.5307443365695793,0.6591194968553459,0.624251497005988,0.8163120567375887,0.6378778531770513,0.7215611613517373,0.6875,0.7379372738238842,0.8016759776536313,0.7777777777777778,0.6141732283464567,0.508893829905503,0.5662064942640482,0.7560044893378227,0.8673968316057109,0.7679558011049724,0.6208317721993256
64,0.6657,0.6657,0.6930316686630249,0.21908073127269745,0.9648012518882751,0.016209490597248077,0.016783464056974746,1.111158847808838,1031.382568359375,0.015878455713391304,0.7361288672973664,0.6436285097192225,0.7002816901408451,0.5145631067961165,0.6672955974842767,0.624251497005988,0.8127659574468085,0.634176434299815,0.7282246549262256,0.6875,0.7409529553679132,0.7849162011173184,0.7772704211060375,0.5984251968503937,0.5050027793218455,0.5664009333074081,0.7589225589225589,0.8664189321337766,0.7569060773480663,0.6431247658298989
65,0.6668,0.6668,0.7213399410247803,0.21908555924892426,0.9626715779304504,0.015878507867455482,0.01647709471888301,1.1108371019363403,1078.1826171875,0.015449809841811657,0.7289695729992329,0.6368404813329219,0.7085446009389671,0.4886731391585761,0.6779874213836478,0.6302395209580839,0.8120567375886525,0.6243059839605182,0.7287006187529748,0.6830357142857143,0.7430639324487334,0.7877094972067039,0.7772704211060375,0.5905511811023622,0.490272373540856,0.5767062026054832,0.7627384960718294,0.8670056718169372,0.7569060773480663,0.664293742974897
66,0.6663,0.6663,0.7189177870750427,0.2184077948331833,0.9605402946472168,0.015567341819405556,0.016190004627020978,1.110514521598816,1053.855224609375,0.015162969939410686,0.7215545896190233,0.6340635606294354,0.7124882629107981,0.47896440129449835,0.6773584905660377,0.6182634730538922,0.8120567375886525,0.608266502159161,0.7267967634459781,0.6785714285714286,0.7439686369119421,0.7905027932960894,0.778285134449518,0.5748031496062992,0.46914952751528627,0.5926502041609956,0.7652076318742985,0.8695482104439664,0.7624309392265194,0.674409891345073
67,0.6654,0.6654,0.7270578145980835,0.2179601788520813,0.9584869146347046,0.015318856574594975,0.015965675342667036,1.1101971864700317,1049.68896484375,0.014997974969446659,0.7197647660444899,0.6306695464362851,0.7074178403755869,0.48220064724919093,0.6767295597484276,0.6167664670658682,0.8170212765957446,0.5959284392350401,0.7272727272727273,0.6741071428571429,0.7400482509047045,0.8072625698324022,0.7777777777777778,0.5511811023622047,0.453029460811562,0.6072331324129885,0.7647586980920315,0.8720907490709955,0.7569060773480663,0.6794679655301611
68,0.6655,0.6655,0.7358661890029907,0.21909752488136292,0.956517219543457,0.015006519854068756,0.015672323742881456,1.1098860502243042,1049.6884765625,0.01459677703678608,0.7325492201482997,0.6315951866707806,0.7025352112676057,0.47572815533980584,0.6761006289308176,0.6212574850299402,0.823404255319149,0.5916101172115977,0.7344121846739647,0.6696428571428571,0.7397466827503015,0.8072625698324022,0.7864028411973617,0.5275590551181102,0.4405225125069483,0.6165662064942641,0.7679012345679013,0.8734598083317034,0.7734806629834254,0.6674784563506931
69,0.6624,0.6624,0.7112648487091064,0.2182137370109558,0.9543768763542175,0.014727788977324963,0.015415684994938538,1.1095588207244873,963.1171264648438,0.014422380365431309,0.7412426489388904,0.6460968836778772,0.6993427230046948,0.46601941747572817,0.6729559748427673,0.6302395209580839,0.823404255319149,0.5842072794571253,0.7277486910994765,0.65625,0.7397466827503015,0.8100558659217877,0.7955352612886859,0.5511811023622047,0.4302390216787104,0.6152051331907447,0.7723905723905724,0.8736553882260903,0.7734806629834254,0.6509928812289247
70,0.6617,0.6617,0.7380186915397644,0.21777458488941193,0.9524564146995544,0.01447167620062828,0.015178120339342915,1.109249472618103,1028.45947265625,0.014150792732834816,0.7514702122219381,0.6528849120641778,0.6989671361502348,0.4627831715210356,0.6691823899371069,0.6392215568862275,0.8276595744680851,0.5872917951881554,0.7215611613517373,0.6517857142857143,0.7397466827503015,0.7988826815642458,0.791476407914764,0.5984251968503937,0.4291272929405225,0.6093719618899475,0.7728395061728395,0.8730686485429298,0.7569060773480663,0.6358186586736605
71,0.6602,0.6602,0.725007951259613,0.2161051481962204,0.9504515528678894,0.014243016950786114,0.014969776346314693,1.1089317798614502,977.8527221679688,0.013963344506919384,0.7601636410125288,0.6649182351126196,0.688075117370892,0.47896440129449835,0.6641509433962264,0.6467065868263473,0.826950354609929,0.5990129549660703,0.7229890528319848,0.6473214285714286,0.741254523522316,0.7960893854748603,0.7889396245560629,0.6062992125984252,0.4396887159533074,0.597900058331713,0.7676767676767676,0.8771758263250538,0.7348066298342542,0.620269763956538
72,0.6595,0.6595,0.738815188407898,0.21532833576202393,0.9485689401626587,0.013977155089378357,0.014719473750883328,1.1086233854293823,1008.0916137695312,0.013601835817098618,0.7647660444899003,0.668003702560938,0.6848826291079813,0.4919093851132686,0.6584905660377358,0.6511976047904192,0.8212765957446808,0.6169031462060457,0.723465016658734,0.6473214285714286,0.744270205066345,0.8072625698324022,0.7889396245560629,0.6141732283464567,0.4616453585325181,0.5827338129496403,0.7627384960718294,0.8808918443184041,0.7292817679558011,0.6208317721993256
73,0.6607,0.6607,0.651841938495636,0.21048152446746826,0.946062445640564,0.013723906129598618,0.014491025584185411,1.1082606315612793,757.0751342773438,0.013533308170735836,0.7596522628483764,0.6618327676643011,0.6901408450704225,0.5145631067961165,0.6685534591194968,0.6422155688622755,0.824822695035461,0.6230721776681061,0.732032365540219,0.6473214285714286,0.7466827503015682,0.7960893854748603,0.7894469812278031,0.6141732283464567,0.48971650917176207,0.5776783978222827,0.7595959595959596,0.8767846665362801,0.7348066298342542,0.6298239040839265
74,0.6635,0.6635,0.7349295020103455,0.21017083525657654,0.9441847801208496,0.01351745892316103,0.01430139292068659,1.107950210571289,961.7211303710938,0.013183102943003178,0.7573510611096906,0.6550447392780007,0.6965258215962441,0.540453074433657,0.6729559748427673,0.6482035928143712,0.8226950354609929,0.6249228871067243,0.7382198952879581,0.6651785714285714,0.747285886610374,0.7960893854748603,0.7879249112125825,0.6299212598425197,0.5030572540300167,0.5809838615594012,0.7591470258136925,0.8730686485429298,0.7348066298342542,0.6418134132633946
75,0.6664,0.6664,0.7301437258720398,0.20951417088508606,0.9422851800918579,0.013356770388782024,0.0141598433545636,1.10763680934906,942.8722534179688,0.013145320117473602,0.7553055484530811,0.6525763653193459,0.7023474178403756,0.5436893203883495,0.6710691823899371,0.6452095808383234,0.8262411347517731,0.6255397902529303,0.7391718229414564,0.6607142857142857,0.7448733413751508,0.7960893854748603,0.7899543378995434,0.6377952755905512,0.5050027793218455,0.593816838421155,0.7638608305274972,0.868765890866419,0.7403314917127072,0.645372798801049
76,0.6646,0.6646,0.7334165573120117,0.2088060826063156,0.940426230430603,0.013150162063539028,0.013968340416353408,1.1073256731033325,937.5794677734375,0.012858728878200054,0.7512145231398619,0.6535020055538414,0.7047887323943662,0.5469255663430421,0.6616352201257861,0.6497005988023952,0.8283687943262411,0.6230721776681061,0.7372679676344598,0.6428571428571429,0.7394451145958987,0.7905027932960894,0.7929984779299848,0.6062992125984252,0.5008337965536409,0.6045109858059499,0.7735129068462402,0.8679835712888715,0.7403314917127072,0.6534282502810042
77,0.6666,0.6666,0.7237433791160583,0.20716902613639832,0.9385069608688354,0.012949793599545956,0.013783605804868407,1.1070085763931274,915.5924072265625,0.01268746703863144,0.752492968550243,0.6618327676643011,0.7019718309859155,0.5275080906148867,0.6559748427672956,0.6452095808383234,0.8297872340425532,0.6125848241826033,0.7353641123274631,0.65625,0.7343184559710495,0.7877094972067039,0.793505834601725,0.6220472440944882,0.48526959421901056,0.614621816060665,0.7717171717171717,0.8703305300215138,0.7624309392265194,0.65436493068565
78,0.6662,0.6662,0.7411633133888245,0.2067452073097229,0.9367393851280212,0.012726006098091602,0.01357094124435675,1.1067031621932983,944.5943603515625,0.012408606708049774,0.7622091536691383,0.6726319037334156,0.7027230046948357,0.5145631067961165,0.6484276729559748,0.6586826347305389,0.8326241134751773,0.6027143738433066,0.7367920038077106,0.6607142857142857,0.7337153196622437,0.8072625698324022,0.7929984779299848,0.6377952755905512,0.4697053918843802,0.6200661092747424,0.7703703703703704,0.8765890866418932,0.7569060773480663,0.6511802173098539
79,0.6669,0.6669,0.7368926405906677,0.2068440318107605,0.9349523782730103,0.01255355216562748,0.013412597111821968,1.1063951253890991,919.3651733398438,0.012261425144970417,0.7668115571465098,0.6772601049058933,0.7019718309859155,0.511326860841424,0.650314465408805,0.6541916167664671,0.8312056737588652,0.5977791486736582,0.737743931461209,0.6607142857142857,0.7391435464414958,0.7932960893854749,0.7950279046169457,0.6535433070866141,0.453029460811562,0.6227882558817811,0.7712682379349046,0.8828476432622726,0.7569060773480663,0.6517422255526414
80,0.6691,0.6691,0.7403830885887146,0.2072349637746811,0.9332075119018555,0.012331189587712288,0.013199625811837572,1.106089472770691,912.1168212890625,0.012050830759108067,0.7706468933776528,0.6800370256093798,0.7019718309859155,0.511326860841424,0.6572327044025157,0.6511976047904192,0.8361702127659575,0.5965453423812461,0.7382198952879581,0.6607142857142857,0.7457780458383595,0.7905027932960894,0.7985794013191273,0.6377952755905512,0.4510839355197332,0.6190939140579428,0.7712682379349046,0.8848034422061412,0.7513812154696132,0.6553016110902959
81,0.6688,0.6688,0.7429042458534241,0.20692498981952667,0.9314969778060913,0.012101047672331333,0.012977036880914904,1.105785846710205,905.8746948242188,0.011787883937358856,0.7675786243927384,0.6828139463128664,0.704037558685446,0.5210355987055016,0.6748427672955974,0.6511976047904192,0.8404255319148937,0.6014805675508945,0.7363160399809614,0.6741071428571429,0.7554282267792521,0.7877094972067039,0.8011161846778285,0.6377952755905512,0.45525291828793774,0.6115107913669064,0.7744107744107744,0.8830432231566595,0.7513812154696132,0.6519295616335706
82,0.6675,0.6675,0.7499178051948547,0.2074681967496872,0.9298567175865173,0.011887414380908012,0.012770401884974475,1.1054871082305908,907.171630859375,0.011583596467971802,0.7624648427512145,0.6741746374575748,0.7109859154929578,0.5242718446601942,0.6792452830188679,0.6422155688622755,0.8368794326241135,0.6095003084515731,0.7372679676344598,0.6651785714285714,0.7545235223160435,0.7932960893854749,0.8006088280060882,0.6456692913385826,0.45330739299610895,0.6045109858059499,0.7795735129068463,0.881087424212791,0.7734806629834254,0.6504308729861371
83,0.665,0.665,0.7483036518096924,0.20662447810173035,0.9282168745994568,0.011620617471635342,0.012505818382435707,1.1051877737045288,899.9681396484375,0.01126091368496418,0.757862439273843,0.668003702560938,0.7123004694835681,0.5242718446601942,0.6842767295597484,0.6511976047904192,0.8390070921985816,0.6144355336212215,0.7472632079961923,0.6651785714285714,0.758745476477684,0.7932960893854749,0.7995941146626078,0.6456692913385826,0.46053362979433016,0.6056776200661093,0.7824915824915825,0.8803051046352435,0.7513812154696132,0.6590483327088797
84,0.6627,0.6627,0.6743156909942627,0.2020888477563858,0.9260227084159851,0.011380547657608986,0.012276449707532047,1.104840874671936,718.7161865234375,0.011179710738360882,0.7440552288417285,0.656278926257328,0.7196244131455399,0.5242718446601942,0.680503144654088,0.6511976047904192,0.8347517730496454,0.6156693399136336,0.7486910994764397,0.6383928571428571,0.7533172496984318,0.7960893854748603,0.8031456113647895,0.6299212598425197,0.47470817120622566,0.60431654676259,0.7795735129068463,0.8808918443184041,0.7182320441988951,0.6654177594604721
85,0.6641,0.6641,0.7569190263748169,0.2025887817144394,0.9244847297668457,0.011282887309789658,0.012191327362723875,1.1045476198196411,919.9404907226562,0.011069092899560928,0.7407312707747379,0.6494908978710274,0.7192488262910798,0.5307443365695793,0.6660377358490566,0.6526946107784432,0.8326241134751773,0.6255397902529303,0.7496430271299381,0.6428571428571429,0.7466827503015682,0.8016759776536313,0.7985794013191273,0.6220472440944882,0.49499722067815455,0.5977056192883531,0.7739618406285073,0.8785448855857618,0.7016574585635359,0.6676657924316224
86,0.6661,0.6661,0.6711535453796387,0.19813992083072662,0.922295868396759,0.010979779064655304,0.011891939995053752,1.1041992902755737,703.43701171875,0.010707316920161247,0.7402198926105855,0.6519592718296822,0.7205633802816901,0.5469255663430421,0.6610062893081761,0.657185628742515,0.8333333333333334,0.6378778531770513,0.7529747739171823,0.6517857142857143,0.7481905910735827,0.8072625698324022,0.7945205479452054,0.5984251968503937,0.5050027793218455,0.5963445459848338,0.769023569023569,0.8816741638959515,0.712707182320442,0.6689771449981267
87,0.6658,0.6658,0.7349183559417725,0.19740383327007294,0.9206108450889587,0.01088437344878912,0.011810162073058615,1.1038917303085327,838.9951171875,0.01067406963557005,0.7466121196624904,0.6541190990435051,0.7123004694835681,0.5663430420711975,0.6641509433962264,0.6601796407185628,0.8390070921985816,0.6446637877853177,0.7586863398381724,0.6785714285714286,0.7436670687575392,0.8184357541899442,0.7919837645865043,0.5984251968503937,0.5100055586436909,0.602177717285631,0.7611672278338945,0.882260903579112,0.7016574585635359,0.6687898089171974
88,0.6695,0.6695,0.7376791834831238,0.1968591958284378,0.9189618825912476,0.010783610865473747,0.011721801815418327,1.103586196899414,845.8859252929688,0.010562089271843433,0.7553055484530811,0.6649182351126196,0.7032863849765258,0.5792880258899676,0.6679245283018868,0.6706586826347305,0.8418439716312057,0.6452806909315237,0.763445978105664,0.6651785714285714,0.7439686369119421,0.8184357541899442,0.7909690512430239,0.6141732283464567,0.5138966092273485,0.6068442543262688,0.7569023569023569,0.8828476432622726,0.7071823204419889,0.6777819408017984
89,0.6703,0.6703,0.7475600242614746,0.19771358370780945,0.9174064993858337,0.010559615679085255,0.011497758003832497,1.1032875776290894,848.259033203125,0.010254498571157455,0.7627205318332907,0.6747917309472385,0.6963380281690141,0.5792880258899676,0.6584905660377358,0.6766467065868264,0.8390070921985816,0.634793337446021,0.757734412184674,0.6517857142857143,0.7397466827503015,0.8184357541899442,0.793505834601725,0.6456692913385826,0.5047248471372985,0.612677425627066,0.7578002244668911,0.8869548210443966,0.7016574585635359,0.6802173098538778
90,0.6723,0.6723,0.7185599207878113,0.1963847130537033,0.9156317114830017,0.01037316583096981,0.011316612442075841,1.1029698848724365,772.0596923828125,0.010178586468100548,0.7721810278701099,0.6843566800370257,0.6944600938967136,0.5663430420711975,0.6490566037735849,0.6751497005988024,0.8368794326241135,0.6249228871067243,0.7572584483579248,0.6651785714285714,0.7391435464414958,0.8072625698324022,0.8011161846778285,0.6377952755905512,0.49332962757087273,0.6155940112774645,0.7627384960718294,0.8887150400938784,0.712707182320442,0.6817159985013114
91,0.6722,0.6722,0.7022014856338501,0.19425372779369354,0.9137442708015442,0.010190900415182114,0.011140709748586173,1.1026419401168823,724.7579956054688,0.010008977726101875,0.7737151623625671,0.6843566800370257,0.6931455399061033,0.5533980582524272,0.6440251572327044,0.6601796407185628,0.8290780141843972,0.6138186304750154,0.7563065207044265,0.6607142857142857,0.738238841978287,0.7988826815642458,0.7990867579908676,0.6062992125984252,0.4819344080044469,0.6115107913669064,0.7705948372615039,0.8938001173479366,0.7182320441988951,0.6845260397152492
92,0.6715,0.6715,0.7335022687911987,0.19335991144180298,0.9121182560920715,0.010038672015070915,0.010993835626541998,1.1023346185684204,791.7762451171875,0.009803490713238716,0.7719253387880337,0.6837395865473619,0.6995305164319249,0.5339805825242718,0.6396226415094339,0.6646706586826348,0.8262411347517731,0.6088834053053671,0.7539267015706806,0.6607142857142857,0.7352231604342582,0.7988826815642458,0.7940131912734653,0.5984251968503937,0.4705391884380211,0.6179272797977834,0.7755331088664422,0.8977117152356737,0.7182320441988951,0.6798426376920195
93,0.6681,0.6681,0.7640487551689148,0.1947914958000183,0.9107567071914673,0.009969526901841164,0.01093441575280628,1.1020481586456299,838.23779296875,0.009760122746229172,0.7686013807210432,0.679728478864548,0.7173708920187793,0.511326860841424,0.6327044025157232,0.6616766467065869,0.8290780141843972,0.6020974706971005,0.7505949547834364,0.6607142857142857,0.7358262967430639,0.7960893854748603,0.7899543378995434,0.6220472440944882,0.4571984435797665,0.6282325490958585,0.7804713804713804,0.900254253862703,0.7292817679558011,0.6730985387785687
94,0.667,0.667,0.7580013871192932,0.19531601667404175,0.9093559980392456,0.009775933809578419,0.010738583401036676,1.1017576456069946,851.1317749023438,0.009513256140053272,0.7663001789823575,0.6769515581610615,0.7284507042253521,0.5210355987055016,0.6314465408805031,0.6601796407185628,0.8347517730496454,0.6070326958667489,0.746311280342694,0.6473214285714286,0.7319059107358263,0.7960893854748603,0.7924911212582445,0.6456692913385826,0.45525291828793774,0.639510013610733,0.7795735129068463,0.8988851946019949,0.7348066298342542,0.6596103409516673
95,0.6681,0.6681,0.6404529213905334,0.1896687000989914,0.907061755657196,0.009487990289926529,0.010448617872976865,1.1013928651809692,597.9767456054688,0.00931769423186779,0.7601636410125288,0.6673866090712743,0.7314553990610329,0.5307443365695793,0.6371069182389937,0.6541916167664671,0.8375886524822695,0.6057988895743368,0.7448833888624464,0.65625,0.7322074788902292,0.8016759776536313,0.7904616945712836,0.6377952755905512,0.45858810450250137,0.6535096247326463,0.7773288439955106,0.8955603363974184,0.7513812154696132,0.6536155863619333
96,0.6688,0.6688,0.7176914811134338,0.18889455497264862,0.9053641557693481,0.009386759251356125,0.010356498755611503,1.1010760068893433,739.3117065429688,0.009218823164701462,0.7614420864229098,0.6590558469608145,0.7261971830985916,0.5501618122977346,0.6477987421383647,0.6467065868263473,0.8425531914893617,0.6175200493522517,0.7510709186101856,0.65625,0.73854041013269,0.8100558659217877,0.7970573313039067,0.6299212598425197,0.47470817120622566,0.6472875753451293,0.7811447811447811,0.8928222178760024,0.7403314917127072,0.6530535781191458
97,0.6705,0.6705,0.7623878121376038,0.1898655891418457,0.904046356678009,0.00935608334839344,0.010337684119004835,1.1007894277572632,828.8529663085938,0.009179324842989445,0.7593965737663002,0.6572045664918235,0.7196244131455399,0.5501618122977346,0.6610062893081761,0.6526946107784432,0.8432624113475178,0.6286243059839605,0.7501189909566873,0.6696428571428571,0.7487937273823885,0.8212290502793296,0.8016235413495687,0.6062992125984252,0.49416342412451364,0.6276492319657787,0.7791245791245791,0.8922354781928418,0.7292817679558011,0.6588609966279505
98,0.6698,0.6698,0.7335028052330017,0.18957717716693878,0.9025003910064697,0.009177756495773792,0.010157999473082767,1.1004834175109863,744.7734985351562,0.008960165083408356,0.7627205318332907,0.6596729404504782,0.7100469483568075,0.5501618122977346,0.6754716981132075,0.655688622754491,0.8411347517730496,0.634176434299815,0.7548786292241789,0.6830357142857143,0.7596501809408926,0.8184357541899442,0.8097412480974124,0.5748031496062992,0.5025013896609227,0.6115107913669064,0.778675645342312,0.8916487385096812,0.712707182320442,0.6689771449981267
99,0.6697,0.6697,0.7676717042922974,0.19189223647117615,0.901252031326294,0.009069395251572132,0.01005195326436704,1.1002007722854614,810.1131591796875,0.008807158097624779,0.7652774226540526,0.6652267818574514,0.7017840375586855,0.5598705501618123,0.6811320754716981,0.6616766467065869,0.8397163120567376,0.6298581122763726,0.7601142313184198,0.6919642857142857,0.7647768395657418,0.8100558659217877,0.8127853881278538,0.5984251968503937,0.5005558643690939,0.5930390822477153,0.7777777777777778,0.8926266379816155,0.7071823204419889,0.6804046459348071
100,0.6739,0.6739,0.7245122790336609,0.1907949000597,0.8996565937995911,0.00880584865808487,0.009777143384845186,1.0998892784118652,712.3910522460938,0.008588643744587898,0.7665558680644337,0.6710891700092564,0.6976525821596244,0.5598705501618123,0.6867924528301886,0.6631736526946108,0.8354609929078014,0.634176434299815,0.7563065207044265,0.6875,0.7699034981905911,0.8044692737430168,0.8178589548452562,0.6141732283464567,0.5052807115063924,0.5907058137273965,0.7822671156004489,0.89047525914336,0.6961325966850829,0.6843387036343199
101,0.6751,0.6751,0.6961479187011719,0.18871094286441803,0.8978497982025146,0.008587617427110672,0.009554007181493348,1.0995595455169678,657.489501953125,0.008372531272470951,0.7691127588851956,0.6747917309472385,0.6969014084507043,0.5598705501618123,0.6855345911949685,0.6661676646706587,0.8312056737588652,0.6366440468846392,0.7548786292241789,0.6919642857142857,0.77291917973462,0.7960893854748603,0.8193810248604769,0.6299212598425197,0.5075041689827682,0.5909002527707564,0.7854096520763187,0.8875415607275572,0.7071823204419889,0.6794679655301611
102,0.6774,0.6774,0.717039942741394,0.187221959233284,0.8962221741676331,0.00853944756090641,0.009517651042038265,1.0992435216903687,683.0327758789062,0.008427230641245842,0.7732037841984147,0.6741746374575748,0.7008450704225352,0.5469255663430421,0.6861635220125786,0.657185628742515,0.8326241134751773,0.6391116594694632,0.7567824845311756,0.6919642857142857,0.7711097708082026,0.7932960893854749,0.8178589548452562,0.6299212598425197,0.5063924402445803,0.5986778145051527,0.7896745230078563,0.889301779777039,0.7403314917127072,0.6702884975646309
103,0.6785,0.6785,0.7319105267524719,0.1877111792564392,0.8947285413742065,0.008460762910544872,0.009445677478987731,1.0989375114440918,715.5780639648438,0.00830596499145031,0.7752492968550243,0.6763344646713977,0.7085446009389671,0.5307443365695793,0.6779874213836478,0.657185628742515,0.8418439716312057,0.6354102405922271,0.7591623036649214,0.7098214285714286,0.7662846803377563,0.7988826815642458,0.8138001014713343,0.6299212598425197,0.49944413563090606,0.6132607427571456,0.786307519640853,0.8922354781928418,0.7458563535911602,0.6624203821656051
104,0.6779,0.6779,0.7247541546821594,0.1867719441652298,0.8931888937950134,0.00830785557627678,0.009290940240845015,1.098626971244812,696.7464599609375,0.008087300695478916,0.7767834313474815,0.679728478864548,0.7220657276995305,0.5242718446601942,0.6691823899371069,0.657185628742515,0.850354609929078,0.6310919185687847,0.7505949547834364,0.6964285714285714,0.7575392038600723,0.7932960893854749,0.808726534753932,0.6299212598425197,0.48999444135630904,0.6264825977056193,0.7822671156004489,0.8928222178760024,0.7513812154696132,0.6541775946047209
105,0.6762,0.6762,0.753670871257782,0.18730267882347107,0.8919018507003784,0.008244802244007587,0.009233716155410018,1.0983362197875977,755.9132080078125,0.008048858493566513,0.7806187675786244,0.681579759333539,0.7338967136150235,0.5080906148867314,0.6572327044025157,0.655688622754491,0.8546099290780141,0.6193707587908698,0.7496430271299381,0.7008928571428571,0.747285886610374,0.7988826815642458,0.8001014713343481,0.6220472440944882,0.4849916620344636,0.6365934279603345,0.7764309764309765,0.8949735967142578,0.7403314917127072,0.650243536905208
106,0.677,0.677,0.7684292197227478,0.18831774592399597,0.890751838684082,0.00818475242704153,0.009178284890468407,1.0980558395385742,772.607666015625,0.007977444678544998,0.7806187675786244,0.6803455723542117,0.7395305164319249,0.511326860841424,0.6465408805031446,0.6526946107784432,0.85177304964539,0.621838371375694,0.7548786292241789,0.6964285714285714,0.7409529553679132,0.7988826815642458,0.7980720446473871,0.6377952755905512,0.481100611450806,0.6385378183939335,0.7741863075196409,0.8977117152356737,0.7292817679558011,0.6524915698763581
107,0.6756,0.6756,0.7779607176780701,0.18969036638736725,0.8896945714950562,0.008176438510417938,0.009179845451054623,1.0977822542190552,776.0880737304688,0.00800254475325346,0.7749936077729481,0.679728478864548,0.740093896713615,0.5242718446601942,0.6477987421383647,0.657185628742515,0.8489361702127659,0.6144355336212215,0.7558305568776773,0.6919642857142857,0.7376357056694813,0.8044692737430168,0.8016235413495687,0.6456692913385826,0.481378543635353,0.6385378183939335,0.7782267115600449,0.8949735967142578,0.7292817679558011,0.6560509554140127
108,0.6761,0.6761,0.7307193875312805,0.18846730887889862,0.8882457613945007,0.007908741943538189,0.00889376400415542,1.097476601600647,684.5401000976562,0.007673715241253376,0.7770391204295577,0.681579759333539,0.7402816901408451,0.5436893203883495,0.6553459119496855,0.655688622754491,0.8524822695035461,0.6187538556446638,0.7567824845311756,0.6875,0.741254523522316,0.8184357541899442,0.8036529680365296,0.6456692913385826,0.48443579766536965,0.6381489403072137,0.7797979797979798,0.8916487385096812,0.7182320441988951,0.6624203821656051
109,0.677,0.677,0.6678271889686584,0.18461811542510986,0.8863129019737244,0.007600196171551943,0.008565407033579914,1.0971310138702393,566.3338623046875,0.0074301958084106445,0.778828944004091,0.681579759333539,0.7327699530516432,0.5307443365695793,0.6672955974842767,0.6511976047904192,0.8475177304964538,0.6175200493522517,0.7582103760114232,0.6964285714285714,0.7487937273823885,0.8268156424581006,0.8056823947234906,0.6377952755905512,0.4866592551417454,0.6362045498736146,0.7854096520763187,0.8865636612556229,0.7071823204419889,0.6697264893218434
110,0.679,0.679,0.742079496383667,0.18506667017936707,0.884986937046051,0.007546130567789078,0.00851720296571015,1.0968334674835205,705.619873046875,0.007378292270004749,0.7816415239069292,0.6843566800370257,0.7213145539906103,0.5372168284789643,0.6698113207547169,0.6586826347305389,0.8482269503546099,0.6193707587908698,0.757734412184674,0.7008928571428571,0.7512062726176115,0.835195530726257,0.8097412480974124,0.6850393700787402,0.49166203446359086,0.6338712813532957,0.788327721661055,0.8824564834734989,0.7071823204419889,0.6738478831022855
111,0.6807,0.6807,0.7873913049697876,0.18666937947273254,0.8840644359588623,0.007701628375798464,0.00870177137719319,1.0965676307678223,794.5143432617188,0.007660202216356993,0.7836870365635388,0.6883677877198395,0.7102347417840376,0.5469255663430421,0.6716981132075471,0.6796407185628742,0.8475177304964538,0.6255397902529303,0.7620180866254165,0.6964285714285714,0.7521109770808203,0.8296089385474861,0.8132927447995941,0.6456692913385826,0.4963868816008894,0.6297880614427377,0.7921436588103254,0.8805006845296304,0.6961325966850829,0.6745972274260023
112,0.6797,0.6797,0.7887743711471558,0.18851737678050995,0.8831623196601868,0.0076543670147657394,0.008657196585472642,1.0963029861450195,777.015380859375,0.00745910219848156,0.7841984147276911,0.6865165072508485,0.7074178403755869,0.5469255663430421,0.6672955974842767,0.6841317365269461,0.8489361702127659,0.6323257248611968,0.7629700142789148,0.6696428571428571,0.7515078407720145,0.8296089385474861,0.8138001014713343,0.6299212598425197,0.49583101723179546,0.6272603538790589,0.7968574635241302,0.8828476432622726,0.6961325966850829,0.6843387036343199
113,0.6797,0.6797,0.7672669291496277,0.18866099417209625,0.8820788264274597,0.007484771311283112,0.008475768059758759,1.0960232019424438,730.1951293945312,0.0071943397633731365,0.7821529020710816,0.6821968528232027,0.7111737089201878,0.5469255663430421,0.6654088050314465,0.687125748502994,0.8468085106382979,0.6391116594694632,0.7610661589719181,0.6785714285714286,0.7515078407720145,0.8240223463687151,0.8132927447995941,0.6220472440944882,0.5,0.6231771339685008,0.7937149270482604,0.8846078623117544,0.7237569060773481,0.6884600974147621
114,0.6777,0.6777,0.7735560536384583,0.18900583684444427,0.8810598254203796,0.0073525975458323956,0.008335712991268174,1.0957480669021606,754.0285034179688,0.0071540470235049725,0.781385834824853,0.6778771983955569,0.716056338028169,0.5533980582524272,0.6672955974842767,0.6826347305389222,0.8460992907801419,0.6428130783466995,0.7620180866254165,0.6875,0.7518094089264173,0.8212290502793296,0.8097412480974124,0.6220472440944882,0.5030572540300167,0.6202605483181023,0.7932659932659932,0.8885194601994915,0.7348066298342542,0.6865867366054702
115,0.6789,0.6789,0.7762026190757751,0.19046074151992798,0.8800729513168335,0.007218332961201668,0.00819266208367116,1.0954753160476685,731.2197875976562,0.007021493744105101,0.7778061876757862,0.6747917309472385,0.7263849765258216,0.5598705501618123,0.6660377358490566,0.6781437125748503,0.8404255319148937,0.6526835286859963,0.7620180866254165,0.6919642857142857,0.7515078407720145,0.8128491620111732,0.8097412480974124,0.6220472440944882,0.5100055586436909,0.6115107913669064,0.794388327721661,0.893213377664776,0.7292817679558011,0.6798426376920195
116,0.6774,0.6774,0.754026472568512,0.18967507779598236,0.8789021372795105,0.0070866672322154045,0.008053926603844862,1.0951869487762451,688.3147583007812,0.006933783181011677,0.7772948095116339,0.6689293427954335,0.7338967136150235,0.5533980582524272,0.6698113207547169,0.6751497005988024,0.8347517730496454,0.6533004318322023,0.7567824845311756,0.7098214285714286,0.7554282267792521,0.8156424581005587,0.8046676813800101,0.6220472440944882,0.5119510839355197,0.6052887419793894,0.7907968574635241,0.8963426559749658,0.712707182320442,0.6747845635069314
117,0.68,0.68,0.7707452774047852,0.18971896171569824,0.8778865933418274,0.007053553592413664,0.00802555602264183,1.0949105024337769,724.6085815429688,0.006907990667968988,0.7778061876757862,0.6686207960506017,0.7404694835680751,0.5566343042071198,0.6761006289308176,0.6736526946107785,0.8312056737588652,0.6533004318322023,0.7572584483579248,0.6919642857142857,0.7581423401688782,0.8240223463687151,0.8001014713343481,0.6377952755905512,0.5169538632573653,0.6037332296325102,0.7885521885521886,0.8984940348132212,0.7071823204419889,0.6704758336455602
118,0.6796,0.6796,0.7831459045410156,0.18910540640354156,0.8769897818565369,0.007016658782958984,0.007991731712551414,1.0946431159973145,736.636962890625,0.006857890635728836,0.7852211710559959,0.6747917309472385,0.7365258215962441,0.5533980582524272,0.6823899371069182,0.6811377245508982,0.8333333333333334,0.6502159161011721,0.7615421227986673,0.6919642857142857,0.764475271411339,0.8100558659217877,0.7995941146626078,0.6456692913385826,0.5216787103946637,0.601983278242271,0.7851851851851852,0.8981028750244475,0.7182320441988951,0.6714125140502061
119,0.6779,0.6779,0.731221616268158,0.1870744377374649,0.8756520748138428,0.006734834518283606,0.0076824486153343665,1.0943400859832764,624.6090698242188,0.006485802121460438,0.7870109946305293,0.6828139463128664,0.7340845070422535,0.5728155339805825,0.6855345911949685,0.6766467065868264,0.8312056737588652,0.6446637877853177,0.7615421227986673,0.7008928571428571,0.7677925211097708,0.8072625698324022,0.8046676813800101,0.6220472440944882,0.5214007782101168,0.6066498152829088,0.7892255892255893,0.8945824369254841,0.7403314917127072,0.668415136755339
120,0.6786,0.6786,0.7272313237190247,0.18536265194416046,0.8742926716804504,0.0065836175344884396,0.007521618479735164,1.0940344333648682,627.181640625,0.006441663950681686,0.7885451291229865,0.6862079605060166,0.7299530516431925,0.5663430420711975,0.6962264150943396,0.6781437125748503,0.8297872340425532,0.6409623689080814,0.763445978105664,0.6919642857142857,0.7720144752714113,0.8156424581005587,0.808726534753932,0.6141732283464567,0.5177876598110062,0.6082053276297881,0.7910213243546577,0.8939956972423235,0.7513812154696132,0.673285874859498
121,0.6799,0.6799,0.7709389328956604,0.18554669618606567,0.8733197450637817,0.006575172301381826,0.007520329191355694,1.0937589406967163,697.1207275390625,0.006445291917771101,0.7946816670928152,0.6892934279543351,0.7273239436619718,0.56957928802589,0.6943396226415094,0.688622754491018,0.8375886524822695,0.6428130783466995,0.7667777248929082,0.6785714285714286,0.7693003618817853,0.8296089385474861,0.8112633181126332,0.6456692913385826,0.5108393551973318,0.6237604510985806,0.7932659932659932,0.8883238803051047,0.7513812154696132,0.6702884975646309
122,0.6794,0.6794,0.7367131114006042,0.18375158309936523,0.8720594644546509,0.006461073644459248,0.00740049665287702,1.093460202217102,625.8650512695312,0.006339191924780607,0.7911020199437484,0.6892934279543351,0.7186854460093897,0.5566343042071198,0.6930817610062893,0.6991017964071856,0.8482269503546099,0.6286243059839605,0.774869109947644,0.6696428571428571,0.7602533172496985,0.835195530726257,0.8148148148148148,0.6535433070866141,0.4974986103390773,0.6369823060470543,0.7955106621773288,0.8838255427342069,0.7513812154696132,0.6702884975646309
123,0.6791,0.6791,0.7598669528961182,0.18465472757816315,0.8710092306137085,0.006425537168979645,0.00736865728411778,1.0931774377822876,679.67236328125,0.006258384790271521,0.7890565072871388,0.6908361616784943,0.7184976525821596,0.5436893203883495,0.680503144654088,0.6826347305389222,0.85177304964539,0.6206045650832819,0.7767729652546407,0.6607142857142857,0.7551266586248492,0.8296089385474861,0.8193810248604769,0.6535433070866141,0.4819344080044469,0.6502041609955279,0.7966329966329966,0.885194601994915,0.7458563535911602,0.675346571749719
124,0.6792,0.6792,0.7541725039482117,0.18443237245082855,0.8699184656143188,0.006280404515564442,0.007211242801166742,1.092890977859497,657.1844482421875,0.006125582382082939,0.7877780618767579,0.6908361616784943,0.72018779342723,0.5533980582524272,0.6742138364779874,0.6856287425149701,0.850354609929078,0.6169031462060457,0.7758210376011423,0.6607142857142857,0.747285886610374,0.8240223463687151,0.8188736681887366,0.6299212598425197,0.4794330183435242,0.6507874781256077,0.7975308641975308,0.8898885194601995,0.7348066298342542,0.6832146871487449
125,0.6774,0.6774,0.7489829063415527,0.18355266749858856,0.8687924742698669,0.006228376645594835,0.007160761710226504,1.0926011800765991,640.7042236328125,0.006159768905490637,0.7862439273843007,0.6908361616784943,0.7183098591549296,0.5598705501618123,0.6679245283018868,0.6841317365269461,0.8453900709219858,0.6273904996915485,0.772013326987149,0.65625,0.746984318455971,0.8296089385474861,0.8203957382039574,0.6141732283464567,0.48554752640355753,0.6474820143884892,0.7988776655443323,0.8912575787209075,0.712707182320442,0.6832146871487449
126,0.677,0.677,0.7432678937911987,0.18326638638973236,0.8676270842552185,0.006161468103528023,0.007093340992021924,1.092307686805725,627.3767700195312,0.00606904923915863,0.7882894400409103,0.6877506942301759,0.7228169014084507,0.5631067961165048,0.6641509433962264,0.6766467065868264,0.8375886524822695,0.6397285626156693,0.7701094716801523,0.6607142857142857,0.7493968636911942,0.8156424581005587,0.8198883815322171,0.5984251968503937,0.4894385769872151,0.639510013610733,0.7973063973063973,0.8975161353412869,0.7237569060773481,0.6869614087673286
127,0.6799,0.6799,0.7692153453826904,0.18346776068210602,0.8666983842849731,0.006203748285770416,0.007149659833563728,1.0920324325561523,670.832275390625,0.006137147080153227,0.7898235745333674,0.6871336007405122,0.7261971830985916,0.5760517799352751,0.6698113207547169,0.687125748502994,0.8446808510638298,0.6428130783466995,0.766301761066159,0.65625,0.753015681544029,0.8184357541899442,0.8178589548452562,0.6062992125984252,0.4963868816008894,0.6218160606649815,0.7934904601571269,0.8992763543907686,0.7182320441988951,0.6877107530910453
128,0.6808,0.6808,0.7293380498886108,0.18146461248397827,0.8654327392578125,0.0060141365975141525,0.006941261941077931,1.0917298793792725,581.44384765625,0.005816354416310787,0.7934032216824342,0.6905276149336624,0.7310798122065728,0.5857605177993528,0.6679245283018868,0.6781437125748503,0.8432624113475178,0.6458975940777298,0.7624940504521657,0.6607142857142857,0.7542219541616405,0.8268156424581006,0.8143074581430746,0.5984251968503937,0.5080600333518621,0.6157884503208244,0.7901234567901234,0.9027967924897321,0.712707182320442,0.6877107530910453
129,0.6816,0.6816,0.7637449502944946,0.18253186345100403,0.8644750118255615,0.006061638705432415,0.007003828675130082,1.0914509296417236,654.5772094726562,0.005990650039166212,0.7908463308616722,0.6902190681888306,0.7290140845070423,0.5792880258899676,0.6660377358490566,0.6796407185628742,0.8411347517730496,0.6520666255397902,0.7601142313184198,0.6830357142857143,0.7548250904704463,0.8240223463687151,0.8117706747843734,0.6299212598425197,0.5172317954419122,0.6130663037137857,0.7849607182940517,0.9029923723841189,0.7016574585635359,0.6858373922817534
130,0.6838,0.6838,0.7381599545478821,0.18147534132003784,0.8633033037185669,0.00587111571803689,0.006792888205768832,1.091154932975769,602.7384033203125,0.005702730733901262,0.7859882383022245,0.6899105214439988,0.727887323943662,0.5760517799352751,0.670440251572327,0.6916167664670658,0.8411347517730496,0.6563849475632326,0.7615421227986673,0.6607142857142857,0.7596501809408926,0.8156424581005587,0.8132927447995941,0.6220472440944882,0.5225125069483046,0.6111219132801866,0.7892255892255893,0.9016233131234109,0.7071823204419889,0.6877107530910453
131,0.6847,0.6847,0.7808190584182739,0.18240809440612793,0.8625175356864929,0.005938278511166573,0.006876847621219024,1.0908886194229126,677.8833618164062,0.005877039860934019,0.7831756583993863,0.6849737735266893,0.7276995305164319,0.5598705501618123,0.6654088050314465,0.6901197604790419,0.8432624113475178,0.6452806909315237,0.7624940504521657,0.6830357142857143,0.7593486127864898,0.8100558659217877,0.817351598173516,0.6220472440944882,0.5119510839355197,0.6190939140579428,0.7907968574635241,0.900254253862703,0.7071823204419889,0.6890221056575496
132,0.6839,0.6839,0.7868180871009827,0.1834699809551239,0.8617934584617615,0.005920052994042635,0.006861494991625517,1.0906269550323486,684.2384643554688,0.005814967676997185,0.7793403221682434,0.6821968528232027,0.7258215962441315,0.5598705501618123,0.6735849056603773,0.6826347305389222,0.8397163120567376,0.6434299814929056,0.7610661589719181,0.6875,0.767490952955368,0.8100558659217877,0.8143074581430746,0.6062992125984252,0.5025013896609227,0.6276492319657787,0.8002244668911336,0.8990807744963818,0.7071823204419889,0.6871487448482577
133,0.6852,0.6852,0.7898785471916199,0.18436779081821442,0.8611040711402893,0.005850520450621843,0.006786327366350871,1.0903676748275757,679.4031372070312,0.005676347762346268,0.7757606750191767,0.6763344646713977,0.7295774647887324,0.540453074433657,0.679874213836478,0.6751497005988024,0.8411347517730496,0.6354102405922271,0.757734412184674,0.6696428571428571,0.767490952955368,0.8100558659217877,0.8153221714865551,0.5826771653543307,0.4936075597554197,0.6367878670036944,0.8085297418630752,0.8938001173479366,0.7513812154696132,0.687336080929187
134,0.6856,0.6856,0.701657772064209,0.1805177628993988,0.859656035900116,0.005548564251512289,0.006446900991880375,1.0900481939315796,520.3201904296875,0.005378213711082935,0.7698798261314241,0.6723233569885838,0.7325821596244132,0.5372168284789643,0.6830188679245283,0.6691616766467066,0.8439716312056738,0.621221468229488,0.757734412184674,0.6696428571428571,0.7699034981905911,0.8072625698324022,0.8178589548452562,0.5748031496062992,0.48610339077265147,0.6476764534318491,0.8109988776655443,0.893213377664776,0.7513812154696132,0.6860247283626827
135,0.683,0.683,0.7909231781959534,0.1813846081495285,0.8589958548545837,0.005683703813701868,0.006608989777820409,1.0897899866104126,674.5407104492188,0.0056203315034508705,0.7647660444899003,0.6713977167540882,0.7314553990610329,0.5242718446601942,0.6861635220125786,0.6601796407185628,0.8453900709219858,0.6150524367674275,0.7591623036649214,0.6741071428571429,0.7708082026537998,0.8016759776536313,0.8203957382039574,0.5748031496062992,0.4841578654808227,0.6531207466459265,0.8105499438832772,0.8955603363974184,0.7569060773480663,0.6820906706631698
136,0.6834,0.6834,0.7737140655517578,0.18112441897392273,0.8581850528717041,0.005642659030854702,0.006567454836411452,1.0895198583602905,639.5580444335938,0.0055289254523813725,0.7657888008182051,0.6676951558161062,0.7329577464788732,0.517799352750809,0.6855345911949685,0.6586826347305389,0.8468085106382979,0.6101172115977791,0.7672536887196573,0.6830357142857143,0.7668878166465621,0.8072625698324022,0.8158295281582952,0.5748031496062992,0.4822123401889939,0.6461209410849699,0.8083052749719416,0.8961470760805789,0.7734806629834254,0.6794679655301611
137,0.68,0.68,0.7407715916633606,0.18014541268348694,0.8570905923843384,0.0054544201120734215,0.0063564618473644675,1.0892270803451538,573.4735717773438,0.005259859841316938,0.7737151623625671,0.6744831842024067,0.7340845070422535,0.5145631067961165,0.6823899371069182,0.6616766467065869,0.8453900709219858,0.6064157927205429,0.7696335078534031,0.6741071428571429,0.7647768395657418,0.8184357541899442,0.8158295281582952,0.5905511811023622,0.4841578654808227,0.6393155745673731,0.8013468013468014,0.9016233131234109,0.7679558011049724,0.6787186212064443
138,0.6752,0.6752,0.7440944314002991,0.18007799983024597,0.8560344576835632,0.005363707896322012,0.006258450693825447,1.0889363288879395,597.2852172851562,0.005254838615655899,0.780107389414472,0.6828139463128664,0.728075117370892,0.5307443365695793,0.6811320754716981,0.6691616766467066,0.8432624113475178,0.6132017273288094,0.7724892908138982,0.6696428571428571,0.767490952955368,0.8156424581005587,0.8077118214104515,0.5748031496062992,0.48804891606448025,0.6356212327435349,0.7946127946127947,0.9059260707999218,0.7569060773480663,0.681341326339453
139,0.6754,0.6754,0.6929553151130676,0.17696088552474976,0.8545578122138977,0.00507332943379879,0.005929849931088477,1.0886123180389404,497.80950927734375,0.004980285651981831,0.7857325492201483,0.6871336007405122,0.7292018779342723,0.5275080906148867,0.6792452830188679,0.6781437125748503,0.8432624113475178,0.6181369524984578,0.7743931461208948,0.6696428571428571,0.767189384800965,0.8128491620111732,0.8077118214104515,0.5984251968503937,0.48443579766536965,0.6365934279603345,0.7833894500561167,0.9063172305886955,0.7292817679558011,0.6869614087673286
140,0.6783,0.6783,0.7906421422958374,0.17878122627735138,0.853942334651947,0.005358835216611624,0.006268066277000124,1.0883551836013794,667.669189453125,0.005395608488470316,0.7870109946305293,0.6865165072508485,0.7263849765258216,0.5275080906148867,0.6773584905660377,0.6781437125748503,0.8418439716312057,0.6249228871067243,0.7762970014278915,0.6785714285714286,0.7635705669481303,0.8156424581005587,0.8046676813800101,0.6141732283464567,0.49082823790994995,0.6426210383044916,0.7813692480359147,0.9033835321728926,0.712707182320442,0.6929561633570626
141,0.6781,0.6781,0.7803016901016235,0.17995736002922058,0.8532373309135437,0.005285549443215132,0.006187448443118995,1.0880906581878662,644.8391723632812,0.005183779168874025,0.7829199693173101,0.6883677877198395,0.7233802816901408,0.540453074433657,0.6723270440251572,0.6691616766467066,0.8489361702127659,0.6366440468846392,0.7786768205616373,0.6741071428571429,0.7659831121833535,0.8128491620111732,0.8046676813800101,0.6062992125984252,0.5102834908282379,0.6387322574372934,0.7815937149270482,0.9004498337570898,0.712707182320442,0.6959535406519296
142,0.6847,0.6847,0.8076221942901611,0.1822480708360672,0.852793276309967,0.005399579182267189,0.006324223125302393,1.0878463983535767,683.43603515625,0.005299941636621952,0.7841984147276911,0.687442147485344,0.7224413145539906,0.5631067961165048,0.6754716981132075,0.6616766467065869,0.8482269503546099,0.6428130783466995,0.774869109947644,0.6830357142857143,0.7696019300361882,0.8156424581005587,0.8046676813800101,0.5905511811023622,0.5289049471928849,0.633287964223216,0.7878787878787878,0.8961470760805789,0.7182320441988951,0.698388909704009
143,0.6842,0.6842,0.8059604167938232,0.18488866090774536,0.8523375988006592,0.005444386973977089,0.006380109093551033,1.0876010656356812,680.9275512695312,0.005373114719986916,0.7808744566607005,0.6846652267818575,0.7275117370892019,0.5663430420711975,0.6761006289308176,0.6646706586826348,0.8418439716312057,0.6440468846391116,0.7615421227986673,0.6741071428571429,0.7677925211097708,0.8072625698324022,0.8097412480974124,0.6299212598425197,0.5400222345747637,0.6319268909196967,0.795959595959596,0.8934089575591629,0.712707182320442,0.6892094417384789
144,0.6834,0.6834,0.7633934020996094,0.18431708216667175,0.8514941334724426,0.005235941149294376,0.0061419087166816625,1.087325096130371,605.39697265625,0.005035175010561943,0.778828944004091,0.6862079605060166,0.7276995305164319,0.5760517799352751,0.6716981132075471,0.6721556886227545,0.8354609929078014,0.6533004318322023,0.7553545930509281,0.6875,0.7677925211097708,0.8044692737430168,0.8198883815322171,0.6141732283464567,0.5411339633129516,0.6282325490958585,0.809652076318743,0.8939956972423235,0.7182320441988951,0.6849007118771075
145,0.6845,0.6845,0.7990585565567017,0.18474873900413513,0.8509858846664429,0.005270714871585369,0.006186387552240825,1.0870749950408936,663.4298095703125,0.0052076904103159904,0.7770391204295577,0.6809626658438753,0.7329577464788732,0.5631067961165048,0.670440251572327,0.6796407185628742,0.8382978723404255,0.6483652066625539,0.7591623036649214,0.6964285714285714,0.7693003618817853,0.7960893854748603,0.8269913749365804,0.6141732283464567,0.537242912729294,0.6231771339685008,0.8134680134680135,0.8953647565030315,0.7292817679558011,0.6849007118771075
146,0.6844,0.6844,0.799048125743866,0.18478472530841827,0.850482165813446,0.005186976864933968,0.006091703470945508,1.0868250131607056,652.8424682617188,0.0050160991959273815,0.7795960112503196,0.6775686516507251,0.7357746478873239,0.5566343042071198,0.6672955974842767,0.6841317365269461,0.8340425531914893,0.6446637877853177,0.7601142313184198,0.6830357142857143,0.7683956574185766,0.7905027932960894,0.8249619482496194,0.5984251968503937,0.5294608115619789,0.6196772311880225,0.8132435465768799,0.8969293956581263,0.7182320441988951,0.6875234170101161
147,0.6838,0.6838,0.774159848690033,0.18420448899269104,0.8497528433799744,0.005020027980208397,0.0059006890417952875,1.086557388305664,610.4389038085938,0.004878298379480839,0.7816415239069292,0.681579759333539,0.7335211267605634,0.5533980582524272,0.6698113207547169,0.6946107784431138,0.8312056737588652,0.6415792720542874,0.7643979057591623,0.6830357142857143,0.7620627261761158,0.7960893854748603,0.8224251648909183,0.6141732283464567,0.5211228460255698,0.6210383044915418,0.8089786756453423,0.9022100528065715,0.7182320441988951,0.687336080929187
148,0.6824,0.6824,0.7728509902954102,0.1832905411720276,0.8490183353424072,0.0048728203400969505,0.0057326061538826275,1.0862890481948853,599.4730224609375,0.004741642624139786,0.7834313474814626,0.679728478864548,0.7303286384976526,0.5469255663430421,0.6710691823899371,0.6931137724550899,0.8375886524822695,0.6397285626156693,0.7672536887196573,0.6830357142857143,0.752714113389626,0.8016759776536313,0.8209030948756976,0.5984251968503937,0.5205669816564759,0.6204549873614622,0.8022446689113356,0.9049481713279874,0.7182320441988951,0.6905207943049831
149,0.6808,0.6808,0.8078880906105042,0.1836056113243103,0.8486168384552002,0.005119232926517725,0.00602534306620579,1.0860462188720703,643.9210205078125,0.0051534767262637615,0.780107389414472,0.6812712125887072,0.731830985915493,0.5436893203883495,0.6716981132075471,0.6961077844311377,0.8375886524822695,0.6335595311536089,0.772013326987149,0.6696428571428571,0.7536188178528347,0.8100558659217877,0.8214104515474379,0.5905511811023622,0.5125069483046136,0.6247326463153802,0.7982042648709315,0.9059260707999218,0.7016574585635359,0.695391532409142
150,0.6827,0.6827,0.7722219824790955,0.18319815397262573,0.8478870987892151,0.004898165352642536,0.005770102242841114,1.0857776403427124,594.5546875,0.004738143645226955,0.7836870365635388,0.6862079605060166,0.7342723004694836,0.5533980582524272,0.6735849056603773,0.6976047904191617,0.8446808510638298,0.6261566933991364,0.7758210376011423,0.6607142857142857,0.7578407720144753,0.8044692737430168,0.8203957382039574,0.6141732283464567,0.5058365758754864,0.6223993777950613,0.7937149270482604,0.9069039702718561,0.7071823204419889,0.6950168602472836
151,0.6806,0.6806,0.7998566031455994,0.18466071784496307,0.8474202156066895,0.004939113277941942,0.005821541244641459,1.0855293273925781,627.7715454101562,0.00484352046623826,0.780107389414472,0.681579759333539,0.7346478873239437,0.540453074433657,0.6761006289308176,0.6946107784431138,0.849645390070922,0.6255397902529303,0.7758210376011423,0.6517857142857143,0.7599517490952955,0.8184357541899442,0.8188736681887366,0.5905511811023622,0.5008337965536409,0.6264825977056193,0.7910213243546577,0.9088597692157246,0.7071823204419889,0.6940801798426377
152,0.6812,0.6812,0.7403573393821716,0.18256328999996185,0.8464166522026062,0.004644324537366629,0.005480567941749901,1.085239052772522,532.1254272460938,0.004486361052840948,0.7793403221682434,0.6803455723542117,0.7295774647887324,0.5307443365695793,0.6867924528301886,0.6946107784431138,0.851063829787234,0.6230721776681061,0.7758210376011423,0.65625,0.7677925211097708,0.8212290502793296,0.8188736681887366,0.5984251968503937,0.49777654252362424,0.6323157690064165,0.7892255892255893,0.9041658517504401,0.6740331491712708,0.6965155488947171
153,0.6795,0.6795,0.7957727313041687,0.18360036611557007,0.8459252119064331,0.0047457292675971985,0.005603480922376294,1.0849881172180176,626.000732421875,0.00474164355546236,0.7795960112503196,0.6803455723542117,0.7297652582159624,0.5436893203883495,0.6893081761006289,0.6916167664670658,0.8539007092198582,0.6243059839605182,0.7824845311756307,0.65625,0.7771411338962606,0.8184357541899442,0.8183663115169965,0.6141732283464567,0.49972206781545303,0.6358156717868948,0.788327721661055,0.8975161353412869,0.6850828729281768,0.6997002622705133
154,0.68,0.68,0.793114960193634,0.18393783271312714,0.8454134464263916,0.004778290633112192,0.005645338756474654,1.0847355127334595,629.5225219726562,0.004739262629300356,0.7765277422654052,0.6778771983955569,0.7299530516431925,0.5501618122977346,0.6981132075471698,0.6946107784431138,0.8553191489361702,0.621221468229488,0.7824845311756307,0.6741071428571429,0.7795536791314838,0.8212290502793296,0.8168442415017757,0.6062992125984252,0.5047248471372985,0.6391211355240132,0.7919191919191919,0.8900840993545863,0.6740331491712708,0.6991382540277258
155,0.6805,0.6805,0.7822965383529663,0.1840604543685913,0.8448055386543274,0.004768924321979284,0.005638322408678738,1.0844751596450806,584.4218139648438,0.004706932231783867,0.7803630784965482,0.6834310398025301,0.7308920187793427,0.5598705501618123,0.7025157232704402,0.6976047904191617,0.8539007092198582,0.6267735965453424,0.780580675868634,0.6785714285714286,0.78437876960193,0.8240223463687151,0.8183663115169965,0.6141732283464567,0.5050027793218455,0.635426793700175,0.7950617283950617,0.8902796792489732,0.6795580110497238,0.7019482952416636
156,0.6838,0.6838,0.7640540599822998,0.182920441031456,0.8440362811088562,0.004619881510734558,0.0054670806615218365,1.0842021703720093,565.9989624023438,0.0045235175639390945,0.7849654819739197,0.6840481332921937,0.727887323943662,0.5566343042071198,0.7094339622641509,0.7125748502994012,0.8531914893617021,0.6372609500308452,0.7772489290813898,0.6785714285714286,0.7855850422195416,0.8212290502793296,0.8229325215626585,0.6220472440944882,0.5141745414118954,0.6253159634454598,0.7997755331088664,0.8916487385096812,0.6850828729281768,0.697452229299363
157,0.6829,0.6829,0.7755569815635681,0.18236945569515228,0.8433790802955627,0.004603356588631868,0.0054517653220642675,1.0839372873306274,583.5029296875,0.004534561652690172,0.7898235745333674,0.687442147485344,0.7265727699530516,0.5501618122977346,0.7075471698113207,0.7110778443113772,0.8524822695035461,0.6452806909315237,0.777724892908139,0.6696428571428571,0.7804583835946924,0.8184357541899442,0.823947234906139,0.6377952755905512,0.5177876598110062,0.6245382072720203,0.8044893378226712,0.8945824369254841,0.7237569060773481,0.6863994005245411
158,0.6848,0.6848,0.8020778894424438,0.1824372410774231,0.8429760932922363,0.0047152996994555,0.005587006239787853,1.0836920738220215,612.6380004882812,0.004686286672949791,0.7928918435182818,0.697315643319963,0.7263849765258216,0.5533980582524272,0.7050314465408805,0.7095808383233533,0.8524822695035461,0.6502159161011721,0.7734412184673964,0.6785714285714286,0.7774427020506635,0.8156424581005587,0.8234398782343988,0.6456692913385826,0.5175097276264592,0.6286214271825783,0.8098765432098766,0.9010365734402503,0.7071823204419889,0.6779692768827276
159,0.6845,0.6845,0.7454967498779297,0.18081647157669067,0.8420571088790894,0.004470497369766235,0.005302721871013119,1.0834065675735474,539.5369262695312,0.004336468409746885,0.7959601125031961,0.7047207651959272,0.7230046948356808,0.5501618122977346,0.6987421383647798,0.7110778443113772,0.851063829787234,0.6403454657618753,0.7667777248929082,0.6741071428571429,0.7756332931242461,0.8268156424581006,0.8203957382039574,0.6535433070866141,0.5116731517509727,0.633287964223216,0.8080808080808081,0.9053393311167612,0.7237569060773481,0.6702884975646309
160,0.6861,0.6861,0.7747490406036377,0.1809520274400711,0.841410756111145,0.004512413404881954,0.005356547708047783,1.0831419229507446,571.9803466796875,0.004484469536691904,0.7939145998465865,0.7000925640234495,0.7248826291079812,0.540453074433657,0.70062893081761,0.7035928143712575,0.85177304964539,0.634793337446021,0.7672536887196573,0.6785714285714286,0.7738238841978287,0.8240223463687151,0.8269913749365804,0.6456692913385826,0.5041689827682045,0.6424265992611317,0.8044893378226712,0.9086641893213377,0.7182320441988951,0.6631697264893218
161,0.6845,0.6845,0.8048858642578125,0.181430384516716,0.8410534262657166,0.0045576984994113445,0.005412600147740657,1.0828994512557983,626.7661743164062,0.004564711824059486,0.7888008182050626,0.6929959888923172,0.7316431924882629,0.5533980582524272,0.7044025157232704,0.6961077844311377,0.8553191489361702,0.6378778531770513,0.7696335078534031,0.6785714285714286,0.7708082026537998,0.8268156424581006,0.8285134449518011,0.6299212598425197,0.49944413563090606,0.6537040637760062,0.797979797979798,0.9100332485820458,0.712707182320442,0.6627950543274634
162,0.6857,0.6857,0.79857337474823,0.18157288432121277,0.8406391143798828,0.004604199901223183,0.005470515595767603,1.0826523303985596,604.220458984375,0.004548268858343363,0.7885451291229865,0.6923788954026535,0.7353990610328639,0.5566343042071198,0.7050314465408805,0.6931137724550899,0.8574468085106383,0.6391116594694632,0.7724892908138982,0.6741071428571429,0.7711097708082026,0.8268156424581006,0.823947234906139,0.6377952755905512,0.5055586436909394,0.6601205522068831,0.7919191919191919,0.908468609426951,0.7071823204419889,0.6626077182465343
163,0.6843,0.6843,0.8017356395721436,0.18353013694286346,0.8402591347694397,0.004631586838513613,0.0055055412144594095,1.0824079513549805,604.6248168945312,0.0045593855902552605,0.7923804653541294,0.6957729095958037,0.7325821596244132,0.5566343042071198,0.7031446540880503,0.6976047904191617,0.8588652482269503,0.6403454657618753,0.7701094716801523,0.6741071428571429,0.7720144752714113,0.8240223463687151,0.8188736681887366,0.6456692913385826,0.5066703724291273,0.6616760645537624,0.786307519640853,0.905534911011148,0.7182320441988951,0.6657924316223305
164,0.6857,0.6857,0.8151624202728271,0.18544740974903107,0.8400117754936218,0.004734574351459742,0.005629617193743618,1.0821735858917236,622.4022827148438,0.0045868209563195705,0.7926361544362056,0.6963900030854675,0.7282629107981221,0.5566343042071198,0.7,0.6931137724550899,0.8539007092198582,0.6391116594694632,0.7682056163731557,0.6651785714285714,0.767189384800965,0.8240223463687151,0.8193810248604769,0.6456692913385826,0.5102834908282379,0.6610927474236826,0.7858585858585858,0.9035791120672795,0.7071823204419889,0.6721618583739228
165,0.6879,0.6879,0.6831206679344177,0.17922428250312805,0.8385882377624512,0.004026765935122967,0.0047961199955046056,1.08184814453125,431.97662353515625,0.0037342568393796682,0.7913577090258246,0.6892934279543351,0.7295774647887324,0.5566343042071198,0.6949685534591195,0.688622754491018,0.8524822695035461,0.6428130783466995,0.7691575440266539,0.6696428571428571,0.7593486127864898,0.8240223463687151,0.8224251648909183,0.6456692913385826,0.518899388549194,0.6570095275131246,0.7905723905723906,0.8992763543907686,0.7016574585635359,0.6850880479580367
166,0.6878,0.6878,0.814797580242157,0.18179169297218323,0.83835369348526,0.004458642564713955,0.005311994930528359,1.0816140174865723,619.7328491210938,0.004540193825960159,0.7875223727946816,0.6834310398025301,0.7301408450704225,0.5469255663430421,0.690566037735849,0.6841317365269461,0.85177304964539,0.6440468846391116,0.7772489290813898,0.6696428571428571,0.753015681544029,0.8184357541899442,0.8249619482496194,0.6456692913385826,0.508893829905503,0.650009721952168,0.7997755331088664,0.9008409935458634,0.7071823204419889,0.6957662045710004
167,0.6878,0.6878,0.7811195254325867,0.18144680559635162,0.8378006815910339,0.004334639757871628,0.005167663609487894,1.0813552141189575,561.328369140625,0.004270490724593401,0.7859882383022245,0.687442147485344,0.7265727699530516,0.5436893203883495,0.6855345911949685,0.6721556886227545,0.8468085106382979,0.6378778531770513,0.7824845311756307,0.6651785714285714,0.7548250904704463,0.8072625698324022,0.8259766615930999,0.6377952755905512,0.5036131183991106,0.641648843087692,0.8029180695847362,0.9006454136514767,0.7182320441988951,0.7040089921318846
168,0.6879,0.6879,0.7552639245986938,0.1799079328775406,0.8370155692100525,0.004211498890072107,0.0050255616301282295,1.0810781717300415,517.90869140625,0.0041366806253790855,0.7836870365635388,0.6862079605060166,0.71981220657277,0.5372168284789643,0.6842767295597484,0.6706586826347305,0.8468085106382979,0.6378778531770513,0.7791527843883865,0.6741071428571429,0.758443908323281,0.7960893854748603,0.8269913749365804,0.6535433070866141,0.49416342412451364,0.6375656231771339,0.8092031425364759,0.904361431644827,0.7071823204419889,0.7045710003746721
169,0.6869,0.6869,0.7805494666099548,0.1801634281873703,0.8364697694778442,0.004248293582350016,0.005072772459594324,1.0808194875717163,564.7951049804688,0.004248742014169693,0.7811301457427768,0.6843566800370257,0.7169953051643192,0.5372168284789643,0.6830188679245283,0.6751497005988024,0.8524822695035461,0.634176434299815,0.7810566396953832,0.6919642857142857,0.7623642943305187,0.8044692737430168,0.8259766615930999,0.6456692913385826,0.4924958310172318,0.6391211355240132,0.8107744107744108,0.9045570115392138,0.7071823204419889,0.7049456725365305
170,0.6845,0.6845,0.7738102078437805,0.18078000843524933,0.8358664512634277,0.0041884006932377815,0.005004861512747346,1.080556035041809,555.1340942382812,0.004128848202526569,0.7795960112503196,0.6800370256093798,0.7175586854460094,0.540453074433657,0.6880503144654088,0.6781437125748503,0.85177304964539,0.6335595311536089,0.780580675868634,0.6785714285714286,0.7650784077201448,0.8016759776536313,0.8320649416539827,0.6456692913385826,0.4927737632017788,0.6408710869142524,0.8071829405162738,0.9061216506943086,0.7016574585635359,0.6991382540277258
171,0.6837,0.6837,0.76844322681427,0.18074631690979004,0.8352192044258118,0.004091794602572918,0.004893208121646214,1.0802890062332153,541.2802734375,0.004046280402690172,0.7793403221682434,0.6788028386300524,0.7100469483568075,0.5372168284789643,0.6968553459119496,0.6736526946107785,0.8574468085106383,0.6335595311536089,0.7796287482151356,0.7142857142857143,0.7708082026537998,0.8044692737430168,0.8320649416539827,0.6456692913385826,0.49944413563090606,0.6447598677814506,0.8047138047138047,0.9045570115392138,0.712707182320442,0.6940801798426377
172,0.6854,0.6854,0.7971943616867065,0.18123769760131836,0.8348475098609924,0.004210524260997772,0.005037431123887673,1.0800429582595825,569.544677734375,0.004238320980221033,0.7808744566607005,0.6849737735266893,0.7091079812206573,0.540453074433657,0.6962264150943396,0.6736526946107785,0.8581560283687943,0.6378778531770513,0.777724892908139,0.7142857142857143,0.7714113389626055,0.8100558659217877,0.8335870116692035,0.6535433070866141,0.508893829905503,0.6451487458681703,0.8013468013468014,0.9000586739683161,0.7071823204419889,0.6937055076807793
173,0.6839,0.6839,0.7473558187484741,0.17898593842983246,0.8340180516242981,0.003988219890743494,0.004776207990935655,1.0797615051269531,497.7122497558594,0.003922997508198023,0.7834313474814626,0.6858994137611848,0.7124882629107981,0.5533980582524272,0.6937106918238993,0.687125748502994,0.8581560283687943,0.6483652066625539,0.7786768205616373,0.7276785714285714,0.7762364294330518,0.8240223463687151,0.8366311516996449,0.7007874015748031,0.5152862701500833,0.6503986000388878,0.7977553310886645,0.8982984549188343,0.7016574585635359,0.6890221056575496
174,0.6846,0.6846,0.7814141511917114,0.17863427102565765,0.8335083723068237,0.004107874818146229,0.004922508814130731,1.079504370689392,536.0399169921875,0.004147124011069536,0.7875223727946816,0.6939216291268128,0.7162441314553991,0.5501618122977346,0.6943396226415094,0.7005988023952096,0.8624113475177305,0.6514497223935842,0.7762970014278915,0.7142857142857143,0.7774427020506635,0.8184357541899442,0.8335870116692035,0.6692913385826772,0.5205669816564759,0.6581761617732841,0.7921436588103254,0.8988851946019949,0.6961325966850829,0.6858373922817534
175,0.6838,0.6838,0.8035013675689697,0.1799275279045105,0.833213746547699,0.004271972458809614,0.005120956681052905,1.0792635679244995,588.2677001953125,0.00430879183113575,0.7898235745333674,0.6979327368096266,0.7222535211267606,0.5598705501618123,0.6987421383647798,0.6976047904191617,0.8631205673758865,0.6520666255397902,0.772013326987149,0.7098214285714286,0.7780458383594693,0.8156424581005587,0.8315575849822425,0.6692913385826772,0.5186214563646471,0.6601205522068831,0.7901234567901234,0.8981028750244475,0.6850828729281768,0.6886474334956912
176,0.6852,0.6852,0.7720372676849365,0.17931506037712097,0.8326241970062256,0.004209129139780998,0.005049192615685991,1.0789999961853027,538.1754150390625,0.004126579500734806,0.7885451291229865,0.6976241900647948,0.7248826291079812,0.5533980582524272,0.7031446540880503,0.6991017964071856,0.8546099290780141,0.6397285626156693,0.7734412184673964,0.7053571428571429,0.7771411338962606,0.8100558659217877,0.8310502283105022,0.6377952755905512,0.5141745414118954,0.6610927474236826,0.7892255892255893,0.8975161353412869,0.6906077348066298,0.6991382540277258
177,0.6854,0.6854,0.7765860557556152,0.17967236042022705,0.8320824503898621,0.004055371508002281,0.004867911340713596,1.0787400007247925,541.1653442382812,0.003963454160839319,0.7844541038097673,0.6954643628509719,0.7314553990610329,0.540453074433657,0.7056603773584905,0.688622754491018,0.849645390070922,0.634793337446021,0.7762970014278915,0.6964285714285714,0.7813630880579011,0.8156424581005587,0.8259766615930999,0.6377952755905512,0.5008337965536409,0.6663426015944002,0.793939393939394,0.8955603363974184,0.7071823204419889,0.7056950168602473
178,0.6871,0.6871,0.7956223487854004,0.1800774335861206,0.8317257761955261,0.004173712804913521,0.0050121095374061325,1.0784939527511597,568.5947875976562,0.004213512875139713,0.7847097928918435,0.6957729095958037,0.7353990610328639,0.5469255663430421,0.7056603773584905,0.6916167664670658,0.8418439716312057,0.621838371375694,0.7739171822941456,0.6919642857142857,0.7858866103739445,0.8100558659217877,0.8224251648909183,0.6456692913385826,0.4924958310172318,0.6649815282908809,0.8004489337822671,0.8963426559749658,0.7348066298342542,0.7109404271262645
179,0.6888,0.6888,0.8042430877685547,0.1808021068572998,0.8314555287361145,0.004154107067734003,0.004990184970050022,1.0782545804977417,577.7275390625,0.0041373614221811295,0.785476860138072,0.6979327368096266,0.735962441314554,0.5372168284789643,0.7062893081761006,0.6946107784431138,0.8340425531914893,0.6169031462060457,0.7691575440266539,0.6919642857142857,0.7876960193003619,0.8016759776536313,0.8264840182648402,0.6377952755905512,0.48916064480266813,0.6614816255104025,0.8145903479236812,0.8947780168198709,0.7237569060773481,0.7094417384788311
180,0.69,0.69,0.7303577661514282,0.17949692904949188,0.8305054306983948,0.0038117871154099703,0.004584199903791835,1.077962875366211,466.2869567871094,0.003709644777700305,0.7852211710559959,0.6979327368096266,0.7350234741784037,0.5242718446601942,0.7075471698113207,0.7005988023952096,0.8326241134751773,0.6199876619370759,0.7724892908138982,0.6919642857142857,0.7901085645355851,0.8044692737430168,0.8320649416539827,0.6220472440944882,0.48360200111172874,0.6577872836865643,0.8224466891133558,0.8996675141795424,0.7292817679558011,0.7040089921318846
181,0.6896,0.6896,0.8082382678985596,0.18035952746868134,0.8302856683731079,0.004169011954218149,0.00501513753073265,1.0777268409729004,574.8276977539062,0.004281791392713785,0.785476860138072,0.6923788954026535,0.735962441314554,0.5210355987055016,0.6924528301886792,0.6961077844311377,0.8390070921985816,0.6280074028377545,0.7729652546406474,0.6830357142857143,0.7858866103739445,0.8072625698324022,0.8346017250126839,0.6141732283464567,0.4866592551417454,0.6554540151662454,0.82334455667789,0.9022100528065715,0.7237569060773481,0.6987635818658674
182,0.691,0.691,0.7271689176559448,0.17769746482372284,0.8293180465698242,0.0038104832638055086,0.00458918516771642,1.0774332284927368,464.0268859863281,0.003691109362989664,0.7829199693173101,0.6880592409750077,0.7357746478873239,0.5275080906148867,0.6861635220125786,0.6961077844311377,0.8475177304964538,0.6323257248611968,0.7767729652546407,0.6785714285714286,0.7819662243667069,0.8072625698324022,0.8386605783866058,0.6062992125984252,0.4988882712618121,0.6556484542096053,0.8267115600448933,0.9022100528065715,0.7237569060773481,0.692394155114275
183,0.6883,0.6883,0.7337453365325928,0.1766432225704193,0.8284169435501099,0.0036450449842959642,0.00439470764690949,1.0771443843841553,474.670166015625,0.0036101732403039932,0.7811301457427768,0.6877506942301759,0.7369014084507042,0.5436893203883495,0.6817610062893081,0.6916167664670658,0.851063829787234,0.6415792720542874,0.774869109947644,0.6919642857142857,0.7747285886610374,0.8184357541899442,0.8427194317605277,0.6141732283464567,0.5163979988882713,0.6601205522068831,0.8215488215488216,0.900254253862703,0.7403314917127072,0.6852753840389659
184,0.6869,0.6869,0.5989423394203186,0.1707499921321869,0.8264375925064087,0.003076777793467045,0.003718440908814781,1.0767722129821777,325.51116943359375,0.002987409010529518,0.7798517003323958,0.689601974699167,0.7353990610328639,0.5533980582524272,0.6761006289308176,0.6961077844311377,0.8539007092198582,0.6502159161011721,0.777724892908139,0.6830357142857143,0.7708082026537998,0.8268156424581006,0.8462709284627092,0.6220472440944882,0.5211228460255698,0.6599261131635232,0.8163860830527497,0.9010365734402503,0.7569060773480663,0.67740726863994
185,0.6875,0.6875,0.7631508708000183,0.16976355016231537,0.8258287906646729,0.0035348800010979176,0.0042752260697844,1.0765043497085571,509.2434387207031,0.0038045004475861788,0.7831756583993863,0.6905276149336624,0.7333333333333333,0.5501618122977346,0.6786163522012578,0.7110778443113772,0.8595744680851064,0.6514497223935842,0.7796287482151356,0.6830357142857143,0.7665862484921593,0.8379888268156425,0.8442415017757483,0.6220472440944882,0.5244580322401334,0.6614816255104025,0.8074074074074075,0.9029923723841189,0.7679558011049724,0.6787186212064443
186,0.686,0.686,0.798759400844574,0.17093364894390106,0.8255624175071716,0.003921822179108858,0.004744738081531309,1.076262354850769,564.6668090820312,0.0040998007170856,0.7911020199437484,0.6862079605060166,0.7260093896713615,0.5436893203883495,0.6767295597484276,0.7065868263473054,0.8617021276595744,0.64898210980876,0.7824845311756307,0.6875,0.7635705669481303,0.840782122905028,0.8366311516996449,0.6220472440944882,0.518899388549194,0.6601205522068831,0.8011223344556678,0.9067083903774692,0.7679558011049724,0.6865867366054702
187,0.6842,0.6842,0.8051651120185852,0.17293210327625275,0.8253610730171204,0.004098227713257074,0.004959366851942901,1.0760252475738525,568.6453857421875,0.004149734508246183,0.7944259780107389,0.687442147485344,0.7256338028169014,0.540453074433657,0.6735849056603773,0.7035928143712575,0.8652482269503546,0.6440468846391116,0.7877201332698714,0.6830357142857143,0.7611580217129071,0.8435754189944135,0.8330796549974632,0.6456692913385826,0.5138966092273485,0.654092941862726,0.7919191919191919,0.9094465088988852,0.7458563535911602,0.6937055076807793
188,0.6859,0.6859,0.7853038907051086,0.17448943853378296,0.8249699473381042,0.0039609200321137905,0.004795477177927419,1.0757739543914795,544.1422729492188,0.0038985346909612417,0.8000511378164152,0.6957729095958037,0.7246948356807512,0.5339805825242718,0.6773584905660377,0.7065868263473054,0.8553191489361702,0.6323257248611968,0.7915278438838649,0.6919642857142857,0.764475271411339,0.8379888268156425,0.8264840182648402,0.6614173228346457,0.5027793218454697,0.6509819171689676,0.7898989898989899,0.9121846274203012,0.7348066298342542,0.7028849756463095
189,0.6864,0.6864,0.7578673362731934,0.1738254725933075,0.8243260383605957,0.0037154953461140394,0.004501851599756133,1.075502872467041,500.1700134277344,0.0036577382124960423,0.8005625159805676,0.7053378586855908,0.7250704225352113,0.5339805825242718,0.6855345911949685,0.7140718562874252,0.851063829787234,0.6230721776681061,0.7915278438838649,0.6875,0.7665862484921593,0.8184357541899442,0.8209030948756976,0.6614173228346457,0.49082823790994995,0.643593233521291,0.7885521885521886,0.9147271660473303,0.7182320441988951,0.7150618209067067
190,0.6863,0.6863,0.8088732361793518,0.17602308094501495,0.8241729736328125,0.0039465161971747875,0.004782653241538323,1.075269341468811,561.8206176757812,0.004036551341414452,0.8003068268984914,0.7096575131132367,0.7263849765258216,0.5275080906148867,0.6949685534591195,0.7080838323353293,0.8354609929078014,0.6187538556446638,0.7872441694431224,0.7008928571428571,0.7747285886610374,0.8128491620111732,0.8224251648909183,0.6377952755905512,0.4794330183435242,0.6385378183939335,0.7896745230078563,0.9135536866810092,0.7292817679558011,0.7193705507680779
191,0.6868,0.6868,0.7742508053779602,0.1773604303598404,0.8236887454986572,0.003853586735203862,0.004672777161368618,1.0750104188919067,515.8788452148438,0.003843398066237569,0.8013295832267963,0.7142857142857143,0.7303286384976526,0.5080906148867314,0.7088050314465408,0.7260479041916168,0.8340425531914893,0.6162862430598396,0.7834364588291289,0.7142857142857143,0.7864897466827503,0.8128491620111732,0.8178589548452562,0.6535433070866141,0.4766536964980545,0.6402877697841727,0.7948372615039282,0.9127713671034617,0.7237569060773481,0.7195578868490071
192,0.6877,0.6877,0.7697576880455017,0.17675331234931946,0.8231669068336487,0.003736908081918955,0.004534164197729938,1.0747483968734741,514.6279907226562,0.0037236264906823635,0.7972385579135771,0.7084233261339092,0.732018779342723,0.517799352750809,0.7094339622641509,0.7230538922155688,0.8276595744680851,0.6156693399136336,0.774869109947644,0.7008928571428571,0.7934258142340169,0.8072625698324022,0.8244545915778793,0.6535433070866141,0.4785992217898833,0.6412599650009722,0.8011223344556678,0.9082730295325641,0.7458563535911602,0.7115024353690521
193,0.688,0.688,0.7947370409965515,0.17893853783607483,0.8228874802589417,0.0038161366246640682,0.004631866263418259,1.0745048522949219,540.9915771484375,0.0038883157540112734,0.7926361544362056,0.7044122184510954,0.7335211267605634,0.5307443365695793,0.7125786163522012,0.7155688622754491,0.8319148936170213,0.6267735965453424,0.772013326987149,0.6964285714285714,0.7973462002412546,0.8156424581005587,0.8310502283105022,0.6771653543307087,0.4874930516953863,0.6482597705619288,0.8058361391694725,0.9035791120672795,0.7569060773480663,0.6995129261895842
194,0.6878,0.6878,0.8215479850769043,0.1805923730134964,0.822874128818512,0.004026609007269144,0.004887407998893664,1.0742816925048828,578.1499633789062,0.004103241953998804,0.7890565072871388,0.701326751002777,0.7361502347417841,0.5339805825242718,0.7062893081761006,0.7050898203592815,0.8439716312056738,0.6378778531770513,0.7658257972394098,0.6875,0.7934258142340169,0.8156424581005587,0.8351090816844241,0.6771653543307087,0.5005558643690939,0.6589539179467238,0.8051627384960718,0.8977117152356737,0.7679558011049724,0.6961408767328587
195,0.6864,0.6864,0.8160696029663086,0.18044732511043549,0.8228063583374023,0.004073903430253267,0.004945219697593956,1.074054479598999,560.7459716796875,0.004063213709741831,0.7824085911531578,0.697315643319963,0.7412206572769953,0.5436893203883495,0.6974842767295597,0.6856287425149701,0.849645390070922,0.6539173349784084,0.7682056163731557,0.6919642857142857,0.7879975874547648,0.8212290502793296,0.8401826484018264,0.6771653543307087,0.5161200667037243,0.6643982111608011,0.8098765432098766,0.8934089575591629,0.7624309392265194,0.6907081303859123
196,0.6881,0.6881,0.8075099587440491,0.18120017647743225,0.8226547837257385,0.004060248378664255,0.00492955114070732,1.0738210678100586,557.909423828125,0.004048606846481562,0.781385834824853,0.6951558161061401,0.7353990610328639,0.5663430420711975,0.6918238993710691,0.6796407185628742,0.849645390070922,0.6607032695866749,0.7686815801999048,0.6919642857142857,0.7834740651387213,0.8100558659217877,0.8452562151192288,0.6456692913385826,0.5322401334074486,0.662648259770562,0.811672278338945,0.8934089575591629,0.7624309392265194,0.6862120644436118
197,0.6848,0.6848,0.826340913772583,0.1818714737892151,0.8226917386054993,0.004136115312576294,0.0050214359556145245,1.0736020803451538,578.9765625,0.004107923246920109,0.7836870365635388,0.6929959888923172,0.7271361502347418,0.56957928802589,0.6842767295597484,0.6721556886227545,0.850354609929078,0.6693399136335595,0.7686815801999048,0.6964285714285714,0.7723160434258143,0.8072625698324022,0.8437341451040081,0.6220472440944882,0.5414118954974986,0.6597316741201633,0.8085297418630752,0.8986896147076081,0.7513812154696132,0.6843387036343199
198,0.6867,0.6867,0.7341343760490417,0.17901811003684998,0.8218533396720886,0.0036637962330132723,0.0044525507236481705,1.073316216468811,455.743408203125,0.0034895255230367184,0.7867553055484531,0.6942301758716446,0.724131455399061,0.5631067961165048,0.6836477987421383,0.6736526946107785,0.8475177304964538,0.6773596545342381,0.7658257972394098,0.6875,0.770205066344994,0.8072625698324022,0.8422120750887874,0.6141732283464567,0.5503057254030017,0.6554540151662454,0.8089786756453423,0.9024056327009583,0.7458563535911602,0.6845260397152492
199,0.6866,0.6866,0.7817434072494507,0.17844703793525696,0.8214619755744934,0.0037129176780581474,0.004514394328643166,1.0730643272399902,512.0651245117188,0.00377267855219543,0.793147532600358,0.701326751002777,0.7169953051643192,0.5501618122977346,0.6836477987421383,0.6811377245508982,0.8468085106382979,0.67550894509562,0.7686815801999048,0.6741071428571429,0.7723160434258143,0.7988826815642458,0.8401826484018264,0.6141732283464567,0.5439132851584213,0.6486486486486487,0.8105499438832772,0.9078818697437904,0.7403314917127072,0.6944548520044961
